2026.06.09,06:50,65517.70000,65592.19000,65492.68000,65547.70000,494
2026.06.09,06:55,65557.18000,65589.70000,65532.68000,65562.19000,395
2026.06.09,07:00,65547.70000,65577.20000,65497.68000,65547.68000,181
2026.06.09,07:05,65552.18000,65567.20000,65497.18000,65512.19000,144
2026.06.09,07:10,65507.68000,65547.20000,65507.68000,65522.70000,84
2026.06.09,07:15,65527.20000,65532.70000,65487.68000,65487.70000,97
2026.06.09,07:20,65492.19000,65492.19000,65452.68000,65477.19000,62
2026.06.09,07:25,65472.69000,65482.20000,65417.68000,65482.20000,111
2026.06.09,07:30,65484.69000,65484.69000,65452.68000,65482.20000,76
2026.06.09,07:35,65472.68000,65487.19000,65452.68000,65482.20000,57
2026.06.09,07:40,65479.69000,65494.70000,65467.69000,65477.69000,58
2026.06.09,07:45,65487.20000,65487.20000,65437.68000,65462.68000,86
2026.06.09,07:50,65467.70000,65517.18000,65457.69000,65507.69000,73
2026.06.09,07:55,65502.70000,65512.18000,65427.70000,65454.70000,96
2026.06.09,09:00,65494.16000,65494.18000,65399.16000,65399.16000,22
2026.06.09,09:05,65399.16000,65409.18000,65314.16000,65314.17000,56
2026.06.09,09:10,65314.16000,65324.16000,65249.16000,65284.18000,102
2026.06.09,09:15,65284.17000,65289.16000,65229.16000,65269.18000,154
2026.06.09,09:20,65274.16000,65344.18000,65274.16000,65316.17000,86
2026.06.09,09:25,65314.18000,65324.17000,65229.18000,65229.18000,110
2026.06.09,09:30,65239.18000,65294.16000,65239.16000,65279.17000,85
2026.06.09,09:35,65279.16000,65304.18000,65279.16000,65279.16000,35
2026.06.09,09:40,65284.18000,65294.16000,65274.17000,65284.18000,45
2026.06.09,09:45,65279.17000,65293.66000,65259.16000,65274.18000,52
2026.06.09,09:50,65264.17000,65284.18000,65264.16000,65284.17000,13
2026.06.09,09:55,65289.18000,65391.17000,65289.18000,65384.16000,62
2026.06.09,10:00,65408.68000,65424.17000,65369.16000,65424.17000,40
2026.06.09,10:05,65434.16000,65454.16000,65384.18000,65424.18000,59
2026.06.09,10:10,65433.67000,65568.67000,65433.67000,65539.17000,133
2026.06.09,10:15,65534.17000,65574.18000,65479.18000,65499.16000,80
2026.06.09,10:20,65494.16000,65563.67000,65494.16000,65519.18000,59
2026.06.09,10:25,65509.17000,65543.68000,65499.16000,65504.16000,63
2026.06.09,10:30,65494.16000,65499.18000,65404.18000,65424.16000,140
2026.06.09,10:35,65419.16000,65574.17000,65419.16000,65574.17000,141
2026.06.09,10:40,65574.17000,65594.17000,65389.16000,65389.18000,133
2026.06.09,10:45,65394.18000,65394.18000,65089.17000,65099.17000,546
2026.06.09,10:50,65119.18000,65139.18000,64809.16000,64814.16000,608
2026.06.09,10:55,64814.17000,65149.16000,64689.17000,65144.18000,534
2026.06.09,11:00,65144.18000,65144.18000,64544.16000,64599.17000,1068
2026.06.09,11:05,64594.18000,64724.18000,64504.16000,64684.16000,1035
2026.06.09,11:10,64679.17000,65024.16000,64614.16000,64799.16000,981
2026.06.09,11:15,64799.17000,64829.17000,64504.16000,64509.18000,1100
2026.06.09,11:20,64504.16000,64669.17000,64239.16000,64329.16000,1020
2026.06.09,11:25,64324.16000,64579.18000,64219.17000,64549.17000,785
2026.06.09,11:30,64549.17000,64598.68000,64269.17000,64269.17000,880
2026.06.09,11:35,64269.16000,64279.18000,64054.16000,64119.17000,992
2026.06.09,11:40,64124.18000,64224.16000,64034.17000,64209.17000,1061
2026.06.09,11:45,64214.18000,64249.17000,64034.16000,64209.16000,965
2026.06.09,11:50,64214.18000,64324.18000,63994.16000,64009.17000,894
2026.06.09,11:55,63999.18000,64134.18000,63909.16000,64064.18000,912
2026.06.09,12:00,64079.18000,64181.18000,64029.17000,64034.17000,1154
2026.06.09,12:05,64029.16000,64244.18000,63949.16000,64039.17000,872
2026.06.09,12:10,64039.18000,64248.68000,64004.16000,64144.18000,839
2026.06.09,12:15,64149.17000,64338.68000,64084.16000,64329.17000,981
2026.06.09,12:20,64324.17000,64669.18000,64314.17000,64589.17000,975
2026.06.09,12:25,64589.17000,64663.68000,64409.16000,64424.17000,999
2026.06.09,12:30,64424.17000,64534.18000,64339.17000,64469.17000,1060
2026.06.09,12:35,64469.16000,64634.18000,64414.18000,64624.16000,875
2026.06.09,12:40,64629.16000,64714.18000,64479.16000,64604.16000,861
2026.06.09,12:45,64609.17000,64793.68000,64609.16000,64699.17000,859
2026.06.09,12:50,64699.17000,64729.18000,64484.16000,64493.67000,827
2026.06.09,12:55,64484.16000,64539.17000,64449.16000,64474.18000,738
2026.06.09,13:00,64483.66000,64583.68000,64444.16000,64559.18000,828
2026.06.09,13:05,64549.16000,64654.17000,64499.17000,64634.18000,843
2026.06.09,13:10,64643.66000,64674.18000,64579.17000,64609.17000,766
2026.06.09,13:15,64614.17000,64678.66000,64559.18000,64649.17000,640
2026.06.09,13:20,64654.16000,64658.67000,64519.16000,64564.16000,513
2026.06.09,13:25,64559.17000,64609.18000,64474.16000,64589.17000,562
2026.06.09,13:30,64598.68000,64658.66000,64544.16000,64613.67000,619
2026.06.09,13:35,64604.16000,64619.17000,64524.16000,64569.16000,564
2026.06.09,13:40,64578.67000,64636.16000,64539.18000,64636.16000,419
2026.06.09,13:45,64634.16000,64718.68000,64634.16000,64634.16000,466
2026.06.09,13:50,64638.66000,64653.66000,64539.16000,64569.16000,439
2026.06.09,13:55,64569.18000,64678.67000,64559.16000,64659.18000,373
2026.06.09,14:00,64664.16000,64664.16000,64609.16000,64634.18000,443
2026.06.09,14:05,64643.66000,64708.67000,64604.16000,64673.66000,526
2026.06.09,14:10,64664.17000,64753.67000,64644.16000,64729.16000,366
2026.06.09,14:15,64724.18000,64863.68000,64719.16000,64784.18000,407
2026.06.09,14:20,64789.17000,64854.18000,64669.17000,64719.18000,428
2026.06.09,14:25,64724.18000,64788.67000,64724.16000,64749.16000,319
2026.06.09,14:30,64758.66000,65023.68000,64758.66000,65023.66000,886
2026.06.09,14:35,65018.68000,65078.68000,64979.16000,65054.17000,609
2026.06.09,14:40,65054.18000,65258.66000,65054.16000,65174.17000,581
2026.06.09,14:45,65174.18000,65248.67000,65139.16000,65179.16000,524
2026.06.09,14:50,65179.16000,65229.17000,65154.17000,65209.16000,600
2026.06.09,14:55,65209.18000,65243.68000,65174.16000,65204.17000,394
2026.06.09,15:00,65204.18000,65238.68000,65119.17000,65174.18000,447
2026.06.09,15:05,65174.18000,65256.18000,65119.16000,65249.16000,407
2026.06.09,15:10,65253.66000,65276.16000,65159.17000,65159.17000,361
2026.06.09,15:15,65159.17000,65303.66000,65129.16000,65284.18000,502
2026.06.09,15:20,65279.16000,65306.18000,65229.17000,65284.18000,439
2026.06.09,15:25,65284.17000,65326.17000,65239.16000,65324.16000,392
2026.06.09,15:30,65333.68000,65388.68000,65269.18000,65383.68000,439
2026.06.09,15:35,65383.66000,65418.67000,65349.16000,65413.66000,336
2026.06.09,15:40,65409.18000,65428.67000,65344.17000,65378.66000,381
2026.06.09,15:45,65378.68000,65383.68000,65319.16000,65349.17000,411
2026.06.09,15:50,65358.66000,65358.68000,65254.16000,65304.17000,387
2026.06.09,15:55,65299.16000,65323.67000,65259.17000,65269.18000,334
2026.06.09,16:00,65279.18000,65374.18000,65259.16000,65364.17000,361
2026.06.09,16:05,65359.18000,65398.68000,65269.18000,65269.18000,375
2026.06.09,16:10,65273.67000,65453.67000,65259.17000,65414.16000,368
2026.06.09,16:15,65409.16000,65471.18000,65399.17000,65404.17000,281
2026.06.09,16:20,65399.18000,65433.68000,65304.18000,65369.16000,620
2026.06.09,16:25,65364.17000,65378.68000,65209.16000,65228.68000,401
2026.06.09,16:30,65219.18000,65404.16000,65169.16000,65329.18000,763
2026.06.09,16:35,65329.16000,65358.67000,65239.16000,65264.17000,514
2026.06.09,16:40,65269.17000,65373.66000,65224.16000,65304.17000,519
2026.06.09,16:45,65309.16000,65398.68000,65304.17000,65379.18000,253
2026.06.09,16:50,65374.17000,65374.17000,65269.17000,65278.67000,358
2026.06.09,16:55,65269.17000,65313.66000,65199.16000,65274.17000,437
2026.06.09,17:00,65269.18000,65328.68000,65219.16000,65239.16000,590
2026.06.09,17:05,65239.17000,65253.67000,65139.16000,65156.16000,406
2026.06.09,17:10,65153.68000,65161.17000,65103.66000,65156.18000,255
2026.06.09,17:15,65156.17000,65333.68000,65154.17000,65318.66000,300
2026.06.09,17:20,65316.17000,65388.67000,65298.66000,65361.17000,398
2026.06.09,17:25,65361.18000,65398.68000,65221.16000,65323.66000,623
2026.06.09,17:30,65316.17000,65383.68000,65129.16000,65178.66000,524
2026.06.09,17:35,65183.67000,65308.66000,65159.16000,65256.16000,315
2026.06.09,17:40,65251.17000,65376.17000,65251.16000,65354.16000,184
2026.06.09,17:45,65361.16000,65534.18000,65358.66000,65484.18000,274
2026.06.09,17:50,65479.16000,65498.66000,65359.16000,65438.67000,164
2026.06.09,17:55,65443.67000,65594.18000,65439.18000,65579.16000,167
2026.06.09,18:00,65588.67000,65733.67000,65544.16000,65683.66000,379
2026.06.09,18:05,65679.16000,65748.67000,65639.16000,65689.17000,262
2026.06.09,18:10,65698.68000,65733.66000,65554.16000,65558.68000,310
2026.06.09,18:15,65554.18000,65576.18000,65499.17000,65529.16000,285
2026.06.09,18:20,65536.18000,65633.67000,65514.17000,65548.67000,240
2026.06.09,18:25,65544.16000,65561.17000,65429.16000,65488.68000,310
2026.06.09,18:30,65484.17000,65528.66000,65459.18000,65463.68000,256
2026.06.09,18:35,65463.67000,65468.66000,65389.17000,65418.68000,255
2026.06.09,18:40,65414.16000,65458.66000,65384.16000,65458.66000,251
2026.06.09,18:45,65461.18000,65543.67000,65456.17000,65513.66000,213
2026.06.09,18:50,65511.16000,65528.68000,65429.16000,65453.66000,295
2026.06.09,18:55,65449.17000,65521.18000,65419.16000,65499.18000,235
2026.06.09,19:00,65499.16000,65638.68000,65449.16000,65558.66000,677
2026.06.09,19:05,65549.16000,65628.68000,65478.67000,65608.66000,505
2026.06.09,19:10,65609.16000,65693.68000,65549.16000,65661.16000,598
2026.06.09,19:15,65658.68000,65693.67000,65638.66000,65683.66000,497
2026.06.09,19:20,65681.18000,65713.66000,65638.66000,65669.16000,393
2026.06.09,19:25,65678.66000,65693.68000,65624.17000,65663.68000,269
2026.06.09,19:30,65666.16000,65698.68000,65604.18000,65616.16000,248
2026.06.09,19:35,65618.68000,65733.67000,65576.17000,65718.67000,240
2026.06.09,19:40,65721.17000,65793.68000,65694.17000,65756.16000,273
2026.06.09,19:45,65744.18000,65781.16000,65684.17000,65698.66000,203
2026.06.09,19:50,65701.17000,65703.66000,65606.18000,65621.17000,214
2026.06.09,19:55,65618.67000,65621.18000,65578.68000,65606.17000,161
2026.06.09,20:00,65603.67000,65688.68000,65596.16000,65658.66000,196
2026.06.09,20:05,65649.17000,65671.18000,65613.66000,65648.66000,259
2026.06.09,20:10,65653.66000,65668.66000,65629.18000,65643.67000,242
2026.06.09,20:15,65646.18000,65663.68000,65619.17000,65651.16000,176
2026.06.09,20:20,65648.68000,65661.17000,65606.16000,65613.68000,231
2026.06.09,20:25,65611.16000,65628.68000,65574.16000,65594.16000,212
2026.06.09,20:30,65594.17000,65608.66000,65479.16000,65488.66000,330
2026.06.09,20:35,65486.18000,65576.18000,65483.68000,65556.17000,211
2026.06.09,20:40,65561.16000,65583.66000,65523.67000,65553.66000,184
2026.06.09,20:45,65551.18000,65628.68000,65538.67000,65613.66000,161
2026.06.09,20:50,65616.17000,65643.67000,65601.16000,65618.68000,218
2026.06.09,20:55,65616.18000,65661.16000,65616.18000,65639.16000,134
2026.06.09,21:00,65648.66000,65728.67000,65648.66000,65726.18000,144
2026.06.09,21:05,65728.66000,65736.18000,65514.17000,65553.66000,478
2026.06.09,21:10,65548.68000,65638.68000,65524.18000,65629.18000,371
2026.06.09,21:15,65638.68000,65638.68000,65539.18000,65544.18000,165
2026.06.09,21:20,65548.68000,65568.68000,65529.16000,65553.68000,136
2026.06.09,21:25,65556.18000,65628.68000,65553.68000,65613.67000,153
2026.06.09,21:30,65609.16000,65621.17000,65513.66000,65521.18000,117
2026.06.09,21:35,65518.67000,65531.16000,65483.68000,65483.68000,120
2026.06.09,21:40,65474.17000,65538.68000,65474.17000,65528.67000,120
2026.06.09,21:45,65526.17000,65546.16000,65518.66000,65546.16000,180
2026.06.09,21:50,65551.17000,65618.67000,65524.18000,65566.16000,182
2026.06.09,21:55,65559.16000,65628.68000,65559.16000,65618.67000,206
2026.06.09,22:00,65621.17000,65673.68000,65609.17000,65616.16000,172
2026.06.09,22:05,65616.18000,65666.18000,65609.17000,65661.16000,115
2026.06.09,22:10,65661.17000,65673.66000,65619.17000,65671.17000,108
2026.06.09,22:15,65673.67000,65673.68000,65621.17000,65653.68000,150
2026.06.09,22:20,65648.66000,65691.18000,65624.16000,65661.17000,160
2026.06.09,22:25,65663.66000,65708.68000,65663.66000,65706.17000,173
2026.06.09,22:30,65711.18000,65728.68000,65691.16000,65708.68000,192
2026.06.09,22:35,65711.17000,65718.68000,65648.66000,65676.17000,179
2026.06.09,22:40,65673.66000,65698.68000,65651.17000,65656.18000,142
2026.06.09,22:45,65658.68000,65663.68000,65586.16000,65591.17000,197
2026.06.09,22:50,65586.18000,65608.67000,65553.67000,65558.67000,147
2026.06.09,22:55,65556.16000,65556.16000,65518.67000,65538.66000,140
2026.06.09,23:00,65541.16000,65621.18000,65536.17000,65603.67000,202
2026.06.09,23:05,65601.18000,65638.67000,65576.16000,65623.67000,169
2026.06.09,23:10,65621.17000,65633.68000,65549.18000,65561.17000,147
2026.06.09,23:15,65556.16000,65586.16000,65519.18000,65571.17000,224
2026.06.09,23:20,65568.68000,65581.18000,65523.67000,65543.68000,243
2026.06.09,23:25,65541.17000,65603.67000,65533.68000,65586.17000,201
2026.06.09,23:30,65583.67000,65728.66000,65583.67000,65698.67000,243
2026.06.09,23:35,65693.67000,65746.17000,65674.17000,65693.68000,166
2026.06.09,23:40,65691.18000,65696.18000,65658.66000,65693.66000,151
2026.06.09,23:45,65696.17000,65696.17000,65651.17000,65651.18000,162
2026.06.09,23:50,65648.66000,65656.16000,65626.16000,65646.17000,178
2026.06.09,23:55,65646.18000,65781.18000,65643.67000,65776.16000,181
2026.06.10,00:00,65781.18000,65828.66000,65766.17000,65823.67000,405
2026.06.10,00:05,65826.18000,65963.67000,65826.16000,65918.68000,317
2026.06.10,00:10,65921.18000,65926.18000,65833.66000,65841.17000,197
2026.06.10,00:15,65843.68000,65843.68000,65791.16000,65801.17000,177
2026.06.10,00:20,65803.67000,65841.17000,65781.16000,65796.16000,207
2026.06.10,00:25,65798.67000,65811.18000,65748.66000,65803.68000,320
2026.06.10,00:30,65801.18000,65861.16000,65731.16000,65748.68000,844
2026.06.10,00:35,65753.68000,65821.16000,65743.66000,65748.67000,647
2026.06.10,00:40,65751.16000,65853.66000,65708.68000,65843.68000,655
2026.06.10,00:45,65841.16000,66101.17000,65833.66000,66056.18000,647
2026.06.10,00:50,66053.67000,66088.67000,65993.66000,66003.68000,735
2026.06.10,00:55,66006.16000,66016.18000,65876.18000,65909.18000,836
2026.06.10,01:00,65909.16000,65978.67000,65854.18000,65908.66000,822
2026.06.10,01:05,65911.18000,65973.66000,65896.17000,65916.18000,789
2026.06.10,01:10,65913.67000,65916.18000,65614.16000,65614.16000,924
2026.06.10,01:15,65618.66000,65706.18000,65264.18000,65393.68000,1162
2026.06.10,01:20,65389.18000,65676.18000,65344.17000,65676.18000,1192
2026.06.10,01:25,65669.16000,65698.67000,65509.16000,65574.17000,995
2026.06.10,01:30,65569.18000,65613.67000,65439.16000,65539.16000,1040
2026.06.10,01:35,65543.66000,65563.66000,65453.66000,65489.17000,894
2026.06.10,01:40,65489.18000,65518.68000,65214.16000,65219.17000,828
2026.06.10,01:45,65221.16000,65258.68000,64839.18000,64856.18000,1211
2026.06.10,01:50,64851.17000,65078.67000,64789.18000,65053.66000,1273
2026.06.10,01:55,65049.17000,65183.68000,64949.16000,65183.66000,959
2026.06.10,02:00,65179.16000,65213.67000,65014.16000,65029.16000,981
2026.06.10,02:05,65029.18000,65168.67000,64939.16000,65163.67000,1076
2026.06.10,02:10,65168.68000,65248.68000,65074.16000,65168.68000,879
2026.06.10,02:15,65159.16000,65193.67000,64989.16000,65013.67000,804
2026.06.10,02:20,65008.67000,65068.68000,64749.18000,64753.67000,946
2026.06.10,02:25,64751.18000,64788.68000,64354.16000,64368.66000,1195
2026.06.10,02:30,64373.67000,64488.67000,64314.16000,64458.66000,1432
2026.06.10,02:35,64458.68000,64483.66000,64349.17000,64448.68000,1245
2026.06.10,02:40,64448.66000,64626.17000,64424.18000,64578.66000,1120
2026.06.10,02:45,64578.68000,64626.18000,64529.17000,64594.18000,944
2026.06.10,02:50,64598.67000,64726.17000,64519.16000,64559.18000,995
2026.06.10,02:55,64559.16000,64598.68000,64284.17000,64301.18000,1055
2026.06.10,03:00,64303.68000,64443.68000,64264.16000,64353.66000,1147
2026.06.10,03:05,64344.18000,64353.68000,64119.17000,64198.68000,979
2026.06.10,03:10,64189.18000,64253.68000,64089.16000,64123.66000,1094
2026.06.10,03:15,64119.18000,64129.17000,63849.18000,63894.18000,1151
2026.06.10,03:20,63903.67000,63961.16000,63809.17000,63929.16000,1279
2026.06.10,03:25,63933.68000,64008.68000,63814.16000,63844.16000,1190
2026.06.10,03:30,63848.67000,63908.68000,63729.16000,63764.18000,1208
2026.06.10,03:35,63759.18000,63853.66000,63144.16000,63159.18000,1430
2026.06.10,03:40,63169.18000,63294.18000,63089.17000,63219.17000,1675
2026.06.10,03:45,63219.17000,63383.67000,63194.17000,63299.18000,1319
2026.06.10,03:50,63308.67000,63368.68000,63194.18000,63209.17000,1211
2026.06.10,03:55,63213.66000,63508.67000,63194.16000,63491.16000,1154
2026.06.10,04:00,63499.18000,63803.68000,63489.16000,63774.18000,1287
2026.06.10,04:05,63779.18000,63883.68000,63764.18000,63868.68000,1093
2026.06.10,04:10,63868.66000,64001.18000,63754.16000,63938.68000,1073
2026.06.10,04:15,63933.66000,64073.68000,63854.16000,64034.17000,977
2026.06.10,04:20,64038.68000,64208.68000,63974.16000,64098.66000,1017
2026.06.10,04:25,64089.16000,64143.68000,64004.16000,64079.17000,877
2026.06.10,04:30,64079.16000,64223.68000,64029.16000,64194.18000,897
2026.06.10,04:35,64199.16000,64263.66000,64129.16000,64219.18000,813
2026.06.10,04:40,64228.67000,64373.68000,64199.16000,64234.17000,735
2026.06.10,04:45,64243.68000,64283.68000,64009.16000,64044.18000,944
2026.06.10,04:50,64044.17000,64278.68000,64039.16000,64149.17000,954
2026.06.10,04:55,64153.66000,64248.68000,64134.16000,64194.18000,790
2026.06.10,05:00,64199.16000,64283.68000,64109.16000,64169.17000,816
2026.06.10,05:05,64164.17000,64258.67000,64124.16000,64224.16000,922
2026.06.10,05:10,64224.17000,64233.67000,64119.16000,64199.17000,838
2026.06.10,05:15,64199.16000,64378.67000,64124.16000,64359.16000,841
2026.06.10,05:20,64354.18000,64438.68000,64269.17000,64423.68000,884
2026.06.10,05:25,64428.68000,64433.67000,64299.18000,64384.18000,733
2026.06.10,05:30,64393.67000,64516.16000,64379.16000,64474.16000,876
2026.06.10,05:35,64474.18000,64523.68000,64449.17000,64474.16000,637
2026.06.10,05:40,64474.17000,64488.67000,64364.16000,64378.68000,746
2026.06.10,05:45,64369.17000,64438.68000,64354.17000,64424.17000,696
2026.06.10,05:50,64438.67000,64541.17000,64394.16000,64488.68000,612
2026.06.10,05:55,64493.66000,64668.68000,64474.17000,64619.18000,573
2026.06.10,06:00,64619.16000,64693.66000,64544.16000,64684.18000,641
2026.06.10,06:05,64674.17000,64724.17000,64614.16000,64619.17000,716
2026.06.10,06:10,64619.16000,64624.16000,64474.16000,64498.67000,730
2026.06.10,06:15,64494.16000,64503.68000,64274.16000,64303.66000,924
2026.06.10,06:20,64301.16000,64379.17000,64244.18000,64279.16000,937
2026.06.10,06:25,64283.67000,64393.67000,64224.16000,64378.67000,838
2026.06.10,06:30,64369.16000,64426.17000,64289.16000,64353.67000,960
2026.06.10,06:35,64344.17000,64393.68000,64289.16000,64298.66000,786
2026.06.10,06:40,64289.16000,64358.68000,64209.17000,64319.16000,1069
2026.06.10,06:45,64324.17000,64354.16000,64174.17000,64204.16000,880
2026.06.10,06:50,64214.17000,64463.67000,64214.17000,64419.18000,1092
2026.06.10,06:55,64433.66000,64538.68000,64433.66000,64494.17000,721
2026.06.10,07:00,64508.67000,64539.18000,64354.17000,64534.18000,619
2026.06.10,07:05,64534.18000,64534.18000,64379.17000,64429.16000,476
2026.06.10,07:10,64429.17000,64448.66000,64374.16000,64401.17000,378
2026.06.10,07:15,64389.16000,64439.17000,64369.16000,64369.16000,225
2026.06.10,07:20,64378.67000,64403.66000,64359.16000,64379.18000,174
2026.06.10,07:25,64388.66000,64424.16000,64374.16000,64394.16000,151
2026.06.10,07:30,64394.18000,64419.17000,64364.16000,64419.17000,158
2026.06.10,07:35,64414.17000,64493.68000,64414.17000,64479.16000,110
2026.06.10,07:40,64488.67000,64568.68000,64488.67000,64534.16000,145
2026.06.10,07:45,64543.67000,64548.67000,64489.16000,64529.18000,126
2026.06.10,07:50,64529.17000,64529.17000,64439.16000,64439.17000,99
2026.06.10,07:55,64439.18000,64458.67000,64384.17000,64438.67000,118
2026.06.10,09:00,64355.28000,64374.76000,64290.26000,64290.27000,24
2026.06.10,09:05,64290.26000,64340.27000,64290.26000,64305.26000,28
2026.06.10,09:10,64305.27000,64340.27000,64155.26000,64190.27000,60
2026.06.10,09:15,64185.27000,64290.26000,64185.27000,64275.27000,104
2026.06.10,09:20,64275.28000,64275.28000,64210.26000,64230.28000,79
2026.06.10,09:25,64230.27000,64249.77000,64180.27000,64190.28000,74
2026.06.10,09:30,64185.28000,64195.28000,64025.26000,64025.26000,91
2026.06.10,09:35,64035.28000,64055.28000,63955.26000,64035.27000,83
2026.06.10,09:40,64030.26000,64080.28000,63975.27000,64075.26000,132
2026.06.10,09:45,64080.28000,64095.28000,63980.26000,64015.26000,103
2026.06.10,09:50,64015.26000,64065.28000,63950.26000,64055.28000,107
2026.06.10,09:55,64060.27000,64145.28000,64045.26000,64125.28000,108
2026.06.10,10:00,64135.28000,64210.28000,64090.26000,64195.26000,104
2026.06.10,10:05,64280.28000,64305.26000,64210.26000,64210.26000,23
2026.06.10,10:10,64220.26000,64220.26000,64125.26000,64145.28000,111
2026.06.10,10:15,64140.28000,64175.26000,64125.26000,64155.28000,80
2026.06.10,10:20,64150.26000,64200.28000,64125.27000,64160.28000,71
2026.06.10,10:25,64160.26000,64160.28000,64010.27000,64085.28000,82
2026.06.10,10:30,64095.28000,64140.28000,64005.26000,64135.28000,127
2026.06.10,10:35,64140.26000,64170.28000,64015.26000,64120.27000,137
2026.06.10,10:40,64135.26000,64144.78000,64040.28000,64050.26000,130
2026.06.10,10:45,64055.27000,64220.27000,63995.26000,64160.28000,473
2026.06.10,10:50,64160.28000,64364.77000,64110.26000,64364.77000,327
2026.06.10,10:55,64365.27000,64460.28000,64220.26000,64450.26000,468
2026.06.10,11:00,64460.27000,64715.28000,64355.26000,64665.28000,841
2026.06.10,11:05,64665.28000,64850.28000,64655.26000,64845.26000,818
2026.06.10,11:10,64845.27000,65049.77000,64740.26000,65040.26000,796
2026.06.10,11:15,65035.27000,65050.27000,64735.26000,64840.28000,1151
2026.06.10,11:20,64835.27000,64875.27000,64685.28000,64790.26000,1029
2026.06.10,11:25,64790.27000,65065.26000,64750.28000,64995.28000,1018
2026.06.10,11:30,65009.76000,65080.26000,64770.26000,64780.26000,1149
2026.06.10,11:35,64770.26000,64875.28000,64595.26000,64685.27000,1084
2026.06.10,11:40,64680.26000,64680.26000,64420.26000,64510.27000,921
2026.06.10,11:45,64500.27000,64784.77000,64480.26000,64760.27000,897
2026.06.10,11:50,64760.27000,64875.27000,64565.26000,64855.27000,853
2026.06.10,11:55,64850.28000,64890.28000,64745.28000,64840.28000,808
2026.06.10,12:00,64845.28000,64890.28000,64710.26000,64845.28000,914
2026.06.10,12:05,64850.26000,64920.26000,64715.26000,64825.27000,804
2026.06.10,12:10,64825.28000,65042.27000,64750.27000,64955.27000,761
2026.06.10,12:15,64960.27000,65070.26000,64900.26000,65040.26000,633
2026.06.10,12:20,65040.28000,65050.28000,64860.26000,64890.28000,684
2026.06.10,12:25,64895.28000,64994.78000,64820.26000,64895.27000,624
2026.06.10,12:30,64895.26000,64959.77000,64720.26000,64940.28000,905
2026.06.10,12:35,64940.27000,64965.28000,64770.26000,64900.27000,758
2026.06.10,12:40,64905.28000,64930.28000,64760.27000,64805.26000,649
2026.06.10,12:45,64800.26000,64925.28000,64760.28000,64880.27000,750
2026.06.10,12:50,64885.27000,64899.77000,64625.28000,64710.27000,736
2026.06.10,12:55,64710.26000,64775.28000,64630.26000,64664.77000,674
2026.06.10,13:00,64665.28000,64770.28000,64595.27000,64604.78000,694
2026.06.10,13:05,64600.28000,64635.28000,64560.26000,64575.28000,638
2026.06.10,13:10,64584.77000,64745.26000,64550.26000,64729.77000,749
2026.06.10,13:15,64720.28000,64754.78000,64675.27000,64700.28000,581
2026.06.10,13:20,64710.26000,64765.27000,64640.26000,64670.26000,632
2026.06.10,13:25,64670.28000,64694.77000,64565.28000,64680.26000,589
2026.06.10,13:30,64685.26000,64745.27000,64610.26000,64650.28000,546
2026.06.10,13:35,64650.26000,64714.78000,64615.26000,64620.28000,388
2026.06.10,13:40,64615.28000,64695.26000,64605.26000,64695.26000,362
2026.06.10,13:45,64695.26000,64810.27000,64685.26000,64810.27000,309
2026.06.10,13:50,64810.27000,64814.76000,64575.26000,64605.26000,437
2026.06.10,13:55,64600.28000,64645.28000,64585.26000,64595.26000,386
2026.06.10,14:00,64600.27000,64669.78000,64580.26000,64645.27000,502
2026.06.10,14:05,64649.77000,64774.76000,64640.28000,64709.78000,609
2026.06.10,14:10,64707.27000,64709.77000,64620.26000,64700.28000,572
2026.06.10,14:15,64700.28000,64804.77000,64685.26000,64730.27000,430
2026.06.10,14:20,64735.28000,64745.27000,64650.27000,64725.26000,436
2026.06.10,14:25,64730.28000,64754.78000,64660.26000,64685.26000,396
2026.06.10,14:30,64685.28000,64775.28000,64630.26000,64695.28000,667
2026.06.10,14:35,64690.26000,64690.26000,64470.26000,64485.27000,589
2026.06.10,14:40,64480.26000,64480.26000,64365.27000,64435.28000,655
2026.06.10,14:45,64430.28000,64539.78000,64425.28000,64479.76000,646
2026.06.10,14:50,64470.26000,64549.78000,64415.27000,64525.28000,520
2026.06.10,14:55,64520.27000,64539.78000,64450.27000,64485.27000,667
2026.06.10,15:00,64490.28000,64519.77000,64385.26000,64410.28000,573
2026.06.10,15:05,64415.26000,64429.77000,64280.28000,64295.28000,598
2026.06.10,15:10,64295.26000,64335.26000,64225.27000,64230.26000,487
2026.06.10,15:15,64234.77000,64327.27000,64195.26000,64235.27000,548
2026.06.10,15:20,64240.26000,64309.76000,64135.26000,64160.26000,619
2026.06.10,15:25,64160.26000,64184.77000,64035.28000,64045.26000,491
2026.06.10,15:30,64047.26000,64080.28000,63940.26000,63940.28000,631
2026.06.10,15:35,63945.27000,64019.77000,63925.26000,63970.28000,664
2026.06.10,15:40,63975.26000,64034.78000,63825.26000,63829.77000,632
2026.06.10,15:45,63829.76000,63930.28000,63765.27000,63905.26000,682
2026.06.10,15:50,63910.27000,64134.77000,63885.27000,64100.26000,745
2026.06.10,15:55,64104.77000,64124.77000,63865.26000,63899.77000,551
2026.06.10,16:00,63904.78000,64019.77000,63815.27000,63999.76000,820
2026.06.10,16:05,63985.27000,64124.76000,63920.27000,64000.27000,747
2026.06.10,16:10,63995.27000,64015.28000,63920.27000,63960.26000,630
2026.06.10,16:15,63960.26000,63974.76000,63740.26000,63745.26000,530
2026.06.10,16:20,63754.76000,63894.76000,63735.26000,63835.26000,669
2026.06.10,16:25,63830.28000,64050.28000,63755.26000,64045.26000,842
2026.06.10,16:30,64050.26000,64125.27000,63835.26000,64085.28000,835
2026.06.10,16:35,64080.28000,64134.76000,64015.28000,64110.27000,754
2026.06.10,16:40,64115.27000,64210.27000,64025.26000,64065.26000,696
2026.06.10,16:45,64060.27000,64090.28000,63885.26000,63925.26000,539
2026.06.10,16:50,63925.26000,64080.27000,63910.27000,64060.26000,588
2026.06.10,16:55,64060.26000,64170.28000,64050.26000,64165.28000,483
2026.06.10,17:00,64170.27000,64230.26000,64145.27000,64215.28000,438
2026.06.10,17:05,64220.28000,64354.78000,64180.26000,64234.77000,437
2026.06.10,17:10,64220.27000,64324.78000,64185.27000,64285.28000,438
2026.06.10,17:15,64294.76000,64382.27000,64225.27000,64369.76000,381
2026.06.10,17:20,64365.28000,64384.76000,64170.28000,64194.77000,410
2026.06.10,17:25,64190.26000,64339.78000,64174.78000,64307.26000,467
2026.06.10,17:30,64260.28000,64304.78000,64182.26000,64214.78000,447
2026.06.10,17:35,64212.26000,64349.76000,64197.26000,64329.76000,319
2026.06.10,17:40,64320.28000,64327.28000,64292.26000,64319.78000,133
2026.06.10,17:45,64310.26000,64349.78000,64299.76000,64342.28000,125
2026.06.10,17:50,64339.77000,64339.77000,64290.27000,64309.78000,92
2026.06.10,17:55,64307.27000,64324.77000,64289.78000,64317.26000,93
2026.06.10,18:00,64319.78000,64367.26000,64284.77000,64292.27000,265
2026.06.10,18:05,64287.26000,64294.78000,64214.77000,64284.78000,242
2026.06.10,18:10,64287.28000,64347.26000,64249.78000,64304.76000,278
2026.06.10,18:15,64302.26000,64347.28000,64244.77000,64247.28000,240
2026.06.10,18:20,64244.77000,64334.76000,64180.26000,64264.78000,259
2026.06.10,18:25,64262.26000,64284.76000,64205.27000,64270.28000,235
2026.06.10,18:30,64274.78000,64404.78000,64254.77000,64397.28000,230
2026.06.10,18:35,64397.26000,64410.28000,64284.76000,64290.27000,234
2026.06.10,18:40,64299.78000,64319.77000,64249.78000,64272.26000,191
2026.06.10,18:45,64269.76000,64294.77000,64192.27000,64224.77000,194
2026.06.10,18:50,64229.78000,64234.78000,64175.27000,64224.77000,241
2026.06.10,18:55,64222.27000,64297.28000,64220.27000,64297.26000,233
2026.06.10,19:00,64304.77000,64304.78000,63947.26000,64019.76000,692
2026.06.10,19:05,64022.26000,64144.78000,64002.26000,64124.76000,663
2026.06.10,19:10,64127.26000,64159.78000,64002.26000,64017.27000,568
2026.06.10,19:15,64010.27000,64074.76000,63952.26000,63962.26000,534
2026.06.10,19:20,63959.77000,64012.26000,63880.26000,63949.78000,610
2026.06.10,19:25,63952.28000,63999.78000,63860.26000,63950.27000,559
2026.06.10,19:30,63950.28000,63969.78000,63870.28000,63874.76000,470
2026.06.10,19:35,63877.28000,63994.76000,63845.26000,63884.77000,478
2026.06.10,19:40,63879.76000,63894.76000,63717.26000,63732.26000,445
2026.06.10,19:45,63724.78000,63754.76000,63614.78000,63662.27000,618
2026.06.10,19:50,63659.78000,63764.77000,63647.26000,63672.26000,478
2026.06.10,19:55,63674.78000,63687.28000,63579.77000,63629.76000,485
2026.06.10,20:00,63634.77000,63654.78000,63555.27000,63609.78000,522
2026.06.10,20:05,63609.77000,63694.78000,63594.77000,63602.26000,545
2026.06.10,20:10,63597.26000,63682.27000,63449.77000,63464.77000,456
2026.06.10,20:15,63459.78000,63559.76000,63407.28000,63482.27000,517
2026.06.10,20:20,63482.28000,63539.76000,63437.27000,63537.26000,455
2026.06.10,20:25,63532.28000,63709.76000,63529.76000,63694.77000,543
2026.06.10,20:30,63697.28000,63739.78000,63669.77000,63739.76000,495
2026.06.10,20:35,63734.77000,63814.78000,63717.27000,63769.77000,513
2026.06.10,20:40,63767.27000,63784.77000,63664.77000,63707.28000,530
2026.06.10,20:45,63709.78000,63747.28000,63672.26000,63717.28000,383
2026.06.10,20:50,63717.27000,63804.77000,63687.26000,63802.26000,473
2026.06.10,20:55,63799.77000,63827.27000,63744.76000,63769.76000,420
2026.06.10,21:00,63772.28000,63777.28000,63644.78000,63699.78000,434
2026.06.10,21:05,63702.27000,63717.28000,63627.26000,63692.27000,413
2026.06.10,21:10,63694.77000,63697.28000,63624.77000,63629.76000,393
2026.06.10,21:15,63632.27000,63647.26000,63512.26000,63532.27000,480
2026.06.10,21:20,63534.76000,63624.76000,63494.76000,63594.78000,419
2026.06.10,21:25,63597.28000,63654.76000,63552.27000,63624.78000,401
2026.06.10,21:30,63622.27000,63754.77000,63599.76000,63682.27000,522
2026.06.10,21:35,63679.76000,63799.76000,63659.76000,63762.27000,401
2026.06.10,21:40,63764.76000,63867.28000,63744.77000,63864.78000,393
2026.06.10,21:45,63867.28000,63899.78000,63837.26000,63857.26000,404
2026.06.10,21:50,63854.77000,63854.77000,63729.76000,63737.28000,419
2026.06.10,21:55,63737.26000,63879.78000,63724.77000,63829.77000,530
2026.06.10,22:00,63834.77000,63857.27000,63335.27000,63370.28000,740
2026.06.10,22:05,63370.28000,63504.77000,63165.27000,63479.77000,1065
2026.06.10,22:10,63475.28000,63554.78000,63460.26000,63515.26000,633
2026.06.10,22:15,63520.26000,63594.76000,63480.26000,63492.27000,535
2026.06.10,22:20,63489.77000,63647.28000,63450.27000,63495.26000,597
2026.06.10,22:25,63494.76000,63504.78000,63245.26000,63397.28000,875
2026.06.10,22:30,63399.78000,63424.78000,63295.26000,63407.28000,654
2026.06.10,22:35,63399.76000,63444.78000,63254.77000,63259.77000,609
2026.06.10,22:40,63264.77000,63409.78000,63254.76000,63324.76000,534
2026.06.10,22:45,63320.27000,63427.27000,63285.26000,63379.78000,475
2026.06.10,22:50,63384.78000,63509.78000,63382.26000,63430.28000,402
2026.06.10,22:55,63432.26000,63499.76000,63404.76000,63422.26000,388
2026.06.10,23:00,63424.78000,63507.27000,63397.27000,63489.77000,383
2026.06.10,23:05,63492.26000,63609.77000,63484.77000,63504.77000,441
2026.06.10,23:10,63502.28000,63624.77000,63479.76000,63529.77000,509
2026.06.10,23:15,63520.27000,63609.77000,63470.28000,63554.76000,430
2026.06.10,23:20,63557.26000,63667.26000,63550.26000,63647.27000,452
2026.06.10,23:25,63649.77000,63734.78000,63645.28000,63730.28000,549
2026.06.10,23:30,63760.26000,64375.28000,63760.26000,64270.28000,1161
2026.06.10,23:35,64275.26000,64339.77000,64130.26000,64210.28000,1013
2026.06.10,23:40,64214.78000,64359.78000,64195.26000,64314.77000,849
2026.06.10,23:45,64317.28000,64412.27000,64287.28000,64349.78000,897
2026.06.10,23:50,64352.27000,64352.28000,64197.26000,64259.77000,735
2026.06.10,23:55,64262.26000,64264.76000,63999.76000,64004.78000,812
2026.06.11,00:00,63997.28000,64037.27000,63904.76000,63964.76000,879
2026.06.11,00:05,63964.78000,64062.27000,63879.78000,64062.27000,700
2026.06.11,00:10,64059.76000,64059.78000,63992.26000,64017.26000,643
2026.06.11,00:15,64014.77000,64079.78000,64009.76000,64072.26000,527
2026.06.11,00:20,64069.76000,64092.28000,64004.78000,64022.26000,566
2026.06.11,00:25,64019.76000,64054.76000,63987.26000,64022.27000,547
2026.06.11,00:30,64019.78000,64164.77000,63904.77000,63907.26000,1441
2026.06.11,00:35,63907.27000,64374.78000,63874.76000,64249.77000,1436
2026.06.11,00:40,64252.27000,64464.78000,64057.26000,64440.26000,1257
2026.06.11,00:45,64444.77000,64659.78000,64399.76000,64657.28000,1076
2026.06.11,00:50,64654.78000,64657.28000,64387.27000,64462.27000,1312
2026.06.11,00:55,64467.27000,64539.77000,64409.78000,64469.77000,1062
2026.06.11,01:00,64465.27000,64579.77000,64355.27000,64544.78000,1013
2026.06.11,01:05,64535.27000,64689.78000,64465.27000,64650.26000,853
2026.06.11,01:10,64659.76000,64689.77000,64567.27000,64572.28000,843
2026.06.11,01:15,64574.77000,64634.76000,64474.77000,64547.26000,1080
2026.06.11,01:20,64544.76000,64772.26000,64477.28000,64759.78000,921
2026.06.11,01:25,64757.27000,64777.27000,64624.76000,64719.76000,1007
2026.06.11,01:30,64722.26000,64829.77000,64597.26000,64827.27000,1082
2026.06.11,01:35,64822.26000,64832.27000,64652.26000,64709.76000,1029
2026.06.11,01:40,64704.78000,64777.26000,64582.26000,64582.26000,963
2026.06.11,01:45,64579.77000,64644.78000,64469.76000,64509.78000,1091
2026.06.11,01:50,64507.27000,64577.28000,64392.26000,64422.27000,1044
2026.06.11,01:55,64417.27000,64459.78000,64080.28000,64194.78000,1183
2026.06.11,02:00,64190.26000,64354.78000,64074.78000,64190.27000,1126
2026.06.11,02:05,64194.77000,64200.28000,64085.27000,64090.26000,842
2026.06.11,02:10,64104.76000,64124.77000,63940.26000,63940.27000,874
2026.06.11,02:15,63942.26000,63942.26000,63610.26000,63674.78000,1074
2026.06.11,02:20,63672.28000,63944.78000,63655.27000,63879.77000,1120
2026.06.11,02:25,63879.76000,63922.27000,63760.26000,63764.78000,944
2026.06.11,02:30,63760.27000,63864.78000,63650.27000,63685.26000,885
2026.06.11,02:35,63689.76000,63759.78000,63570.27000,63659.77000,872
2026.06.11,02:40,63650.27000,63804.77000,63600.26000,63769.77000,903
2026.06.11,02:45,63760.27000,63829.76000,63325.26000,63520.26000,1223
2026.06.11,02:50,63524.76000,63674.76000,63295.26000,63585.28000,1272
2026.06.11,02:55,63585.28000,63769.78000,63500.28000,63759.76000,1013
2026.06.11,03:00,63750.26000,63844.78000,63685.26000,63780.26000,920
2026.06.11,03:05,63780.28000,63869.78000,63715.27000,63784.76000,816
2026.06.11,03:10,63782.26000,63792.26000,63655.26000,63715.26000,980
2026.06.11,03:15,63714.77000,63819.77000,63700.26000,63765.27000,751
2026.06.11,03:20,63772.27000,63799.76000,63645.26000,63679.78000,766
2026.06.11,03:25,63675.26000,63769.78000,63660.26000,63730.28000,715
2026.06.11,03:30,63739.78000,63834.78000,63635.26000,63834.77000,779
2026.06.11,03:35,63830.28000,63949.77000,63760.26000,63874.77000,913
2026.06.11,03:40,63870.26000,63919.78000,63695.28000,63780.28000,794
2026.06.11,03:45,63789.77000,63789.77000,63605.26000,63674.76000,792
2026.06.11,03:50,63665.28000,63764.78000,63615.26000,63675.26000,718
2026.06.11,03:55,63679.77000,63697.27000,63590.26000,63675.28000,678
2026.06.11,04:00,63685.26000,63829.78000,63635.27000,63785.26000,760
2026.06.11,04:05,63794.78000,63794.78000,63615.26000,63620.27000,799
2026.06.11,04:10,63624.76000,63639.77000,63515.26000,63564.76000,752
2026.06.11,04:15,63555.26000,63624.77000,63535.26000,63575.26000,675
2026.06.11,04:20,63570.26000,63624.76000,63550.26000,63610.28000,677
2026.06.11,04:25,63609.76000,63644.77000,63560.26000,63605.26000,652
2026.06.11,04:30,63605.26000,63624.78000,63490.28000,63550.27000,710
2026.06.11,04:35,63559.78000,63559.78000,63465.26000,63474.78000,584
2026.06.11,04:40,63470.27000,63519.77000,63430.28000,63440.28000,519
2026.06.11,04:45,63449.76000,63779.76000,63435.27000,63720.26000,932
2026.06.11,04:50,63724.76000,63759.78000,63585.26000,63700.27000,959
2026.06.11,04:55,63704.76000,63804.78000,63680.26000,63784.77000,742
2026.06.11,05:00,63775.28000,63954.77000,63755.26000,63930.27000,688
2026.06.11,05:05,63930.28000,63944.78000,63789.77000,63819.76000,723
2026.06.11,05:10,63815.28000,63919.77000,63815.27000,63879.77000,532
2026.06.11,05:15,63870.26000,63924.78000,63725.26000,63775.28000,632
2026.06.11,05:20,63784.76000,63874.78000,63760.27000,63849.78000,647
2026.06.11,05:25,63854.78000,63862.28000,63765.26000,63805.26000,602
2026.06.11,05:30,63810.27000,63817.28000,63714.76000,63734.76000,522
2026.06.11,05:35,63725.28000,63749.78000,63635.28000,63694.76000,619
2026.06.11,05:40,63689.78000,63719.78000,63635.28000,63659.78000,525
2026.06.11,05:45,63655.28000,63684.78000,63610.26000,63610.26000,488
2026.06.11,05:50,63619.77000,63619.78000,63500.27000,63579.77000,644
2026.06.11,05:55,63579.76000,63594.78000,63495.26000,63565.28000,431
2026.06.11,06:00,63570.27000,63639.78000,63490.27000,63564.76000,501
2026.06.11,06:05,63560.27000,63649.76000,63520.26000,63585.27000,500
2026.06.11,06:10,63589.78000,63594.76000,63465.27000,63495.27000,486
2026.06.11,06:15,63504.76000,63509.77000,63375.26000,63405.26000,536
2026.06.11,06:20,63400.28000,63409.77000,63315.26000,63389.78000,579
2026.06.11,06:25,63380.26000,63482.28000,63375.26000,63455.28000,643
2026.06.11,06:30,63450.26000,63527.26000,63405.28000,63490.27000,675
2026.06.11,06:35,63499.77000,63552.28000,63440.26000,63544.76000,565
2026.06.11,06:40,63540.28000,63559.78000,63440.26000,63509.78000,618
2026.06.11,06:45,63500.28000,63524.76000,63385.27000,63445.27000,625
2026.06.11,06:50,63449.77000,63549.77000,63335.27000,63445.27000,840
2026.06.11,06:55,63440.26000,63474.77000,63300.28000,63310.26000,763
2026.06.11,07:00,63310.28000,63322.27000,63195.27000,63275.28000,177
2026.06.11,07:05,63275.26000,63290.28000,63150.26000,63200.27000,191
2026.06.11,07:10,63235.27000,63290.28000,63204.76000,63235.27000,176
2026.06.11,07:15,63235.28000,63275.28000,63185.26000,63215.28000,189
2026.06.11,07:20,63215.26000,63245.28000,63200.26000,63245.28000,78
2026.06.11,07:25,63245.26000,63255.28000,63190.28000,63190.28000,60
2026.06.11,07:30,63185.26000,63185.26000,63110.27000,63170.27000,112
2026.06.11,07:35,63160.26000,63235.28000,63155.26000,63230.28000,85
2026.06.11,07:40,63230.27000,63250.28000,63165.27000,63180.26000,91
2026.06.11,07:45,63185.26000,63200.27000,63115.27000,63145.27000,62
2026.06.11,07:50,63150.27000,63210.28000,63110.27000,63150.26000,174
2026.06.11,07:55,63135.28000,63225.26000,63125.28000,63199.76000,50
2026.06.11,09:00,63038.00000,63042.99000,63038.00000,63042.99000,2
2026.06.11,09:05,63108.01000,63108.01000,62998.01000,62998.01000,34
2026.06.11,09:10,62997.99000,63072.99000,62997.99000,63072.99000,35
2026.06.11,09:15,63073.00000,63098.01000,63037.99000,63098.01000,33
2026.06.11,09:20,63098.00000,63098.00000,62937.99000,62942.99000,45
2026.06.11,09:25,62938.00000,63023.01000,62938.00000,62977.99000,42
2026.06.11,09:30,62977.99000,63067.51000,62977.99000,63013.01000,89
2026.06.11,09:35,63008.00000,63060.01000,63007.99000,63053.00000,34
2026.06.11,09:40,63058.01000,63083.00000,62933.01000,62993.00000,110
2026.06.11,09:45,62983.00000,63088.01000,62943.00000,63027.99000,127
2026.06.11,09:50,63028.01000,63028.01000,62877.99000,62928.00000,113
2026.06.11,09:55,62928.01000,62938.01000,62798.01000,62798.01000,70
2026.06.11,10:00,62798.01000,62908.00000,62718.00000,62893.01000,140
2026.06.11,10:05,62893.01000,62923.00000,62833.00000,62838.01000,100
2026.06.11,10:10,62833.01000,62862.50000,62703.00000,62723.00000,130
2026.06.11,10:15,62727.99000,62907.99000,62717.99000,62868.01000,168
2026.06.11,10:20,62908.01000,62973.01000,62768.01000,62807.99000,240
2026.06.11,10:25,62813.00000,63032.50000,62813.00000,63023.00000,201
2026.06.11,10:30,63013.01000,63108.01000,62948.00000,62967.99000,128
2026.06.11,10:35,62962.99000,63058.00000,62962.99000,63002.51000,108
2026.06.11,10:40,62988.00000,63158.01000,62972.99000,63072.99000,131
2026.06.11,10:45,63053.00000,63147.99000,62867.99000,62908.00000,446
2026.06.11,10:50,62907.99000,62958.01000,62712.99000,62768.00000,357
2026.06.11,10:55,62757.99000,62758.00000,62473.00000,62613.00000,441
2026.06.11,11:00,62592.99000,62803.00000,62503.01000,62552.99000,652
2026.06.11,11:05,62557.99000,62713.00000,62383.01000,62383.01000,962
2026.06.11,11:10,62383.00000,62732.50000,62328.01000,62608.00000,1160
2026.06.11,11:15,62613.00000,63097.99000,62607.99000,62913.00000,1462
2026.06.11,11:20,62913.01000,63027.99000,62832.99000,62877.99000,1281
2026.06.11,11:25,62878.01000,62953.01000,62702.99000,62908.01000,1205
2026.06.11,11:30,62903.01000,62967.99000,62743.00000,62802.99000,1272
2026.06.11,11:35,62803.01000,62888.01000,62732.99000,62783.01000,1221
2026.06.11,11:40,62792.99000,63110.00000,62753.00000,62997.99000,955
2026.06.11,11:45,62997.99000,63572.99000,62982.99000,63543.00000,1146
2026.06.11,11:50,63543.01000,63618.01000,63397.99000,63493.01000,1108
2026.06.11,11:55,63492.99000,63648.00000,63418.00000,63422.99000,1026
2026.06.11,12:00,63422.99000,63783.01000,63422.99000,63687.99000,1203
2026.06.11,12:05,63687.99000,63845.01000,63628.00000,63843.01000,1108
2026.06.11,12:10,63837.99000,64103.01000,63833.01000,64088.01000,857
2026.06.11,12:15,64083.01000,64143.01000,63893.01000,64143.00000,937
2026.06.11,12:20,64143.01000,64178.00000,63937.99000,64128.01000,919
2026.06.11,12:25,64122.99000,64178.00000,64028.00000,64157.99000,787
2026.06.11,12:30,64157.99000,64163.01000,63988.00000,64012.99000,865
2026.06.11,12:35,64013.01000,64018.01000,63842.99000,63963.00000,827
2026.06.11,12:40,63957.99000,64107.49000,63903.00000,63988.00000,850
2026.06.11,12:45,63988.01000,63993.00000,63878.01000,63933.01000,792
2026.06.11,12:50,63932.99000,63953.00000,63722.99000,63747.99000,719
2026.06.11,12:55,63738.00000,63747.99000,63532.99000,63607.99000,828
2026.06.11,13:00,63608.01000,63912.50000,63547.99000,63893.00000,1028
2026.06.11,13:05,63888.00000,63892.99000,63707.99000,63793.00000,755
2026.06.11,13:10,63782.99000,63813.01000,63638.01000,63648.00000,738
2026.06.11,13:15,63643.00000,63688.01000,63543.01000,63573.00000,734
2026.06.11,13:20,63567.99000,63613.01000,63312.99000,63342.50000,734
2026.06.11,13:25,63333.00000,63337.50000,63192.99000,63258.00000,850
2026.06.11,13:30,63258.01000,63338.01000,63198.01000,63258.01000,803
2026.06.11,13:35,63258.00000,63378.00000,63243.01000,63352.99000,766
2026.06.11,13:40,63348.00000,63465.00000,63327.99000,63363.00000,793
2026.06.11,13:45,63362.99000,63475.00000,63343.00000,63438.00000,662
2026.06.11,13:50,63448.00000,63522.51000,63417.99000,63482.99000,650
2026.06.11,13:55,63482.99000,63682.51000,63478.01000,63628.00000,503
2026.06.11,14:00,63633.00000,63742.49000,63623.00000,63722.99000,480
2026.06.11,14:05,63727.99000,63733.00000,63618.00000,63637.99000,492
2026.06.11,14:10,63638.00000,63653.00000,63507.99000,63558.01000,500
2026.06.11,14:15,63563.01000,63652.99000,63548.00000,63558.00000,511
2026.06.11,14:20,63552.99000,63643.01000,63507.99000,63633.00000,598
2026.06.11,14:25,63628.00000,63643.01000,63558.00000,63633.01000,498
2026.06.11,14:30,63633.01000,63947.99000,63617.99000,63922.99000,926
2026.06.11,14:35,63927.99000,63952.99000,63707.99000,63863.01000,896
2026.06.11,14:40,63858.00000,63997.51000,63847.99000,63988.01000,737
2026.06.11,14:45,63983.00000,64063.01000,63918.00000,63993.01000,676
2026.06.11,14:50,63997.99000,64130.00000,63987.99000,64073.01000,544
2026.06.11,14:55,64078.00000,64227.51000,64072.99000,64217.99000,413
2026.06.11,15:00,64232.50000,64248.01000,64048.00000,64053.00000,573
2026.06.11,15:05,64057.51000,64153.01000,63992.99000,64128.00000,532
2026.06.11,15:10,64122.99000,64143.01000,64057.99000,64103.00000,445
2026.06.11,15:15,64097.99000,64133.01000,63953.01000,64057.99000,636
2026.06.11,15:20,64052.99000,64197.51000,64023.01000,64153.00000,680
2026.06.11,15:25,64153.00000,64238.01000,64122.99000,64162.99000,486
2026.06.11,15:30,64157.99000,64242.50000,64087.99000,64108.00000,481
2026.06.11,15:35,64098.01000,64223.01000,64077.99000,64197.99000,477
2026.06.11,15:40,64202.99000,64342.51000,64177.99000,64322.49000,455
2026.06.11,15:45,64322.51000,64400.01000,64307.99000,64318.01000,472
2026.06.11,15:50,64312.99000,64318.01000,64212.99000,64313.00000,488
2026.06.11,15:55,64313.01000,64342.99000,64257.99000,64297.99000,376
2026.06.11,16:00,64302.99000,64318.01000,64167.99000,64248.00000,540
2026.06.11,16:05,64247.99000,64282.50000,64137.99000,64213.00000,565
2026.06.11,16:10,64213.01000,64223.01000,64132.99000,64148.01000,404
2026.06.11,16:15,64142.99000,64222.99000,64122.99000,64218.01000,438
2026.06.11,16:20,64218.01000,64263.01000,64212.99000,64237.99000,343
2026.06.11,16:25,64238.01000,64238.01000,64113.01000,64152.99000,434
2026.06.11,16:30,64153.00000,64258.01000,64092.99000,64253.00000,496
2026.06.11,16:35,64248.01000,64277.49000,64148.00000,64183.00000,572
2026.06.11,16:40,64177.99000,64258.00000,64177.99000,64208.01000,481
2026.06.11,16:45,64208.00000,64238.01000,64172.99000,64198.01000,389
2026.06.11,16:50,64198.01000,64207.99000,64088.01000,64097.99000,418
2026.06.11,16:55,64092.99000,64158.00000,64043.00000,64142.99000,473
2026.06.11,17:00,64138.00000,64153.01000,64052.99000,64062.51000,573
2026.06.11,17:05,64053.01000,64112.51000,63987.99000,64044.99000,540
2026.06.11,17:10,64037.49000,64142.51000,64013.01000,64117.51000,490
2026.06.11,17:15,64113.01000,64207.51000,64108.00000,64187.50000,439
2026.06.11,17:20,64190.00000,64262.49000,64178.00000,64240.00000,393
2026.06.11,17:25,64237.49000,64310.00000,64183.01000,64213.01000,461
2026.06.11,17:30,64232.49000,64237.50000,64117.50000,64119.99000,432
2026.06.11,17:35,64118.00000,64377.50000,64107.99000,64315.01000,367
2026.06.11,17:40,64312.50000,64362.51000,64312.50000,64345.00000,193
2026.06.11,17:45,64347.49000,64357.50000,64252.99000,64273.00000,242
2026.06.11,17:50,64272.49000,64367.51000,64262.50000,64348.01000,174
2026.06.11,17:55,64348.00000,64367.49000,64327.49000,64352.49000,128
2026.06.11,18:00,64343.00000,64442.50000,64343.00000,64402.51000,414
2026.06.11,18:05,64397.99000,64407.51000,64323.00000,64404.99000,279
2026.06.11,18:10,64393.00000,64450.01000,64317.99000,64408.00000,335
2026.06.11,18:15,64417.49000,64540.00000,64388.01000,64497.99000,301
2026.06.11,18:20,64505.00000,64597.51000,64502.99000,64587.50000,210
2026.06.11,18:25,64582.49000,64584.99000,64487.51000,64574.99000,198
2026.06.11,18:30,64567.51000,64592.51000,64532.99000,64550.01000,172
2026.06.11,18:35,64542.99000,64590.01000,64537.99000,64547.49000,191
2026.06.11,18:40,64542.50000,64550.01000,64502.99000,64532.51000,172
2026.06.11,18:45,64529.99000,64545.01000,64428.01000,64442.50000,187
2026.06.11,18:50,64447.51000,64480.01000,64403.00000,64458.01000,188
2026.06.11,18:55,64467.51000,64502.50000,64442.99000,64462.50000,186
2026.06.11,19:00,64464.99000,64757.51000,64453.00000,64670.00000,481
2026.06.11,19:05,64670.01000,64807.50000,64658.00000,64788.01000,395
2026.06.11,19:10,64792.51000,64895.01000,64767.99000,64892.49000,390
2026.06.11,19:15,64887.49000,64889.99000,64802.51000,64827.51000,390
2026.06.11,19:20,64818.00000,64818.00000,64710.01000,64727.49000,339
2026.06.11,19:25,64722.99000,64742.51000,64653.00000,64687.51000,250
2026.06.11,19:30,64690.01000,64717.50000,64614.99000,64709.99000,298
2026.06.11,19:35,64712.51000,64765.01000,64677.49000,64709.99000,234
2026.06.11,19:40,64715.01000,64730.01000,64647.50000,64687.51000,313
2026.06.11,19:45,64690.00000,64697.50000,64645.00000,64662.49000,331
2026.06.11,19:50,64658.00000,64677.49000,64577.49000,64615.00000,207
2026.06.11,19:55,64617.49000,64687.51000,64612.49000,64665.00000,178
2026.06.11,20:00,64667.51000,64680.00000,64607.99000,64647.50000,229
2026.06.11,20:05,64638.01000,64662.51000,64537.99000,64542.50000,258
2026.06.11,20:10,64538.00000,64600.00000,64522.51000,64590.00000,281
2026.06.11,20:15,64585.00000,64642.51000,64553.01000,64607.99000,271
2026.06.11,20:20,64612.50000,64622.51000,64527.50000,64542.99000,254
2026.06.11,20:25,64547.51000,64582.51000,64532.99000,64533.01000,191
2026.06.11,20:30,64532.99000,64547.49000,64499.99000,64529.99000,303
2026.06.11,20:35,64530.00000,64572.51000,64514.99000,64572.49000,313
2026.06.11,20:40,64574.99000,64642.51000,64562.49000,64624.99000,183
2026.06.11,20:45,64627.51000,64697.50000,64614.99000,64652.50000,230
2026.06.11,20:50,64657.49000,64697.51000,64627.51000,64690.01000,262
2026.06.11,20:55,64682.99000,64730.00000,64627.50000,64642.50000,221
2026.06.11,21:00,64637.49000,64714.99000,64592.49000,64627.50000,342
2026.06.11,21:05,64629.99000,64652.49000,64588.00000,64594.99000,275
2026.06.11,21:10,64592.49000,64615.00000,64547.50000,64600.01000,291
2026.06.11,21:15,64605.01000,64632.50000,64549.99000,64557.49000,204
2026.06.11,21:20,64560.00000,64622.51000,64560.00000,64620.01000,203
2026.06.11,21:25,64617.49000,64622.51000,64545.01000,64545.01000,280
2026.06.11,21:30,64547.50000,64652.51000,64547.50000,64652.50000,246
2026.06.11,21:35,64649.99000,64667.51000,64612.50000,64657.51000,217
2026.06.11,21:40,64655.01000,64674.99000,64627.51000,64642.50000,182
2026.06.11,21:45,64645.00000,64662.49000,64632.50000,64655.01000,131
2026.06.11,21:50,64657.50000,64705.01000,64652.51000,64657.49000,167
2026.06.11,21:55,64662.50000,64662.50000,64577.49000,64590.01000,173
2026.06.11,22:00,64587.49000,64600.01000,64502.50000,64510.01000,263
2026.06.11,22:05,64512.50000,64537.50000,64413.00000,64425.00000,359
2026.06.11,22:10,64418.00000,64507.51000,64418.00000,64502.50000,297
2026.06.11,22:15,64505.01000,64527.51000,64487.99000,64517.50000,235
2026.06.11,22:20,64522.51000,64522.51000,64472.99000,64492.50000,180
2026.06.11,22:25,64494.99000,64552.50000,64432.50000,64525.00000,253
2026.06.11,22:30,64525.01000,64672.49000,64492.99000,64582.50000,505
2026.06.11,22:35,64584.99000,64672.49000,64572.50000,64594.99000,271
2026.06.11,22:40,64597.49000,64620.01000,64530.01000,64592.49000,253
2026.06.11,22:45,64595.00000,64602.51000,64577.49000,64577.49000,202
2026.06.11,22:50,64580.00000,64617.51000,64542.51000,64612.50000,217
2026.06.11,22:55,64610.01000,64627.49000,64584.99000,64610.00000,257
2026.06.11,23:00,64617.51000,64667.50000,64602.49000,64665.01000,280
2026.06.11,23:05,64669.99000,64690.01000,64605.00000,64675.01000,207
2026.06.11,23:10,64672.49000,64672.49000,64618.00000,64628.01000,147
2026.06.11,23:15,64632.49000,64660.00000,64478.00000,64484.99000,370
2026.06.11,23:20,64482.49000,64502.51000,63963.01000,64162.99000,1109
2026.06.11,23:25,64163.00000,64233.00000,64088.00000,64143.00000,735
2026.06.11,23:30,64133.00000,64187.51000,63938.01000,64037.50000,788
2026.06.11,23:35,64032.99000,64117.51000,63992.99000,64093.01000,693
2026.06.11,23:40,64095.00000,64257.51000,64035.01000,64167.51000,570
2026.06.11,23:45,64163.01000,64297.51000,64127.99000,64268.00000,867
2026.06.11,23:50,64268.00000,64377.51000,64242.99000,64362.51000,545
2026.06.11,23:55,64353.00000,64432.49000,64318.00000,64372.51000,514
2026.06.12,00:00,64372.99000,64372.99000,64267.99000,64347.50000,518
2026.06.12,00:05,64344.99000,64357.51000,64248.00000,64272.49000,312
2026.06.12,00:10,64268.01000,64317.51000,64222.99000,64262.99000,348
2026.06.12,00:15,64267.49000,64312.51000,64252.49000,64278.01000,297
2026.06.12,00:20,64287.50000,64342.51000,64278.00000,64327.51000,299
2026.06.12,00:25,64315.01000,64365.00000,64297.99000,64327.50000,348
2026.06.12,00:30,64329.99000,64512.49000,64292.99000,64432.51000,1084
2026.06.12,00:35,64427.51000,64567.49000,64387.51000,64495.00000,1077
2026.06.12,00:40,64495.01000,64599.99000,64394.99000,64555.00000,1032
2026.06.12,00:45,64554.99000,64852.49000,64507.51000,64725.00000,1281
2026.06.12,00:50,64725.01000,65007.50000,64725.01000,64940.00000,925
2026.06.12,00:55,64937.50000,65004.99000,64867.49000,64899.99000,889
2026.06.12,01:00,64897.51000,65077.51000,64865.01000,65007.50000,903
2026.06.12,01:05,65010.01000,65030.01000,64883.00000,64917.51000,875
2026.06.12,01:10,64922.49000,64932.51000,64717.99000,64747.99000,1044
2026.06.12,01:15,64753.01000,64813.00000,64592.99000,64622.50000,950
2026.06.12,01:20,64613.00000,64855.00000,64612.49000,64772.49000,1071
2026.06.12,01:25,64769.99000,64815.01000,64627.49000,64695.00000,874
2026.06.12,01:30,64700.00000,64747.49000,64634.99000,64707.51000,963
2026.06.12,01:35,64707.50000,64852.49000,64675.01000,64762.49000,845
2026.06.12,01:40,64760.00000,64817.51000,64684.99000,64684.99000,767
2026.06.12,01:45,64685.01000,64737.51000,64639.99000,64687.51000,863
2026.06.12,01:50,64685.01000,64702.51000,64617.49000,64630.00000,897
2026.06.12,01:55,64622.51000,64630.00000,64335.00000,64392.50000,1022
2026.06.12,02:00,64395.01000,64532.51000,64277.51000,64503.01000,1009
2026.06.12,02:05,64512.50000,64627.51000,64422.99000,64532.50000,1074
2026.06.12,02:10,64528.00000,64663.01000,64512.99000,64617.99000,864
2026.06.12,02:15,64627.51000,64742.50000,64577.99000,64628.01000,795
2026.06.12,02:20,64637.50000,64782.51000,64612.99000,64747.51000,684
2026.06.12,02:25,64749.99000,64802.50000,64632.50000,64632.50000,741
2026.06.12,02:30,64637.51000,64724.99000,64595.01000,64657.49000,735
2026.06.12,02:35,64653.01000,64787.49000,64642.99000,64745.00000,803
2026.06.12,02:40,64742.49000,64837.51000,64667.51000,64712.49000,756
2026.06.12,02:45,64714.99000,64787.50000,64662.50000,64719.99000,615
2026.06.12,02:50,64722.49000,64725.01000,64642.49000,64682.49000,552
2026.06.12,02:55,64685.01000,64760.01000,64635.00000,64739.99000,693
2026.06.12,03:00,64742.51000,64822.51000,64684.99000,64732.51000,696
2026.06.12,03:05,64737.49000,64825.00000,64705.01000,64805.00000,576
2026.06.12,03:10,64802.49000,64902.51000,64794.99000,64892.99000,585
2026.06.12,03:15,64902.49000,64927.49000,64857.99000,64887.49000,532
2026.06.12,03:20,64877.99000,64912.51000,64798.01000,64822.51000,626
2026.06.12,03:25,64818.01000,64844.99000,64750.00000,64757.51000,581
2026.06.12,03:30,64752.49000,64909.99000,64714.99000,64865.00000,704
2026.06.12,03:35,64867.51000,64917.51000,64792.50000,64812.51000,586
2026.06.12,03:40,64815.00000,64832.49000,64770.01000,64802.51000,633
2026.06.12,03:45,64800.01000,64830.00000,64757.49000,64770.01000,523
2026.06.12,03:50,64769.99000,64777.51000,64653.01000,64667.49000,521
2026.06.12,03:55,64665.01000,64677.50000,64602.49000,64605.00000,505
2026.06.12,04:00,64607.51000,64702.49000,64482.49000,64534.99000,622
2026.06.12,04:05,64532.49000,64645.01000,64522.50000,64630.01000,698
2026.06.12,04:10,64632.49000,64660.01000,64547.49000,64547.49000,638
2026.06.12,04:15,64544.99000,64572.50000,64407.50000,64437.49000,636
2026.06.12,04:20,64434.99000,64505.00000,64382.51000,64497.49000,658
2026.06.12,04:25,64495.01000,65258.01000,64489.99000,65228.00000,889
2026.06.12,04:30,65228.00000,65753.01000,65228.00000,65707.99000,1663
2026.06.12,04:35,65718.01000,65763.01000,65557.99000,65633.01000,1315
2026.06.12,04:40,65642.49000,65927.51000,65608.01000,65907.99000,1094
2026.06.12,04:45,65903.01000,65942.50000,65668.01000,65712.49000,927
2026.06.12,04:50,65708.00000,65812.49000,65602.99000,65742.51000,891
2026.06.12,04:55,65733.01000,65802.49000,65668.00000,65774.99000,720
2026.06.12,05:00,65777.50000,65842.50000,65517.51000,65572.51000,1062
2026.06.12,05:05,65575.00000,65630.01000,65462.50000,65510.01000,1083
2026.06.12,05:10,65507.51000,65625.01000,65467.51000,65625.00000,801
2026.06.12,05:15,65622.50000,65752.51000,65612.49000,65710.00000,633
2026.06.12,05:20,65707.50000,65710.01000,65448.00000,65632.49000,871
2026.06.12,05:25,65630.00000,65677.49000,65578.00000,65637.50000,707
2026.06.12,05:30,65640.00000,65720.00000,65600.00000,65644.99000,654
2026.06.12,05:35,65642.51000,65695.01000,65619.99000,65642.49000,631
2026.06.12,05:40,65639.99000,65717.49000,65627.49000,65714.99000,478
2026.06.12,05:45,65712.49000,65802.50000,65705.01000,65782.49000,454
2026.06.12,05:50,65784.99000,65830.01000,65750.01000,65752.50000,521
2026.06.12,05:55,65754.99000,65770.01000,65688.01000,65752.51000,407
2026.06.12,06:00,65757.50000,65887.49000,65752.49000,65847.99000,574
2026.06.12,06:05,65848.01000,65884.99000,65733.01000,65843.01000,694
2026.06.12,06:10,65838.00000,65968.00000,65823.00000,65922.99000,645
2026.06.12,06:15,65928.00000,66003.01000,65907.99000,65998.00000,507
2026.06.12,06:20,66002.99000,66032.51000,65967.99000,65988.00000,465
2026.06.12,06:25,65983.00000,66042.51000,65962.99000,66007.51000,350
2026.06.12,06:30,65997.99000,66277.51000,65997.99000,66253.01000,946
2026.06.12,06:35,66248.01000,66297.51000,66187.99000,66203.01000,710
2026.06.12,06:40,66212.51000,66297.51000,66183.01000,66223.00000,486
2026.06.12,06:45,66222.99000,66227.50000,66112.99000,66112.99000,508
2026.06.12,06:50,66118.00000,66202.51000,66067.99000,66188.00000,619
2026.06.12,06:55,66183.00000,66302.51000,66172.99000,66242.51000,562
2026.06.12,07:00,66245.01000,66315.01000,66203.01000,66283.00000,479
2026.06.12,07:05,66282.99000,66447.49000,66282.99000,66417.99000,274
2026.06.12,07:10,66413.01000,66473.01000,66377.99000,66473.01000,228
2026.06.12,07:15,66482.49000,66592.99000,66418.00000,66427.99000,231
2026.06.12,07:20,66433.01000,66480.01000,66397.99000,66443.01000,159
2026.06.12,07:25,66443.00000,66507.50000,66417.99000,66467.51000,159
2026.06.12,07:30,66457.99000,66467.51000,66418.00000,66457.99000,91
2026.06.12,07:35,66462.49000,66462.49000,66392.99000,66427.99000,208
2026.06.12,07:40,66428.00000,66462.49000,66403.00000,66442.99000,148
2026.06.12,07:45,66443.01000,66457.50000,66392.99000,66408.01000,123
2026.06.12,07:50,66418.00000,66447.50000,66412.99000,66432.99000,92
2026.06.12,07:55,66442.49000,66462.51000,66372.99000,66377.50000,154
2026.06.12,09:00,66373.00000,66492.50000,66372.99000,66453.00000,65
2026.06.12,09:05,66432.99000,66458.01000,66358.00000,66428.01000,40
2026.06.12,09:10,66433.01000,66462.99000,66418.01000,66462.99000,45
2026.06.12,09:15,66467.50000,66517.51000,66462.99000,66477.99000,95
2026.06.12,09:20,66478.01000,66497.51000,66458.01000,66463.01000,100
2026.06.12,09:25,66463.01000,66468.01000,66447.99000,66458.00000,109
2026.06.12,09:30,66457.99000,66662.99000,66453.01000,66577.99000,142
2026.06.12,09:35,66577.99000,66588.00000,66523.00000,66527.99000,44
2026.06.12,09:40,66518.01000,66558.01000,66517.99000,66533.01000,49
2026.06.12,09:45,66523.01000,66523.01000,66492.99000,66508.01000,67
2026.06.12,09:50,66508.00000,66577.99000,66507.99000,66577.99000,40
2026.06.12,09:55,66583.01000,66598.01000,66568.00000,66572.99000,41
2026.06.12,10:00,66572.99000,66588.01000,66448.01000,66463.00000,80
2026.06.12,10:05,66472.50000,66477.99000,66413.01000,66438.00000,94
2026.06.12,10:10,66438.00000,66472.49000,66432.99000,66457.99000,54
2026.06.12,10:15,66458.01000,66472.49000,66433.00000,66433.01000,59
2026.06.12,10:20,66438.00000,66442.50000,66322.51000,66323.01000,129
2026.06.12,10:25,66328.00000,66448.01000,66328.00000,66422.99000,107
2026.06.12,10:30,66445.00000,66500.01000,66428.00000,66473.01000,151
2026.06.12,10:35,66468.01000,66502.50000,66458.00000,66478.01000,85
2026.06.12,10:40,66482.99000,66497.50000,66463.00000,66473.01000,186
2026.06.12,10:45,66478.01000,66842.51000,66478.00000,66792.99000,762
2026.06.12,10:50,66788.01000,66842.51000,66652.99000,66828.00000,538
2026.06.12,10:55,66828.01000,66967.99000,66782.99000,66793.00000,587
2026.06.12,11:00,66808.00000,66808.00000,66412.99000,66572.99000,887
2026.06.12,11:05,66568.01000,66663.01000,66497.99000,66513.01000,782
2026.06.12,11:10,66508.01000,66608.01000,66392.99000,66468.00000,835
2026.06.12,11:15,66473.01000,66783.00000,66367.99000,66768.01000,960
2026.06.12,11:20,66768.00000,66828.01000,66683.00000,66818.00000,899
2026.06.12,11:25,66822.99000,66878.00000,66702.99000,66732.99000,862
2026.06.12,11:30,66728.00000,67008.00000,66703.01000,67008.00000,779
2026.06.12,11:35,67017.51000,67062.51000,66867.99000,66878.00000,820
2026.06.12,11:40,66878.01000,66898.00000,66643.00000,66643.00000,688
2026.06.12,11:45,66643.01000,66853.01000,66618.01000,66777.51000,772
2026.06.12,11:50,66768.01000,66812.50000,66722.99000,66737.99000,662
2026.06.12,11:55,66737.99000,66812.50000,66618.01000,66763.01000,638
2026.06.12,12:00,66762.99000,66762.99000,66517.99000,66523.00000,802
2026.06.12,12:05,66523.01000,66557.99000,66417.99000,66518.01000,658
2026.06.12,12:10,66513.01000,66543.01000,66373.00000,66467.99000,591
2026.06.12,12:15,66468.01000,66478.01000,66248.00000,66263.00000,479
2026.06.12,12:20,66258.01000,66327.49000,66143.01000,66143.01000,615
2026.06.12,12:25,66137.99000,66148.00000,65892.99000,65897.99000,642
2026.06.12,12:30,65898.00000,66002.99000,65838.00000,65993.01000,851
2026.06.12,12:35,65993.00000,66023.00000,65883.01000,65958.01000,722
2026.06.12,12:40,65958.01000,66258.00000,65912.99000,66157.99000,569
2026.06.12,12:45,66153.01000,66412.50000,66148.00000,66407.99000,516
2026.06.12,12:50,66408.00000,66517.49000,66377.99000,66468.00000,465
2026.06.12,12:55,66473.00000,66673.01000,66453.01000,66648.01000,448
2026.06.12,13:00,66653.00000,66757.51000,66643.00000,66739.99000,552
2026.06.12,13:05,66728.00000,66738.00000,66547.99000,66717.99000,638
2026.06.12,13:10,66717.99000,66738.01000,66567.99000,66603.01000,620
2026.06.12,13:15,66602.99000,66668.01000,66522.99000,66573.01000,534
2026.06.12,13:20,66573.01000,66608.01000,66457.99000,66483.00000,507
2026.06.12,13:25,66478.01000,66523.01000,66412.99000,66468.00000,491
2026.06.12,13:30,66473.00000,66532.49000,66382.99000,66408.01000,472
2026.06.12,13:35,66403.01000,66532.51000,66392.99000,66512.50000,402
2026.06.12,13:40,66498.00000,66510.01000,66438.00000,66483.00000,379
2026.06.12,13:45,66483.01000,66512.51000,66458.00000,66502.99000,330
2026.06.12,13:50,66498.01000,66503.01000,66437.99000,66467.99000,292
2026.06.12,13:55,66468.00000,66542.50000,66447.99000,66517.99000,278
2026.06.12,14:00,66517.99000,66557.49000,66467.99000,66468.00000,376
2026.06.12,14:05,66467.99000,66483.01000,66427.99000,66458.01000,324
2026.06.12,14:10,66458.00000,66458.01000,66312.99000,66353.00000,394
2026.06.12,14:15,66348.00000,66403.01000,66327.99000,66348.01000,316
2026.06.12,14:20,66352.49000,66353.01000,66287.99000,66298.00000,343
2026.06.12,14:25,66303.01000,66353.01000,66257.99000,66322.99000,460
2026.06.12,14:30,66318.00000,66358.01000,66218.00000,66278.00000,780
2026.06.12,14:35,66283.00000,66397.50000,66257.99000,66283.00000,649
2026.06.12,14:40,66282.99000,66418.00000,66263.00000,66378.01000,611
2026.06.12,14:45,66378.00000,66397.49000,66173.01000,66343.01000,657
2026.06.12,14:50,66338.01000,66482.49000,66338.00000,66433.00000,566
2026.06.12,14:55,66437.51000,66528.01000,66398.00000,66512.99000,490
2026.06.12,15:00,66507.99000,66513.01000,66333.01000,66357.99000,510
2026.06.12,15:05,66352.99000,66412.51000,66328.00000,66382.50000,498
2026.06.12,15:10,66373.00000,66473.01000,66337.99000,66462.99000,477
2026.06.12,15:15,66463.01000,66483.01000,66382.99000,66398.00000,399
2026.06.12,15:20,66402.50000,66482.50000,66352.99000,66462.99000,452
2026.06.12,15:25,66457.99000,66568.01000,66452.99000,66558.01000,441
2026.06.12,15:30,66558.01000,66642.51000,66522.99000,66548.01000,460
2026.06.12,15:35,66548.00000,66562.99000,66492.99000,66507.99000,410
2026.06.12,15:40,66513.00000,66558.01000,66462.99000,66483.01000,420
2026.06.12,15:45,66488.01000,66577.51000,66488.01000,66533.00000,497
2026.06.12,15:50,66527.99000,66602.51000,66527.99000,66583.00000,406
2026.06.12,15:55,66577.99000,66652.51000,66548.01000,66578.01000,313
2026.06.12,16:00,66583.01000,66672.50000,66552.99000,66588.01000,518
2026.06.12,16:05,66588.01000,66588.01000,66497.99000,66538.01000,575
2026.06.12,16:10,66528.01000,66612.50000,66437.99000,66603.01000,561
2026.06.12,16:15,66607.99000,66662.51000,66532.99000,66548.01000,518
2026.06.12,16:20,66547.99000,66578.01000,66442.99000,66443.00000,485
2026.06.12,16:25,66447.49000,66498.00000,66408.01000,66443.00000,564
2026.06.12,16:30,66438.00000,66438.00000,66252.99000,66298.00000,653
2026.06.12,16:35,66298.01000,66347.99000,66053.00000,66108.00000,889
2026.06.12,16:40,66107.99000,66258.01000,66083.01000,66173.01000,991
2026.06.12,16:45,66177.99000,66187.51000,66092.99000,66108.01000,875
2026.06.12,16:50,66113.00000,66202.99000,66002.99000,66167.49000,881
2026.06.12,16:55,66162.50000,66178.00000,65972.99000,65993.01000,679
2026.06.12,17:00,65987.99000,66152.50000,65987.99000,66093.00000,714
2026.06.12,17:05,66097.49000,66187.51000,66042.99000,66087.51000,531
2026.06.12,17:10,66082.51000,66187.50000,66052.99000,66155.01000,415
2026.06.12,17:15,66152.51000,66152.51000,66053.01000,66063.00000,402
2026.06.12,17:20,66057.99000,66102.49000,66037.49000,66047.50000,431
2026.06.12,17:25,66052.50000,66150.00000,65988.00000,66114.99000,413
2026.06.12,17:30,66072.51000,66132.49000,65967.99000,66017.99000,434
2026.06.12,17:35,66027.49000,66060.00000,65957.99000,65967.51000,329
2026.06.12,17:40,65970.01000,65987.51000,65888.01000,65969.99000,237
2026.06.12,17:45,65972.49000,65982.49000,65902.99000,65957.99000,155
2026.06.12,17:50,65967.50000,66010.01000,65957.99000,65982.50000,143
2026.06.12,17:55,65980.00000,66019.99000,65927.99000,66017.99000,155
2026.06.12,18:00,66027.50000,66062.51000,65858.01000,65892.51000,336
2026.06.12,18:05,65887.49000,65932.51000,65862.99000,65897.50000,237
2026.06.12,18:10,65888.01000,65937.51000,65845.00000,65860.00000,273
2026.06.12,18:15,65860.01000,65962.49000,65847.50000,65958.01000,267
2026.06.12,18:20,65962.49000,66062.50000,65948.01000,66052.99000,229
2026.06.12,18:25,66057.50000,66080.00000,65957.99000,65969.99000,197
2026.06.12,18:30,65962.99000,65997.51000,65942.99000,65983.00000,190
2026.06.12,18:35,65992.51000,66112.50000,65988.00000,66097.49000,283
2026.06.12,18:40,66093.01000,66160.00000,66083.01000,66148.01000,206
2026.06.12,18:45,66157.50000,66182.49000,66128.01000,66132.99000,159
2026.06.12,18:50,66138.01000,66180.01000,66132.49000,66175.01000,166
2026.06.12,18:55,66172.49000,66448.01000,66172.49000,66288.01000,419
2026.06.12,19:00,66302.99000,66403.01000,66242.99000,66308.01000,709
2026.06.12,19:05,66318.01000,66492.51000,66297.99000,66473.01000,554
2026.06.12,19:10,66467.99000,66492.49000,66417.99000,66417.99000,450
2026.06.12,19:15,66422.49000,66642.49000,66383.00000,66593.00000,585
2026.06.12,19:20,66593.01000,66687.51000,66522.99000,66657.51000,580
2026.06.12,19:25,66652.99000,66677.51000,66612.99000,66653.01000,556
2026.06.12,19:30,66658.00000,66688.01000,66592.99000,66593.01000,506
2026.06.12,19:35,66593.00000,66593.01000,66487.99000,66513.00000,455
2026.06.12,19:40,66517.99000,66518.01000,66452.99000,66493.01000,380
2026.06.12,19:45,66497.49000,66597.51000,66433.00000,66587.99000,483
2026.06.12,19:50,66582.99000,66642.51000,66542.99000,66633.01000,400
2026.06.12,19:55,66638.01000,66657.99000,66593.00000,66593.01000,356
2026.06.12,20:00,66602.51000,66732.50000,66592.99000,66707.50000,399
2026.06.12,20:05,66707.51000,66727.50000,66648.01000,66722.99000,411
2026.06.12,20:10,66718.01000,66762.50000,66702.99000,66748.00000,417
2026.06.12,20:15,66752.99000,66852.51000,66733.01000,66832.51000,518
2026.06.12,20:20,66827.99000,66837.51000,66767.99000,66792.99000,428
2026.06.12,20:25,66802.51000,66892.51000,66782.99000,66882.51000,360
2026.06.12,20:30,66887.51000,66932.50000,66833.00000,66932.49000,360
2026.06.12,20:35,66937.49000,66957.51000,66867.99000,66877.51000,395
2026.06.12,20:40,66873.00000,66912.51000,66867.99000,66897.51000,354
2026.06.12,20:45,66892.50000,66897.50000,66823.01000,66833.00000,289
2026.06.12,20:50,66842.51000,66877.51000,66833.00000,66867.51000,284
2026.06.12,20:55,66867.49000,66913.01000,66812.99000,66832.49000,305
2026.06.12,21:00,66832.51000,66872.50000,66803.01000,66857.99000,274
2026.06.12,21:05,66853.01000,66892.49000,66822.99000,66887.51000,278
2026.06.12,21:10,66877.99000,66897.51000,66773.00000,66842.51000,406
2026.06.12,21:15,66838.00000,66852.51000,66762.99000,66793.01000,319
2026.06.12,21:20,66802.49000,66802.49000,66702.99000,66742.99000,296
2026.06.12,21:25,66747.49000,66757.51000,66572.99000,66607.99000,628
2026.06.12,21:30,66608.01000,66742.51000,66593.00000,66647.99000,459
2026.06.12,21:35,66662.50000,66717.51000,66652.99000,66688.00000,258
2026.06.12,21:40,66688.00000,66784.99000,66687.99000,66772.51000,227
2026.06.12,21:45,66777.49000,66812.51000,66762.99000,66782.99000,199
2026.06.12,21:50,66788.01000,66822.49000,66767.99000,66813.00000,210
2026.06.12,21:55,66822.50000,66837.51000,66762.99000,66802.50000,268
2026.06.12,22:00,66803.00000,66907.49000,66802.99000,66887.99000,311
2026.06.12,22:05,66892.49000,66917.51000,66832.99000,66912.51000,284
2026.06.12,22:10,66902.99000,66977.51000,66902.99000,66972.50000,300
2026.06.12,22:15,66968.01000,67032.49000,66963.00000,67023.01000,272
2026.06.12,22:20,67023.00000,67132.51000,67018.00000,67118.01000,344
2026.06.12,22:25,67122.99000,67137.51000,67052.99000,67062.50000,334
2026.06.12,22:30,67058.01000,67082.49000,66963.00000,67007.50000,370
2026.06.12,22:35,67012.51000,67022.51000,66962.99000,66978.00000,349
2026.06.12,22:40,66982.51000,67058.00000,66973.00000,67057.51000,248
2026.06.12,22:45,67057.50000,67072.51000,66973.00000,66978.00000,282
2026.06.12,22:50,66972.99000,67067.50000,66972.99000,67067.49000,278
2026.06.12,22:55,67058.00000,67072.50000,66992.99000,67002.51000,304
2026.06.12,23:00,66993.00000,67022.50000,66882.50000,66903.01000,370
2026.06.12,23:05,66912.50000,66949.99000,66883.01000,66927.51000,321
2026.06.12,23:10,66922.50000,66947.51000,66873.00000,66897.99000,240
2026.06.12,23:15,66902.51000,66912.51000,66812.99000,66872.99000,368
2026.06.12,23:20,66882.50000,66882.99000,66757.99000,66777.49000,342
2026.06.12,23:25,66777.51000,66822.50000,66762.99000,66782.99000,366
2026.06.12,23:30,66783.00000,66852.50000,66777.99000,66837.49000,394
2026.06.12,23:35,66833.00000,66862.51000,66742.99000,66747.51000,386
2026.06.12,23:40,66747.50000,66817.51000,66703.00000,66738.00000,450
2026.06.12,23:45,66742.99000,66757.49000,66673.00000,66747.49000,505
2026.06.12,23:50,66742.99000,66762.51000,66618.00000,66643.01000,386
2026.06.12,23:55,66655.00000,66677.51000,66588.00000,66642.99000,490
2026.06.13,00:00,66638.00000,66662.51000,66567.99000,66662.49000,384
2026.06.13,00:05,66652.99000,66732.51000,66642.99000,66717.51000,247
2026.06.13,00:10,66713.00000,66728.00000,66653.00000,66708.01000,294
2026.06.13,00:15,66712.99000,66737.51000,66687.99000,66722.51000,349
2026.06.13,00:20,66727.50000,66742.51000,66697.99000,66727.51000,346
2026.06.13,00:25,66732.49000,66777.51000,66698.00000,66772.99000,376
2026.06.13,00:30,66782.51000,66782.51000,66588.00000,66642.49000,1014
2026.06.13,00:35,66647.49000,66800.01000,66629.99000,66795.00000,911
2026.06.13,00:40,66797.49000,66837.49000,66352.99000,66407.51000,1417
2026.06.13,00:45,66408.00000,66482.50000,66332.99000,66443.01000,1066
2026.06.13,00:50,66443.00000,66507.99000,66387.99000,66457.99000,907
2026.06.13,00:55,66463.01000,66647.49000,66438.00000,66582.99000,680
2026.06.13,01:00,66602.99000,66877.49000,66578.01000,66832.99000,973
2026.06.13,01:05,66847.50000,66947.51000,66773.00000,66903.00000,751
2026.06.13,01:10,66912.51000,66937.49000,66777.49000,66852.51000,786
2026.06.13,01:15,66852.49000,66997.50000,66838.01000,66887.50000,822
2026.06.13,01:20,66882.99000,66947.51000,66728.00000,66782.51000,897
2026.06.13,01:25,66777.99000,66877.51000,66777.99000,66812.49000,858
2026.06.13,01:30,66798.01000,66892.51000,66792.99000,66807.99000,760
2026.06.13,01:35,66817.51000,66937.50000,66802.99000,66878.01000,690
2026.06.13,01:40,66882.51000,66883.01000,66662.99000,66678.00000,874
2026.06.13,01:45,66673.01000,66707.50000,66542.99000,66583.01000,802
2026.06.13,01:50,66587.99000,67012.51000,66577.99000,67003.01000,1149
2026.06.13,01:55,67002.50000,67148.01000,66947.99000,67132.50000,1060
2026.06.13,02:00,67128.00000,67172.51000,67052.99000,67112.99000,685
2026.06.13,02:05,67117.99000,67214.99000,67117.99000,67157.51000,855
2026.06.13,02:10,67152.99000,67217.51000,67122.99000,67192.50000,683
2026.06.13,02:15,67194.99000,67247.51000,67160.01000,67222.50000,546
2026.06.13,02:20,67222.49000,67295.00000,67157.49000,67269.99000,498
2026.06.13,02:25,67262.49000,67282.49000,67218.00000,67257.51000,510
2026.06.13,02:30,67259.99000,67302.50000,67222.99000,67260.01000,606
2026.06.13,02:35,67262.50000,67345.01000,67128.00000,67202.49000,805
2026.06.13,02:40,67193.01000,67207.50000,67067.99000,67078.00000,678
2026.06.13,02:45,67083.01000,67157.50000,66942.99000,66962.49000,735
2026.06.13,02:50,66962.50000,67107.49000,66918.00000,67063.01000,790
2026.06.13,02:55,67068.00000,67072.51000,66832.99000,66867.49000,707
2026.06.13,03:00,66863.01000,66927.51000,66763.00000,66857.99000,851
2026.06.13,03:05,66867.99000,66953.00000,66803.01000,66923.00000,726
2026.06.13,03:10,66923.01000,67237.99000,66852.99000,67078.01000,943
2026.06.13,03:15,67078.01000,67213.01000,67062.99000,67077.99000,812
2026.06.13,03:20,67073.00000,67127.50000,67027.99000,67087.49000,753
2026.06.13,03:25,67082.99000,67152.49000,67057.99000,67107.99000,626
2026.06.13,03:30,67103.01000,67167.50000,67098.00000,67157.99000,552
2026.06.13,03:35,67153.01000,67173.01000,67107.99000,67143.01000,417
2026.06.13,03:40,67152.50000,67227.51000,67123.00000,67143.00000,471
2026.06.13,03:45,67142.99000,67227.51000,67137.99000,67218.00000,368
2026.06.13,03:50,67222.50000,67262.49000,67197.99000,67198.01000,377
2026.06.13,03:55,67202.99000,67237.51000,67132.99000,67218.01000,444
2026.06.13,04:00,67217.99000,67327.50000,67217.99000,67327.50000,396
2026.06.13,04:05,67322.99000,67410.01000,67292.99000,67328.01000,579
2026.06.13,04:10,67337.50000,67342.49000,67222.99000,67303.01000,388
2026.06.13,04:15,67308.00000,67367.51000,67278.00000,67333.00000,343
2026.06.13,04:20,67342.51000,67347.51000,67292.99000,67312.99000,299
2026.06.13,04:25,67313.01000,67337.51000,67218.01000,67247.50000,284
2026.06.13,04:30,67243.00000,67252.51000,67103.00000,67103.00000,422
2026.06.13,04:35,67105.01000,67197.49000,67102.99000,67162.99000,565
2026.06.13,04:40,67157.99000,67202.51000,67142.99000,67168.00000,508
2026.06.13,04:45,67172.50000,67227.50000,67162.99000,67202.49000,454
2026.06.13,04:50,67193.00000,67232.51000,67187.99000,67212.50000,267
2026.06.13,04:55,67207.51000,67215.00000,67113.00000,67167.49000,557
2026.06.13,05:00,67162.99000,67185.01000,67122.99000,67137.50000,472
2026.06.13,05:05,67133.00000,67170.01000,67108.00000,67157.50000,494
2026.06.13,05:10,67148.00000,67239.99000,67133.00000,67140.00000,535
2026.06.13,05:15,67137.51000,67157.51000,67092.99000,67123.00000,515
2026.06.13,05:20,67132.51000,67152.51000,67108.00000,67142.49000,482
2026.06.13,05:25,67133.01000,67212.51000,67122.50000,67198.01000,390
2026.06.13,05:30,67207.50000,67247.51000,67183.00000,67217.50000,376
2026.06.13,05:35,67214.99000,67232.51000,67198.01000,67232.51000,284
2026.06.13,05:40,67229.99000,67292.51000,67227.99000,67272.99000,343
2026.06.13,05:45,67273.00000,67282.51000,67242.99000,67258.00000,422
2026.06.13,05:50,67267.51000,67292.51000,67237.99000,67267.99000,326
2026.06.13,05:55,67277.51000,67277.51000,67172.99000,67182.50000,389
2026.06.13,06:00,67180.01000,67265.00000,67172.99000,67253.01000,485
2026.06.13,06:05,67262.50000,67277.51000,67217.99000,67257.51000,440
2026.06.13,06:10,67248.00000,67260.01000,67212.99000,67218.00000,407
2026.06.13,06:15,67224.99000,67280.00000,67192.49000,67277.51000,437
2026.06.13,06:20,67268.01000,67272.51000,67232.99000,67252.51000,409
2026.06.13,06:25,67247.51000,67272.51000,67222.99000,67237.51000,401
2026.06.13,06:30,67227.99000,67247.49000,67133.00000,67142.50000,579
2026.06.13,06:35,67133.01000,67267.49000,67102.99000,67142.50000,641
2026.06.13,06:40,67138.00000,67192.51000,67112.99000,67142.51000,526
2026.06.13,06:45,67140.01000,67140.01000,67068.00000,67107.50000,383
2026.06.13,06:50,67112.50000,67140.00000,67072.99000,67098.00000,477
2026.06.13,06:55,67088.01000,67160.01000,67068.01000,67127.99000,469
2026.06.13,07:00,67123.01000,67172.49000,67112.99000,67162.51000,159
2026.06.13,07:05,67159.99000,67187.51000,67137.99000,67162.51000,129
2026.06.13,07:10,67157.51000,67192.50000,67147.99000,67168.00000,64
2026.06.13,07:15,67177.49000,67192.99000,67162.99000,67192.99000,39
2026.06.13,07:20,67192.99000,67202.50000,67177.99000,67177.99000,32
2026.06.13,07:25,67182.51000,67183.01000,67172.99000,67182.51000,52
2026.06.13,07:30,67167.99000,67202.51000,67167.99000,67193.00000,64
2026.06.13,07:35,67202.50000,67227.50000,67193.00000,67207.99000,58
2026.06.13,07:40,67217.50000,67267.49000,67203.00000,67260.00000,87
2026.06.15,09:00,67983.01000,68562.49000,67983.01000,68473.01000,113
2026.06.15,09:05,68433.01000,68693.01000,68432.99000,68637.99000,133
2026.06.15,09:10,68643.01000,68653.00000,68283.00000,68337.99000,113
2026.06.15,09:15,68378.00000,68428.01000,68277.99000,68402.99000,104
2026.06.15,09:20,68388.00000,68567.99000,68372.99000,68508.01000,116
2026.06.15,09:25,68513.00000,68533.00000,68162.99000,68167.99000,172
2026.06.15,09:30,68168.00000,68238.01000,68088.00000,68228.01000,115
2026.06.15,09:35,68237.99000,68308.00000,68202.99000,68303.00000,28
2026.06.15,09:40,68243.01000,68318.00000,68243.01000,68283.00000,47
2026.06.15,09:45,68278.00000,68278.00000,68247.99000,68267.99000,12
2026.06.15,09:50,68283.01000,68387.99000,68223.00000,68258.01000,75
2026.06.15,09:55,68242.99000,68263.01000,68222.99000,68222.99000,45
2026.06.15,10:00,68227.99000,68283.01000,68167.99000,68263.01000,63
2026.06.15,10:05,68262.51000,68372.50000,68247.99000,68328.00000,150
2026.06.15,10:10,68328.01000,68368.01000,68307.99000,68338.00000,222
2026.06.15,10:15,68342.50000,68342.50000,68217.99000,68263.01000,83
2026.06.15,10:20,68258.01000,68262.99000,68158.01000,68222.99000,143
2026.06.15,10:25,68217.99000,68218.01000,68167.99000,68193.00000,110
2026.06.15,10:30,68193.00000,68257.51000,68167.99000,68182.99000,159
2026.06.15,10:35,68183.01000,68228.01000,68167.99000,68183.00000,112
2026.06.15,10:40,68182.99000,68242.99000,68157.99000,68242.99000,110
2026.06.15,10:45,68247.99000,68263.00000,68082.99000,68262.99000,527
2026.06.15,10:50,68273.00000,68313.00000,68183.00000,68288.00000,398
2026.06.15,10:55,68288.01000,68482.49000,68262.99000,68478.01000,506
2026.06.15,11:00,68472.99000,68603.01000,68403.00000,68527.99000,765
2026.06.15,11:05,68533.01000,68667.50000,68522.99000,68653.01000,778
2026.06.15,11:10,68653.01000,68905.01000,68653.01000,68887.99000,721
2026.06.15,11:15,68893.00000,68952.51000,68757.99000,68893.01000,1225
2026.06.15,11:20,68893.00000,68967.50000,68802.99000,68888.00000,1010
2026.06.15,11:25,68892.51000,69052.50000,68888.00000,69008.00000,762
2026.06.15,11:30,69008.01000,69162.99000,68997.99000,69127.51000,794
2026.06.15,11:35,69123.01000,69197.50000,69083.01000,69187.50000,782
2026.06.15,11:40,69173.01000,69242.50000,69157.99000,69233.01000,685
2026.06.15,11:45,69233.00000,69357.51000,69222.99000,69343.01000,705
2026.06.15,11:50,69352.51000,69407.50000,69288.00000,69357.99000,640
2026.06.15,11:55,69368.00000,69437.50000,69343.00000,69402.99000,607
2026.06.15,12:00,69417.50000,69447.49000,69333.01000,69407.99000,726
2026.06.15,12:05,69408.00000,69458.01000,69307.99000,69428.01000,699
2026.06.15,12:10,69432.51000,69567.50000,69418.00000,69557.49000,609
2026.06.15,12:15,69553.01000,69587.50000,69392.99000,69402.51000,680
2026.06.15,12:20,69402.50000,69408.00000,69293.01000,69303.01000,784
2026.06.15,12:25,69307.51000,69442.50000,69232.99000,69363.01000,753
2026.06.15,12:30,69368.00000,69415.01000,69243.01000,69248.01000,892
2026.06.15,12:35,69247.99000,69452.50000,69217.51000,69422.50000,840
2026.06.15,12:40,69427.49000,69552.51000,69393.00000,69503.01000,697
2026.06.15,12:45,69508.01000,69572.50000,69457.99000,69563.01000,664
2026.06.15,12:50,69563.00000,69690.00000,69537.99000,69658.00000,616
2026.06.15,12:55,69662.51000,69700.01000,69603.00000,69617.99000,692
2026.06.15,13:00,69622.51000,69657.49000,69547.99000,69563.01000,593
2026.06.15,13:05,69568.01000,69627.51000,69527.99000,69577.51000,673
2026.06.15,13:10,69567.99000,69635.01000,69528.01000,69557.99000,572
2026.06.15,13:15,69563.01000,69682.51000,69552.99000,69628.00000,523
2026.06.15,13:20,69638.00000,69672.50000,69588.00000,69657.99000,463
2026.06.15,13:25,69662.49000,69682.49000,69602.99000,69607.99000,497
2026.06.15,13:30,69612.50000,69662.51000,69597.99000,69602.49000,423
2026.06.15,13:35,69593.00000,69632.51000,69553.00000,69563.01000,341
2026.06.15,13:40,69563.01000,69592.49000,69542.99000,69572.99000,267
2026.06.15,13:45,69573.01000,69592.49000,69512.99000,69578.00000,247
2026.06.15,13:50,69577.99000,69637.49000,69562.99000,69622.99000,255
2026.06.15,13:55,69622.99000,69647.51000,69602.99000,69608.00000,293
2026.06.15,14:00,69613.01000,69717.51000,69597.99000,69697.50000,247
2026.06.15,14:05,69693.01000,69717.50000,69597.99000,69607.99000,224
2026.06.15,14:10,69607.99000,69622.51000,69533.00000,69597.99000,253
2026.06.15,14:15,69607.51000,69693.01000,69597.99000,69662.50000,317
2026.06.15,14:20,69667.50000,69673.00000,69607.99000,69622.51000,274
2026.06.15,14:25,69607.99000,69617.51000,69557.99000,69573.01000,274
2026.06.15,14:30,69582.51000,69607.50000,69538.00000,69578.01000,666
2026.06.15,14:35,69582.49000,69622.99000,69457.99000,69457.99000,542
2026.06.15,14:40,69458.01000,69498.00000,69358.00000,69463.01000,578
2026.06.15,14:45,69467.49000,69468.01000,69332.99000,69337.49000,558
2026.06.15,14:50,69335.00000,69378.01000,69292.99000,69353.00000,529
2026.06.15,14:55,69348.01000,69348.01000,69272.99000,69288.01000,491
2026.06.15,15:00,69282.99000,69362.51000,69192.99000,69233.00000,461
2026.06.15,15:05,69228.01000,69267.51000,69192.99000,69237.50000,483
2026.06.15,15:10,69228.00000,69297.51000,69208.00000,69288.01000,400
2026.06.15,15:15,69288.01000,69377.51000,69257.99000,69372.50000,397
2026.06.15,15:20,69377.49000,69377.49000,69308.01000,69313.00000,414
2026.06.15,15:25,69312.99000,69377.50000,69312.99000,69338.00000,415
2026.06.15,15:30,69337.99000,69343.01000,69257.99000,69308.01000,419
2026.06.15,15:35,69312.50000,69318.00000,69232.99000,69242.51000,337
2026.06.15,15:40,69238.01000,69322.50000,69173.01000,69308.01000,342
2026.06.15,15:45,69308.00000,69342.51000,69248.01000,69252.51000,344
2026.06.15,15:50,69252.49000,69252.49000,69172.99000,69207.50000,361
2026.06.15,15:55,69198.01000,69282.51000,69187.99000,69248.01000,339
2026.06.15,16:00,69247.99000,69302.51000,69222.99000,69287.51000,451
2026.06.15,16:05,69283.01000,69337.51000,69247.99000,69322.50000,440
2026.06.15,16:10,69322.51000,69337.51000,69267.99000,69283.01000,403
2026.06.15,16:15,69283.00000,69352.51000,69277.99000,69298.00000,337
2026.06.15,16:20,69293.00000,69357.51000,69287.99000,69298.00000,265
2026.06.15,16:25,69292.99000,69338.00000,69247.99000,69307.99000,421
2026.06.15,16:30,69308.00000,69333.01000,69172.99000,69188.01000,374
2026.06.15,16:35,69188.01000,69222.51000,69082.99000,69148.01000,596
2026.06.15,16:40,69147.99000,69203.01000,69122.99000,69158.01000,479
2026.06.15,16:45,69157.99000,69207.51000,69138.01000,69157.51000,428
2026.06.15,16:50,69155.01000,69247.51000,69112.99000,69247.50000,360
2026.06.15,16:55,69238.01000,69332.51000,69233.01000,69327.99000,373
2026.06.15,17:00,69328.00000,69402.51000,69317.99000,69377.49000,351
2026.06.15,17:05,69372.99000,69399.99000,69307.99000,69325.00000,302
2026.06.15,17:10,69317.99000,69352.50000,69282.99000,69334.99000,203
2026.06.15,17:15,69330.01000,69330.01000,69267.49000,69300.01000,304
2026.06.15,17:20,69297.49000,69392.49000,69288.01000,69392.49000,309
2026.06.15,17:25,69389.99000,69452.51000,69378.00000,69434.99000,419
2026.06.15,17:30,69414.99000,69487.49000,69247.50000,69252.50000,473
2026.06.15,17:35,69242.99000,69259.99000,69158.01000,69183.00000,271
2026.06.15,17:40,69185.00000,69327.51000,69167.99000,69282.50000,188
2026.06.15,17:45,69285.00000,69335.01000,69277.49000,69325.01000,87
2026.06.15,17:50,69313.01000,69352.51000,69287.99000,69292.50000,124
2026.06.15,17:55,69282.99000,69307.51000,69272.99000,69300.01000,119
2026.06.15,18:00,69302.49000,69302.49000,69197.99000,69267.50000,336
2026.06.15,18:05,69263.00000,69357.49000,69263.00000,69297.51000,185
2026.06.15,18:10,69287.99000,69295.00000,69213.01000,69273.00000,170
2026.06.15,18:15,69273.01000,69337.51000,69268.00000,69292.50000,211
2026.06.15,18:20,69283.01000,69305.01000,69253.00000,69262.51000,144
2026.06.15,18:25,69267.51000,69302.50000,69212.99000,69252.51000,194
2026.06.15,18:30,69257.49000,69269.99000,69182.99000,69269.99000,233
2026.06.15,18:35,69262.99000,69290.01000,69242.99000,69284.99000,95
2026.06.15,18:40,69280.01000,69317.51000,69264.99000,69264.99000,115
2026.06.15,18:45,69267.51000,69280.01000,69233.01000,69245.00000,104
2026.06.15,18:50,69247.49000,69315.01000,69222.51000,69300.01000,125
2026.06.15,18:55,69300.00000,69300.00000,69217.99000,69257.49000,211
2026.06.15,19:00,69252.50000,69407.50000,69187.99000,69362.99000,457
2026.06.15,19:05,69372.51000,69432.49000,69317.99000,69432.49000,360
2026.06.15,19:10,69428.00000,69502.49000,69382.99000,69492.49000,349
2026.06.15,19:15,69497.51000,69502.50000,69428.01000,69437.99000,243
2026.06.15,19:20,69442.50000,69522.50000,69438.00000,69487.49000,269
2026.06.15,19:25,69492.50000,69575.01000,69462.99000,69557.49000,215
2026.06.15,19:30,69552.49000,69552.49000,69447.51000,69465.00000,235
2026.06.15,19:35,69464.99000,69477.50000,69407.51000,69422.50000,201
2026.06.15,19:40,69420.01000,69435.01000,69322.99000,69323.00000,186
2026.06.15,19:45,69327.50000,69345.01000,69262.99000,69282.49000,299
2026.06.15,19:50,69285.00000,69324.99000,69268.01000,69320.01000,179
2026.06.15,19:55,69313.00000,69372.49000,69293.00000,69325.01000,194
2026.06.15,20:00,69327.49000,69402.51000,69327.49000,69397.51000,316
2026.06.15,20:05,69393.01000,69400.01000,69313.01000,69320.00000,187
2026.06.15,20:10,69319.99000,69342.51000,69262.49000,69287.51000,195
2026.06.15,20:15,69285.00000,69307.49000,69250.00000,69277.51000,145
2026.06.15,20:20,69274.99000,69277.50000,69177.49000,69190.00000,211
2026.06.15,20:25,69192.51000,69232.50000,69157.99000,69230.01000,154
2026.06.15,20:30,69218.00000,69234.99000,69163.00000,69172.50000,157
2026.06.15,20:35,69163.00000,69180.01000,69144.99000,69150.00000,154
2026.06.15,20:40,69149.99000,69179.99000,69143.00000,69144.99000,138
2026.06.15,20:45,69137.99000,69217.51000,69118.01000,69217.49000,162
2026.06.15,20:50,69219.99000,69257.51000,69199.99000,69199.99000,188
2026.06.15,20:55,69202.49000,69240.01000,69187.99000,69212.51000,147
2026.06.15,21:00,69208.01000,69240.00000,69192.49000,69217.49000,185
2026.06.15,21:05,69219.99000,69227.51000,69187.49000,69200.01000,170
2026.06.15,21:10,69194.99000,69202.51000,69153.01000,69192.51000,145
2026.06.15,21:15,69195.01000,69207.51000,69143.01000,69167.50000,113
2026.06.15,21:20,69157.99000,69212.51000,69128.00000,69212.51000,130
2026.06.15,21:25,69210.00000,69247.51000,69207.49000,69232.50000,162
2026.06.15,21:30,69234.99000,69237.51000,69158.00000,69187.51000,173
2026.06.15,21:35,69182.50000,69209.99000,69155.00000,69165.01000,160
2026.06.15,21:40,69170.00000,69217.49000,69170.00000,69217.49000,126
2026.06.15,21:45,69219.99000,69244.99000,69195.00000,69222.49000,172
2026.06.15,21:50,69219.99000,69225.01000,69172.49000,69220.00000,127
2026.06.15,21:55,69222.51000,69252.51000,69202.51000,69222.49000,131
2026.06.15,22:00,69230.00000,69300.01000,69227.49000,69255.00000,221
2026.06.15,22:05,69260.00000,69287.50000,69227.50000,69227.50000,110
2026.06.15,22:10,69230.00000,69295.01000,69230.00000,69259.99000,174
2026.06.15,22:15,69265.00000,69290.00000,69247.51000,69262.51000,183
2026.06.15,22:20,69265.01000,69317.50000,69262.49000,69300.01000,154
2026.06.15,22:25,69299.99000,69304.99000,69259.99000,69285.00000,137
2026.06.15,22:30,69289.99000,69322.50000,69254.99000,69260.01000,139
2026.06.15,22:35,69262.50000,69262.50000,69187.49000,69217.50000,180
2026.06.15,22:40,69220.01000,69250.01000,69162.49000,69197.51000,248
2026.06.15,22:45,69194.99000,69232.51000,69180.01000,69232.50000,223
2026.06.15,22:50,69230.00000,69295.00000,69230.00000,69290.00000,238
2026.06.15,22:55,69284.99000,69302.50000,69264.99000,69277.49000,137
2026.06.15,23:00,69280.00000,69292.51000,69208.00000,69234.99000,226
2026.06.15,23:05,69232.51000,69282.51000,69215.01000,69272.50000,137
2026.06.15,23:10,69268.01000,69287.51000,69242.99000,69254.99000,143
2026.06.15,23:15,69257.51000,69272.51000,69202.50000,69230.00000,173
2026.06.15,23:20,69235.01000,69245.00000,69172.51000,69222.49000,283
2026.06.15,23:25,69225.00000,69240.01000,69182.99000,69207.99000,159
2026.06.15,23:30,69222.51000,69272.51000,69213.01000,69232.99000,189
2026.06.15,23:35,69228.00000,69285.00000,69227.99000,69272.50000,195
2026.06.15,23:40,69275.00000,69290.01000,69247.49000,69250.01000,158
2026.06.15,23:45,69249.99000,69257.50000,69202.51000,69250.00000,212
2026.06.15,23:50,69247.50000,69285.01000,69224.99000,69285.01000,203
2026.06.15,23:55,69287.49000,69325.00000,69285.00000,69322.49000,287
2026.06.16,00:00,69325.00000,69332.50000,69260.01000,69262.51000,188
2026.06.16,00:05,69259.99000,69272.49000,69204.99000,69217.51000,207
2026.06.16,00:10,69215.01000,69257.49000,69203.00000,69232.99000,193
2026.06.16,00:15,69242.49000,69267.49000,69224.99000,69242.49000,182
2026.06.16,00:20,69242.50000,69255.00000,69205.01000,69244.99000,159
2026.06.16,00:25,69250.01000,69302.51000,69247.51000,69260.01000,276
2026.06.16,00:30,69257.49000,69364.99000,69207.49000,69217.51000,918
2026.06.16,00:35,69219.99000,69300.01000,69127.50000,69142.51000,712
2026.06.16,00:40,69140.00000,69217.51000,69109.99000,69192.49000,803
2026.06.16,00:45,69190.01000,69245.01000,69177.51000,69227.51000,671
2026.06.16,00:50,69223.01000,69279.99000,69187.51000,69190.00000,594
2026.06.16,00:55,69189.99000,69225.00000,69072.99000,69072.99000,509
2026.06.16,01:00,69085.00000,69145.01000,69057.99000,69130.01000,682
2026.06.16,01:05,69130.00000,69172.51000,69087.49000,69102.51000,614
2026.06.16,01:10,69107.51000,69125.00000,69042.49000,69112.50000,684
2026.06.16,01:15,69115.00000,69170.01000,69074.99000,69167.50000,687
2026.06.16,01:20,69165.01000,69195.01000,69122.49000,69164.99000,575
2026.06.16,01:25,69160.01000,69265.01000,69160.01000,69255.01000,441
2026.06.16,01:30,69257.51000,69305.01000,69204.99000,69215.01000,562
2026.06.16,01:35,69212.50000,69279.99000,69210.00000,69272.49000,519
2026.06.16,01:40,69275.01000,69290.01000,69245.00000,69275.01000,431
2026.06.16,01:45,69277.50000,69320.01000,69257.49000,69290.00000,380
2026.06.16,01:50,69292.51000,69327.49000,69280.01000,69302.51000,335
2026.06.16,01:55,69300.01000,69319.99000,69239.99000,69247.51000,295
2026.06.16,02:00,69249.99000,69257.51000,69195.00000,69235.01000,423
2026.06.16,02:05,69237.50000,69257.51000,69192.50000,69199.99000,306
2026.06.16,02:10,69197.49000,69200.01000,69147.49000,69157.50000,330
2026.06.16,02:15,69152.51000,69197.51000,69132.49000,69197.50000,210
2026.06.16,02:20,69195.01000,69262.50000,69195.01000,69230.01000,209
2026.06.16,02:25,69227.50000,69272.50000,69212.50000,69262.50000,164
2026.06.16,02:30,69264.99000,69337.50000,69262.50000,69275.01000,270
2026.06.16,02:35,69282.51000,69462.50000,69277.50000,69442.49000,311
2026.06.16,02:40,69440.00000,69477.49000,69425.00000,69472.51000,191
2026.06.16,02:45,69475.01000,69572.51000,69467.99000,69567.51000,194
2026.06.16,02:50,69565.01000,69592.51000,69549.99000,69572.50000,155
2026.06.16,02:55,69570.00000,69577.51000,69540.00000,69562.51000,173
2026.06.16,03:00,69565.01000,69575.00000,69525.01000,69562.49000,188
2026.06.16,03:05,69565.00000,69589.99000,69542.49000,69582.50000,162
2026.06.16,03:10,69585.01000,69620.01000,69565.01000,69620.01000,155
2026.06.16,03:15,69617.50000,69617.51000,69572.50000,69604.99000,191
2026.06.16,03:20,69602.49000,69612.49000,69582.50000,69605.01000,191
2026.06.16,03:25,69607.50000,69624.99000,69597.49000,69610.01000,146
2026.06.16,03:30,69612.49000,69640.01000,69589.99000,69600.00000,162
2026.06.16,03:35,69597.51000,69630.01000,69592.49000,69607.50000,219
2026.06.16,03:40,69610.01000,69652.51000,69597.50000,69639.99000,195
2026.06.16,03:45,69635.01000,69645.00000,69595.00000,69612.49000,178
2026.06.16,03:50,69614.99000,69627.50000,69587.50000,69604.99000,175
2026.06.16,03:55,69607.50000,69647.51000,69607.50000,69640.00000,161
2026.06.16,04:00,69637.51000,69672.51000,69599.99000,69649.99000,254
2026.06.16,04:05,69647.49000,69675.01000,69590.00000,69620.00000,260
2026.06.16,04:10,69617.51000,69652.50000,69609.99000,69622.49000,204
2026.06.16,04:15,69620.00000,69657.51000,69607.50000,69620.01000,163
2026.06.16,04:20,69617.51000,69662.49000,69595.01000,69657.51000,170
2026.06.16,04:25,69655.01000,69682.51000,69639.99000,69669.99000,131
2026.06.16,04:30,69672.49000,69680.01000,69629.99000,69635.00000,152
2026.06.16,04:35,69637.49000,69680.00000,69637.49000,69677.50000,147
2026.06.16,04:40,69675.01000,69680.01000,69642.49000,69650.00000,104
2026.06.16,04:45,69647.51000,69660.00000,69627.99000,69652.49000,120
2026.06.16,04:50,69650.00000,69677.50000,69613.01000,69645.01000,137
2026.06.16,04:55,69647.50000,69660.00000,69640.00000,69657.51000,108
2026.06.16,05:00,69660.00000,69670.00000,69597.51000,69597.51000,229
2026.06.16,05:05,69595.00000,69645.01000,69594.99000,69637.50000,243
2026.06.16,05:10,69640.01000,69697.50000,69635.01000,69692.49000,182
2026.06.16,05:15,69695.00000,69782.50000,69689.99000,69755.00000,185
2026.06.16,05:20,69752.49000,69757.51000,69730.01000,69742.51000,130
2026.06.16,05:25,69745.01000,69745.01000,69672.49000,69677.51000,141
2026.06.16,05:30,69680.00000,69712.50000,69650.00000,69704.99000,200
2026.06.16,05:35,69705.00000,69740.01000,69702.50000,69737.49000,130
2026.06.16,05:40,69735.00000,69750.00000,69720.01000,69734.99000,161
2026.06.16,05:45,69737.49000,69772.51000,69735.00000,69745.00000,155
2026.06.16,05:50,69742.51000,69745.00000,69725.00000,69725.01000,116
2026.06.16,05:55,69722.51000,69757.51000,69710.00000,69717.49000,116
2026.06.16,06:00,69715.01000,69735.00000,69669.99000,69680.00000,168
2026.06.16,06:05,69682.50000,69697.50000,69645.00000,69662.50000,214
2026.06.16,06:10,69659.99000,69690.00000,69655.00000,69685.00000,141
2026.06.16,06:15,69687.49000,69717.49000,69677.49000,69692.51000,132
2026.06.16,06:20,69695.01000,69695.01000,69647.51000,69647.51000,138
2026.06.16,06:25,69650.00000,69650.01000,69612.51000,69615.00000,159
2026.06.16,06:30,69612.50000,69665.00000,69599.99000,69645.00000,246
2026.06.16,06:35,69647.50000,69687.49000,69637.51000,69680.00000,182
2026.06.16,06:40,69675.00000,69715.00000,69672.50000,69702.50000,169
2026.06.16,06:45,69700.00000,69710.00000,69667.49000,69695.01000,217
2026.06.16,06:50,69692.51000,69702.51000,69652.50000,69687.51000,270
2026.06.16,06:55,69687.50000,69702.49000,69642.51000,69700.01000,298
2026.06.16,07:00,69688.00000,69702.51000,69648.01000,69657.51000,180
2026.06.16,07:05,69652.51000,69672.51000,69632.99000,69657.50000,113
2026.06.16,07:10,69648.00000,69657.51000,69623.01000,69627.51000,87
2026.06.16,07:15,69627.50000,69627.51000,69597.99000,69607.99000,103
2026.06.16,07:20,69617.51000,69625.01000,69598.00000,69602.49000,51
2026.06.16,07:25,69602.51000,69627.51000,69602.51000,69617.49000,35
2026.06.16,07:30,69617.99000,69642.49000,69617.99000,69632.99000,44
2026.06.16,07:35,69628.01000,69647.51000,69628.01000,69647.49000,72
2026.06.16,07:40,69652.51000,69652.51000,69627.99000,69627.99000,49
2026.06.16,07:45,69632.50000,69652.51000,69627.99000,69652.50000,68
2026.06.16,07:50,69647.51000,69672.50000,69637.99000,69672.49000,64
2026.06.16,07:55,69662.99000,69682.49000,69637.99000,69652.51000,110
2026.06.16,09:05,69642.99000,69658.01000,69627.99000,69643.00000,35
2026.06.16,09:10,69642.99000,69643.00000,69453.00000,69462.99000,76
2026.06.16,09:15,69463.01000,69483.01000,69447.51000,69467.51000,29
2026.06.16,09:20,69462.99000,69483.00000,69342.99000,69413.00000,73
2026.06.16,09:25,69408.01000,69408.01000,69293.00000,69338.00000,55
2026.06.16,09:30,69343.00000,69357.99000,69313.00000,69347.99000,39
2026.06.16,09:35,69353.01000,69377.99000,69347.99000,69372.99000,50
2026.06.16,09:40,69373.01000,69373.01000,69367.99000,69372.99000,15
2026.06.16,09:45,69373.00000,69393.01000,69362.99000,69368.01000,25
2026.06.16,09:50,69372.99000,69423.01000,69363.01000,69413.00000,79
2026.06.16,09:55,69413.00000,69438.01000,69383.01000,69383.01000,20
2026.06.16,10:00,69382.99000,69407.99000,69363.01000,69403.01000,20
2026.06.16,10:05,69413.01000,69453.00000,69408.01000,69453.00000,23
2026.06.16,10:10,69447.99000,69458.01000,69397.99000,69403.01000,25
2026.06.16,10:15,69403.00000,69422.99000,69387.99000,69418.00000,19
2026.06.16,10:20,69423.01000,69465.01000,69413.00000,69443.00000,56
2026.06.16,10:25,69448.00000,69503.00000,69442.99000,69487.99000,56
2026.06.16,10:30,69487.50000,69503.00000,69372.99000,69373.01000,84
2026.06.16,10:35,69377.99000,69463.01000,69377.99000,69428.01000,68
2026.06.16,10:40,69423.00000,69423.00000,69388.00000,69407.99000,75
2026.06.16,10:45,69413.01000,69567.50000,69403.01000,69492.99000,284
2026.06.16,10:50,69498.01000,69643.01000,69457.99000,69598.01000,197
2026.06.16,10:55,69603.00000,69627.99000,69422.99000,69442.99000,197
2026.06.16,11:00,69443.00000,69538.01000,69168.00000,69197.99000,733
2026.06.16,11:05,69207.99000,69293.01000,69132.99000,69238.00000,631
2026.06.16,11:10,69243.00000,69483.01000,69232.99000,69463.01000,573
2026.06.16,11:15,69453.00000,69592.49000,69377.99000,69582.99000,824
2026.06.16,11:20,69588.00000,69627.50000,69412.99000,69557.99000,757
2026.06.16,11:25,69558.00000,69582.51000,69372.99000,69422.99000,634
2026.06.16,11:30,69427.99000,69542.49000,69302.99000,69418.00000,765
2026.06.16,11:35,69398.00000,69407.50000,69268.00000,69368.01000,756
2026.06.16,11:40,69363.01000,69532.50000,69322.99000,69332.99000,697
2026.06.16,11:45,69333.01000,69438.01000,69277.99000,69313.00000,756
2026.06.16,11:50,69307.99000,69375.00000,69188.00000,69277.50000,698
2026.06.16,11:55,69273.01000,69353.01000,69232.99000,69243.00000,600
2026.06.16,12:00,69233.01000,69338.00000,69202.99000,69337.99000,648
2026.06.16,12:05,69327.99000,69343.01000,69207.99000,69233.01000,653
2026.06.16,12:10,69232.99000,69338.01000,69202.99000,69273.00000,658
2026.06.16,12:15,69278.01000,69372.49000,69178.01000,69208.01000,551
2026.06.16,12:20,69202.99000,69305.00000,69152.99000,69153.00000,559
2026.06.16,12:25,69148.01000,69282.99000,69142.99000,69193.00000,518
2026.06.16,12:30,69197.99000,69302.50000,69172.99000,69248.01000,642
2026.06.16,12:35,69233.00000,69322.49000,69173.00000,69308.00000,532
2026.06.16,12:40,69308.01000,69312.51000,69188.01000,69233.00000,441
2026.06.16,12:45,69227.99000,69278.01000,69187.99000,69243.01000,343
2026.06.16,12:50,69247.99000,69288.01000,69168.00000,69197.99000,381
2026.06.16,12:55,69202.49000,69237.50000,69153.00000,69232.51000,238
2026.06.16,13:00,69222.99000,69262.50000,69118.00000,69187.49000,527
2026.06.16,13:05,69183.01000,69292.99000,69157.99000,69253.00000,359
2026.06.16,13:10,69247.99000,69277.99000,69143.00000,69193.01000,372
2026.06.16,13:15,69187.99000,69328.01000,69182.99000,69232.99000,331
2026.06.16,13:20,69227.99000,69258.01000,69172.99000,69223.00000,285
2026.06.16,13:25,69228.00000,69283.01000,69187.99000,69268.01000,274
2026.06.16,13:30,69263.01000,69333.00000,69252.99000,69278.01000,185
2026.06.16,13:35,69278.01000,69333.00000,69263.01000,69303.01000,140
2026.06.16,13:40,69307.99000,69307.99000,69253.01000,69268.01000,102
2026.06.16,13:45,69263.00000,69278.01000,69227.99000,69242.99000,118
2026.06.16,13:50,69237.99000,69268.00000,69207.99000,69207.99000,132
2026.06.16,13:55,69217.51000,69257.49000,69198.00000,69233.00000,127
2026.06.16,14:00,69238.00000,69257.51000,69198.00000,69217.49000,142
2026.06.16,14:05,69220.01000,69268.00000,69212.99000,69232.99000,143
2026.06.16,14:10,69228.00000,69248.00000,69188.01000,69202.51000,90
2026.06.16,14:15,69207.49000,69338.00000,69162.99000,69323.00000,206
2026.06.16,14:20,69318.01000,69427.99000,69282.99000,69408.00000,300
2026.06.16,14:25,69408.01000,69473.00000,69402.99000,69463.01000,260
2026.06.16,14:30,69457.99000,69722.99000,69447.99000,69698.01000,563
2026.06.16,14:35,69693.00000,69907.99000,69682.99000,69907.99000,431
2026.06.16,14:40,69908.00000,70022.99000,69842.99000,70008.01000,523
2026.06.16,14:45,70017.50000,70032.51000,69832.99000,69833.00000,543
2026.06.16,14:50,69833.00000,69863.00000,69598.00000,69667.99000,583
2026.06.16,14:55,69668.00000,69778.01000,69573.00000,69693.00000,655
2026.06.16,15:00,69687.99000,69817.49000,69682.99000,69753.01000,491
2026.06.16,15:05,69753.00000,69793.01000,69702.99000,69752.99000,585
2026.06.16,15:10,69758.01000,69827.50000,69718.00000,69718.00000,441
2026.06.16,15:15,69722.99000,69782.49000,69603.00000,69617.99000,475
2026.06.16,15:20,69623.00000,69767.50000,69607.99000,69723.01000,444
2026.06.16,15:25,69727.51000,69757.51000,69657.99000,69727.50000,342
2026.06.16,15:30,69718.00000,69778.01000,69703.00000,69738.00000,310
2026.06.16,15:35,69733.00000,69747.99000,69677.99000,69733.00000,281
2026.06.16,15:40,69742.51000,69802.50000,69727.99000,69768.01000,317
2026.06.16,15:45,69767.99000,69772.50000,69612.99000,69613.00000,335
2026.06.16,15:50,69607.99000,69655.00000,69527.99000,69533.01000,505
2026.06.16,15:55,69533.01000,69557.51000,69487.99000,69512.51000,491
2026.06.16,16:00,69508.01000,69677.51000,69508.01000,69623.01000,583
2026.06.16,16:05,69632.50000,69737.49000,69562.99000,69677.99000,438
2026.06.16,16:10,69682.50000,69762.49000,69672.99000,69728.01000,329
2026.06.16,16:15,69732.50000,69735.01000,69678.00000,69718.00000,322
2026.06.16,16:20,69722.51000,69722.51000,69657.99000,69693.01000,302
2026.06.16,16:25,69702.50000,69722.49000,69607.99000,69627.51000,327
2026.06.16,16:30,69613.01000,69642.49000,69512.99000,69517.49000,365
2026.06.16,16:35,69517.50000,69557.49000,69472.99000,69503.00000,426
2026.06.16,16:40,69497.99000,69503.00000,69393.01000,69438.00000,379
2026.06.16,16:45,69432.99000,69542.51000,69432.99000,69488.00000,420
2026.06.16,16:50,69488.00000,69522.49000,69387.99000,69413.00000,366
2026.06.16,16:55,69408.00000,69457.50000,69327.99000,69378.00000,437
2026.06.16,17:00,69372.99000,69418.00000,69332.99000,69407.99000,452
2026.06.16,17:05,69402.99000,69492.49000,69392.99000,69427.50000,356
2026.06.16,17:10,69432.50000,69497.49000,69413.00000,69483.01000,195
2026.06.16,17:15,69492.51000,69512.49000,69427.99000,69452.50000,204
2026.06.16,17:20,69443.01000,69457.51000,69343.00000,69395.01000,292
2026.06.16,17:25,69392.49000,69492.51000,69367.99000,69408.00000,381
2026.06.16,17:30,69412.50000,69507.49000,69338.01000,69407.51000,389
2026.06.16,17:35,69404.99000,69467.49000,69318.01000,69347.51000,271
2026.06.16,17:40,69352.50000,69439.99000,69253.00000,69273.00000,193
2026.06.16,17:45,69268.00000,69357.51000,69257.99000,69348.01000,108
2026.06.16,17:50,69357.49000,69412.50000,69347.99000,69374.99000,75
2026.06.16,17:55,69378.00000,69417.51000,69373.00000,69417.51000,76
2026.06.16,18:00,69420.00000,69462.51000,69420.00000,69452.51000,150
2026.06.16,18:05,69447.99000,69527.51000,69442.99000,69522.49000,107
2026.06.16,18:10,69525.00000,69557.51000,69508.00000,69537.49000,102
2026.06.16,18:15,69540.01000,69582.50000,69502.99000,69547.49000,124
2026.06.16,18:20,69542.50000,69547.49000,69502.99000,69525.01000,110
2026.06.16,18:25,69530.00000,69597.49000,69530.00000,69575.00000,93
2026.06.16,18:30,69570.00000,69617.49000,69552.99000,69562.49000,139
2026.06.16,18:35,69558.00000,69637.49000,69552.99000,69632.50000,147
2026.06.16,18:40,69628.00000,69662.51000,69574.99000,69582.51000,135
2026.06.16,18:45,69584.99000,69637.50000,69584.99000,69630.01000,116
2026.06.16,18:50,69627.49000,69717.50000,69627.49000,69700.00000,134
2026.06.16,18:55,69702.50000,69717.49000,69667.51000,69677.50000,170
2026.06.16,19:00,69685.00000,69692.49000,69597.49000,69647.49000,355
2026.06.16,19:05,69645.00000,69735.01000,69628.01000,69700.00000,252
2026.06.16,19:10,69707.50000,69712.50000,69648.00000,69672.51000,198
2026.06.16,19:15,69662.99000,69692.51000,69628.01000,69670.01000,205
2026.06.16,19:20,69675.00000,69682.51000,69644.99000,69657.49000,141
2026.06.16,19:25,69662.49000,69710.01000,69643.00000,69692.51000,153
2026.06.16,19:30,69683.01000,69695.01000,69553.00000,69572.49000,195
2026.06.16,19:35,69575.00000,69590.01000,69527.99000,69542.99000,183
2026.06.16,19:40,69552.51000,69609.99000,69552.49000,69595.00000,113
2026.06.16,19:45,69590.01000,69607.50000,69567.51000,69600.01000,98
2026.06.16,19:50,69604.99000,69722.49000,69604.99000,69715.00000,198
2026.06.16,19:55,69712.51000,69760.01000,69693.00000,69705.00000,186
2026.06.16,20:00,69707.49000,69767.51000,69699.99000,69722.51000,196
2026.06.16,20:05,69725.01000,69732.51000,69675.00000,69687.50000,156
2026.06.16,20:10,69685.01000,69700.00000,69647.50000,69647.50000,134
2026.06.16,20:15,69645.01000,69655.00000,69562.49000,69564.99000,193
2026.06.16,20:20,69565.01000,69622.51000,69557.50000,69612.50000,160
2026.06.16,20:25,69610.01000,69625.01000,69552.51000,69569.99000,146
2026.06.16,20:30,69570.01000,69610.01000,69562.51000,69569.99000,132
2026.06.16,20:35,69570.00000,69575.01000,69504.99000,69529.99000,118
2026.06.16,20:40,69530.00000,69532.50000,69480.01000,69498.01000,144
2026.06.16,20:45,69505.01000,69512.51000,69462.50000,69480.00000,112
2026.06.16,20:50,69485.00000,69522.49000,69482.99000,69522.49000,80
2026.06.16,20:55,69513.00000,69513.00000,69457.99000,69490.00000,85
2026.06.16,21:00,69492.51000,69532.51000,69488.01000,69517.99000,98
2026.06.16,21:05,69522.49000,69580.00000,69513.00000,69580.00000,76
2026.06.16,21:10,69577.50000,69590.01000,69557.49000,69585.00000,68
2026.06.16,21:15,69577.51000,69605.00000,69572.49000,69579.99000,61
2026.06.16,21:20,69582.51000,69627.51000,69582.51000,69620.00000,93
2026.06.16,21:25,69622.51000,69635.01000,69597.51000,69617.51000,68
2026.06.16,21:30,69620.00000,69652.49000,69610.00000,69627.50000,99
2026.06.16,21:35,69624.99000,69672.50000,69613.00000,69670.01000,104
2026.06.16,21:40,69670.00000,69690.00000,69667.51000,69680.00000,74
2026.06.16,21:45,69679.99000,69679.99000,69627.51000,69647.49000,104
2026.06.16,21:50,69638.01000,69722.51000,69638.01000,69702.51000,127
2026.06.16,21:55,69705.01000,69712.49000,69679.99000,69697.50000,63
2026.06.16,22:00,69694.99000,69755.01000,69690.01000,69742.50000,207
2026.06.16,22:05,69745.01000,69755.01000,69684.99000,69690.01000,159
2026.06.16,22:10,69692.49000,69692.49000,69624.99000,69627.49000,135
2026.06.16,22:15,69630.00000,69672.50000,69622.50000,69660.01000,128
2026.06.16,22:20,69662.49000,69672.51000,69627.49000,69652.51000,123
2026.06.16,22:25,69655.00000,69692.50000,69610.00000,69692.50000,132
2026.06.16,22:30,69694.99000,69705.01000,69672.49000,69682.50000,113
2026.06.16,22:35,69680.00000,69697.50000,69644.99000,69654.99000,157
2026.06.16,22:40,69652.50000,69677.50000,69639.99000,69672.51000,171
2026.06.16,22:45,69674.99000,69747.51000,69664.99000,69732.49000,146
2026.06.16,22:50,69730.01000,69784.99000,69722.50000,69732.49000,147
2026.06.16,22:55,69730.01000,69770.01000,69729.99000,69745.01000,119
2026.06.16,23:00,69740.00000,69802.50000,69739.99000,69779.99000,200
2026.06.16,23:05,69782.51000,69830.01000,69777.50000,69812.51000,145
2026.06.16,23:10,69809.99000,69812.51000,69764.99000,69777.51000,111
2026.06.16,23:15,69777.50000,69777.51000,69710.01000,69732.49000,195
2026.06.16,23:20,69735.01000,69735.01000,69647.49000,69652.51000,342
2026.06.16,23:25,69649.99000,69702.51000,69649.99000,69697.99000,267
2026.06.16,23:30,69692.99000,69717.51000,69663.00000,69707.99000,166
2026.06.16,23:35,69708.01000,69732.50000,69687.99000,69720.01000,261
2026.06.16,23:40,69715.01000,69730.01000,69648.01000,69672.49000,308
2026.06.16,23:45,69670.01000,69697.50000,69642.99000,69658.00000,193
2026.06.16,23:50,69662.51000,69722.51000,69659.99000,69675.00000,124
2026.06.16,23:55,69674.99000,69707.50000,69662.51000,69662.51000,83
2026.06.17,00:00,69664.99000,69675.01000,69632.50000,69650.01000,201
2026.06.17,00:05,69650.00000,69657.51000,69570.01000,69572.50000,196
2026.06.17,00:10,69575.01000,69627.49000,69567.49000,69620.01000,227
2026.06.17,00:15,69622.50000,69640.01000,69599.99000,69637.50000,143
2026.06.17,00:20,69639.99000,69670.01000,69637.49000,69665.00000,108
2026.06.17,00:25,69664.99000,69664.99000,69582.49000,69592.51000,199
2026.06.17,00:30,69590.01000,69677.50000,69584.99000,69677.50000,609
2026.06.17,00:35,69680.01000,69855.00000,69680.01000,69795.00000,535
2026.06.17,00:40,69797.49000,69867.49000,69770.00000,69785.01000,476
2026.06.17,00:45,69787.51000,69895.01000,69780.00000,69862.49000,524
2026.06.17,00:50,69857.51000,69965.01000,69857.49000,69942.49000,340
2026.06.17,00:55,69944.99000,69955.00000,69807.50000,69822.50000,496
2026.06.17,01:00,69829.99000,69925.01000,69819.99000,69912.50000,529
2026.06.17,01:05,69915.00000,70002.51000,69867.49000,69975.00000,381
2026.06.17,01:10,69974.99000,69990.01000,69893.00000,69913.01000,482
2026.06.17,01:15,69908.00000,69932.51000,69713.00000,69727.49000,540
2026.06.17,01:20,69732.49000,69772.51000,69607.99000,69672.49000,686
2026.06.17,01:25,69672.51000,69737.49000,69573.00000,69573.00000,655
2026.06.17,01:30,69577.50000,69587.50000,69454.99000,69514.99000,751
2026.06.17,01:35,69517.51000,69612.51000,69515.00000,69577.51000,735
2026.06.17,01:40,69568.00000,69637.51000,69553.00000,69582.99000,568
2026.06.17,01:45,69587.50000,69592.51000,69507.99000,69527.49000,545
2026.06.17,01:50,69522.99000,69587.50000,69522.50000,69548.00000,602
2026.06.17,01:55,69557.49000,69562.50000,69410.01000,69460.01000,473
2026.06.17,02:00,69462.50000,69527.51000,69440.00000,69513.00000,598
2026.06.17,02:05,69512.99000,69577.51000,69482.99000,69552.99000,580
2026.06.17,02:10,69548.00000,69609.99000,69542.99000,69543.00000,454
2026.06.17,02:15,69543.00000,69612.51000,69502.99000,69503.01000,418
2026.06.17,02:20,69512.50000,69552.51000,69393.00000,69430.01000,596
2026.06.17,02:25,69427.50000,69450.00000,69332.49000,69404.99000,486
2026.06.17,02:30,69407.51000,69442.51000,69369.99000,69407.49000,669
2026.06.17,02:35,69404.99000,69447.50000,69258.00000,69300.00000,537
2026.06.17,02:40,69302.51000,69312.51000,69224.99000,69277.50000,385
2026.06.17,02:45,69279.99000,69297.49000,69169.99000,69247.51000,697
2026.06.17,02:50,69244.99000,69397.50000,69217.51000,69387.50000,705
2026.06.17,02:55,69390.00000,69435.01000,69319.99000,69332.51000,577
2026.06.17,03:00,69337.49000,69455.01000,69334.99000,69419.99000,454
2026.06.17,03:05,69422.49000,69475.01000,69417.49000,69462.49000,470
2026.06.17,03:10,69457.50000,69490.01000,69430.00000,69452.51000,348
2026.06.17,03:15,69455.01000,69482.51000,69419.99000,69482.50000,445
2026.06.17,03:20,69484.99000,69507.50000,69452.49000,69469.99000,376
2026.06.17,03:25,69467.51000,69470.01000,69435.00000,69457.50000,308
2026.06.17,03:30,69452.99000,69460.00000,69359.99000,69362.50000,507
2026.06.17,03:35,69362.51000,69400.01000,69324.99000,69352.49000,482
2026.06.17,03:40,69355.01000,69400.00000,69327.50000,69365.01000,466
2026.06.17,03:45,69365.00000,69402.49000,69329.99000,69349.99000,393
2026.06.17,03:50,69352.49000,69390.00000,69332.49000,69340.00000,420
2026.06.17,03:55,69345.00000,69372.50000,69313.01000,69370.01000,365
2026.06.17,04:00,69372.50000,69372.50000,69288.00000,69340.01000,321
2026.06.17,04:05,69333.01000,69342.49000,69304.99000,69312.51000,176
2026.06.17,04:10,69310.01000,69357.51000,69294.99000,69310.01000,250
2026.06.17,04:15,69310.00000,69335.01000,69254.99000,69269.99000,281
2026.06.17,04:20,69270.01000,69292.51000,69227.49000,69290.00000,375
2026.06.17,04:25,69292.49000,69312.51000,69252.51000,69275.01000,348
2026.06.17,04:30,69272.49000,69302.49000,69254.99000,69274.99000,309
2026.06.17,04:35,69280.00000,69285.01000,69212.51000,69232.50000,408
2026.06.17,04:40,69230.00000,69322.50000,69215.00000,69307.51000,257
2026.06.17,04:45,69309.99000,69347.49000,69292.51000,69345.00000,232
2026.06.17,04:50,69342.50000,69402.51000,69322.49000,69402.51000,126
2026.06.17,04:55,69400.01000,69417.51000,69377.50000,69387.50000,143
2026.06.17,05:00,69389.99000,69422.51000,69378.00000,69419.99000,230
2026.06.17,05:05,69417.50000,69420.01000,69387.49000,69392.49000,177
2026.06.17,05:10,69390.01000,69410.00000,69357.50000,69359.99000,176
2026.06.17,05:15,69357.49000,69360.01000,69319.99000,69330.00000,196
2026.06.17,05:20,69329.99000,69352.50000,69319.99000,69335.00000,131
2026.06.17,05:25,69332.51000,69382.51000,69332.49000,69367.50000,158
2026.06.17,05:30,69370.00000,69370.00000,69319.99000,69327.49000,260
2026.06.17,05:35,69322.49000,69345.00000,69302.49000,69319.99000,300
2026.06.17,05:40,69322.50000,69342.51000,69309.99000,69337.51000,111
2026.06.17,05:45,69340.00000,69345.00000,69277.50000,69282.51000,135
2026.06.17,05:50,69284.99000,69302.50000,69269.99000,69279.99000,181
2026.06.17,05:55,69274.99000,69287.50000,69244.99000,69270.00000,217
2026.06.17,06:00,69265.00000,69317.51000,69235.01000,69302.49000,253
2026.06.17,06:05,69305.01000,69307.51000,69224.99000,69224.99000,275
2026.06.17,06:10,69225.01000,69242.49000,69147.99000,69180.00000,361
2026.06.17,06:15,69180.01000,69192.51000,69102.49000,69192.51000,440
2026.06.17,06:20,69190.00000,69242.50000,69184.99000,69237.49000,430
2026.06.17,06:25,69235.01000,69257.50000,69209.99000,69249.99000,324
2026.06.17,06:30,69252.50000,69287.51000,69217.49000,69217.49000,418
2026.06.17,06:35,69222.49000,69240.00000,69132.49000,69140.00000,435
2026.06.17,06:40,69135.01000,69212.51000,69130.00000,69204.99000,405
2026.06.17,06:45,69202.50000,69222.50000,69167.51000,69192.50000,331
2026.06.17,06:50,69197.49000,69247.49000,69119.99000,69175.01000,315
2026.06.17,06:55,69157.51000,69160.00000,69068.00000,69097.50000,434
2026.06.17,07:00,69087.99000,69097.99000,69032.99000,69072.99000,193
2026.06.17,07:05,69082.49000,69082.51000,69042.99000,69057.51000,114
2026.06.17,07:10,69053.00000,69087.50000,69038.01000,69078.00000,66
2026.06.17,07:15,69078.01000,69078.01000,69033.01000,69055.01000,75
2026.06.17,07:20,69053.01000,69082.49000,69053.01000,69057.99000,24
2026.06.17,07:25,69058.00000,69082.50000,69057.99000,69062.99000,34
2026.06.17,07:30,69067.50000,69067.51000,69032.99000,69042.51000,45
2026.06.17,07:35,69042.50000,69052.51000,69022.99000,69052.51000,19
2026.06.17,07:40,69052.49000,69062.51000,69048.00000,69062.50000,27
2026.06.17,07:45,69067.51000,69082.50000,69043.00000,69047.51000,43
2026.06.17,07:50,69045.00000,69047.50000,69022.99000,69023.01000,42
2026.06.17,07:55,69027.50000,69030.00000,69002.99000,69027.49000,50
2026.06.17,09:00,69048.01000,69143.00000,69048.01000,69058.00000,85
2026.06.17,09:05,69053.00000,69103.01000,69053.00000,69103.01000,26
2026.06.17,09:10,69103.00000,69117.50000,69098.01000,69098.01000,17
2026.06.17,09:15,69098.00000,69103.00000,69088.01000,69092.99000,20
2026.06.17,09:20,69088.01000,69088.01000,69052.99000,69073.01000,22
2026.06.17,09:25,69063.00000,69093.01000,69062.99000,69082.99000,28
2026.06.17,09:30,69083.00000,69137.99000,69082.99000,69128.00000,24
2026.06.17,09:35,69133.00000,69133.00000,69103.01000,69108.00000,18
2026.06.17,09:40,69107.99000,69113.01000,69077.99000,69093.01000,25
2026.06.17,09:45,69092.99000,69103.01000,69052.99000,69078.01000,29
2026.06.17,09:50,69077.99000,69098.01000,69073.01000,69093.00000,19
2026.06.17,09:55,69083.01000,69083.01000,69058.01000,69068.01000,20
2026.06.17,10:00,69067.99000,69067.99000,69002.99000,69002.99000,25
2026.06.17,10:05,69003.01000,69042.99000,69002.99000,69013.00000,36
2026.06.17,10:10,69003.00000,69003.01000,68913.01000,68958.00000,48
2026.06.17,10:15,68968.00000,68972.51000,68933.00000,68958.00000,17
2026.06.17,10:20,68957.99000,68963.01000,68912.99000,68952.99000,40
2026.06.17,10:25,68953.01000,69037.50000,68953.01000,69027.51000,38
2026.06.17,10:30,69023.01000,69039.99000,68983.01000,69003.00000,66
2026.06.17,10:35,69013.00000,69037.50000,68952.99000,68962.99000,62
2026.06.17,10:40,68963.01000,68985.00000,68948.00000,68957.99000,70
2026.06.17,10:45,68963.00000,69087.51000,68888.00000,68983.01000,297
2026.06.17,10:50,68977.99000,68993.01000,68907.99000,68987.99000,161
2026.06.17,10:55,68983.01000,68983.01000,68782.99000,68802.99000,196
2026.06.17,11:00,68798.00000,69338.01000,68798.00000,69273.00000,545
2026.06.17,11:05,69288.00000,69360.01000,69128.00000,69302.99000,643
2026.06.17,11:10,69302.99000,69383.00000,69277.99000,69338.01000,434
2026.06.17,11:15,69353.01000,69678.01000,69333.01000,69527.99000,711
2026.06.17,11:20,69522.99000,69532.51000,69273.00000,69363.00000,798
2026.06.17,11:25,69352.99000,69453.00000,69317.99000,69418.01000,747
2026.06.17,11:30,69418.01000,69532.99000,69327.99000,69498.00000,688
2026.06.17,11:35,69502.99000,69632.99000,69448.00000,69522.99000,560
2026.06.17,11:40,69528.01000,69587.51000,69423.01000,69437.99000,574
2026.06.17,11:45,69438.00000,69603.01000,69322.99000,69588.00000,589
2026.06.17,11:50,69588.01000,69607.50000,69463.00000,69577.99000,460
2026.06.17,11:55,69583.01000,69678.00000,69562.99000,69617.99000,294
2026.06.17,12:00,69623.00000,69677.51000,69493.01000,69662.99000,543
2026.06.17,12:05,69653.00000,69748.00000,69622.99000,69748.00000,407
2026.06.17,12:10,69743.01000,69767.51000,69702.99000,69747.99000,270
2026.06.17,12:15,69748.00000,69772.51000,69632.99000,69772.51000,334
2026.06.17,12:20,69753.00000,69768.01000,69692.99000,69722.99000,263
2026.06.17,12:25,69723.00000,69818.01000,69683.00000,69802.99000,223
2026.06.17,12:30,69808.00000,69873.00000,69747.99000,69863.01000,304
2026.06.17,12:35,69862.99000,69907.51000,69837.99000,69873.01000,257
2026.06.17,12:40,69868.01000,69933.00000,69822.99000,69843.01000,240
2026.06.17,12:45,69852.49000,69917.51000,69842.99000,69877.99000,245
2026.06.17,12:50,69887.49000,69957.51000,69872.99000,69902.99000,110
2026.06.17,12:55,69903.00000,69917.49000,69857.99000,69893.01000,199
2026.06.17,13:00,69887.99000,69892.50000,69772.99000,69787.99000,239
2026.06.17,13:05,69792.99000,69883.01000,69777.99000,69872.99000,230
2026.06.17,13:10,69882.99000,69917.51000,69868.00000,69903.00000,145
2026.06.17,13:15,69908.00000,69908.00000,69832.99000,69888.01000,206
2026.06.17,13:20,69883.01000,69938.01000,69862.99000,69903.01000,141
2026.06.17,13:25,69898.01000,69958.01000,69882.99000,69948.00000,128
2026.06.17,13:30,69943.01000,69962.51000,69892.99000,69892.99000,203
2026.06.17,13:35,69898.01000,69908.01000,69857.99000,69862.99000,81
2026.06.17,13:40,69863.01000,69912.50000,69863.01000,69893.00000,95
2026.06.17,13:45,69893.01000,69902.50000,69862.99000,69878.01000,122
2026.06.17,13:50,69873.01000,69887.51000,69832.99000,69843.01000,95
2026.06.17,13:55,69848.00000,69895.01000,69837.99000,69883.00000,76
2026.06.17,14:00,69892.50000,69902.50000,69852.99000,69863.01000,108
2026.06.17,14:05,69867.51000,69917.51000,69853.01000,69888.01000,96
2026.06.17,14:10,69897.49000,69912.51000,69843.00000,69843.01000,101
2026.06.17,14:15,69848.01000,69872.51000,69822.49000,69858.00000,137
2026.06.17,14:20,69867.51000,69867.51000,69797.99000,69823.01000,78
2026.06.17,14:25,69822.99000,69858.01000,69798.01000,69857.99000,91
2026.06.17,14:30,69857.99000,69938.01000,69757.99000,69927.99000,331
2026.06.17,14:35,69932.99000,69978.00000,69867.99000,69915.00000,289
2026.06.17,14:40,69903.00000,70028.01000,69872.99000,69982.99000,315
2026.06.17,14:45,69987.49000,70087.49000,69952.99000,70043.01000,208
2026.06.17,14:50,70043.00000,70077.49000,69987.99000,70072.99000,225
2026.06.17,14:55,70077.51000,70174.99000,70058.00000,70167.51000,224
2026.06.17,15:00,70158.01000,70174.99000,70102.99000,70103.01000,293
2026.06.17,15:05,70103.01000,70172.51000,70088.00000,70142.51000,220
2026.06.17,15:10,70133.01000,70147.51000,70048.00000,70053.01000,253
2026.06.17,15:15,70058.01000,70087.51000,70028.00000,70048.01000,186
2026.06.17,15:20,70042.99000,70048.00000,69927.99000,69943.01000,269
2026.06.17,15:25,69942.99000,70032.50000,69942.99000,69962.50000,232
2026.06.17,15:30,69953.00000,69967.50000,69787.99000,69808.00000,255
2026.06.17,15:35,69803.00000,69842.51000,69732.99000,69793.01000,274
2026.06.17,15:40,69787.99000,69823.01000,69662.99000,69683.00000,238
2026.06.17,15:45,69678.00000,69822.51000,69673.00000,69813.00000,268
2026.06.17,15:50,69813.01000,69868.01000,69743.00000,69753.01000,212
2026.06.17,15:55,69748.00000,69888.00000,69742.99000,69882.99000,207
2026.06.17,16:00,69888.00000,69992.51000,69867.99000,69958.01000,276
2026.06.17,16:05,69953.00000,70037.51000,69912.99000,69988.01000,245
2026.06.17,16:10,69988.01000,70012.50000,69957.99000,69973.01000,265
2026.06.17,16:15,69977.99000,69977.99000,69898.01000,69933.00000,281
2026.06.17,16:20,69942.50000,69987.51000,69902.99000,69963.01000,305
2026.06.17,16:25,69962.99000,70012.50000,69952.99000,69957.99000,135
2026.06.17,16:30,69958.00000,69997.51000,69943.01000,69982.99000,177
2026.06.17,16:35,69982.99000,70055.00000,69953.01000,70048.00000,149
2026.06.17,16:40,70052.50000,70052.50000,69997.99000,70012.51000,176
2026.06.17,16:45,70003.01000,70077.51000,69997.99000,70052.49000,160
2026.06.17,16:50,70048.00000,70064.99000,69968.00000,69968.00000,162
2026.06.17,16:55,69977.50000,69997.49000,69923.00000,69978.00000,233
2026.06.17,17:00,69990.00000,70012.99000,69952.99000,70008.01000,218
2026.06.17,17:05,70017.50000,70062.49000,69977.99000,70023.00000,222
2026.06.17,17:10,70032.50000,70065.00000,70007.99000,70030.00000,125
2026.06.17,17:15,70025.01000,70025.01000,69962.51000,70005.00000,140
2026.06.17,17:20,70007.49000,70057.49000,69994.99000,70025.01000,141
2026.06.17,17:25,70020.00000,70057.49000,69983.01000,70035.01000,244
2026.06.17,17:30,70017.99000,70017.99000,69812.51000,69942.99000,371
2026.06.17,17:35,69947.49000,69977.51000,69923.01000,69948.00000,186
2026.06.17,17:40,69954.99000,70012.51000,69952.50000,69977.50000,94
2026.06.17,17:45,69972.50000,70010.01000,69972.50000,69998.00000,37
2026.06.17,17:50,69992.99000,70007.49000,69977.99000,69995.00000,37
2026.06.17,17:55,69997.49000,70005.01000,69980.00000,69997.50000,66
2026.06.17,18:00,69994.99000,70092.49000,69987.49000,70082.49000,145
2026.06.17,18:05,70077.99000,70092.51000,70058.00000,70067.99000,58
2026.06.17,18:10,70072.99000,70112.49000,70059.99000,70090.01000,90
2026.06.17,18:15,70092.49000,70110.00000,70023.00000,70023.00000,92
2026.06.17,18:20,70032.49000,70037.50000,69982.51000,69985.01000,76
2026.06.17,18:25,69987.51000,69992.49000,69950.00000,69979.99000,99
2026.06.17,18:30,69974.99000,69995.01000,69964.99000,69985.00000,140
2026.06.17,18:35,69982.51000,70075.00000,69982.51000,70058.00000,131
2026.06.17,18:40,70053.01000,70077.49000,70032.49000,70042.49000,78
2026.06.17,18:45,70040.01000,70047.49000,69997.51000,70003.00000,85
2026.06.17,18:50,70010.00000,70022.50000,69963.00000,69963.00000,89
2026.06.17,18:55,69968.00000,70029.99000,69943.00000,69972.51000,111
2026.06.17,19:00,69962.99000,70022.51000,69862.51000,69875.01000,326
2026.06.17,19:05,69869.99000,69942.50000,69869.99000,69912.99000,234
2026.06.17,19:10,69908.00000,69908.00000,69833.00000,69842.51000,267
2026.06.17,19:15,69845.01000,69897.50000,69798.00000,69807.50000,202
2026.06.17,19:20,69805.00000,69842.51000,69792.51000,69842.51000,195
2026.06.17,19:25,69840.01000,69879.99000,69793.00000,69802.49000,156
2026.06.17,19:30,69799.99000,69815.01000,69727.99000,69802.51000,236
2026.06.17,19:35,69797.51000,69812.51000,69702.99000,69712.51000,205
2026.06.17,19:40,69714.99000,69777.49000,69692.49000,69747.49000,193
2026.06.17,19:45,69745.01000,69780.01000,69734.99000,69742.50000,166
2026.06.17,19:50,69745.00000,69850.01000,69744.99000,69840.00000,170
2026.06.17,19:55,69842.50000,69857.49000,69830.01000,69855.01000,158
2026.06.17,20:00,69855.00000,69875.01000,69825.01000,69852.50000,145
2026.06.17,20:05,69849.99000,69862.50000,69815.01000,69815.01000,135
2026.06.17,20:10,69819.99000,69852.51000,69802.50000,69832.51000,151
2026.06.17,20:15,69835.01000,69882.50000,69835.01000,69862.51000,158
2026.06.17,20:20,69860.00000,69880.00000,69834.99000,69857.50000,143
2026.06.17,20:25,69859.99000,69887.50000,69859.99000,69887.49000,86
2026.06.17,20:30,69883.00000,69917.50000,69824.99000,69830.00000,143
2026.06.17,20:35,69832.50000,69842.49000,69799.99000,69817.49000,164
2026.06.17,20:40,69815.01000,69842.50000,69800.00000,69840.01000,152
2026.06.17,20:45,69834.99000,69852.51000,69817.51000,69825.00000,144
2026.06.17,20:50,69820.01000,69820.01000,69789.99000,69805.00000,140
2026.06.17,20:55,69807.49000,69860.00000,69780.00000,69854.99000,195
2026.06.17,21:00,69857.50000,69899.99000,69777.50000,69782.50000,237
2026.06.17,21:05,69784.99000,69827.51000,69768.01000,69815.01000,253
2026.06.17,21:10,69819.99000,69930.01000,69812.50000,69925.01000,169
2026.06.17,21:15,69930.01000,69965.01000,69887.49000,69887.49000,169
2026.06.17,21:20,69890.00000,69980.01000,69877.49000,69970.00000,159
2026.06.17,21:25,69967.49000,69980.01000,69940.01000,69945.01000,145
2026.06.17,21:30,69947.49000,69957.50000,69907.99000,69915.00000,123
2026.06.17,21:35,69917.49000,69957.49000,69905.00000,69954.99000,142
2026.06.17,21:40,69952.50000,69995.00000,69932.49000,69992.51000,143
2026.06.17,21:45,69990.01000,69997.50000,69957.51000,69979.99000,103
2026.06.17,21:50,69985.01000,70037.51000,69982.50000,69992.50000,190
2026.06.17,21:55,69990.01000,69994.99000,69937.49000,69940.01000,150
2026.06.17,22:00,69940.00000,69967.51000,69912.49000,69932.99000,174
2026.06.17,22:05,69937.49000,69997.50000,69932.49000,69957.49000,133
2026.06.17,22:10,69955.00000,69979.99000,69952.51000,69975.00000,111
2026.06.17,22:15,69972.51000,70005.01000,69957.51000,69989.99000,82
2026.06.17,22:20,69987.51000,70017.50000,69982.49000,69987.51000,108
2026.06.17,22:25,69990.01000,70010.01000,69954.99000,69975.01000,117
2026.06.17,22:30,69972.49000,69985.01000,69942.51000,69980.00000,113
2026.06.17,22:35,69975.01000,69987.50000,69947.50000,69987.50000,90
2026.06.17,22:40,69982.99000,70022.51000,69974.99000,70000.01000,142
2026.06.17,22:45,69997.50000,70037.50000,69997.50000,70012.51000,144
2026.06.17,22:50,70010.00000,70025.01000,69982.49000,69997.51000,127
2026.06.17,22:55,69992.51000,70007.50000,69920.00000,69987.51000,221
2026.06.17,23:00,69990.01000,70072.50000,69982.50000,70055.01000,206
2026.06.17,23:05,70057.50000,70112.51000,70027.51000,70082.51000,158
2026.06.17,23:10,70085.01000,70125.01000,70062.50000,70122.51000,163
2026.06.17,23:15,70124.99000,70147.51000,70105.00000,70137.51000,157
2026.06.17,23:20,70135.01000,70152.51000,70112.49000,70137.51000,147
2026.06.17,23:25,70140.00000,70157.49000,70108.00000,70123.00000,92
2026.06.17,23:30,70128.00000,70247.51000,70127.99000,70232.49000,229
2026.06.17,23:35,70234.99000,70267.49000,70212.49000,70212.51000,194
2026.06.17,23:40,70215.01000,70270.00000,70187.49000,70257.49000,166
2026.06.17,23:45,70260.01000,70285.00000,70250.00000,70257.49000,165
2026.06.17,23:50,70254.99000,70277.51000,70244.99000,70257.49000,119
2026.06.17,23:55,70254.99000,70267.51000,70227.50000,70235.00000,173
2026.06.18,00:00,70232.50000,70247.51000,70202.50000,70222.51000,291
2026.06.18,00:05,70220.00000,70232.50000,70174.99000,70212.51000,194
2026.06.18,00:10,70215.00000,70247.49000,70194.99000,70200.00000,194
2026.06.18,00:15,70205.00000,70232.50000,70197.49000,70202.49000,152
2026.06.18,00:20,70200.00000,70212.49000,70179.99000,70207.50000,119
2026.06.18,00:25,70204.99000,70287.51000,70187.49000,70277.50000,270
2026.06.18,00:30,70275.00000,70307.51000,70202.49000,70237.50000,750
2026.06.18,00:35,70234.99000,70345.01000,70232.50000,70262.51000,617
2026.06.18,00:40,70259.99000,70397.50000,70244.99000,70392.51000,464
2026.06.18,00:45,70390.01000,70405.00000,70237.49000,70239.99000,601
2026.06.18,00:50,70240.00000,70327.49000,70222.51000,70317.51000,685
2026.06.18,00:55,70315.00000,70317.50000,70102.49000,70107.51000,627
2026.06.18,01:00,70104.99000,70242.51000,70062.99000,70217.51000,725
2026.06.18,01:05,70215.01000,70282.49000,70162.49000,70200.00000,663
2026.06.18,01:10,70198.00000,70322.49000,70188.00000,70317.50000,577
2026.06.18,01:15,70315.00000,70452.50000,70298.00000,70435.01000,437
2026.06.18,01:20,70432.51000,70604.99000,70417.49000,70597.51000,623
2026.06.18,01:25,70592.51000,70600.01000,70490.00000,70500.01000,630
2026.06.18,01:30,70502.49000,70530.00000,70432.49000,70525.00000,666
2026.06.18,01:35,70522.51000,70557.51000,70457.50000,70507.49000,692
2026.06.18,01:40,70509.99000,70595.00000,70442.49000,70567.49000,689
2026.06.18,01:45,70562.49000,70605.00000,70212.49000,70433.01000,1006
2026.06.18,01:50,70442.49000,70532.51000,70397.99000,70487.99000,721
2026.06.18,01:55,70492.49000,70497.50000,70377.99000,70383.01000,505
2026.06.18,02:00,70392.49000,70442.50000,70359.99000,70375.01000,450
2026.06.18,02:05,70380.01000,70442.50000,70337.49000,70352.50000,458
2026.06.18,02:10,70350.01000,70467.49000,70350.00000,70462.50000,408
2026.06.18,02:15,70457.51000,70567.51000,70432.99000,70487.51000,513
2026.06.18,02:20,70492.49000,70572.51000,70479.99000,70522.50000,530
2026.06.18,02:25,70519.99000,70530.00000,70477.51000,70530.00000,445
2026.06.18,02:30,70524.99000,70605.00000,70483.01000,70563.00000,281
2026.06.18,02:35,70567.50000,70627.51000,70547.99000,70622.99000,192
2026.06.18,02:40,70625.01000,70625.01000,70568.00000,70607.49000,228
2026.06.18,02:45,70609.99000,70652.51000,70593.01000,70652.50000,212
2026.06.18,02:50,70647.51000,70662.50000,70630.01000,70642.51000,199
2026.06.18,02:55,70639.99000,70672.51000,70624.99000,70655.01000,212
2026.06.18,03:00,70657.51000,70722.51000,70657.51000,70717.49000,209
2026.06.18,03:05,70722.51000,70760.00000,70717.49000,70730.00000,222
2026.06.18,03:10,70732.51000,70732.51000,70672.49000,70704.99000,209
2026.06.18,03:15,70707.51000,70742.51000,70672.49000,70742.51000,183
2026.06.18,03:20,70740.01000,70757.50000,70722.51000,70752.50000,191
2026.06.18,03:25,70750.01000,70770.01000,70734.99000,70745.01000,194
2026.06.18,03:30,70747.51000,70767.50000,70702.49000,70710.01000,224
2026.06.18,03:35,70707.49000,70735.01000,70695.00000,70727.50000,200
2026.06.18,03:40,70727.51000,70727.51000,70650.01000,70685.01000,247
2026.06.18,03:45,70682.50000,70682.51000,70635.00000,70647.49000,223
2026.06.18,03:50,70644.99000,70674.99000,70632.49000,70655.00000,211
2026.06.18,03:55,70657.50000,70702.51000,70652.50000,70700.00000,174
2026.06.18,04:00,70697.49000,70697.49000,70610.00000,70625.00000,263
2026.06.18,04:05,70620.00000,70677.49000,70552.99000,70667.49000,365
2026.06.18,04:10,70665.01000,70689.99000,70652.49000,70665.01000,308
2026.06.18,04:15,70662.49000,70682.50000,70622.49000,70677.50000,297
2026.06.18,04:20,70675.01000,70717.51000,70647.49000,70714.99000,255
2026.06.18,04:25,70717.51000,70742.49000,70694.99000,70714.99000,276
2026.06.18,04:30,70712.50000,70720.01000,70672.50000,70677.50000,205
2026.06.18,04:35,70679.99000,70717.51000,70662.49000,70702.50000,170
2026.06.18,04:40,70705.00000,70735.01000,70690.00000,70710.00000,181
2026.06.18,04:45,70712.50000,70775.01000,70709.99000,70767.50000,162
2026.06.18,04:50,70770.00000,70812.51000,70747.50000,70790.00000,269
2026.06.18,04:55,70792.49000,70818.00000,70767.99000,70808.01000,188
2026.06.18,05:00,70628.01000,70637.99000,70128.00000,70133.00000,1158
2026.06.18,05:05,70138.01000,70323.01000,70002.99000,70288.01000,1411
2026.06.18,05:10,70288.01000,70397.51000,70228.00000,70282.99000,989
2026.06.18,05:15,70278.00000,70482.49000,70277.99000,70447.50000,902
2026.06.18,05:20,70450.00000,70457.51000,70314.99000,70332.49000,701
2026.06.18,05:25,70329.99000,70335.00000,70227.49000,70307.49000,990
2026.06.18,05:30,70309.99000,70527.49000,70207.99000,70237.51000,1375
2026.06.18,05:35,70240.01000,70672.51000,70233.00000,70578.01000,1479
2026.06.18,05:40,70592.49000,70897.51000,70558.01000,70868.01000,1332
2026.06.18,05:45,70877.49000,70903.01000,70718.01000,70828.01000,1142
2026.06.18,05:50,70823.00000,70918.01000,70758.00000,70792.50000,828
2026.06.18,05:55,70783.01000,70787.51000,70428.00000,70558.00000,974
2026.06.18,06:00,70548.01000,70732.49000,70522.99000,70554.99000,1195
2026.06.18,06:05,70560.00000,70630.01000,70472.99000,70488.01000,1091
2026.06.18,06:10,70492.99000,70693.01000,70307.99000,70682.99000,1393
2026.06.18,06:15,70673.01000,70697.49000,70338.00000,70338.00000,1045
2026.06.18,06:20,70337.99000,70343.00000,70087.99000,70087.99000,1171
2026.06.18,06:25,70082.99000,70303.00000,70082.99000,70148.01000,1131
2026.06.18,06:30,70138.01000,70232.50000,70043.01000,70054.99000,1204
2026.06.18,06:35,70053.01000,70137.51000,69798.01000,69837.99000,1174
2026.06.18,06:40,69847.51000,69912.51000,69807.99000,69863.00000,1249
2026.06.18,06:45,69868.01000,69972.51000,69827.99000,69878.01000,1073
2026.06.18,06:50,69882.50000,69947.50000,69727.99000,69787.51000,1059
2026.06.18,06:55,69810.00000,69932.50000,69772.99000,69818.01000,934
2026.06.18,07:00,69837.50000,69937.99000,69772.99000,69797.99000,496
2026.06.18,07:05,69798.00000,69828.01000,69698.00000,69823.01000,317
2026.06.18,07:10,69822.99000,69867.49000,69757.99000,69777.51000,243
2026.06.18,07:15,69774.99000,69892.51000,69752.49000,69892.51000,189
2026.06.18,07:20,69888.01000,69972.51000,69882.99000,69908.01000,304
2026.06.18,07:25,69908.01000,69957.51000,69888.00000,69913.01000,202
2026.06.18,07:30,69908.00000,69922.51000,69867.99000,69888.01000,133
2026.06.18,07:35,69887.99000,70007.51000,69887.99000,69988.01000,138
2026.06.18,07:40,69987.49000,69987.49000,69917.99000,69923.01000,121
2026.06.18,07:45,69927.50000,69927.51000,69873.00000,69873.00000,104
2026.06.18,07:50,69877.49000,69887.51000,69818.00000,69843.01000,132
2026.06.18,07:55,69857.51000,69932.50000,69847.99000,69887.50000,140
2026.06.18,09:00,69848.01000,69848.01000,69708.01000,69733.01000,30
2026.06.18,09:05,69748.00000,70003.01000,69748.00000,69997.99000,38
2026.06.18,09:10,70002.99000,70057.50000,69987.99000,70028.00000,90
2026.06.18,09:15,70032.99000,70102.51000,70007.99000,70048.01000,88
2026.06.18,09:20,70048.00000,70132.99000,70048.00000,70107.99000,86
2026.06.18,09:25,70102.99000,70137.49000,70087.99000,70092.99000,83
2026.06.18,09:30,70093.01000,70118.01000,70087.99000,70092.99000,66
2026.06.18,09:35,70107.49000,70232.50000,70107.49000,70232.50000,40
2026.06.18,09:40,70223.00000,70232.51000,70177.99000,70178.00000,44
2026.06.18,09:45,70183.00000,70232.51000,70183.00000,70232.49000,40
2026.06.18,09:50,70232.51000,70317.49000,70217.99000,70307.49000,55
2026.06.18,09:55,70310.01000,70327.99000,70197.99000,70218.00000,68
2026.06.18,10:00,70227.51000,70243.00000,70168.01000,70233.00000,57
2026.06.18,10:05,70232.99000,70288.00000,70203.01000,70288.00000,67
2026.06.18,10:10,70287.99000,70433.01000,70287.99000,70432.99000,65
2026.06.18,10:15,70432.99000,70547.51000,70423.00000,70463.00000,82
2026.06.18,10:20,70473.00000,70850.00000,70467.99000,70763.01000,149
2026.06.18,10:25,70782.99000,70862.49000,70762.99000,70767.50000,107
2026.06.18,10:30,70748.01000,70823.00000,70647.99000,70793.01000,168
2026.06.18,10:35,70798.01000,70798.01000,70643.00000,70768.01000,114
2026.06.18,10:40,70773.01000,70792.99000,70507.99000,70533.01000,184
2026.06.18,10:45,70532.99000,70537.99000,70258.00000,70322.99000,685
2026.06.18,10:50,70333.01000,70482.50000,70252.99000,70403.01000,488
2026.06.18,10:55,70402.99000,70528.01000,70317.99000,70518.01000,303
2026.06.18,11:00,70532.99000,70753.01000,70352.99000,70663.00000,864
2026.06.18,11:05,70662.99000,70970.00000,70652.99000,70962.99000,1007
2026.06.18,11:10,70973.01000,71218.01000,70967.99000,71208.00000,1004
2026.06.18,11:15,71213.01000,71402.51000,71213.01000,71312.99000,1262
2026.06.18,11:20,71313.00000,71438.01000,71087.99000,71087.99000,1151
2026.06.18,11:25,71087.99000,71272.49000,70897.99000,71267.50000,1160
2026.06.18,11:30,71253.01000,71467.50000,71138.01000,71248.01000,1119
2026.06.18,11:35,71262.51000,71262.51000,71128.00000,71243.01000,1114
2026.06.18,11:40,71258.00000,71317.50000,71127.99000,71187.99000,1087
2026.06.18,11:45,71193.01000,71253.01000,71082.99000,71087.49000,1068
2026.06.18,11:50,71083.00000,71152.49000,70888.00000,71107.99000,1134
2026.06.18,11:55,71113.00000,71138.01000,70892.99000,71003.01000,1053
2026.06.18,12:00,71008.00000,71147.51000,70988.01000,71057.49000,1127
2026.06.18,12:05,71057.50000,71232.50000,70982.99000,71229.99000,1052
2026.06.18,12:10,71227.49000,71457.51000,71227.49000,71414.99000,1061
2026.06.18,12:15,71419.99000,71425.00000,71207.99000,71288.00000,998
2026.06.18,12:20,71293.01000,71447.49000,71223.00000,71243.01000,827
2026.06.18,12:25,71243.00000,71327.50000,71158.00000,71178.00000,871
2026.06.18,12:30,71182.99000,71313.00000,71172.99000,71248.01000,868
2026.06.18,12:35,71242.99000,71302.51000,71148.00000,71148.00000,819
2026.06.18,12:40,71153.01000,71343.01000,71107.99000,71282.99000,776
2026.06.18,12:45,71278.00000,71278.01000,71068.00000,71157.51000,834
2026.06.18,12:50,71148.01000,71197.49000,71062.99000,71102.99000,766
2026.06.18,12:55,71097.99000,71198.01000,71092.99000,71163.01000,699
2026.06.18,13:00,71163.00000,71212.51000,71052.99000,71123.00000,726
2026.06.18,13:05,71127.49000,71292.51000,71117.99000,71267.51000,576
2026.06.18,13:10,71258.01000,71268.00000,71092.99000,71168.01000,689
2026.06.18,13:15,71167.99000,71248.01000,71133.00000,71142.51000,635
2026.06.18,13:20,71147.51000,71232.51000,71103.01000,71203.00000,552
2026.06.18,13:25,71212.49000,71212.49000,71067.99000,71092.50000,519
2026.06.18,13:30,71083.00000,71112.49000,70978.00000,71013.01000,477
2026.06.18,13:35,71007.99000,71022.50000,70937.99000,71008.00000,288
2026.06.18,13:40,71008.00000,71008.00000,70933.00000,70972.99000,254
2026.06.18,13:45,70978.01000,71003.01000,70922.99000,70972.49000,250
2026.06.18,13:50,70968.00000,71012.51000,70947.99000,70983.01000,162
2026.06.18,13:55,70988.01000,70997.50000,70868.00000,70908.01000,173
2026.06.18,14:00,70908.00000,70942.50000,70883.01000,70903.00000,243
2026.06.18,14:05,70902.99000,70922.50000,70837.99000,70872.50000,231
2026.06.18,14:10,70863.01000,70882.50000,70787.99000,70818.00000,210
2026.06.18,14:15,70817.99000,70858.01000,70807.99000,70832.99000,247
2026.06.18,14:20,70833.01000,70922.51000,70822.99000,70853.00000,233
2026.06.18,14:25,70857.49000,70907.50000,70832.99000,70892.49000,281
2026.06.18,14:30,70883.01000,71077.49000,70883.01000,70982.99000,684
2026.06.18,14:35,70997.51000,71037.51000,70803.01000,70998.00000,652
2026.06.18,14:40,70998.00000,71042.51000,70912.99000,71032.99000,572
2026.06.18,14:45,71033.00000,71147.50000,71017.99000,71143.00000,504
2026.06.18,14:50,71148.01000,71232.49000,71142.99000,71230.00000,342
2026.06.18,14:55,71227.49000,71292.51000,71202.99000,71278.01000,297
2026.06.18,15:00,71282.49000,71342.51000,71253.00000,71272.99000,407
2026.06.18,15:05,71273.00000,71387.50000,71252.99000,71387.50000,453
2026.06.18,15:10,71387.51000,71407.49000,71267.99000,71277.49000,421
2026.06.18,15:15,71277.51000,71312.51000,71193.01000,71228.00000,395
2026.06.18,15:20,71228.01000,71317.51000,71173.01000,71238.00000,472
2026.06.18,15:25,71243.01000,71282.51000,71182.99000,71257.99000,477
2026.06.18,15:30,71258.00000,71272.49000,71182.99000,71243.01000,559
2026.06.18,15:35,71252.50000,71327.50000,71202.99000,71203.00000,383
2026.06.18,15:40,71202.99000,71262.51000,71163.00000,71173.00000,419
2026.06.18,15:45,71168.01000,71192.50000,71097.99000,71162.50000,418
2026.06.18,15:50,71165.01000,71242.51000,71088.01000,71192.99000,299
2026.06.18,15:55,71192.99000,71207.51000,71132.99000,71173.00000,252
2026.06.18,16:00,71167.99000,71262.50000,71118.00000,71243.00000,310
2026.06.18,16:05,71247.51000,71287.51000,71237.99000,71278.00000,264
2026.06.18,16:10,71273.01000,71304.99000,71163.00000,71193.01000,244
2026.06.18,16:15,71187.99000,71305.01000,71187.99000,71278.01000,292
2026.06.18,16:20,71287.51000,71307.51000,71243.01000,71243.01000,262
2026.06.18,16:25,71252.50000,71302.50000,71202.99000,71267.99000,285
2026.06.18,16:30,71263.00000,71372.50000,71263.00000,71327.50000,353
2026.06.18,16:35,71318.00000,71318.00000,71218.00000,71298.00000,437
2026.06.18,16:40,71303.01000,71367.51000,71272.99000,71343.01000,335
2026.06.18,16:45,71348.00000,71353.00000,71252.99000,71267.50000,342
2026.06.18,16:50,71258.00000,71267.50000,71143.01000,71212.99000,364
2026.06.18,16:55,71207.99000,71232.51000,71153.01000,71218.00000,402
2026.06.18,17:00,71212.99000,71282.49000,71152.99000,71238.00000,500
2026.06.18,17:05,71233.01000,71262.50000,71102.51000,71107.50000,427
2026.06.18,17:10,71105.01000,71264.99000,71095.01000,71257.50000,477
2026.06.18,17:15,71252.50000,71332.51000,71230.00000,71284.99000,380
2026.06.18,17:20,71289.99000,71295.01000,71187.50000,71207.51000,417
2026.06.18,17:25,71212.51000,71229.99000,71122.99000,71185.01000,443
2026.06.18,17:30,71180.00000,71180.00000,71077.49000,71115.01000,396
2026.06.18,17:35,71112.49000,71172.51000,71087.51000,71119.99000,283
2026.06.18,17:40,71115.01000,71182.50000,71048.00000,71162.49000,176
2026.06.18,17:45,71164.99000,71277.50000,71162.50000,71275.00000,93
2026.06.18,17:50,71277.50000,71302.50000,71243.00000,71297.51000,72
2026.06.18,17:55,71292.99000,71355.01000,71288.00000,71355.01000,104
2026.06.18,18:00,71352.50000,71432.49000,71339.99000,71430.00000,185
2026.06.18,18:05,71425.01000,71447.51000,71402.99000,71445.01000,145
2026.06.18,18:10,71443.01000,71454.99000,71277.99000,71294.99000,165
2026.06.18,18:15,71282.99000,71397.51000,71277.99000,71392.49000,144
2026.06.18,18:20,71389.99000,71429.99000,71372.99000,71417.50000,102
2026.06.18,18:25,71414.99000,71467.49000,71402.99000,71443.00000,144
2026.06.18,18:30,71447.49000,71447.49000,71363.01000,71433.00000,179
2026.06.18,18:35,71438.00000,71442.51000,71388.01000,71412.51000,163
2026.06.18,18:40,71415.01000,71467.50000,71403.00000,71467.50000,67
2026.06.18,18:45,71469.99000,71477.51000,71397.99000,71447.50000,137
2026.06.18,18:50,71438.00000,71445.00000,71395.00000,71397.49000,92
2026.06.18,18:55,71393.00000,71504.99000,71389.99000,71499.99000,131
2026.06.18,19:00,71505.01000,71652.49000,71480.01000,71594.99000,425
2026.06.18,19:05,71590.00000,71642.50000,71532.99000,71618.01000,317
2026.06.18,19:10,71622.51000,71640.00000,71547.99000,71553.01000,249
2026.06.18,19:15,71562.49000,71572.49000,71452.99000,71463.00000,237
2026.06.18,19:20,71463.01000,71477.49000,71357.99000,71415.01000,255
2026.06.18,19:25,71420.00000,71422.51000,71333.00000,71342.49000,311
2026.06.18,19:30,71332.99000,71373.00000,71302.99000,71325.01000,292
2026.06.18,19:35,71322.49000,71422.49000,71272.99000,71403.01000,231
2026.06.18,19:40,71408.00000,71437.51000,71358.00000,71402.50000,227
2026.06.18,19:45,71403.01000,71442.50000,71357.99000,71424.99000,226
2026.06.18,19:50,71425.00000,71435.01000,71328.00000,71360.00000,221
2026.06.18,19:55,71362.50000,71367.51000,71232.51000,71237.49000,258
2026.06.18,20:00,71242.50000,71300.00000,71187.49000,71295.01000,431
2026.06.18,20:05,71294.99000,71347.51000,71282.50000,71282.51000,275
2026.06.18,20:10,71277.51000,71302.51000,71194.99000,71262.50000,211
2026.06.18,20:15,71264.99000,71307.51000,71248.00000,71252.49000,165
2026.06.18,20:20,71247.51000,71277.51000,71208.00000,71272.50000,168
2026.06.18,20:25,71277.51000,71325.01000,71267.99000,71302.51000,156
2026.06.18,20:30,71297.50000,71347.49000,71272.99000,71320.00000,166
2026.06.18,20:35,71318.00000,71397.51000,71312.99000,71385.01000,149
2026.06.18,20:40,71392.51000,71412.50000,71347.49000,71397.50000,127
2026.06.18,20:45,71399.99000,71447.50000,71383.00000,71437.51000,140
2026.06.18,20:50,71434.99000,71520.00000,71434.99000,71512.49000,156
2026.06.18,20:55,71515.01000,71567.51000,71509.99000,71567.51000,166
2026.06.18,21:00,71569.99000,71597.49000,71513.00000,71587.51000,184
2026.06.18,21:05,71585.01000,71595.01000,71477.99000,71487.51000,149
2026.06.18,21:10,71490.00000,71502.51000,71452.50000,71497.51000,160
2026.06.18,21:15,71493.01000,71572.50000,71488.01000,71550.00000,146
2026.06.18,21:20,71543.01000,71567.51000,71478.01000,71482.50000,142
2026.06.18,21:25,71473.00000,71497.50000,71433.01000,71472.49000,171
2026.06.18,21:30,71474.99000,71507.49000,71357.99000,71397.49000,186
2026.06.18,21:35,71402.50000,71419.99000,71333.01000,71372.51000,196
2026.06.18,21:40,71363.00000,71402.51000,71317.99000,71335.00000,193
2026.06.18,21:45,71337.49000,71355.00000,71297.50000,71337.51000,209
2026.06.18,21:50,71339.99000,71395.01000,71339.99000,71385.01000,161
2026.06.18,21:55,71387.51000,71412.50000,71363.00000,71370.00000,95
2026.06.18,22:00,71372.49000,71392.50000,71310.01000,71317.50000,238
2026.06.18,22:05,71314.99000,71314.99000,71162.50000,71190.01000,407
2026.06.18,22:10,71187.50000,71222.51000,71162.49000,71220.00000,432
2026.06.18,22:15,71222.50000,71227.51000,71133.00000,71170.00000,259
2026.06.18,22:20,71167.50000,71205.01000,71152.49000,71204.99000,311
2026.06.18,22:25,71207.51000,71240.01000,71197.51000,71232.51000,296
2026.06.18,22:30,71227.49000,71265.00000,71204.99000,71245.01000,199
2026.06.18,22:35,71247.50000,71257.49000,71124.99000,71172.51000,273
2026.06.18,22:40,71169.99000,71225.00000,71112.51000,71207.50000,322
2026.06.18,22:45,71210.00000,71219.99000,71172.51000,71180.01000,215
2026.06.18,22:50,71180.00000,71282.51000,71152.49000,71272.49000,286
2026.06.18,22:55,71275.00000,71290.01000,71250.01000,71280.00000,203
2026.06.18,23:00,71282.51000,71317.51000,71264.99000,71287.49000,250
2026.06.18,23:05,71289.99000,71302.49000,71244.99000,71245.00000,219
2026.06.18,23:10,71247.51000,71362.51000,71247.51000,71357.51000,262
2026.06.18,23:15,71355.00000,71397.49000,71334.99000,71390.01000,185
2026.06.18,23:20,71387.50000,71445.01000,71382.50000,71442.49000,266
2026.06.18,23:25,71444.99000,71472.51000,71403.01000,71413.00000,180
2026.06.18,23:30,71408.00000,71472.51000,71407.99000,71437.51000,197
2026.06.18,23:35,71439.99000,71480.01000,71417.99000,71449.99000,152
2026.06.18,23:40,71442.99000,71522.49000,71428.01000,71515.00000,186
2026.06.18,23:45,71517.50000,71575.01000,71510.01000,71572.50000,168
2026.06.18,23:50,71575.00000,71580.00000,71507.50000,71525.01000,166
2026.06.18,23:55,71527.49000,71617.49000,71522.49000,71570.00000,154
2026.06.19,00:00,71567.51000,71585.00000,71507.51000,71527.49000,230
2026.06.19,00:05,71525.00000,71577.51000,71520.00000,71532.51000,293
2026.06.19,00:10,71530.00000,71542.51000,71467.51000,71484.99000,251
2026.06.19,00:15,71480.01000,71532.51000,71447.51000,71497.51000,213
2026.06.19,00:20,71495.01000,71537.49000,71485.01000,71487.49000,169
2026.06.19,00:25,71490.01000,71642.50000,71490.01000,71610.00000,423
2026.06.19,00:30,71600.01000,71767.51000,71597.99000,71647.50000,870
2026.06.19,00:35,71642.51000,71682.51000,71537.51000,71632.50000,999
2026.06.19,00:40,71634.99000,71730.00000,71559.99000,71629.99000,748
2026.06.19,00:45,71634.99000,71740.00000,71589.99000,71723.00000,796
2026.06.19,00:50,71730.01000,71750.01000,71644.99000,71670.01000,674
2026.06.19,00:55,71672.50000,71732.50000,71577.49000,71673.01000,868
2026.06.19,01:00,71673.01000,71777.51000,71607.99000,71737.50000,744
2026.06.19,01:05,71735.01000,71805.01000,71682.51000,71765.00000,603
2026.06.19,01:10,71762.51000,71772.50000,71652.50000,71680.00000,636
2026.06.19,01:15,71679.99000,71817.50000,71630.01000,71800.01000,611
2026.06.19,01:20,71797.50000,71872.51000,71752.50000,71857.51000,607
2026.06.19,01:25,71860.01000,71862.51000,71707.49000,71727.50000,667
2026.06.19,01:30,71724.99000,71750.01000,71637.99000,71750.01000,756
2026.06.19,01:35,71752.51000,71764.99000,71692.49000,71717.50000,601
2026.06.19,01:40,71720.01000,71732.49000,71650.00000,71650.00000,519
2026.06.19,01:45,71647.49000,71727.51000,71642.49000,71710.00000,478
2026.06.19,01:50,71707.51000,71707.51000,71637.50000,71680.00000,535
2026.06.19,01:55,71684.99000,71780.01000,71674.99000,71725.01000,502
2026.06.19,02:00,71729.99000,71810.01000,71712.99000,71800.01000,615
2026.06.19,02:05,71797.51000,71815.00000,71750.01000,71810.00000,513
2026.06.19,02:10,71812.49000,71845.01000,71774.99000,71784.99000,480
2026.06.19,02:15,71787.50000,71842.51000,71757.50000,71782.51000,556
2026.06.19,02:20,71780.01000,71845.01000,71772.49000,71787.51000,490
2026.06.19,02:25,71784.99000,71855.01000,71735.00000,71750.00000,476
2026.06.19,02:30,71752.50000,71800.01000,71680.01000,71710.01000,649
2026.06.19,02:35,71707.49000,71707.49000,71535.00000,71627.49000,741
2026.06.19,02:40,71625.01000,71692.50000,71602.49000,71640.00000,645
2026.06.19,02:45,71637.50000,71702.51000,71572.51000,71682.49000,720
2026.06.19,02:50,71685.00000,71787.51000,71685.00000,71732.51000,426
2026.06.19,02:55,71729.99000,71810.01000,71729.99000,71804.99000,389
2026.06.19,03:00,71810.00000,71855.01000,71795.01000,71850.00000,484
2026.06.19,03:05,71847.50000,71910.01000,71835.01000,71900.00000,458
2026.06.19,03:10,71897.49000,71935.00000,71880.00000,71907.50000,360
2026.06.19,03:15,71912.50000,71955.01000,71889.99000,71919.99000,325
2026.06.19,03:20,71917.49000,72007.51000,71917.49000,71990.01000,353
2026.06.19,03:25,71987.51000,72007.51000,71957.50000,71972.50000,257
2026.06.19,03:30,71974.99000,72005.00000,71962.49000,72002.50000,289
2026.06.19,03:35,72002.49000,72075.00000,71977.50000,72065.01000,285
2026.06.19,03:40,72070.00000,72070.00000,71997.49000,72002.50000,229
2026.06.19,03:45,72000.00000,72025.01000,71997.49000,72010.00000,261
2026.06.19,03:50,72007.50000,72007.50000,71942.49000,71947.50000,325
2026.06.19,03:55,71949.99000,71975.01000,71922.49000,71972.50000,324
2026.06.19,04:00,71975.01000,71987.51000,71917.49000,71979.99000,360
2026.06.19,04:05,71977.50000,72047.51000,71974.99000,72035.01000,283
2026.06.19,04:10,72032.50000,72087.50000,72025.00000,72062.51000,266
2026.06.19,04:15,72060.01000,72080.01000,72022.50000,72022.51000,213
2026.06.19,04:20,72025.01000,72057.51000,72017.51000,72027.51000,203
2026.06.19,04:25,72029.99000,72062.50000,72017.51000,72060.01000,159
2026.06.19,04:30,72062.50000,72105.01000,72062.50000,72080.00000,169
2026.06.19,04:35,72082.50000,72095.01000,72042.49000,72067.51000,185
2026.06.19,04:40,72070.00000,72102.50000,72062.51000,72089.99000,168
2026.06.19,04:45,72092.51000,72107.51000,72070.00000,72084.99000,160
2026.06.19,04:50,72085.00000,72117.50000,72077.49000,72085.01000,99
2026.06.19,04:55,72080.00000,72092.51000,72057.50000,72059.99000,157
2026.06.19,05:00,72062.50000,72080.01000,72029.99000,72032.51000,242
2026.06.19,05:05,72037.49000,72077.51000,72027.49000,72070.00000,232
2026.06.19,05:10,72067.49000,72100.01000,72060.00000,72080.01000,200
2026.06.19,05:15,72077.49000,72127.50000,72069.99000,72110.00000,229
2026.06.19,05:20,72112.49000,72145.01000,72100.00000,72114.99000,192
2026.06.19,05:25,72117.51000,72129.99000,72070.01000,72089.99000,198
2026.06.19,05:30,72092.49000,72092.51000,72057.50000,72072.50000,204
2026.06.19,05:35,72075.00000,72075.00000,72015.00000,72032.50000,230
2026.06.19,05:40,72030.00000,72065.00000,72030.00000,72052.50000,187
2026.06.19,05:45,72055.01000,72100.01000,72044.99000,72100.01000,196
2026.06.19,05:50,72102.51000,72135.01000,72095.00000,72122.50000,183
2026.06.19,05:55,72117.51000,72137.51000,72105.01000,72115.01000,179
2026.06.19,06:00,72117.49000,72135.00000,72025.01000,72047.49000,292
2026.06.19,06:05,72044.99000,72065.00000,72017.50000,72020.00000,279
2026.06.19,06:10,72017.51000,72024.99000,71934.99000,71945.00000,424
2026.06.19,06:15,71942.51000,71982.50000,71900.00000,71982.49000,297
2026.06.19,06:20,71979.99000,72047.51000,71975.00000,72007.51000,235
2026.06.19,06:25,72015.01000,72045.01000,72012.49000,72029.99000,214
2026.06.19,06:30,72035.00000,72055.01000,71897.50000,72037.50000,348
2026.06.19,06:35,72040.01000,72092.49000,72040.01000,72082.51000,156
2026.06.19,06:40,72072.99000,72092.51000,71998.00000,72077.99000,187
2026.06.19,06:45,72073.01000,72122.50000,72067.99000,72077.50000,156
2026.06.19,06:50,72072.49000,72112.51000,72028.00000,72062.99000,296
2026.06.19,06:55,72067.51000,72067.51000,71967.99000,71975.01000,359
2026.06.19,07:00,71963.00000,71988.01000,71902.99000,71962.99000,208
2026.06.19,07:05,71972.49000,71972.49000,71902.99000,71912.51000,118
2026.06.19,07:10,71908.00000,71957.50000,71898.01000,71947.99000,79
2026.06.19,07:15,71957.51000,72002.50000,71943.00000,72002.50000,36
2026.06.19,07:20,72007.51000,72017.51000,71987.99000,71998.00000,36
2026.06.19,07:25,72007.49000,72010.00000,71988.01000,72002.50000,36
2026.06.19,07:30,71992.99000,72022.51000,71992.99000,72007.99000,35
2026.06.19,07:35,72017.51000,72032.50000,71993.00000,72007.51000,28
2026.06.19,07:40,71998.01000,72007.50000,71923.00000,71927.49000,37
2026.06.19,07:45,71918.00000,71918.00000,71867.99000,71887.51000,41
2026.06.19,07:50,71878.01000,71887.99000,71837.99000,71869.99000,56
2026.06.19,07:55,71858.01000,71912.50000,71847.99000,71900.00000,57
2026.06.19,09:00,71862.99000,71878.01000,71842.99000,71843.00000,18
2026.06.19,09:05,71877.51000,71877.51000,71807.99000,71807.99000,3
2026.06.19,09:10,71808.01000,71828.00000,71797.99000,71808.01000,27
2026.06.19,09:15,71803.00000,71803.00000,71753.01000,71753.01000,31
2026.06.19,09:20,71738.00000,71758.01000,71732.99000,71737.99000,24
2026.06.19,09:25,71758.01000,71773.01000,71753.01000,71757.51000,20
2026.06.19,09:30,71752.99000,71768.01000,71743.01000,71743.01000,30
2026.06.19,09:35,71743.01000,71743.01000,71708.00000,71708.00000,15
2026.06.19,09:40,71713.00000,71718.01000,71708.00000,71718.00000,10
2026.06.19,09:45,71748.00000,71763.01000,71712.99000,71758.01000,22
2026.06.19,09:50,71757.99000,71818.00000,71757.99000,71803.01000,26
2026.06.19,09:55,71792.99000,71808.01000,71792.99000,71807.99000,24
2026.06.19,10:00,71797.99000,71843.01000,71787.99000,71817.99000,62
2026.06.19,10:05,71812.99000,71813.01000,71793.00000,71812.99000,48
2026.06.19,10:10,71812.99000,71893.00000,71812.99000,71857.99000,55
2026.06.19,10:15,71858.01000,71894.99000,71798.01000,71822.99000,45
2026.06.19,10:20,71828.00000,71928.00000,71828.00000,71922.99000,53
2026.06.19,10:25,71928.00000,71947.51000,71887.99000,71887.99000,51
2026.06.19,10:30,71887.99000,71898.01000,71797.99000,71823.00000,103
2026.06.19,10:35,71827.99000,71843.01000,71767.99000,71788.01000,68
2026.06.19,10:40,71787.99000,71802.49000,71718.01000,71798.01000,102
2026.06.19,10:45,71803.01000,72002.50000,71768.01000,71963.00000,322
2026.06.19,10:50,71968.00000,72139.99000,71968.00000,72123.01000,181
2026.06.19,10:55,72127.99000,72243.01000,72113.00000,72183.00000,273
2026.06.19,11:00,72168.01000,72168.01000,71803.00000,72078.00000,675
2026.06.19,11:05,72078.00000,72093.00000,71742.99000,71833.00000,762
2026.06.19,11:10,71843.01000,71903.01000,71562.99000,71643.00000,724
2026.06.19,11:15,71653.01000,71802.51000,71532.99000,71588.01000,1042
2026.06.19,11:20,71588.00000,71588.00000,71358.00000,71433.01000,1020
2026.06.19,11:25,71433.00000,71563.00000,71342.99000,71553.00000,999
2026.06.19,11:30,71557.99000,71713.00000,71517.99000,71633.00000,987
2026.06.19,11:35,71638.01000,71778.01000,71598.01000,71693.00000,934
2026.06.19,11:40,71688.00000,71698.01000,71537.99000,71567.99000,839
2026.06.19,11:45,71563.00000,71728.00000,71518.01000,71683.00000,779
2026.06.19,11:50,71678.00000,71790.01000,71643.00000,71782.50000,615
2026.06.19,11:55,71773.00000,71787.50000,71632.99000,71678.00000,548
2026.06.19,12:00,71677.99000,71832.49000,71598.00000,71758.01000,709
2026.06.19,12:05,71762.99000,71767.51000,71603.00000,71603.01000,655
2026.06.19,12:10,71607.99000,71742.49000,71602.99000,71688.01000,650
2026.06.19,12:15,71683.01000,71768.00000,71632.99000,71753.00000,441
2026.06.19,12:20,71748.01000,71757.99000,71637.99000,71677.99000,492
2026.06.19,12:25,71678.00000,71728.01000,71618.01000,71648.00000,453
2026.06.19,12:30,71647.99000,71718.01000,71542.99000,71713.00000,623
2026.06.19,12:35,71712.99000,71763.01000,71633.00000,71647.99000,365
2026.06.19,12:40,71653.01000,71672.50000,71532.99000,71592.99000,596
2026.06.19,12:45,71598.01000,71610.01000,71458.00000,71513.01000,499
2026.06.19,12:50,71517.99000,71572.51000,71383.00000,71412.99000,541
2026.06.19,12:55,71418.01000,71472.51000,71363.00000,71382.50000,380
2026.06.19,13:00,71393.01000,71472.51000,71322.99000,71413.00000,495
2026.06.19,13:05,71408.01000,71437.51000,71322.99000,71362.99000,315
2026.06.19,13:10,71363.00000,71447.50000,71322.99000,71392.99000,249
2026.06.19,13:15,71388.01000,71438.01000,71323.00000,71347.99000,265
2026.06.19,13:20,71347.99000,71527.49000,71332.99000,71527.49000,306
2026.06.19,13:25,71530.00000,71537.51000,71468.01000,71513.01000,279
2026.06.19,13:30,71518.00000,71602.50000,71518.00000,71573.01000,136
2026.06.19,13:35,71573.01000,71598.01000,71552.99000,71573.00000,177
2026.06.19,13:40,71573.00000,71672.50000,71572.99000,71633.01000,204
2026.06.19,13:45,71637.50000,71637.51000,71513.00000,71518.01000,160
2026.06.19,13:50,71523.01000,71527.50000,71473.00000,71498.01000,167
2026.06.19,13:55,71503.00000,71522.49000,71473.00000,71503.00000,135
2026.06.19,14:00,71512.49000,71557.50000,71462.99000,71473.00000,166
2026.06.19,14:05,71478.01000,71498.01000,71452.99000,71482.50000,130
2026.06.19,14:10,71485.00000,71512.51000,71457.99000,71457.99000,132
2026.06.19,14:15,71462.49000,71462.49000,71357.99000,71397.99000,341
2026.06.19,14:20,71393.00000,71407.51000,71332.99000,71333.01000,218
2026.06.19,14:25,71337.49000,71337.49000,71253.01000,71278.01000,356
2026.06.19,14:30,71283.01000,71337.51000,71123.01000,71128.01000,666
2026.06.19,14:35,71137.51000,71290.00000,71073.01000,71272.99000,606
2026.06.19,14:40,71287.50000,71352.50000,71187.99000,71243.00000,591
2026.06.19,14:45,71243.00000,71278.01000,71172.99000,71183.01000,468
2026.06.19,14:50,71183.00000,71273.01000,71147.99000,71262.99000,456
2026.06.19,14:55,71263.00000,71287.51000,71142.99000,71208.01000,477
2026.06.19,15:00,71212.99000,71237.99000,71042.99000,71103.00000,587
2026.06.19,15:05,71102.99000,71222.50000,71077.99000,71208.00000,543
2026.06.19,15:10,71208.01000,71293.01000,71192.99000,71292.99000,368
2026.06.19,15:15,71293.01000,71313.00000,71153.00000,71158.01000,388
2026.06.19,15:20,71158.00000,71213.01000,71098.01000,71163.00000,288
2026.06.19,15:25,71162.99000,71188.00000,71092.99000,71122.99000,336
2026.06.19,15:30,71123.01000,71157.51000,71032.99000,71043.01000,399
2026.06.19,15:35,71043.01000,71052.49000,70962.99000,70977.99000,394
2026.06.19,15:40,70982.49000,70987.49000,70887.99000,70897.99000,391
2026.06.19,15:45,70893.00000,70917.51000,70757.99000,70892.99000,503
2026.06.19,15:50,70888.00000,70937.49000,70757.99000,70787.99000,329
2026.06.19,15:55,70783.01000,70863.01000,70733.01000,70863.00000,363
2026.06.19,16:00,70873.01000,70962.51000,70857.99000,70882.99000,517
2026.06.19,16:05,70878.00000,70967.51000,70838.00000,70922.99000,498
2026.06.19,16:10,70928.01000,70982.50000,70872.99000,70973.00000,511
2026.06.19,16:15,70968.00000,71047.50000,70957.99000,70972.99000,390
2026.06.19,16:20,70973.01000,70992.49000,70868.00000,70923.00000,487
2026.06.19,16:25,70932.51000,70972.51000,70902.99000,70958.01000,449
2026.06.19,16:30,70957.99000,71032.51000,70907.99000,70908.01000,486
2026.06.19,16:35,70917.49000,70948.01000,70822.99000,70872.99000,545
2026.06.19,16:40,70872.99000,70927.50000,70833.01000,70882.99000,443
2026.06.19,16:45,70888.00000,70958.01000,70872.99000,70943.01000,352
2026.06.19,16:50,70938.01000,70972.49000,70907.99000,70967.99000,367
2026.06.19,16:55,70973.01000,71068.00000,70947.99000,71068.00000,291
2026.06.19,17:00,71073.01000,71185.01000,71042.99000,71154.99000,370
2026.06.19,17:05,71152.49000,71270.01000,71142.49000,71265.01000,408
2026.06.19,17:10,71267.51000,71325.01000,71192.50000,71289.99000,404
2026.06.19,17:15,71287.49000,71297.50000,71247.49000,71249.99000,334
2026.06.19,17:20,71247.51000,71290.01000,71197.51000,71254.99000,378
2026.06.19,17:25,71249.99000,71452.50000,71242.49000,71414.99000,417
2026.06.19,17:30,71407.49000,71504.99000,71367.51000,71487.49000,572
2026.06.19,17:35,71487.51000,71522.51000,71418.01000,71447.49000,379
2026.06.19,17:40,71437.50000,71539.99000,71429.99000,71524.99000,148
2026.06.19,17:45,71527.51000,71570.00000,71503.00000,71537.49000,97
2026.06.19,17:50,71542.51000,71577.49000,71499.99000,71573.01000,132
2026.06.19,17:55,71578.00000,71612.49000,71562.99000,71563.00000,79
2026.06.19,18:00,71567.50000,71652.50000,71552.99000,71643.00000,134
2026.06.19,18:05,71638.01000,71649.99000,71612.99000,71622.51000,110
2026.06.19,18:10,71613.00000,71640.01000,71552.99000,71640.01000,131
2026.06.19,18:15,71642.49000,71662.49000,71548.00000,71592.49000,142
2026.06.19,18:20,71582.99000,71624.99000,71572.99000,71613.01000,81
2026.06.19,18:25,71632.49000,71642.49000,71588.01000,71617.99000,94
2026.06.19,18:30,71627.50000,71672.49000,71577.99000,71613.00000,181
2026.06.19,18:35,71608.01000,71627.49000,71582.49000,71625.00000,81
2026.06.19,18:40,71622.99000,71672.51000,71618.00000,71665.00000,122
2026.06.19,18:45,71667.49000,71717.51000,71645.01000,71665.01000,93
2026.06.19,18:50,71657.51000,71732.50000,71637.99000,71687.51000,113
2026.06.19,18:55,71692.49000,71752.51000,71667.99000,71732.50000,134
2026.06.19,19:00,71727.99000,71782.49000,71677.99000,71760.01000,340
2026.06.19,19:05,71760.00000,71810.00000,71735.00000,71785.01000,217
2026.06.19,19:10,71784.99000,71852.50000,71784.99000,71845.00000,207
2026.06.19,19:15,71850.01000,71872.51000,71782.49000,71795.01000,220
2026.06.19,19:20,71797.51000,71809.99000,71762.99000,71775.01000,175
2026.06.19,19:25,71772.51000,71795.01000,71732.49000,71787.51000,201
2026.06.19,19:30,71790.00000,71790.01000,71744.99000,71775.00000,175
2026.06.19,19:35,71772.50000,71869.99000,71772.49000,71855.00000,125
2026.06.19,19:40,71857.50000,71890.01000,71842.51000,71870.00000,122
2026.06.19,19:45,71872.50000,71895.00000,71812.49000,71892.51000,143
2026.06.19,19:50,71889.99000,71900.00000,71842.50000,71860.00000,146
2026.06.19,19:55,71857.51000,71865.01000,71817.50000,71819.99000,147
2026.06.19,20:00,71822.50000,71882.51000,71820.00000,71820.00000,223
2026.06.19,20:05,71808.01000,71865.01000,71807.49000,71832.50000,181
2026.06.19,20:10,71835.01000,71837.51000,71778.01000,71787.50000,149
2026.06.19,20:15,71785.01000,71852.51000,71772.51000,71845.01000,123
2026.06.19,20:20,71842.49000,71847.49000,71792.49000,71807.51000,120
2026.06.19,20:25,71812.49000,71822.51000,71792.50000,71807.51000,94
2026.06.19,20:30,71809.99000,71907.50000,71809.99000,71907.50000,118
2026.06.19,20:35,71904.99000,71930.01000,71890.00000,71905.01000,128
2026.06.19,20:40,71910.00000,71922.50000,71880.00000,71882.49000,149
2026.06.19,20:45,71880.00000,71922.50000,71867.49000,71875.01000,179
2026.06.19,20:50,71877.50000,71942.51000,71877.50000,71912.49000,269
2026.06.19,20:55,71908.00000,71937.50000,71882.49000,71892.49000,153
2026.06.19,21:00,71895.01000,71942.50000,71864.99000,71867.50000,170
2026.06.19,21:05,71870.01000,71910.00000,71842.50000,71905.00000,175
2026.06.19,21:10,71902.49000,71927.49000,71877.51000,71879.99000,144
2026.06.19,21:15,71877.49000,71887.50000,71842.49000,71857.51000,119
2026.06.19,21:20,71855.00000,71870.01000,71790.00000,71790.00000,158
2026.06.19,21:25,71787.51000,71827.49000,71767.50000,71779.99000,135
2026.06.19,21:30,71782.50000,71785.01000,71707.51000,71742.51000,241
2026.06.19,21:35,71740.01000,71755.00000,71637.51000,71652.49000,277
2026.06.19,21:40,71649.99000,71712.49000,71647.50000,71692.50000,208
2026.06.19,21:45,71687.51000,71767.51000,71678.00000,71697.99000,217
2026.06.19,21:50,71702.50000,71745.01000,71692.99000,71702.49000,103
2026.06.19,21:55,71707.50000,71707.50000,71667.99000,71682.51000,140
2026.06.19,22:00,71679.99000,71679.99000,71604.99000,71620.01000,300
2026.06.19,22:05,71625.00000,71639.99000,71563.01000,71610.01000,296
2026.06.19,22:10,71607.51000,71662.51000,71595.01000,71655.00000,202
2026.06.19,22:15,71655.01000,71692.49000,71620.00000,71624.99000,178
2026.06.19,22:20,71630.01000,71660.00000,71617.50000,71632.51000,151
2026.06.19,22:25,71630.00000,71655.01000,71594.99000,71645.01000,200
2026.06.19,22:30,71642.51000,71702.51000,71640.00000,71687.49000,199
2026.06.19,22:35,71685.01000,71725.00000,71677.50000,71717.50000,155
2026.06.19,22:40,71719.99000,71762.51000,71717.49000,71760.00000,163
2026.06.19,22:45,71762.49000,71797.50000,71759.99000,71769.99000,120
2026.06.19,22:50,71770.00000,71785.01000,71697.49000,71699.99000,204
2026.06.19,22:55,71702.51000,71757.51000,71675.01000,71752.51000,143
2026.06.19,23:00,71754.99000,71757.51000,71702.50000,71717.49000,139
2026.06.19,23:05,71715.01000,71750.00000,71692.49000,71750.00000,186
2026.06.19,23:10,71752.49000,71765.00000,71730.00000,71730.00000,111
2026.06.19,23:15,71732.50000,71747.51000,71702.51000,71742.49000,112
2026.06.19,23:20,71740.01000,71762.51000,71727.99000,71745.00000,135
2026.06.19,23:25,71745.01000,71780.00000,71729.99000,71730.00000,145
2026.06.19,23:30,71718.00000,71737.50000,71707.51000,71730.01000,157
2026.06.19,23:35,71729.99000,71729.99000,71637.99000,71658.00000,214
2026.06.19,23:40,71667.49000,71730.00000,71652.99000,71717.99000,132
2026.06.19,23:45,71727.51000,71742.51000,71712.99000,71722.49000,103
2026.06.19,23:50,71719.99000,72062.50000,71712.99000,72037.50000,715
2026.06.19,23:55,72033.00000,72115.00000,71982.50000,72084.99000,482
2026.06.20,00:00,72092.49000,72132.51000,72008.01000,72042.51000,359
2026.06.20,00:05,72047.51000,72127.51000,72034.99000,72124.99000,271
2026.06.20,00:10,72122.50000,72140.00000,72085.01000,72114.99000,244
2026.06.20,00:15,72115.01000,72137.99000,72037.50000,72062.49000,185
2026.06.20,00:20,72065.00000,72067.50000,72029.99000,72055.00000,167
2026.06.20,00:25,72059.99000,72090.00000,72038.00000,72087.50000,105
2026.06.20,00:30,72085.00000,72120.01000,72037.49000,72055.00000,339
2026.06.20,00:35,72055.01000,72107.49000,72052.50000,72085.00000,171
2026.06.20,00:40,72089.99000,72102.50000,72027.51000,72032.50000,203
2026.06.20,00:45,72037.50000,72095.00000,72015.01000,72040.01000,288
2026.06.20,00:50,72042.51000,72042.51000,71980.00000,72002.50000,167
2026.06.20,00:55,71997.50000,72057.49000,71994.99000,72030.00000,174
2026.06.20,01:00,72024.99000,72045.00000,71967.49000,72045.00000,237
2026.06.20,01:05,72050.01000,72052.49000,71995.00000,72024.99000,184
2026.06.20,01:10,72019.99000,72030.01000,71992.49000,72012.49000,199
2026.06.20,01:15,72014.99000,72014.99000,71955.00000,71982.51000,148
2026.06.20,01:20,71977.50000,72020.01000,71959.99000,72017.49000,176
2026.06.20,01:25,72015.01000,72087.50000,72010.00000,72067.50000,149
2026.06.20,01:30,72069.99000,72090.00000,72050.00000,72057.49000,164
2026.06.20,01:35,72054.99000,72070.00000,72039.99000,72064.99000,165
2026.06.20,01:40,72067.49000,72070.01000,72045.01000,72062.49000,129
2026.06.20,01:45,72064.99000,72082.51000,72055.00000,72070.00000,116
2026.06.20,01:50,72067.51000,72085.00000,72054.99000,72062.51000,102
2026.06.20,01:55,72060.00000,72107.51000,72037.49000,72062.51000,119
2026.06.20,02:00,72065.01000,72072.51000,72044.99000,72067.51000,167
2026.06.20,02:05,72065.00000,72067.51000,72034.99000,72062.49000,85
2026.06.20,02:10,72059.99000,72095.01000,72055.00000,72085.00000,100
2026.06.20,02:15,72084.99000,72085.00000,72057.49000,72067.49000,124
2026.06.20,02:20,72064.99000,72085.00000,72025.00000,72025.00000,101
2026.06.20,02:25,72022.50000,72045.01000,71982.49000,72015.01000,123
2026.06.20,02:30,72017.51000,72032.51000,71997.50000,72005.00000,231
2026.06.20,02:35,72007.51000,72007.51000,71944.99000,71965.00000,203
2026.06.20,02:40,71962.50000,71977.50000,71945.00000,71945.00000,109
2026.06.20,02:45,71950.00000,72012.50000,71947.50000,72010.01000,101
2026.06.20,02:50,72012.50000,72037.51000,71995.00000,72007.51000,109
2026.06.20,02:55,72010.01000,72017.51000,71988.01000,72000.01000,96
2026.06.20,03:00,72002.50000,72047.51000,71995.00000,72047.50000,103
2026.06.20,03:05,72050.01000,72050.01000,71997.50000,71997.50000,69
2026.06.20,03:10,71995.01000,72017.50000,71992.49000,72015.01000,52
2026.06.20,03:15,72017.50000,72032.49000,72013.00000,72017.51000,68
2026.06.20,03:20,72012.99000,72037.51000,72012.99000,72027.99000,71
2026.06.20,03:25,72037.50000,72052.51000,72028.00000,72047.49000,60
2026.06.20,03:30,72043.00000,72065.01000,72027.99000,72062.51000,36
2026.06.20,03:35,72059.99000,72059.99000,72018.00000,72027.99000,82
2026.06.20,03:40,72032.51000,72037.51000,72007.99000,72017.51000,83
2026.06.20,03:45,72017.49000,72032.49000,71983.01000,71997.49000,104
2026.06.20,03:50,71993.00000,71997.51000,71917.99000,71925.01000,134
2026.06.20,03:55,71930.00000,71967.50000,71902.99000,71928.00000,219
2026.06.22,09:00,71867.99000,71867.99000,71452.49000,71487.50000,74
2026.06.22,09:05,71498.00000,71543.00000,71407.99000,71477.99000,161
2026.06.22,09:10,71482.49000,71498.01000,71332.99000,71333.00000,124
2026.06.22,09:15,71338.00000,71458.01000,71158.00000,71458.01000,130
2026.06.22,09:20,71463.01000,71553.00000,71463.00000,71527.99000,85
2026.06.22,09:25,71527.99000,71575.01000,71497.99000,71523.01000,47
2026.06.22,09:30,71513.00000,71543.01000,71487.99000,71513.01000,53
2026.06.22,09:35,71518.00000,71523.01000,71498.00000,71513.01000,29
2026.06.22,09:40,71513.00000,71652.51000,71502.99000,71637.49000,44
2026.06.22,09:45,71622.99000,71662.49000,71622.99000,71652.99000,43
2026.06.22,09:50,71662.49000,71662.49000,71628.00000,71638.01000,52
2026.06.22,09:55,71642.99000,71657.99000,71582.99000,71598.00000,61
2026.06.22,10:00,71598.00000,71613.00000,71442.99000,71452.99000,153
2026.06.22,10:05,71448.01000,71448.01000,71338.00000,71403.00000,72
2026.06.22,10:10,71403.00000,71712.99000,71332.99000,71592.99000,72
2026.06.22,10:15,71583.01000,71658.00000,71553.01000,71562.99000,65
2026.06.22,10:20,71553.00000,71720.01000,71542.99000,71720.01000,71
2026.06.22,10:25,71698.01000,71774.99000,71572.99000,71582.99000,87
2026.06.22,10:30,71617.50000,71633.01000,71437.99000,71492.99000,117
2026.06.22,10:35,71493.00000,71493.01000,71362.99000,71418.00000,111
2026.06.22,10:40,71417.99000,71493.00000,71352.99000,71467.99000,149
2026.06.22,10:45,71468.01000,71618.01000,71312.99000,71337.99000,494
2026.06.22,10:50,71343.01000,71373.01000,71253.01000,71303.01000,283
2026.06.22,10:55,71303.00000,71337.99000,71252.99000,71327.99000,319
2026.06.22,11:00,71328.01000,72003.00000,71292.99000,71988.01000,894
2026.06.22,11:05,71988.00000,72147.99000,71847.99000,71968.01000,1072
2026.06.22,11:10,71962.99000,72013.01000,71718.00000,71857.99000,809
2026.06.22,11:15,71862.99000,71952.99000,71787.99000,71848.01000,1032
2026.06.22,11:20,71843.01000,71927.50000,71737.99000,71798.01000,1056
2026.06.22,11:25,71793.00000,72040.01000,71702.99000,71962.99000,872
2026.06.22,11:30,71963.00000,72143.00000,71852.99000,72123.00000,749
2026.06.22,11:35,72123.00000,72453.01000,72117.99000,72402.99000,722
2026.06.22,11:40,72407.49000,72447.51000,72238.01000,72363.00000,741
2026.06.22,11:45,72362.99000,72492.50000,72342.99000,72423.01000,772
2026.06.22,11:50,72433.01000,72487.51000,72368.00000,72432.99000,704
2026.06.22,11:55,72448.01000,72577.50000,72373.00000,72493.00000,544
2026.06.22,12:00,72498.00000,72612.51000,72472.99000,72507.99000,869
2026.06.22,12:05,72513.00000,72669.99000,72483.01000,72643.01000,543
2026.06.22,12:10,72648.00000,72813.01000,72648.00000,72807.50000,510
2026.06.22,12:15,72810.00000,72897.50000,72708.01000,72782.49000,618
2026.06.22,12:20,72787.51000,72908.01000,72727.99000,72747.99000,616
2026.06.22,12:25,72748.01000,72803.00000,72717.99000,72733.01000,485
2026.06.22,12:30,72728.00000,72753.01000,72588.01000,72687.99000,607
2026.06.22,12:35,72688.01000,72848.01000,72607.99000,72847.99000,526
2026.06.22,12:40,72843.00000,72918.01000,72778.00000,72863.01000,441
2026.06.22,12:45,72863.00000,72877.51000,72768.00000,72813.01000,485
2026.06.22,12:50,72812.99000,72888.00000,72768.00000,72813.00000,368
2026.06.22,12:55,72817.99000,72883.01000,72788.00000,72843.01000,342
2026.06.22,13:00,72852.49000,72913.01000,72807.99000,72868.01000,404
2026.06.22,13:05,72868.00000,72943.01000,72822.99000,72893.00000,344
2026.06.22,13:10,72892.99000,72930.01000,72817.99000,72817.99000,245
2026.06.22,13:15,72823.01000,72892.50000,72812.99000,72863.01000,229
2026.06.22,13:20,72862.99000,72967.50000,72822.99000,72948.00000,214
2026.06.22,13:25,72957.51000,72962.51000,72813.00000,72828.01000,218
2026.06.22,13:30,72823.01000,72848.00000,72772.99000,72818.01000,150
2026.06.22,13:35,72823.01000,72823.01000,72767.99000,72773.00000,129
2026.06.22,13:40,72768.01000,72838.01000,72758.00000,72788.01000,137
2026.06.22,13:45,72788.00000,72803.01000,72712.99000,72732.99000,139
2026.06.22,13:50,72732.99000,72768.00000,72718.00000,72723.01000,151
2026.06.22,13:55,72723.00000,72733.01000,72693.00000,72712.50000,104
2026.06.22,14:00,72717.49000,72733.01000,72627.99000,72728.00000,189
2026.06.22,14:05,72728.00000,72747.99000,72673.00000,72702.99000,130
2026.06.22,14:10,72703.01000,72708.00000,72663.00000,72668.01000,119
2026.06.22,14:15,72672.99000,72772.51000,72672.99000,72743.00000,116
2026.06.22,14:20,72737.99000,72793.00000,72727.99000,72788.00000,100
2026.06.22,14:25,72788.01000,72797.50000,72762.99000,72778.01000,76
2026.06.22,14:30,72782.99000,73027.50000,72782.99000,72998.00000,389
2026.06.22,14:35,73002.99000,73037.50000,72942.99000,72942.99000,298
2026.06.22,14:40,72938.01000,72968.00000,72838.00000,72908.01000,194
2026.06.22,14:45,72902.99000,72993.01000,72902.99000,72952.99000,180
2026.06.22,14:50,72948.00000,72982.51000,72847.99000,72847.99000,175
2026.06.22,14:55,72853.00000,72867.99000,72788.01000,72817.99000,169
2026.06.22,15:00,72823.01000,72852.50000,72732.99000,72757.99000,197
2026.06.22,15:05,72753.01000,72838.01000,72743.01000,72827.99000,235
2026.06.22,15:10,72828.00000,72847.50000,72697.99000,72702.99000,214
2026.06.22,15:15,72707.99000,72783.01000,72677.99000,72713.00000,316
2026.06.22,15:20,72708.00000,72757.49000,72652.99000,72677.50000,310
2026.06.22,15:25,72682.49000,72682.49000,72583.00000,72588.01000,198
2026.06.22,15:30,72588.01000,72628.01000,72508.01000,72613.01000,370
2026.06.22,15:35,72618.01000,72618.01000,72498.00000,72572.99000,352
2026.06.22,15:40,72573.00000,72628.01000,72512.99000,72548.00000,356
2026.06.22,15:45,72552.99000,72718.01000,72533.01000,72703.01000,427
2026.06.22,15:50,72698.00000,72775.00000,72687.99000,72753.01000,244
2026.06.22,15:55,72747.99000,72778.01000,72717.99000,72733.01000,180
2026.06.22,16:00,72738.00000,72773.00000,72637.99000,72678.00000,257
2026.06.22,16:05,72673.00000,72807.99000,72662.99000,72778.00000,280
2026.06.22,16:10,72772.99000,72777.99000,72688.00000,72733.00000,216
2026.06.22,16:15,72728.00000,72757.49000,72658.00000,72683.01000,236
2026.06.22,16:20,72677.99000,72717.50000,72633.00000,72712.99000,213
2026.06.22,16:25,72718.00000,72742.49000,72687.99000,72722.99000,189
2026.06.22,16:30,72728.00000,72733.01000,72562.99000,72618.01000,295
2026.06.22,16:35,72618.00000,72678.00000,72607.99000,72612.99000,232
2026.06.22,16:40,72617.99000,72643.00000,72542.99000,72572.51000,271
2026.06.22,16:45,72558.01000,72592.51000,72527.99000,72573.00000,179
2026.06.22,16:50,72578.01000,72587.51000,72527.99000,72533.00000,151
2026.06.22,16:55,72533.00000,72578.01000,72517.99000,72538.01000,195
2026.06.22,17:00,72542.99000,72577.51000,72502.99000,72567.51000,298
2026.06.22,17:05,72562.99000,72657.50000,72537.99000,72642.50000,244
2026.06.22,17:10,72638.01000,72662.50000,72558.01000,72632.99000,272
2026.06.22,17:15,72637.49000,72637.49000,72517.99000,72537.51000,245
2026.06.22,17:20,72532.99000,72642.50000,72517.99000,72632.50000,251
2026.06.22,17:25,72630.01000,72687.50000,72578.00000,72655.01000,337
2026.06.22,17:30,72652.51000,72652.51000,72492.99000,72533.00000,299
2026.06.22,17:35,72537.50000,72692.49000,72532.99000,72652.51000,193
2026.06.22,17:40,72654.99000,72817.50000,72648.01000,72782.51000,151
2026.06.22,17:45,72787.51000,72822.51000,72772.99000,72802.49000,110
2026.06.22,17:50,72797.99000,72832.51000,72788.00000,72830.00000,67
2026.06.22,17:55,72827.51000,72862.51000,72817.99000,72822.51000,101
2026.06.22,18:00,72827.50000,72952.50000,72822.49000,72922.49000,209
2026.06.22,18:05,72919.99000,72925.01000,72835.00000,72835.01000,147
2026.06.22,18:10,72832.50000,72869.99000,72812.50000,72862.50000,146
2026.06.22,18:15,72857.99000,72957.50000,72853.00000,72932.51000,151
2026.06.22,18:20,72937.49000,72947.50000,72863.00000,72872.50000,145
2026.06.22,18:25,72868.00000,72907.51000,72857.50000,72907.49000,111
2026.06.22,18:30,72905.00000,72915.01000,72818.01000,72839.99000,142
2026.06.22,18:35,72842.49000,72875.01000,72832.49000,72835.00000,108
2026.06.22,18:40,72837.49000,72837.49000,72743.00000,72767.50000,117
2026.06.22,18:45,72757.99000,72792.49000,72732.99000,72787.51000,90
2026.06.22,18:50,72782.49000,72809.99000,72762.99000,72767.51000,86
2026.06.22,18:55,72763.01000,72795.00000,72747.99000,72768.01000,128
2026.06.22,19:00,72777.51000,72800.01000,72557.99000,72620.00000,413
2026.06.22,19:05,72622.51000,72647.51000,72590.01000,72617.50000,294
2026.06.22,19:10,72613.00000,72704.99000,72573.00000,72703.01000,270
2026.06.22,19:15,72707.51000,72772.51000,72668.00000,72698.01000,271
2026.06.22,19:20,72702.51000,72777.51000,72693.00000,72772.50000,282
2026.06.22,19:25,72770.00000,72792.50000,72703.00000,72717.99000,260
2026.06.22,19:30,72732.49000,72752.50000,72673.00000,72747.99000,271
2026.06.22,19:35,72753.01000,72825.01000,72737.99000,72773.00000,254
2026.06.22,19:40,72782.50000,72827.49000,72757.99000,72827.49000,166
2026.06.22,19:45,72827.50000,72855.01000,72777.49000,72850.01000,180
2026.06.22,19:50,72852.51000,72900.00000,72824.99000,72900.00000,184
2026.06.22,19:55,72905.00000,72935.00000,72892.51000,72932.50000,160
2026.06.22,20:00,72929.99000,73057.50000,72902.99000,73052.49000,308
2026.06.22,20:05,73062.51000,73147.51000,73053.01000,73139.99000,289
2026.06.22,20:10,73137.49000,73155.01000,73090.01000,73117.49000,254
2026.06.22,20:15,73120.00000,73145.00000,73092.50000,73132.50000,206
2026.06.22,20:20,73135.00000,73157.51000,73112.49000,73157.50000,172
2026.06.22,20:25,73155.01000,73182.50000,73134.99000,73154.99000,178
2026.06.22,20:30,73152.49000,73210.00000,73092.51000,73197.50000,213
2026.06.22,20:35,73194.99000,73225.01000,73165.00000,73172.51000,205
2026.06.22,20:40,73170.01000,73187.50000,73139.99000,73167.50000,208
2026.06.22,20:45,73169.99000,73229.99000,73165.00000,73215.00000,232
2026.06.22,20:50,73217.51000,73217.51000,73155.00000,73185.00000,235
2026.06.22,20:55,73187.49000,73189.99000,73090.01000,73090.01000,209
2026.06.22,21:00,73090.00000,73245.01000,73072.99000,73240.01000,251
2026.06.22,21:05,73237.49000,73332.50000,73212.99000,73295.01000,301
2026.06.22,21:10,73289.99000,73332.51000,73273.01000,73297.49000,182
2026.06.22,21:15,73302.49000,73322.51000,73285.00000,73305.00000,120
2026.06.22,21:20,73307.50000,73329.99000,73265.00000,73325.01000,148
2026.06.22,21:25,73332.49000,73352.50000,73272.99000,73315.00000,155
2026.06.22,21:30,73312.51000,73312.51000,73227.99000,73232.50000,173
2026.06.22,21:35,73235.00000,73312.50000,73233.01000,73242.49000,132
2026.06.22,21:40,73239.99000,73267.51000,73213.01000,73247.49000,150
2026.06.22,21:45,73250.01000,73277.51000,73233.00000,73250.01000,127
2026.06.22,21:50,73254.99000,73257.51000,73198.01000,73217.50000,197
2026.06.22,21:55,73215.00000,73227.51000,73187.51000,73205.01000,150
2026.06.22,22:00,73204.99000,73352.99000,73204.99000,73337.51000,311
2026.06.22,22:05,73335.01000,73482.50000,73332.49000,73390.00000,634
2026.06.22,22:10,73387.49000,73392.51000,73238.00000,73267.49000,344
2026.06.22,22:15,73257.99000,73267.51000,73228.00000,73249.99000,166
2026.06.22,22:20,73243.01000,73257.50000,73217.49000,73237.51000,155
2026.06.22,22:25,73240.00000,73275.01000,73224.99000,73257.51000,140
2026.06.22,22:30,73260.01000,73297.51000,73247.50000,73259.99000,147
2026.06.22,22:35,73262.51000,73300.01000,73252.50000,73292.49000,127
2026.06.22,22:40,73294.99000,73315.01000,73272.50000,73285.01000,241
2026.06.22,22:45,73282.49000,73325.00000,73257.51000,73322.51000,246
2026.06.22,22:50,73325.00000,73325.00000,73265.00000,73297.50000,127
2026.06.22,22:55,73295.01000,73335.00000,73289.99000,73317.49000,138
2026.06.22,23:00,73320.01000,73334.99000,73285.01000,73332.50000,183
2026.06.22,23:05,73330.01000,73352.51000,73317.50000,73347.49000,182
2026.06.22,23:10,73344.99000,73382.50000,73320.00000,73362.50000,125
2026.06.22,23:15,73360.00000,73375.01000,73338.00000,73360.01000,150
2026.06.22,23:20,73362.50000,73432.51000,73362.50000,73410.01000,170
2026.06.22,23:25,73407.49000,73454.99000,73394.99000,73449.99000,176
2026.06.22,23:30,73447.51000,73465.01000,73422.49000,73465.01000,151
2026.06.22,23:35,73462.49000,73475.00000,73427.51000,73450.01000,121
2026.06.22,23:40,73452.50000,73460.01000,73377.49000,73377.51000,173
2026.06.22,23:45,73380.00000,73395.01000,73357.99000,73367.50000,140
2026.06.22,23:50,73365.00000,73370.00000,73314.99000,73319.99000,116
2026.06.22,23:55,73322.51000,73335.01000,73272.49000,73275.01000,127
2026.06.23,00:00,73277.50000,73417.51000,73277.50000,73362.50000,499
2026.06.23,00:05,73364.99000,73372.51000,73287.50000,73327.50000,241
2026.06.23,00:10,73327.49000,73402.51000,73305.00000,73402.51000,238
2026.06.23,00:15,73405.01000,73422.50000,73358.00000,73373.00000,142
2026.06.23,00:20,73382.50000,73422.51000,73372.99000,73413.01000,146
2026.06.23,00:25,73417.49000,73467.50000,73392.99000,73467.50000,194
2026.06.23,00:30,73452.51000,73532.50000,73375.01000,73480.01000,746
2026.06.23,00:35,73480.00000,73612.50000,73477.51000,73605.00000,602
2026.06.23,00:40,73607.49000,73617.51000,73362.50000,73400.00000,753
2026.06.23,00:45,73397.49000,73517.51000,73392.49000,73485.00000,824
2026.06.23,00:50,73482.51000,73550.01000,73457.49000,73482.51000,600
2026.06.23,00:55,73484.99000,73579.99000,73469.99000,73559.99000,429
2026.06.23,01:00,73562.49000,73657.49000,73537.99000,73642.51000,385
2026.06.23,01:05,73640.01000,73715.01000,73605.01000,73682.50000,526
2026.06.23,01:10,73680.01000,73690.01000,73589.99000,73632.50000,448
2026.06.23,01:15,73629.99000,73654.99000,73559.99000,73590.00000,472
2026.06.23,01:20,73587.50000,73602.51000,73467.51000,73492.50000,530
2026.06.23,01:25,73489.99000,73562.49000,73442.50000,73460.00000,697
2026.06.23,01:30,73465.01000,73467.51000,73287.99000,73369.99000,860
2026.06.23,01:35,73370.00000,73452.51000,73337.99000,73393.01000,820
2026.06.23,01:40,73392.99000,73437.51000,73237.99000,73243.00000,785
2026.06.23,01:45,73247.49000,73297.50000,73148.00000,73167.99000,808
2026.06.23,01:50,73184.99000,73232.51000,73058.01000,73102.50000,632
2026.06.23,01:55,73105.01000,73242.51000,73067.51000,73202.51000,653
2026.06.23,02:00,73197.99000,73285.01000,73192.99000,73230.01000,466
2026.06.23,02:05,73227.51000,73229.99000,73104.99000,73170.00000,639
2026.06.23,02:10,73172.50000,73195.01000,73109.99000,73122.50000,629
2026.06.23,02:15,73125.01000,73157.51000,73023.01000,73037.51000,654
2026.06.23,02:20,73039.99000,73107.51000,73014.99000,73079.99000,677
2026.06.23,02:25,73087.51000,73110.01000,73032.50000,73102.50000,530
2026.06.23,02:30,73105.01000,73147.51000,73067.50000,73072.49000,547
2026.06.23,02:35,73075.01000,73124.99000,73010.01000,73107.50000,497
2026.06.23,02:40,73109.99000,73237.50000,73109.99000,73202.50000,268
2026.06.23,02:45,73204.99000,73242.49000,73077.49000,73084.99000,348
2026.06.23,02:50,73087.51000,73127.51000,73024.99000,73024.99000,625
2026.06.23,02:55,73022.51000,73077.51000,72972.49000,72992.51000,545
2026.06.23,03:00,72994.99000,73015.01000,72887.99000,72940.00000,546
2026.06.23,03:05,72932.49000,73022.50000,72908.01000,73017.50000,533
2026.06.23,03:10,73015.00000,73072.51000,73007.99000,73064.99000,400
2026.06.23,03:15,73060.01000,73077.51000,73017.49000,73077.51000,353
2026.06.23,03:20,73080.01000,73125.00000,73032.99000,73062.49000,381
2026.06.23,03:25,73060.00000,73080.00000,73007.99000,73080.00000,348
2026.06.23,03:30,73077.51000,73077.51000,72997.49000,73002.50000,327
2026.06.23,03:35,73000.00000,73025.00000,72967.99000,73002.50000,356
2026.06.23,03:40,73005.00000,73022.49000,72967.49000,73007.51000,423
2026.06.23,03:45,73004.99000,73090.01000,72972.49000,73085.00000,434
2026.06.23,03:50,73082.50000,73130.00000,73069.99000,73127.49000,285
2026.06.23,03:55,73130.01000,73167.51000,73087.49000,73122.50000,317
2026.06.23,04:00,73125.00000,73127.49000,73052.49000,73082.50000,201
2026.06.23,04:05,73079.99000,73080.00000,72974.99000,72974.99000,239
2026.06.23,04:10,72972.49000,72997.50000,72962.99000,72982.50000,183
2026.06.23,04:15,72985.01000,73052.50000,72982.50000,73047.50000,237
2026.06.23,04:20,73045.01000,73072.51000,73014.99000,73032.51000,215
2026.06.23,04:25,73030.01000,73057.51000,73015.00000,73022.50000,186
2026.06.23,04:30,73022.51000,73042.50000,72974.99000,72990.00000,251
2026.06.23,04:35,72987.49000,73040.01000,72937.49000,73030.01000,322
2026.06.23,04:40,73032.51000,73037.49000,72987.50000,72989.99000,209
2026.06.23,04:45,72987.51000,73052.51000,72980.00000,73044.99000,208
2026.06.23,04:50,73045.01000,73102.51000,73027.49000,73095.01000,164
2026.06.23,04:55,73090.01000,73092.49000,73042.49000,73042.49000,191
2026.06.23,05:00,73044.99000,73075.00000,73009.99000,73025.01000,197
2026.06.23,05:05,73022.49000,73062.51000,73012.51000,73060.01000,140
2026.06.23,05:10,73062.50000,73077.51000,73023.00000,73027.51000,117
2026.06.23,05:15,73029.99000,73077.49000,73029.99000,73072.50000,120
2026.06.23,05:20,73074.99000,73117.50000,73067.51000,73105.01000,153
2026.06.23,05:25,73107.51000,73107.51000,73042.49000,73062.50000,161
2026.06.23,05:30,73064.99000,73097.49000,73013.00000,73027.49000,116
2026.06.23,05:35,73030.01000,73050.00000,72999.99000,73002.51000,168
2026.06.23,05:40,73004.99000,73017.50000,72962.49000,72969.99000,212
2026.06.23,05:45,72967.49000,73020.01000,72957.49000,73012.49000,234
2026.06.23,05:50,73014.99000,73017.51000,72937.51000,72982.51000,274
2026.06.23,05:55,72980.01000,72980.01000,72927.49000,72940.00000,271
2026.06.23,06:00,72942.50000,73017.51000,72934.99000,72997.50000,273
2026.06.23,06:05,72995.01000,73002.49000,72895.01000,72957.51000,216
2026.06.23,06:10,72957.49000,73002.49000,72932.49000,72972.51000,203
2026.06.23,06:15,72974.99000,73020.01000,72957.49000,73010.00000,281
2026.06.23,06:20,73005.01000,73005.01000,72929.99000,72952.51000,308
2026.06.23,06:25,72955.00000,72969.99000,72929.99000,72935.01000,301
2026.06.23,06:30,72937.50000,73017.51000,72932.49000,73002.50000,278
2026.06.23,06:35,72997.50000,73032.51000,72978.00000,73002.51000,255
2026.06.23,06:40,73005.01000,73007.51000,72942.99000,72942.99000,249
2026.06.23,06:45,72962.49000,73052.51000,72958.00000,73052.51000,219
2026.06.23,06:50,73054.99000,73125.00000,73040.00000,73085.01000,348
2026.06.23,06:55,73087.49000,73122.51000,73062.99000,73088.00000,343
2026.06.23,07:00,73087.49000,73117.49000,73062.99000,73088.00000,222
2026.06.23,07:05,73083.01000,73102.50000,73058.00000,73093.01000,110
2026.06.23,07:10,73092.99000,73127.51000,73087.99000,73122.49000,67
2026.06.23,07:15,73118.00000,73137.50000,73092.99000,73134.99000,80
2026.06.23,07:20,73137.49000,73142.50000,73107.99000,73112.99000,40
2026.06.23,07:25,73117.49000,73117.49000,73068.00000,73077.49000,43
2026.06.23,07:30,73077.50000,73085.01000,73062.99000,73062.99000,20
2026.06.23,07:35,73063.00000,73077.51000,73062.99000,73077.51000,27
2026.06.23,07:40,73079.99000,73097.51000,73073.01000,73093.00000,19
2026.06.23,07:45,73097.50000,73117.51000,73087.99000,73117.51000,30
2026.06.23,07:50,73113.01000,73117.50000,73062.99000,73073.00000,46
2026.06.23,07:55,73087.49000,73087.49000,73032.99000,73057.51000,47
2026.06.23,09:00,73078.00000,73187.99000,73028.00000,73028.00000,68
2026.06.23,09:05,73018.01000,73023.01000,72973.01000,72998.00000,14
2026.06.23,09:10,73003.00000,73032.51000,73003.00000,73032.51000,25
2026.06.23,09:15,73035.00000,73062.51000,73032.99000,73055.00000,44
2026.06.23,09:20,73054.99000,73087.51000,73043.00000,73063.01000,45
2026.06.23,09:25,73067.51000,73077.51000,73042.99000,73048.00000,29
2026.06.23,09:30,73048.00000,73048.01000,72992.49000,72992.49000,44
2026.06.23,09:35,72992.99000,72998.00000,72922.99000,72948.01000,35
2026.06.23,09:40,72948.01000,72972.51000,72932.99000,72932.99000,49
2026.06.23,09:45,72937.99000,72953.01000,72927.99000,72947.99000,50
2026.06.23,09:50,72948.00000,72973.00000,72927.99000,72973.00000,48
2026.06.23,09:55,72967.99000,72973.01000,72942.99000,72942.99000,42
2026.06.23,10:00,72943.00000,72962.51000,72897.99000,72918.00000,50
2026.06.23,10:05,72912.99000,72943.00000,72912.99000,72933.01000,20
2026.06.23,10:10,72938.00000,72938.00000,72908.00000,72908.00000,8
2026.06.23,10:15,72908.01000,72913.00000,72852.99000,72852.99000,17
2026.06.23,10:20,72848.01000,72937.50000,72847.99000,72917.99000,37
2026.06.23,10:25,72927.99000,72977.51000,72917.99000,72957.99000,67
2026.06.23,10:30,72952.99000,72997.99000,72923.00000,72997.99000,108
2026.06.23,10:35,72993.01000,73047.50000,72987.99000,73018.01000,91
2026.06.23,10:40,73012.99000,73032.51000,72932.99000,72962.99000,116
2026.06.23,10:45,72968.00000,73022.99000,72717.99000,72763.01000,444
2026.06.23,10:50,72768.00000,72783.01000,72662.99000,72708.00000,300
2026.06.23,10:55,72707.99000,72848.01000,72702.99000,72778.00000,320
2026.06.23,11:00,72773.01000,72803.00000,72563.00000,72727.99000,866
2026.06.23,11:05,72743.00000,72748.00000,72482.99000,72553.01000,834
2026.06.23,11:10,72538.01000,72603.00000,72398.00000,72422.99000,766
2026.06.23,11:15,72423.00000,72578.00000,72262.99000,72273.01000,954
2026.06.23,11:20,72273.01000,72278.01000,72073.00000,72147.99000,1035
2026.06.23,11:25,72148.01000,72172.99000,71912.99000,71918.01000,1183
2026.06.23,11:30,71957.51000,72183.00000,71912.99000,72122.99000,1074
2026.06.23,11:35,72118.01000,72138.01000,71893.00000,72013.01000,1045
2026.06.23,11:40,72022.99000,72138.01000,71942.99000,72128.01000,1021
2026.06.23,11:45,72133.00000,72318.01000,72078.00000,72297.99000,1073
2026.06.23,11:50,72298.01000,72358.00000,72198.01000,72208.01000,891
2026.06.23,11:55,72207.99000,72278.01000,72107.99000,72218.00000,727
2026.06.23,12:00,72213.00000,72423.00000,72213.00000,72418.01000,921
2026.06.23,12:05,72417.99000,72443.01000,72273.00000,72388.00000,851
2026.06.23,12:10,72383.01000,72448.01000,72257.99000,72263.00000,763
2026.06.23,12:15,72267.99000,72307.99000,72132.99000,72177.99000,886
2026.06.23,12:20,72173.00000,72318.01000,72128.01000,72167.99000,777
2026.06.23,12:25,72182.50000,72308.00000,72178.01000,72263.00000,718
2026.06.23,12:30,72268.01000,72313.01000,72107.99000,72123.00000,709
2026.06.23,12:35,72123.00000,72132.99000,71977.99000,72038.00000,841
2026.06.23,12:40,72033.00000,72158.01000,71942.99000,71958.01000,773
2026.06.23,12:45,71962.99000,71973.00000,71772.99000,71812.49000,879
2026.06.23,12:50,71803.00000,71872.99000,71718.00000,71812.50000,939
2026.06.23,12:55,71803.01000,71872.49000,71677.99000,71683.01000,814
2026.06.23,13:00,71698.01000,71775.01000,71642.99000,71732.99000,956
2026.06.23,13:05,71733.01000,71733.01000,71537.99000,71568.00000,638
2026.06.23,13:10,71568.01000,71743.01000,71542.99000,71717.99000,786
2026.06.23,13:15,71718.00000,71833.01000,71642.99000,71763.00000,766
2026.06.23,13:20,71773.01000,71832.51000,71718.01000,71787.99000,629
2026.06.23,13:25,71783.00000,71867.50000,71758.00000,71833.00000,613
2026.06.23,13:30,71827.99000,71842.99000,71717.99000,71722.99000,486
2026.06.23,13:35,71723.01000,71782.50000,71712.99000,71723.01000,318
2026.06.23,13:40,71737.50000,71772.50000,71697.99000,71767.99000,406
2026.06.23,13:45,71768.00000,71788.01000,71647.99000,71698.01000,443
2026.06.23,13:50,71702.99000,71777.49000,71692.99000,71727.99000,388
2026.06.23,13:55,71727.99000,71747.49000,71613.00000,71643.01000,361
2026.06.23,14:00,71647.99000,71668.01000,71572.99000,71628.00000,477
2026.06.23,14:05,71623.01000,71632.49000,71537.99000,71543.01000,343
2026.06.23,14:10,71542.99000,71607.51000,71532.99000,71573.01000,385
2026.06.23,14:15,71572.99000,71597.50000,71552.99000,71557.99000,410
2026.06.23,14:20,71562.50000,71587.99000,71527.99000,71557.51000,422
2026.06.23,14:25,71559.99000,71593.01000,71523.00000,71572.49000,360
2026.06.23,14:30,71562.99000,71563.01000,71292.50000,71305.01000,846
2026.06.23,14:35,71300.01000,71452.50000,71207.99000,71237.51000,807
2026.06.23,14:40,71228.00000,71382.51000,71192.99000,71372.49000,779
2026.06.23,14:45,71367.49000,71437.51000,71282.99000,71387.49000,874
2026.06.23,14:50,71387.50000,71554.99000,71382.99000,71537.50000,637
2026.06.23,14:55,71537.49000,71602.50000,71493.01000,71597.49000,741
2026.06.23,15:00,71602.50000,71697.50000,71573.00000,71672.49000,734
2026.06.23,15:05,71675.01000,71675.01000,71462.99000,71487.50000,710
2026.06.23,15:10,71487.51000,71557.51000,71427.99000,71547.99000,690
2026.06.23,15:15,71552.50000,71552.50000,71302.99000,71312.49000,644
2026.06.23,15:20,71307.99000,71364.99000,71263.00000,71303.01000,588
2026.06.23,15:25,71312.49000,71357.50000,71237.99000,71312.49000,572
2026.06.23,15:30,71312.50000,71337.51000,71267.99000,71282.51000,649
2026.06.23,15:35,71282.49000,71292.51000,71222.99000,71257.50000,566
2026.06.23,15:40,71252.99000,71287.51000,71193.01000,71242.50000,487
2026.06.23,15:45,71238.01000,71257.51000,71153.01000,71228.01000,523
2026.06.23,15:50,71242.50000,71242.51000,71027.99000,71032.49000,503
2026.06.23,15:55,71032.99000,71117.51000,70983.01000,71042.99000,596
2026.06.23,16:00,71052.51000,71187.51000,71047.99000,71148.00000,978
2026.06.23,16:05,71157.49000,71205.01000,71007.99000,71017.50000,739
2026.06.23,16:10,71017.49000,71125.00000,71002.99000,71012.50000,653
2026.06.23,16:15,71012.49000,71032.50000,70852.99000,70873.00000,557
2026.06.23,16:20,70877.99000,70923.00000,70758.00000,70822.49000,634
2026.06.23,16:25,70819.99000,70875.01000,70592.99000,70657.99000,731
2026.06.23,16:30,70657.99000,70668.00000,70538.01000,70543.01000,961
2026.06.23,16:35,70543.01000,70633.01000,70463.01000,70508.01000,695
2026.06.23,16:40,70513.00000,70652.50000,70457.99000,70603.00000,753
2026.06.23,16:45,70607.99000,70657.51000,70463.00000,70498.01000,597
2026.06.23,16:50,70498.00000,70592.99000,70442.99000,70457.51000,552
2026.06.23,16:55,70442.99000,70452.50000,70223.00000,70323.01000,653
2026.06.23,17:00,70323.01000,70477.51000,70247.99000,70442.50000,782
2026.06.23,17:05,70452.50000,70482.49000,70252.49000,70263.01000,876
2026.06.23,17:10,70268.00000,70277.51000,70138.01000,70232.50000,790
2026.06.23,17:15,70228.00000,70347.51000,70117.99000,70147.49000,774
2026.06.23,17:20,70144.99000,70167.50000,70023.00000,70082.51000,537
2026.06.23,17:25,70084.99000,70129.99000,69977.99000,70015.00000,821
2026.06.23,17:30,70017.51000,70052.51000,69878.00000,70032.99000,781
2026.06.23,17:35,70037.49000,70037.51000,69858.01000,69943.00000,594
2026.06.23,17:40,69947.51000,70037.50000,69773.00000,69817.50000,422
2026.06.23,17:45,69814.99000,69963.01000,69742.99000,69792.49000,298
2026.06.23,17:50,69788.01000,69848.01000,69738.00000,69837.51000,221
2026.06.23,17:55,69832.51000,69877.50000,69773.00000,69814.99000,273
2026.06.23,18:00,69797.99000,69837.51000,69668.01000,69738.01000,526
2026.06.23,18:05,69747.49000,70047.51000,69728.00000,70027.50000,294
2026.06.23,18:10,70028.00000,70132.50000,70003.00000,70093.01000,300
2026.06.23,18:15,70093.01000,70144.99000,69922.99000,69928.01000,277
2026.06.23,18:20,69922.99000,69947.51000,69812.99000,69818.00000,303
2026.06.23,18:25,69822.99000,69853.01000,69752.99000,69827.99000,288
2026.06.23,18:30,69828.00000,69858.00000,69672.99000,69853.01000,335
2026.06.23,18:35,69857.99000,69857.99000,69712.99000,69843.00000,353
2026.06.23,18:40,69843.01000,69893.01000,69653.00000,69698.00000,403
2026.06.23,18:45,69698.00000,69713.01000,69618.00000,69643.00000,322
2026.06.23,18:50,69653.00000,69657.99000,69558.00000,69618.01000,320
2026.06.23,18:55,69603.01000,69608.00000,69497.99000,69568.00000,343
2026.06.23,19:00,69573.00000,69598.00000,69032.99000,69037.99000,1023
2026.06.23,19:05,69028.01000,69288.01000,69028.01000,69243.01000,778
2026.06.23,19:10,69243.00000,69297.99000,69172.99000,69218.01000,669
2026.06.23,19:15,69218.01000,69247.51000,69072.99000,69073.01000,826
2026.06.23,19:20,69073.01000,69138.01000,68997.99000,69052.99000,623
2026.06.23,19:25,69052.99000,69073.00000,68918.01000,68962.99000,645
2026.06.23,19:30,68953.01000,69238.01000,68942.99000,69228.00000,822
2026.06.23,19:35,69237.99000,69283.00000,69142.99000,69167.99000,647
2026.06.23,19:40,69167.99000,69293.00000,69162.99000,69197.99000,578
2026.06.23,19:45,69202.99000,69202.99000,68957.99000,69003.00000,653
2026.06.23,19:50,69017.49000,69107.99000,68972.99000,69097.49000,580
2026.06.23,19:55,69088.00000,69173.01000,69047.99000,69163.00000,536
2026.06.23,20:00,69163.00000,69337.51000,69152.99000,69288.00000,620
2026.06.23,20:05,69288.01000,69402.50000,69257.99000,69282.99000,471
2026.06.23,20:10,69278.00000,69462.50000,69238.00000,69438.01000,550
2026.06.23,20:15,69437.99000,69517.50000,69422.99000,69508.00000,439
2026.06.23,20:20,69507.99000,69657.51000,69488.00000,69637.99000,529
2026.06.23,20:25,69632.99000,69660.01000,69577.99000,69613.00000,438
2026.06.23,20:30,69613.00000,69618.00000,69478.00000,69508.01000,404
2026.06.23,20:35,69513.00000,69542.51000,69462.99000,69462.99000,369
2026.06.23,20:40,69457.99000,69508.01000,69452.99000,69458.01000,408
2026.06.23,20:45,69458.01000,69568.00000,69427.99000,69567.51000,389
2026.06.23,20:50,69557.99000,69567.50000,69507.99000,69518.00000,335
2026.06.23,20:55,69513.01000,69577.51000,69487.99000,69487.99000,316
2026.06.23,21:00,69492.99000,69602.99000,69472.99000,69538.01000,370
2026.06.23,21:05,69543.01000,69567.51000,69437.99000,69477.99000,346
2026.06.23,21:10,69478.01000,69503.01000,69432.99000,69477.51000,280
2026.06.23,21:15,69477.49000,69522.51000,69427.99000,69517.49000,309
2026.06.23,21:20,69512.51000,69567.51000,69443.01000,69447.99000,330
2026.06.23,21:25,69453.01000,69458.01000,69327.99000,69343.01000,427
2026.06.23,21:30,69348.00000,69352.49000,69233.00000,69252.49000,426
2026.06.23,21:35,69252.99000,69277.50000,69168.00000,69188.00000,348
2026.06.23,21:40,69192.49000,69192.49000,69097.99000,69147.50000,366
2026.06.23,21:45,69138.00000,69262.50000,69117.99000,69169.99000,336
2026.06.23,21:50,69168.01000,69192.51000,69102.49000,69128.00000,333
2026.06.23,21:55,69137.51000,69232.49000,69117.99000,69212.51000,342
2026.06.23,22:00,69209.99000,69287.49000,69135.00000,69135.00000,470
2026.06.23,22:05,69122.99000,69207.50000,69077.99000,69157.49000,388
2026.06.23,22:10,69148.00000,69258.01000,69148.00000,69252.99000,330
2026.06.23,22:15,69257.50000,69257.51000,69173.00000,69222.99000,301
2026.06.23,22:20,69223.00000,69323.01000,69138.01000,69238.00000,483
2026.06.23,22:25,69238.01000,69247.51000,69167.99000,69208.01000,384
2026.06.23,22:30,69202.99000,69277.50000,69158.00000,69208.01000,352
2026.06.23,22:35,69217.51000,69297.49000,69168.00000,69278.00000,330
2026.06.23,22:40,69277.99000,69347.50000,69277.99000,69327.99000,310
2026.06.23,22:45,69322.99000,69382.49000,69272.99000,69338.01000,317
2026.06.23,22:50,69338.01000,69367.51000,69287.99000,69357.99000,285
2026.06.23,22:55,69357.99000,69402.51000,69342.99000,69368.00000,183
2026.06.23,23:00,69372.51000,69417.51000,69333.00000,69367.51000,266
2026.06.23,23:05,69358.01000,69367.49000,69287.99000,69307.99000,269
2026.06.23,23:10,69308.00000,69347.51000,69197.99000,69203.00000,245
2026.06.23,23:15,69203.01000,69212.49000,69027.99000,69097.51000,376
2026.06.23,23:20,69097.50000,69097.50000,68942.99000,69013.01000,457
2026.06.23,23:25,69022.49000,69077.49000,68962.99000,69058.00000,362
2026.06.23,23:30,69067.49000,69097.51000,68910.01000,68910.01000,577
2026.06.23,23:35,68898.01000,69017.50000,68897.99000,69009.99000,454
2026.06.23,23:40,69005.00000,69047.50000,68943.00000,68969.99000,364
2026.06.23,23:45,68972.51000,68992.51000,68853.00000,68893.00000,450
2026.06.23,23:50,68892.99000,68967.51000,68872.99000,68932.49000,371
2026.06.23,23:55,68922.99000,69022.51000,68917.99000,68990.00000,245
2026.06.24,00:00,68987.99000,68998.01000,68842.99000,68863.01000,358
2026.06.24,00:05,68868.01000,68875.00000,68752.99000,68797.49000,445
2026.06.24,00:10,68787.99000,68810.01000,68677.99000,68713.00000,500
2026.06.24,00:15,68707.99000,68722.49000,68567.99000,68603.01000,521
2026.06.24,00:20,68612.51000,68682.50000,68587.99000,68607.99000,465
2026.06.24,00:25,68612.51000,68627.51000,68467.99000,68508.01000,625
2026.06.24,00:30,68503.01000,68837.50000,68397.99000,68802.99000,1452
2026.06.24,00:35,68797.99000,68827.49000,68642.99000,68767.50000,1302
2026.06.24,00:40,68763.01000,68847.50000,68688.01000,68713.01000,989
2026.06.24,00:45,68703.01000,69002.49000,68648.01000,68892.50000,1153
2026.06.24,00:50,68892.49000,69122.51000,68887.99000,69067.50000,923
2026.06.24,00:55,69069.99000,69137.50000,68947.99000,69132.49000,1009
2026.06.24,01:00,69127.51000,69242.99000,69108.00000,69190.01000,924
2026.06.24,01:05,69187.51000,69237.99000,69092.99000,69212.51000,851
2026.06.24,01:10,69203.01000,69337.50000,69142.51000,69328.01000,974
2026.06.24,01:15,69332.51000,69492.51000,69312.49000,69462.50000,893
2026.06.24,01:20,69467.50000,69582.50000,69418.00000,69462.99000,853
2026.06.24,01:25,69467.51000,69472.51000,69302.99000,69353.01000,894
2026.06.24,01:30,69352.99000,69402.51000,69145.00000,69177.49000,836
2026.06.24,01:35,69177.51000,69297.51000,69117.99000,69157.50000,909
2026.06.24,01:40,69157.49000,69192.49000,69057.99000,69128.00000,931
2026.06.24,01:45,69128.01000,69173.00000,69023.00000,69133.00000,756
2026.06.24,01:50,69137.50000,69227.51000,69057.99000,69112.51000,971
2026.06.24,01:55,69098.00000,69182.49000,69047.99000,69172.50000,940
2026.06.24,02:00,69177.49000,69277.50000,69137.99000,69168.01000,874
2026.06.24,02:05,69162.99000,69202.51000,69062.99000,69123.01000,678
2026.06.24,02:10,69137.49000,69163.00000,69062.99000,69133.00000,620
2026.06.24,02:15,69132.99000,69158.00000,68998.00000,69007.50000,579
2026.06.24,02:20,69002.99000,69087.49000,68997.99000,69027.49000,549
2026.06.24,02:25,69028.00000,69082.51000,68963.01000,69018.01000,595
2026.06.24,02:30,69022.50000,69097.50000,68997.99000,69025.01000,681
2026.06.24,02:35,69022.99000,69137.49000,68952.99000,68988.01000,671
2026.06.24,02:40,68993.01000,69052.50000,68958.01000,69019.99000,581
2026.06.24,02:45,69017.50000,69054.99000,68973.00000,68985.01000,597
2026.06.24,02:50,68987.50000,69282.49000,68973.01000,69227.99000,645
2026.06.24,02:55,69237.50000,69317.51000,69152.99000,69272.99000,525
2026.06.24,03:00,69282.49000,69382.51000,69252.99000,69357.50000,469
2026.06.24,03:05,69347.99000,69427.50000,69327.99000,69395.01000,544
2026.06.24,03:10,69397.50000,69452.51000,69383.00000,69447.49000,470
2026.06.24,03:15,69452.51000,69462.51000,69322.99000,69342.50000,528
2026.06.24,03:20,69339.99000,69397.51000,69277.99000,69373.01000,489
2026.06.24,03:25,69377.49000,69392.50000,69323.00000,69367.50000,394
2026.06.24,03:30,69367.49000,69387.50000,69312.99000,69332.99000,409
2026.06.24,03:35,69342.51000,69382.50000,69322.99000,69362.49000,367
2026.06.24,03:40,69358.00000,69432.50000,69352.99000,69427.50000,369
2026.06.24,03:45,69418.00000,69439.99000,69307.99000,69333.01000,356
2026.06.24,03:50,69342.49000,69347.50000,69283.00000,69325.01000,413
2026.06.24,03:55,69325.00000,69377.51000,69288.01000,69353.00000,322
2026.06.24,04:00,69362.49000,69362.50000,69253.00000,69273.01000,388
2026.06.24,04:05,69282.49000,69292.50000,69193.01000,69252.99000,396
2026.06.24,04:10,69257.51000,69402.51000,69257.51000,69343.00000,540
2026.06.24,04:15,69352.51000,69397.49000,69288.01000,69322.99000,473
2026.06.24,04:20,69332.50000,69482.51000,69317.99000,69452.49000,460
2026.06.24,04:25,69447.49000,69510.01000,69408.01000,69452.49000,363
2026.06.24,04:30,69452.51000,69452.51000,69352.99000,69417.49000,475
2026.06.24,04:35,69412.51000,69452.51000,69368.01000,69373.00000,345
2026.06.24,04:40,69382.50000,69397.51000,69317.99000,69337.49000,355
2026.06.24,04:45,69328.00000,69372.51000,69287.99000,69327.50000,343
2026.06.24,04:50,69313.00000,69317.51000,69183.00000,69198.01000,433
2026.06.24,04:55,69202.51000,69222.50000,69153.00000,69153.00000,502
2026.06.24,05:00,69167.49000,69302.50000,69152.99000,69247.50000,629
2026.06.24,05:05,69242.50000,69242.50000,69147.99000,69212.99000,394
2026.06.24,05:10,69217.51000,69242.51000,69197.99000,69227.99000,364
2026.06.24,05:15,69218.01000,69247.50000,69158.00000,69197.51000,376
2026.06.24,05:20,69192.51000,69237.49000,69152.99000,69207.99000,275
2026.06.24,05:25,69213.00000,69214.99000,69157.99000,69187.51000,299
2026.06.24,05:30,69185.00000,69217.51000,69157.99000,69157.99000,277
2026.06.24,05:35,69167.51000,69187.51000,69112.99000,69132.50000,251
2026.06.24,05:40,69122.99000,69127.49000,68992.99000,68998.00000,473
2026.06.24,05:45,68997.99000,69037.51000,68963.00000,69037.51000,559
2026.06.24,05:50,69033.01000,69097.51000,68987.99000,69027.99000,525
2026.06.24,05:55,69032.51000,69137.51000,69003.00000,69127.51000,498
2026.06.24,06:00,69127.49000,69307.51000,69097.51000,69297.50000,630
2026.06.24,06:05,69297.51000,69382.49000,69198.01000,69222.49000,736
2026.06.24,06:10,69225.01000,69287.49000,69192.51000,69274.99000,484
2026.06.24,06:15,69267.49000,69297.50000,69194.99000,69194.99000,477
2026.06.24,06:20,69202.49000,69342.51000,69163.01000,69293.00000,597
2026.06.24,06:25,69300.00000,69367.51000,69287.99000,69338.00000,590
2026.06.24,06:30,69350.01000,69372.51000,69242.49000,69322.51000,558
2026.06.24,06:35,69325.01000,69332.51000,69258.00000,69277.51000,578
2026.06.24,06:40,69274.99000,69292.51000,69222.51000,69257.49000,510
2026.06.24,06:45,69259.99000,69262.50000,69127.99000,69200.01000,575
2026.06.24,06:50,69195.00000,69227.51000,69132.49000,69225.01000,654
2026.06.24,06:55,69225.00000,69232.50000,69122.49000,69122.49000,721
2026.06.24,07:00,69132.49000,69192.51000,69082.99000,69182.51000,449
2026.06.24,07:05,69172.99000,69235.00000,69172.99000,69217.51000,208
2026.06.24,07:10,69208.01000,69242.51000,69197.99000,69222.50000,162
2026.06.24,07:15,69219.99000,69222.51000,69187.99000,69203.01000,114
2026.06.24,07:20,69208.00000,69232.51000,69172.49000,69232.51000,101
2026.06.24,07:25,69230.01000,69247.51000,69202.99000,69228.00000,123
2026.06.24,07:30,69232.50000,69272.50000,69217.99000,69263.00000,88
2026.06.24,07:35,69272.51000,69272.51000,69227.99000,69228.01000,62
2026.06.24,07:40,69233.01000,69247.51000,69217.99000,69232.99000,52
2026.06.24,07:45,69237.49000,69240.01000,69198.00000,69202.50000,56
2026.06.24,07:50,69203.00000,69217.51000,69192.99000,69213.01000,70
2026.06.24,07:55,69217.49000,69287.51000,69203.01000,69285.00000,88
2026.06.24,09:00,69263.00000,69303.01000,69247.99000,69303.01000,38
2026.06.24,09:05,69302.99000,69398.01000,69287.99000,69378.00000,81
2026.06.24,09:10,69372.99000,69387.51000,69328.00000,69338.00000,65
2026.06.24,09:15,69333.01000,69367.99000,69277.99000,69287.99000,65
2026.06.24,09:20,69302.99000,69327.50000,69203.01000,69203.01000,91
2026.06.24,09:25,69203.01000,69233.01000,69187.99000,69213.01000,105
2026.06.24,09:30,69212.99000,69277.50000,69158.01000,69173.01000,87
2026.06.24,09:35,69173.01000,69203.01000,69147.99000,69178.00000,85
2026.06.24,09:40,69177.99000,69213.01000,69127.99000,69143.01000,99
2026.06.24,09:45,69143.01000,69197.99000,69132.99000,69178.00000,91
2026.06.24,09:50,69178.01000,69233.01000,69177.99000,69232.99000,77
2026.06.24,09:55,69228.00000,69273.01000,69218.00000,69242.99000,66
2026.06.24,10:00,69247.99000,69247.99000,69183.01000,69193.01000,68
2026.06.24,10:05,69197.99000,69198.01000,69052.99000,69092.99000,156
2026.06.24,10:10,69103.01000,69277.51000,69078.00000,69262.99000,65
2026.06.24,10:15,69263.01000,69332.49000,69263.00000,69318.01000,34
2026.06.24,10:20,69307.99000,69337.99000,69277.99000,69333.00000,46
2026.06.24,10:25,69332.99000,69332.99000,69272.99000,69308.00000,68
2026.06.24,10:30,69334.99000,69385.01000,69298.01000,69313.00000,118
2026.06.24,10:35,69317.99000,69498.00000,69313.01000,69457.99000,146
2026.06.24,10:40,69462.99000,69543.00000,69333.00000,69362.99000,229
2026.06.24,10:45,69383.01000,69803.01000,69303.00000,69478.00000,727
2026.06.24,10:50,69477.99000,69653.01000,69427.99000,69558.01000,471
2026.06.24,10:55,69558.00000,69707.99000,69488.00000,69702.99000,463
2026.06.24,11:00,69698.01000,70058.01000,69453.00000,69483.01000,1166
2026.06.24,11:05,69493.01000,70117.99000,69377.99000,70058.00000,1270
2026.06.24,11:10,70058.01000,70252.51000,69938.01000,70052.99000,1299
2026.06.24,11:15,70048.00000,70303.01000,70043.00000,70253.01000,1299
2026.06.24,11:20,70258.00000,70313.01000,69887.99000,69912.99000,1328
2026.06.24,11:25,69923.00000,70088.01000,69782.99000,70072.99000,1391
2026.06.24,11:30,70073.01000,70120.01000,69922.99000,69998.01000,1345
2026.06.24,11:35,69998.00000,70058.00000,69817.99000,69903.00000,1185
2026.06.24,11:40,69912.50000,69943.01000,69732.99000,69848.00000,1083
2026.06.24,11:45,69842.99000,69932.99000,69512.99000,69548.00000,1064
2026.06.24,11:50,69543.01000,69747.49000,69452.99000,69477.50000,1349
2026.06.24,11:55,69475.01000,69662.51000,69387.99000,69657.50000,1246
2026.06.24,12:00,69677.51000,69692.49000,69357.99000,69362.99000,1285
2026.06.24,12:05,69372.51000,69627.50000,69347.99000,69458.01000,1265
2026.06.24,12:10,69467.49000,69692.51000,69417.99000,69667.49000,1196
2026.06.24,12:15,69662.50000,69667.50000,69252.99000,69293.01000,1183
2026.06.24,12:20,69308.00000,69583.00000,69232.99000,69568.00000,1191
2026.06.24,12:25,69563.00000,69658.01000,69403.00000,69522.50000,1100
2026.06.24,12:30,69520.00000,69612.51000,69472.99000,69552.99000,1198
2026.06.24,12:35,69558.01000,69597.99000,69473.01000,69537.99000,1043
2026.06.24,12:40,69538.01000,69720.00000,69527.99000,69578.00000,1066
2026.06.24,12:45,69583.01000,69623.00000,69502.99000,69558.00000,1005
2026.06.24,12:50,69552.99000,69702.49000,69513.00000,69667.99000,938
2026.06.24,12:55,69668.01000,69820.01000,69572.99000,69703.01000,812
2026.06.24,13:00,69703.00000,69903.01000,69677.99000,69792.99000,872
2026.06.24,13:05,69798.00000,69817.50000,69597.99000,69728.00000,1019
2026.06.24,13:10,69733.00000,69844.99000,69728.01000,69793.00000,838
2026.06.24,13:15,69787.99000,69792.99000,69547.99000,69633.01000,933
2026.06.24,13:20,69628.01000,69683.01000,69377.99000,69467.50000,754
2026.06.24,13:25,69462.50000,69657.51000,69462.50000,69657.49000,850
2026.06.24,13:30,69660.00000,69722.50000,69602.99000,69652.49000,719
2026.06.24,13:35,69648.00000,69657.50000,69402.99000,69433.00000,701
2026.06.24,13:40,69438.01000,69478.01000,69327.99000,69362.99000,692
2026.06.24,13:45,69362.99000,69402.99000,69163.01000,69243.00000,689
2026.06.24,13:50,69233.01000,69242.51000,69122.99000,69172.99000,766
2026.06.24,13:55,69173.01000,69240.00000,69052.99000,69067.51000,800
2026.06.24,14:00,69062.51000,69177.50000,69062.51000,69113.00000,820
2026.06.24,14:05,69122.50000,69212.51000,69027.99000,69193.01000,801
2026.06.24,14:10,69202.50000,69362.51000,69182.99000,69312.49000,828
2026.06.24,14:15,69307.50000,69307.51000,69117.99000,69137.99000,766
2026.06.24,14:20,69143.01000,69277.50000,69133.00000,69207.50000,651
2026.06.24,14:25,69204.99000,69432.50000,69187.99000,69432.50000,643
2026.06.24,14:30,69435.00000,69487.51000,69332.99000,69418.00000,1171
2026.06.24,14:35,69427.50000,69502.51000,69227.99000,69248.00000,921
2026.06.24,14:40,69248.01000,69287.50000,69177.99000,69242.49000,890
2026.06.24,14:45,69232.99000,69237.51000,69088.00000,69098.01000,786
2026.06.24,14:50,69102.50000,69127.99000,69003.00000,69097.50000,858
2026.06.24,14:55,69098.00000,69252.49000,69027.99000,69218.01000,815
2026.06.24,15:00,69222.99000,69233.01000,68982.99000,68992.99000,776
2026.06.24,15:05,68997.49000,69057.51000,68947.99000,69033.01000,781
2026.06.24,15:10,69028.01000,69067.51000,68912.99000,68957.99000,649
2026.06.24,15:15,68962.50000,69012.51000,68792.99000,68823.01000,767
2026.06.24,15:20,68823.00000,68847.99000,68643.01000,68663.00000,830
2026.06.24,15:25,68667.51000,68758.01000,68567.99000,68687.99000,980
2026.06.24,15:30,68698.00000,68912.51000,68657.99000,68903.01000,986
2026.06.24,15:35,68898.00000,69112.50000,68857.99000,69048.01000,1031
2026.06.24,15:40,69053.01000,69172.99000,68987.99000,69067.99000,1034
2026.06.24,15:45,69068.00000,69167.51000,69038.00000,69118.01000,958
2026.06.24,15:50,69123.01000,69152.50000,69032.99000,69128.00000,816
2026.06.24,15:55,69123.01000,69267.51000,69122.99000,69203.01000,869
2026.06.24,16:00,69198.01000,69417.51000,69198.01000,69353.00000,986
2026.06.24,16:05,69353.00000,69433.01000,69228.00000,69418.00000,894
2026.06.24,16:10,69423.01000,69537.50000,69397.99000,69497.49000,732
2026.06.24,16:15,69487.99000,69632.51000,69462.99000,69617.99000,689
2026.06.24,16:20,69613.00000,69673.01000,69572.99000,69668.00000,692
2026.06.24,16:25,69667.51000,69732.51000,69537.99000,69563.00000,806
2026.06.24,16:30,69568.01000,69727.50000,69563.01000,69638.01000,784
2026.06.24,16:35,69643.00000,69797.51000,69642.99000,69782.99000,625
2026.06.24,16:40,69782.99000,69783.01000,69632.99000,69692.99000,891
2026.06.24,16:45,69698.00000,69717.50000,69627.99000,69687.99000,731
2026.06.24,16:50,69688.00000,69693.01000,69513.01000,69563.00000,650
2026.06.24,16:55,69563.01000,69567.50000,69422.99000,69467.49000,604
2026.06.24,17:00,69463.00000,69482.51000,69343.01000,69372.51000,641
2026.06.24,17:05,69369.99000,69487.50000,69357.99000,69457.49000,509
2026.06.24,17:10,69448.01000,69512.51000,69423.00000,69432.50000,497
2026.06.24,17:15,69427.99000,69437.51000,69318.01000,69398.00000,360
2026.06.24,17:20,69402.50000,69417.51000,69317.99000,69387.51000,394
2026.06.24,17:25,69382.51000,69382.51000,69237.99000,69330.00000,595
2026.06.24,17:30,69340.00000,69487.50000,69227.99000,69473.00000,598
2026.06.24,17:35,69477.49000,69527.49000,69418.00000,69465.00000,366
2026.06.24,17:40,69453.01000,69622.49000,69447.99000,69517.99000,291
2026.06.24,17:45,69522.50000,69547.51000,69482.99000,69517.51000,157
2026.06.24,17:50,69522.49000,69610.01000,69517.99000,69567.49000,160
2026.06.24,17:55,69567.51000,69577.49000,69503.00000,69507.99000,209
2026.06.24,18:00,69507.99000,69517.51000,69343.00000,69417.51000,377
2026.06.24,18:05,69412.99000,69462.50000,69373.00000,69398.00000,292
2026.06.24,18:10,69393.00000,69457.51000,69377.99000,69405.01000,249
2026.06.24,18:15,69403.01000,69432.50000,69343.01000,69367.51000,246
2026.06.24,18:20,69363.01000,69477.50000,69318.00000,69457.99000,310
2026.06.24,18:25,69457.50000,69457.50000,69357.99000,69367.50000,291
2026.06.24,18:30,69357.99000,69427.51000,69328.01000,69345.00000,316
2026.06.24,18:35,69347.51000,69362.51000,69182.99000,69308.01000,325
2026.06.24,18:40,69303.00000,69417.50000,69267.99000,69397.99000,391
2026.06.24,18:45,69398.00000,69487.51000,69373.01000,69433.01000,167
2026.06.24,18:50,69428.00000,69437.99000,69292.99000,69318.00000,238
2026.06.24,18:55,69323.00000,69362.49000,69278.00000,69283.01000,301
2026.06.24,19:00,69288.00000,69448.01000,69212.99000,69443.00000,739
2026.06.24,19:05,69437.99000,69463.01000,69367.99000,69457.51000,583
2026.06.24,19:10,69443.01000,69557.49000,69412.99000,69543.01000,533
2026.06.24,19:15,69548.00000,69562.51000,69422.99000,69427.99000,512
2026.06.24,19:20,69442.49000,69447.99000,69367.99000,69428.01000,448
2026.06.24,19:25,69427.99000,69482.51000,69382.99000,69473.00000,478
2026.06.24,19:30,69472.99000,69608.01000,69447.99000,69528.01000,485
2026.06.24,19:35,69527.99000,69568.01000,69493.00000,69528.00000,478
2026.06.24,19:40,69528.00000,69587.51000,69517.99000,69558.01000,369
2026.06.24,19:45,69563.01000,69583.01000,69462.99000,69468.00000,388
2026.06.24,19:50,69463.00000,69543.00000,69458.01000,69492.99000,356
2026.06.24,19:55,69502.50000,69538.01000,69462.99000,69533.01000,351
2026.06.24,20:00,69532.99000,69585.01000,69437.99000,69443.00000,471
2026.06.24,20:05,69442.99000,69527.51000,69417.99000,69498.00000,436
2026.06.24,20:10,69505.01000,69582.51000,69433.01000,69552.51000,387
2026.06.24,20:15,69548.00000,69557.51000,69414.99000,69468.00000,354
2026.06.24,20:20,69467.99000,69522.50000,69437.99000,69498.00000,332
2026.06.24,20:25,69493.00000,69558.01000,69447.99000,69468.01000,389
2026.06.24,20:30,69473.01000,69507.51000,69442.99000,69493.01000,389
2026.06.24,20:35,69488.01000,69502.51000,69403.00000,69408.00000,296
2026.06.24,20:40,69407.99000,69417.51000,69328.00000,69328.01000,386
2026.06.24,20:45,69318.01000,69372.50000,69268.00000,69363.00000,391
2026.06.24,20:50,69358.00000,69477.50000,69357.99000,69408.01000,294
2026.06.24,20:55,69412.49000,69437.51000,69392.99000,69413.00000,240
2026.06.24,21:00,69408.01000,69413.01000,69302.99000,69342.99000,384
2026.06.24,21:05,69343.01000,69392.49000,69338.00000,69373.00000,287
2026.06.24,21:10,69368.01000,69442.51000,69342.99000,69437.49000,284
2026.06.24,21:15,69432.51000,69497.49000,69423.00000,69472.50000,264
2026.06.24,21:20,69473.00000,69547.51000,69442.99000,69508.00000,322
2026.06.24,21:25,69512.50000,69557.50000,69487.99000,69552.99000,250
2026.06.24,21:30,69562.50000,69647.51000,69537.99000,69602.50000,331
2026.06.24,21:35,69607.50000,69627.51000,69577.99000,69605.00000,315
2026.06.24,21:40,69597.99000,69762.50000,69592.99000,69697.50000,409
2026.06.24,21:45,69688.01000,69707.50000,69603.00000,69630.00000,296
2026.06.24,21:50,69627.51000,69630.01000,69507.49000,69522.49000,283
2026.06.24,21:55,69522.50000,69527.51000,69472.99000,69487.99000,275
2026.06.24,22:00,69497.51000,69632.50000,69478.00000,69598.01000,406
2026.06.24,22:05,69598.01000,69612.51000,69503.01000,69512.99000,290
2026.06.24,22:10,69522.49000,69548.01000,69452.49000,69457.49000,282
2026.06.24,22:15,69458.01000,69477.51000,69398.00000,69417.51000,373
2026.06.24,22:20,69422.49000,69477.51000,69363.00000,69472.49000,361
2026.06.24,22:25,69477.50000,69515.00000,69422.99000,69462.99000,358
2026.06.24,22:30,69477.49000,69562.51000,69467.99000,69548.00000,403
2026.06.24,22:35,69547.99000,69653.01000,69547.99000,69637.49000,465
2026.06.24,22:40,69637.51000,69652.50000,69567.99000,69607.99000,257
2026.06.24,22:45,69613.01000,69737.51000,69567.99000,69718.00000,440
2026.06.24,22:50,69722.99000,69807.51000,69682.99000,69768.01000,513
2026.06.24,22:55,69772.51000,69777.51000,69688.00000,69747.99000,418
2026.06.24,23:00,69757.51000,69772.50000,69662.99000,69687.99000,425
2026.06.24,23:05,69692.49000,69705.01000,69632.99000,69648.01000,331
2026.06.24,23:10,69652.50000,69742.50000,69607.99000,69733.01000,398
2026.06.24,23:15,69737.51000,69812.50000,69677.99000,69808.01000,358
2026.06.24,23:20,69817.49000,69817.51000,69717.99000,69732.51000,351
2026.06.24,23:25,69728.01000,69757.51000,69648.01000,69702.99000,356
2026.06.24,23:30,69698.01000,69732.51000,69648.00000,69657.50000,337
2026.06.24,23:35,69648.00000,69667.50000,69573.00000,69587.49000,281
2026.06.24,23:40,69577.99000,69595.00000,69513.00000,69574.99000,260
2026.06.24,23:45,69577.51000,69597.50000,69509.99000,69512.99000,224
2026.06.24,23:50,69517.49000,69540.01000,69487.50000,69514.99000,311
2026.06.24,23:55,69517.50000,69517.50000,69467.49000,69495.01000,253
2026.06.25,00:00,69487.99000,69542.51000,69462.99000,69487.50000,472
2026.06.25,00:05,69477.99000,69507.51000,69428.00000,69442.99000,347
2026.06.25,00:10,69452.50000,69457.51000,69347.99000,69358.00000,377
2026.06.25,00:15,69363.00000,69417.51000,69343.00000,69403.01000,295
2026.06.25,00:20,69407.49000,69427.49000,69253.01000,69333.01000,404
2026.06.25,00:25,69342.50000,69437.50000,69342.50000,69378.01000,561
2026.06.25,00:30,69367.50000,69602.51000,69267.99000,69482.51000,1081
2026.06.25,00:35,69477.99000,69587.51000,69313.01000,69328.00000,1004
2026.06.25,00:40,69342.51000,69352.51000,69037.99000,69177.49000,1217
2026.06.25,00:45,69167.99000,69292.49000,69127.99000,69272.50000,1197
2026.06.25,00:50,69267.49000,69630.01000,69248.00000,69555.01000,1206
2026.06.25,00:55,69560.00000,69560.00000,69367.51000,69458.01000,1069
2026.06.25,01:00,69467.49000,69522.51000,69343.00000,69383.01000,1201
2026.06.25,01:05,69382.99000,69500.01000,69382.99000,69455.01000,1121
2026.06.25,01:10,69455.00000,69512.49000,69317.99000,69380.00000,1015
2026.06.25,01:15,69373.00000,69422.51000,69212.99000,69243.01000,855
2026.06.25,01:20,69238.01000,69395.01000,69127.99000,69354.99000,1014
2026.06.25,01:25,69350.01000,69497.50000,69329.99000,69412.51000,880
2026.06.25,01:30,69415.01000,69625.00000,69408.01000,69612.51000,936
2026.06.25,01:35,69612.50000,69659.99000,69492.99000,69502.50000,777
2026.06.25,01:40,69505.00000,69657.50000,69497.99000,69647.99000,773
2026.06.25,01:45,69643.00000,69815.01000,69613.00000,69717.51000,751
2026.06.25,01:50,69722.50000,69792.51000,69637.99000,69637.99000,661
2026.06.25,01:55,69643.01000,69764.99000,69592.99000,69754.99000,752
2026.06.25,02:00,69760.01000,69789.99000,69648.01000,69670.00000,717
2026.06.25,02:05,69669.99000,69687.49000,69527.99000,69578.01000,663
2026.06.25,02:10,69583.01000,69634.99000,69497.99000,69602.49000,581
2026.06.25,02:15,69599.99000,69662.49000,69568.00000,69657.50000,503
2026.06.25,02:20,69653.00000,69677.51000,69558.01000,69568.01000,525
2026.06.25,02:25,69577.49000,69747.50000,69513.01000,69725.00000,557
2026.06.25,02:30,69718.00000,69765.01000,69653.00000,69733.00000,578
2026.06.25,02:35,69737.49000,69782.51000,69642.99000,69667.49000,490
2026.06.25,02:40,69663.00000,69692.51000,69607.99000,69657.49000,523
2026.06.25,02:45,69647.99000,69692.50000,69578.00000,69683.00000,457
2026.06.25,02:50,69678.01000,69725.01000,69657.99000,69667.99000,584
2026.06.25,02:55,69677.49000,69685.01000,69583.00000,69628.00000,468
2026.06.25,03:00,69628.01000,69667.51000,69567.99000,69602.50000,543
2026.06.25,03:05,69593.01000,69632.51000,69562.99000,69598.01000,481
2026.06.25,03:10,69607.49000,69687.49000,69582.99000,69643.00000,478
2026.06.25,03:15,69649.99000,69692.51000,69637.99000,69682.49000,425
2026.06.25,03:20,69677.51000,69730.01000,69653.00000,69712.49000,473
2026.06.25,03:25,69712.51000,69712.51000,69632.99000,69662.99000,369
2026.06.25,03:30,69667.50000,69667.51000,69593.00000,69633.01000,350
2026.06.25,03:35,69642.50000,69684.99000,69518.01000,69523.01000,529
2026.06.25,03:40,69522.99000,69527.51000,69432.99000,69507.49000,758
2026.06.25,03:45,69505.01000,69532.51000,69457.99000,69498.01000,560
2026.06.25,03:50,69502.50000,69559.99000,69422.99000,69422.99000,485
2026.06.25,03:55,69432.49000,69442.51000,69377.99000,69403.01000,474
2026.06.25,04:00,69408.00000,69512.51000,69378.01000,69493.01000,498
2026.06.25,04:05,69499.99000,69500.00000,69288.00000,69332.51000,553
2026.06.25,04:10,69322.99000,69372.51000,69282.99000,69332.49000,563
2026.06.25,04:15,69335.00000,69375.00000,69187.99000,69203.01000,765
2026.06.25,04:20,69208.01000,69222.50000,69082.51000,69112.49000,892
2026.06.25,04:25,69103.00000,69127.51000,68978.00000,68992.99000,893
2026.06.25,04:30,68988.00000,69072.50000,68898.01000,69068.01000,704
2026.06.25,04:35,69063.00000,69147.49000,68998.00000,69087.50000,628
2026.06.25,04:40,69082.99000,69137.51000,69002.99000,69032.51000,618
2026.06.25,04:45,69023.00000,69132.50000,68988.00000,69112.99000,568
2026.06.25,04:50,69117.51000,69122.99000,69067.99000,69108.01000,540
2026.06.25,04:55,69113.00000,69182.51000,69037.99000,69063.00000,552
2026.06.25,05:00,69072.49000,69147.49000,69033.00000,69077.99000,717
2026.06.25,05:05,69087.50000,69182.51000,69058.01000,69160.01000,605
2026.06.25,05:10,69162.49000,69185.01000,69113.00000,69153.00000,584
2026.06.25,05:15,69157.99000,69327.51000,69152.99000,69307.99000,689
2026.06.25,05:20,69317.50000,69347.51000,69277.99000,69347.51000,515
2026.06.25,05:25,69352.51000,69412.51000,69333.01000,69392.51000,577
2026.06.25,05:30,69397.51000,69407.51000,69322.99000,69352.49000,528
2026.06.25,05:35,69347.99000,69362.49000,69253.00000,69275.00000,468
2026.06.25,05:40,69277.50000,69295.01000,69202.99000,69243.00000,488
2026.06.25,05:45,69252.49000,69252.51000,69073.00000,69098.01000,467
2026.06.25,05:50,69107.49000,69147.51000,69042.99000,69147.49000,604
2026.06.25,05:55,69152.51000,69227.50000,69077.99000,69112.49000,523
2026.06.25,06:00,69112.50000,69227.51000,69028.00000,69158.01000,600
2026.06.25,06:05,69167.50000,69170.00000,68938.01000,68997.51000,726
2026.06.25,06:10,68992.50000,69062.49000,68932.99000,69047.99000,606
2026.06.25,06:15,69048.00000,69057.51000,69007.99000,69037.50000,585
2026.06.25,06:20,69037.99000,69112.49000,69008.00000,69108.01000,521
2026.06.25,06:25,69117.49000,69192.51000,69102.99000,69182.51000,561
2026.06.25,06:30,69172.99000,69237.51000,69148.00000,69183.01000,652
2026.06.25,06:35,69187.49000,69257.51000,69158.00000,69233.01000,507
2026.06.25,06:40,69237.99000,69277.51000,69137.99000,69187.99000,582
2026.06.25,06:45,69197.51000,69262.50000,69177.99000,69257.50000,632
2026.06.25,06:50,69257.49000,69492.51000,69222.99000,69482.49000,888
2026.06.25,06:55,69478.01000,69487.51000,69378.00000,69470.01000,688
2026.06.25,07:00,69477.99000,69948.01000,69422.99000,69893.00000,1021
2026.06.25,07:05,69878.01000,70438.01000,69872.99000,70378.00000,1058
2026.06.25,07:10,70378.00000,70533.01000,70278.00000,70388.01000,902
2026.06.25,07:15,70402.50000,70427.49000,70247.99000,70397.49000,491
2026.06.25,07:20,70395.00000,70637.50000,70378.00000,70623.00000,615
2026.06.25,07:25,70627.51000,70752.51000,70597.51000,70663.00000,620
2026.06.25,07:30,70663.01000,70718.00000,70577.99000,70592.49000,407
2026.06.25,07:35,70583.00000,70677.99000,70583.00000,70638.01000,297
2026.06.25,07:40,70633.00000,70967.50000,70633.00000,70908.00000,447
2026.06.25,07:45,70908.00000,70993.01000,70872.99000,70953.01000,473
2026.06.25,07:50,70947.99000,71094.99000,70902.99000,71053.00000,373
2026.06.25,07:55,71053.01000,71094.99000,71002.99000,71075.01000,242
2026.06.25,09:00,71058.01000,71113.01000,70987.99000,71053.01000,47
2026.06.25,09:05,71038.00000,71187.99000,71017.99000,71187.99000,136
2026.06.25,09:10,71188.00000,71378.01000,71127.99000,71127.99000,75
2026.06.25,09:15,71128.01000,71243.01000,71128.00000,71132.99000,65
2026.06.25,09:20,71103.00000,71330.01000,71103.00000,71312.99000,57
2026.06.25,09:25,71302.99000,71343.00000,71183.01000,71192.99000,84
2026.06.25,09:30,71198.01000,71238.01000,71107.99000,71143.00000,49
2026.06.25,09:35,71148.00000,71242.99000,71148.00000,71237.99000,51
2026.06.25,09:40,71238.01000,71342.99000,71222.99000,71283.00000,105
2026.06.25,09:45,71282.99000,71347.51000,71257.99000,71257.99000,54
2026.06.25,09:50,71257.99000,71293.01000,71257.99000,71263.01000,43
2026.06.25,09:55,71272.49000,71285.01000,71213.00000,71262.99000,51
2026.06.25,10:00,71267.99000,71308.00000,71212.99000,71292.50000,64
2026.06.25,10:05,71287.99000,71362.51000,71262.99000,71342.99000,49
2026.06.25,10:10,71348.01000,71413.01000,71318.01000,71363.01000,85
2026.06.25,10:15,71363.01000,71377.51000,71298.01000,71328.01000,45
2026.06.25,10:20,71328.00000,71428.01000,71303.01000,71428.01000,58
2026.06.25,10:25,71428.00000,71428.01000,71352.99000,71362.99000,74
2026.06.25,10:30,71392.50000,71392.50000,71143.00000,71213.00000,158
2026.06.25,10:35,71217.99000,71312.50000,71208.00000,71288.01000,111
2026.06.25,10:40,71317.49000,71357.99000,71252.99000,71347.99000,138
2026.06.25,10:45,71352.99000,71463.01000,71122.99000,71198.01000,672
2026.06.25,10:50,71197.99000,71258.01000,71073.00000,71248.00000,577
2026.06.25,10:55,71252.99000,71452.99000,71162.99000,71413.01000,669
2026.06.25,11:00,71412.99000,71473.00000,70957.99000,71127.99000,1353
2026.06.25,11:05,71122.99000,71233.01000,70922.99000,71028.00000,1289
2026.06.25,11:10,71033.01000,71308.00000,70983.00000,71257.99000,1247
2026.06.25,11:15,71263.01000,71347.50000,71118.00000,71178.00000,1320
2026.06.25,11:20,71183.01000,71298.01000,71017.99000,71017.99000,1347
2026.06.25,11:25,71017.99000,71027.51000,70808.00000,70943.01000,1331
2026.06.25,11:30,70928.01000,71063.01000,70783.01000,70887.99000,1355
2026.06.25,11:35,70888.00000,71107.99000,70793.00000,71017.99000,1205
2026.06.25,11:40,71012.99000,71053.01000,70762.99000,70833.00000,1013
2026.06.25,11:45,70832.99000,70917.99000,70777.99000,70898.01000,1097
2026.06.25,11:50,70898.00000,71228.01000,70887.99000,71222.99000,961
2026.06.25,11:55,71228.01000,71248.01000,71112.99000,71162.99000,982
2026.06.25,12:00,71172.99000,71323.01000,71138.00000,71188.01000,1040
2026.06.25,12:05,71188.00000,71278.00000,71088.00000,71168.00000,953
2026.06.25,12:10,71163.00000,71258.00000,71092.99000,71218.00000,837
2026.06.25,12:15,71213.01000,71363.00000,71202.99000,71358.00000,861
2026.06.25,12:20,71358.01000,71417.51000,71307.99000,71372.99000,834
2026.06.25,12:25,71368.00000,71413.01000,71312.99000,71362.99000,768
2026.06.25,12:30,71363.00000,71538.00000,71328.00000,71507.99000,881
2026.06.25,12:35,71508.01000,71727.51000,71493.00000,71613.00000,797
2026.06.25,12:40,71613.00000,71687.50000,71512.99000,71603.00000,863
2026.06.25,12:45,71608.01000,71727.99000,71582.99000,71727.99000,682
2026.06.25,12:50,71723.00000,71823.01000,71673.00000,71758.00000,604
2026.06.25,12:55,71753.00000,71880.00000,71747.99000,71852.51000,614
2026.06.25,13:00,71848.00000,71942.51000,71827.99000,71917.99000,687
2026.06.25,13:05,71922.49000,71953.01000,71852.99000,71887.99000,773
2026.06.25,13:10,71883.01000,71883.01000,71633.01000,71662.99000,853
2026.06.25,13:15,71658.01000,71850.00000,71592.99000,71842.51000,770
2026.06.25,13:20,71832.99000,72012.51000,71832.99000,71883.00000,615
2026.06.25,13:25,71892.51000,72002.51000,71862.99000,71968.00000,561
2026.06.25,13:30,71962.99000,72027.50000,71943.00000,71972.99000,507
2026.06.25,13:35,71982.51000,72032.51000,71933.00000,71977.49000,423
2026.06.25,13:40,71978.00000,71987.50000,71887.99000,71943.00000,450
2026.06.25,13:45,71943.01000,71977.51000,71902.99000,71917.99000,408
2026.06.25,13:50,71928.01000,71933.01000,71863.01000,71907.99000,429
2026.06.25,13:55,71903.01000,71980.01000,71872.99000,71972.50000,321
2026.06.25,14:00,71972.51000,72038.00000,71943.00000,72008.00000,440
2026.06.25,14:05,72013.01000,72082.49000,71993.00000,72002.99000,301
2026.06.25,14:10,72012.50000,72047.50000,71983.00000,72012.99000,360
2026.06.25,14:15,72022.50000,72117.51000,71913.01000,72089.99000,373
2026.06.25,14:20,72072.99000,72107.50000,72023.01000,72067.99000,311
2026.06.25,14:25,72073.01000,72097.51000,72017.99000,72047.51000,267
2026.06.25,14:30,72043.00000,72143.01000,72027.99000,72093.01000,655
2026.06.25,14:35,72087.99000,72097.50000,72003.00000,72083.01000,662
2026.06.25,14:40,72078.01000,72122.51000,72018.00000,72038.01000,623
2026.06.25,14:45,72043.00000,72097.49000,72002.99000,72073.00000,568
2026.06.25,14:50,72073.01000,72172.51000,72052.99000,72157.99000,405
2026.06.25,14:55,72163.01000,72182.50000,72118.00000,72137.99000,326
2026.06.25,15:00,72138.01000,72197.50000,72122.99000,72147.99000,403
2026.06.25,15:05,72148.01000,72163.01000,72072.99000,72128.00000,372
2026.06.25,15:10,72138.01000,72158.01000,72012.99000,72012.99000,359
2026.06.25,15:15,72022.51000,72057.50000,71948.00000,71983.00000,418
2026.06.25,15:20,71993.01000,72140.00000,71992.99000,72098.00000,461
2026.06.25,15:25,72097.99000,72097.99000,72012.99000,72017.50000,363
2026.06.25,15:30,72012.99000,72022.99000,71892.99000,71982.99000,511
2026.06.25,15:35,71983.00000,72023.00000,71907.99000,72008.01000,414
2026.06.25,15:40,71997.99000,72093.01000,71973.00000,72088.00000,340
2026.06.25,15:45,72093.00000,72175.00000,72072.99000,72163.01000,270
2026.06.25,15:50,72162.99000,72227.51000,72157.99000,72203.01000,221
2026.06.25,15:55,72207.99000,72217.49000,72142.99000,72167.99000,323
2026.06.25,16:00,72168.01000,72327.51000,72168.01000,72297.99000,348
2026.06.25,16:05,72293.00000,72347.51000,72287.99000,72312.99000,310
2026.06.25,16:10,72317.99000,72358.01000,72307.49000,72348.01000,265
2026.06.25,16:15,72343.00000,72403.01000,72297.99000,72307.51000,421
2026.06.25,16:20,72302.99000,72342.50000,72262.99000,72317.99000,448
2026.06.25,16:25,72318.01000,72347.50000,72277.99000,72312.50000,430
2026.06.25,16:30,72317.49000,72407.51000,72293.00000,72407.50000,431
2026.06.25,16:35,72407.49000,72425.01000,72352.51000,72414.99000,621
2026.06.25,16:40,72412.99000,72532.49000,72402.99000,72497.99000,522
2026.06.25,16:45,72503.00000,72532.49000,72438.00000,72513.01000,414
2026.06.25,16:50,72513.00000,72522.50000,72437.99000,72467.51000,369
2026.06.25,16:55,72463.00000,72502.50000,72387.99000,72473.00000,447
2026.06.25,17:00,72473.01000,72537.50000,72472.99000,72488.00000,397
2026.06.25,17:05,72488.01000,72605.01000,72452.99000,72597.51000,332
2026.06.25,17:10,72602.49000,72677.49000,72597.49000,72637.51000,310
2026.06.25,17:15,72628.01000,72697.49000,72602.49000,72682.49000,257
2026.06.25,17:20,72680.00000,72683.01000,72607.99000,72623.00000,259
2026.06.25,17:25,72627.50000,72640.01000,72433.01000,72487.99000,522
2026.06.25,17:30,72487.51000,72497.49000,72393.00000,72497.49000,536
2026.06.25,17:35,72492.99000,72527.50000,72423.00000,72472.49000,307
2026.06.25,17:40,72462.99000,72587.50000,72423.00000,72562.49000,168
2026.06.25,17:45,72567.50000,72592.51000,72468.00000,72478.01000,112
2026.06.25,17:50,72473.00000,72494.99000,72442.99000,72447.49000,105
2026.06.25,17:55,72442.49000,72442.49000,72372.51000,72397.51000,118
2026.06.25,18:00,72393.00000,72507.49000,72393.00000,72494.99000,255
2026.06.25,18:05,72492.99000,72567.50000,72488.01000,72560.00000,172
2026.06.25,18:10,72557.51000,72557.51000,72438.00000,72477.99000,124
2026.06.25,18:15,72482.50000,72557.51000,72467.99000,72542.49000,104
2026.06.25,18:20,72552.51000,72597.51000,72523.01000,72535.00000,106
2026.06.25,18:25,72542.51000,72557.50000,72498.00000,72507.50000,118
2026.06.25,18:30,72498.01000,72569.99000,72477.99000,72562.50000,90
2026.06.25,18:35,72558.00000,72572.50000,72498.01000,72572.49000,115
2026.06.25,18:40,72568.00000,72587.51000,72552.51000,72563.01000,105
2026.06.25,18:45,72568.01000,72577.50000,72533.00000,72557.50000,113
2026.06.25,18:50,72553.01000,72582.50000,72537.99000,72558.00000,77
2026.06.25,18:55,72562.51000,72602.51000,72538.00000,72602.51000,107
2026.06.25,19:00,72597.49000,72617.50000,72457.99000,72500.01000,512
2026.06.25,19:05,72502.50000,72637.49000,72497.99000,72542.99000,334
2026.06.25,19:10,72543.01000,72585.01000,72468.01000,72468.01000,255
2026.06.25,19:15,72477.51000,72477.51000,72408.01000,72437.49000,200
2026.06.25,19:20,72428.01000,72452.50000,72357.99000,72427.49000,254
2026.06.25,19:25,72425.00000,72442.49000,72362.99000,72372.49000,277
2026.06.25,19:30,72379.99000,72445.00000,72362.99000,72377.49000,258
2026.06.25,19:35,72380.00000,72457.51000,72353.01000,72452.51000,193
2026.06.25,19:40,72443.00000,72460.01000,72418.01000,72437.51000,147
2026.06.25,19:45,72435.01000,72435.01000,72318.00000,72330.00000,217
2026.06.25,19:50,72332.50000,72372.49000,72308.01000,72337.50000,217
2026.06.25,19:55,72335.00000,72349.99000,72302.99000,72347.50000,217
2026.06.25,20:00,72343.00000,72502.49000,72343.00000,72477.51000,255
2026.06.25,20:05,72474.99000,72522.51000,72459.99000,72477.50000,191
2026.06.25,20:10,72482.50000,72539.99000,72472.49000,72522.49000,204
2026.06.25,20:15,72513.01000,72585.00000,72458.00000,72470.01000,229
2026.06.25,20:20,72465.01000,72470.01000,72407.99000,72445.01000,193
2026.06.25,20:25,72440.01000,72470.00000,72397.99000,72438.01000,195
2026.06.25,20:30,72447.50000,72497.51000,72412.99000,72437.49000,259
2026.06.25,20:35,72435.01000,72477.50000,72422.50000,72472.50000,150
2026.06.25,20:40,72463.01000,72480.01000,72418.00000,72452.50000,128
2026.06.25,20:45,72450.01000,72455.00000,72407.51000,72445.01000,128
2026.06.25,20:50,72450.00000,72522.51000,72447.50000,72519.99000,131
2026.06.25,20:55,72517.51000,72522.51000,72452.49000,72455.00000,140
2026.06.25,21:00,72460.00000,72484.99000,72432.50000,72484.99000,166
2026.06.25,21:05,72489.99000,72512.51000,72462.50000,72507.51000,147
2026.06.25,21:10,72502.50000,72517.50000,72467.50000,72489.99000,173
2026.06.25,21:15,72492.50000,72507.51000,72448.01000,72479.99000,119
2026.06.25,21:20,72477.51000,72489.99000,72417.99000,72488.01000,118
2026.06.25,21:25,72495.01000,72519.99000,72482.51000,72489.99000,106
2026.06.25,21:30,72483.00000,72512.50000,72460.00000,72474.99000,157
2026.06.25,21:35,72475.01000,72517.50000,72437.50000,72504.99000,160
2026.06.25,21:40,72502.51000,72530.00000,72452.49000,72467.51000,166
2026.06.25,21:45,72465.00000,72502.51000,72422.49000,72502.51000,141
2026.06.25,21:50,72497.50000,72532.49000,72478.00000,72505.00000,93
2026.06.25,21:55,72510.01000,72530.01000,72467.50000,72485.01000,156
2026.06.25,22:00,72490.01000,72577.51000,72490.01000,72555.01000,190
2026.06.25,22:05,72547.50000,72552.49000,72443.01000,72485.01000,191
2026.06.25,22:10,72490.00000,72502.49000,72433.01000,72442.49000,210
2026.06.25,22:15,72440.01000,72452.49000,72402.99000,72412.51000,218
2026.06.25,22:20,72410.01000,72415.01000,72355.00000,72357.49000,208
2026.06.25,22:25,72360.00000,72367.51000,72312.99000,72342.50000,185
2026.06.25,22:30,72345.01000,72362.51000,72288.00000,72338.00000,300
2026.06.25,22:35,72332.99000,72414.99000,72328.00000,72403.00000,245
2026.06.25,22:40,72393.01000,72437.50000,72372.99000,72417.49000,197
2026.06.25,22:45,72417.51000,72457.50000,72357.99000,72377.51000,149
2026.06.25,22:50,72372.50000,72382.99000,72332.99000,72337.99000,253
2026.06.25,22:55,72342.50000,72372.50000,72323.00000,72362.51000,230
2026.06.25,23:00,72367.51000,72392.50000,72338.00000,72377.49000,264
2026.06.25,23:05,72382.50000,72462.51000,72377.99000,72433.01000,235
2026.06.25,23:10,72433.00000,72437.51000,72352.99000,72372.51000,247
2026.06.25,23:15,72358.00000,72395.00000,72322.99000,72343.00000,246
2026.06.25,23:20,72352.50000,72377.51000,72327.99000,72369.99000,202
2026.06.25,23:25,72367.99000,72395.01000,72307.99000,72308.00000,180
2026.06.25,23:30,72312.99000,72658.01000,72312.99000,72588.01000,937
2026.06.25,23:35,72597.50000,72618.01000,72508.00000,72522.99000,642
2026.06.25,23:40,72532.51000,72567.49000,72467.99000,72518.01000,457
2026.06.25,23:45,72522.99000,72647.50000,72517.99000,72608.01000,531
2026.06.25,23:50,72617.49000,72707.51000,72607.99000,72648.01000,316
2026.06.25,23:55,72652.49000,72662.51000,72588.01000,72613.00000,230
2026.06.26,00:00,72622.51000,72642.51000,72493.00000,72507.50000,341
2026.06.26,00:05,72502.99000,72522.50000,72442.99000,72452.50000,317
2026.06.26,00:10,72448.00000,72457.51000,72388.00000,72408.00000,264
2026.06.26,00:15,72417.50000,72422.51000,72313.00000,72337.99000,258
2026.06.26,00:20,72347.50000,72377.51000,72297.99000,72308.01000,310
2026.06.26,00:25,72317.50000,72410.00000,72317.50000,72382.49000,378
2026.06.26,00:30,72382.50000,72404.99000,72197.49000,72237.49000,846
2026.06.26,00:35,72232.49000,72304.99000,72132.99000,72157.49000,745
2026.06.26,00:40,72162.49000,72175.00000,71732.49000,71780.01000,921
2026.06.26,00:45,71779.99000,71897.50000,71372.99000,71537.49000,1432
2026.06.26,00:50,71542.51000,71637.51000,71020.00000,71052.99000,1423
2026.06.26,00:55,71062.51000,71157.51000,70787.99000,70827.50000,1632
2026.06.26,01:00,70828.00000,71280.01000,70828.00000,71232.50000,1624
2026.06.26,01:05,71227.99000,71562.51000,71217.99000,71552.50000,1427
2026.06.26,01:10,71542.99000,71727.49000,71438.00000,71472.51000,1293
2026.06.26,01:15,71472.50000,71572.51000,71313.00000,71528.01000,1419
2026.06.26,01:20,71532.49000,71697.99000,71372.99000,71467.49000,1427
2026.06.26,01:25,71463.00000,71597.50000,71437.99000,71497.49000,1272
2026.06.26,01:30,71488.00000,71717.50000,71478.01000,71618.00000,1270
2026.06.26,01:35,71618.01000,71652.51000,71467.99000,71568.01000,1079
2026.06.26,01:40,71568.00000,71597.50000,71368.00000,71457.49000,1072
2026.06.26,01:45,71457.50000,71522.51000,71322.99000,71487.99000,1187
2026.06.26,01:50,71492.49000,71712.51000,71473.01000,71678.00000,1000
2026.06.26,01:55,71678.00000,71678.01000,71393.00000,71472.50000,973
2026.06.26,02:00,71468.01000,71577.51000,71428.01000,71562.99000,887
2026.06.26,02:05,71558.01000,71622.51000,71357.99000,71388.00000,1065
2026.06.26,02:10,71388.01000,71422.51000,71072.99000,71097.99000,1007
2026.06.26,02:15,71098.01000,71272.49000,70952.99000,71247.49000,1135
2026.06.26,02:20,71237.99000,71437.49000,71162.99000,71388.01000,975
2026.06.26,02:25,71387.99000,71387.99000,71247.99000,71312.51000,1225
2026.06.26,02:30,71307.99000,71442.51000,71273.00000,71302.99000,1078
2026.06.26,02:35,71303.00000,71457.51000,71303.00000,71347.99000,943
2026.06.26,02:40,71348.00000,71438.00000,71322.99000,71412.99000,824
2026.06.26,02:45,71408.01000,71512.51000,71362.99000,71383.00000,796
2026.06.26,02:50,71378.00000,71442.99000,71322.99000,71418.00000,741
2026.06.26,02:55,71417.99000,71447.49000,71318.01000,71343.00000,655
2026.06.26,03:00,71352.99000,71397.51000,71312.99000,71372.99000,692
2026.06.26,03:05,71382.49000,71587.49000,71357.99000,71572.99000,673
2026.06.26,03:10,71582.49000,71732.51000,71567.99000,71702.49000,733
2026.06.26,03:15,71707.49000,71792.51000,71687.99000,71727.51000,706
2026.06.26,03:20,71727.49000,71747.51000,71558.01000,71597.49000,626
2026.06.26,03:25,71597.51000,71617.51000,71532.99000,71577.51000,511
2026.06.26,03:30,71577.49000,71577.50000,71392.99000,71465.01000,659
2026.06.26,03:35,71453.01000,71487.49000,71362.99000,71382.99000,577
2026.06.26,03:40,71387.99000,71392.99000,71267.99000,71283.01000,616
2026.06.26,03:45,71287.50000,71338.01000,71152.99000,71327.51000,683
2026.06.26,03:50,71318.00000,71368.01000,71277.99000,71298.00000,587
2026.06.26,03:55,71312.50000,71313.01000,71233.00000,71287.99000,545
2026.06.26,04:00,71297.51000,71357.51000,71282.99000,71293.00000,621
2026.06.26,04:05,71282.99000,71342.49000,71267.99000,71313.01000,566
2026.06.26,04:10,71313.00000,71462.49000,71313.00000,71407.49000,556
2026.06.26,04:15,71402.99000,71522.51000,71312.99000,71317.51000,536
2026.06.26,04:20,71320.01000,71380.01000,71268.01000,71357.49000,529
2026.06.26,04:25,71353.01000,71427.50000,71323.00000,71388.00000,554
2026.06.26,04:30,71397.51000,71417.51000,71308.01000,71343.00000,598
2026.06.26,04:35,71343.01000,71417.51000,71333.00000,71417.49000,470
2026.06.26,04:40,71413.00000,71494.99000,71367.99000,71382.49000,479
2026.06.26,04:45,71373.01000,71397.51000,71288.00000,71313.01000,561
2026.06.26,04:50,71308.01000,71417.50000,71282.99000,71392.50000,532
2026.06.26,04:55,71383.01000,71417.51000,71287.99000,71383.00000,606
2026.06.26,05:00,71392.50000,71402.50000,71122.99000,71197.49000,776
2026.06.26,05:05,71202.49000,71327.51000,71153.00000,71312.51000,646
2026.06.26,05:10,71308.00000,71347.50000,71242.99000,71278.01000,617
2026.06.26,05:15,71273.00000,71447.49000,71247.99000,71393.00000,612
2026.06.26,05:20,71407.49000,71437.51000,71347.99000,71408.01000,549
2026.06.26,05:25,71413.00000,71542.51000,71413.00000,71502.99000,561
2026.06.26,05:30,71512.51000,71512.51000,71257.99000,71258.00000,594
2026.06.26,05:35,71272.51000,71302.51000,71217.99000,71282.50000,544
2026.06.26,05:40,71272.99000,71292.51000,71207.99000,71268.01000,438
2026.06.26,05:45,71263.01000,71263.01000,71113.00000,71202.99000,559
2026.06.26,05:50,71197.99000,71323.01000,71187.99000,71252.99000,504
2026.06.26,05:55,71258.01000,71302.49000,71228.01000,71272.51000,468
2026.06.26,06:00,71277.51000,71277.51000,71143.00000,71153.00000,517
2026.06.26,06:05,71153.01000,71202.51000,71128.00000,71182.99000,576
2026.06.26,06:10,71183.00000,71207.49000,71108.01000,71123.00000,512
2026.06.26,06:15,71127.49000,71167.51000,71037.99000,71093.00000,605
2026.06.26,06:20,71097.49000,71132.51000,71058.00000,71132.49000,585
2026.06.26,06:25,71135.01000,71187.51000,71092.99000,71153.01000,556
2026.06.26,06:30,71153.00000,71182.49000,71043.00000,71103.00000,679
2026.06.26,06:35,71098.01000,71108.01000,71042.99000,71092.99000,512
2026.06.26,06:40,71098.01000,71137.51000,71042.99000,71082.51000,635
2026.06.26,06:45,71082.49000,71107.50000,71023.00000,71048.01000,648
2026.06.26,06:50,71052.50000,71197.50000,70983.00000,71187.99000,702
2026.06.26,06:55,71197.50000,71277.50000,71143.00000,71272.99000,632
2026.06.26,07:00,71275.00000,71507.99000,71268.00000,71388.01000,702
2026.06.26,07:05,71392.99000,71408.01000,71332.99000,71333.00000,229
2026.06.26,07:10,71337.49000,71337.49000,71282.99000,71287.99000,137
2026.06.26,07:15,71278.01000,71377.49000,71278.01000,71348.01000,159
2026.06.26,07:20,71348.00000,71453.00000,71338.00000,71423.00000,173
2026.06.26,07:25,71423.00000,71428.01000,71392.99000,71398.00000,93
2026.06.26,07:30,71393.01000,71402.51000,71282.99000,71358.01000,159
2026.06.26,07:35,71357.99000,71368.00000,71328.01000,71342.51000,98
2026.06.26,07:40,71323.00000,71353.00000,71323.00000,71332.99000,81
2026.06.26,07:45,71333.01000,71347.51000,71292.99000,71307.99000,65
2026.06.26,07:50,71317.51000,71352.51000,71287.99000,71288.01000,75
2026.06.26,07:55,71297.51000,71297.51000,71228.00000,71250.00000,102
2026.06.26,09:00,71203.01000,71208.01000,71078.01000,71112.50000,50
2026.06.26,09:05,71103.00000,71113.00000,71028.00000,71037.99000,34
2026.06.26,09:10,71037.99000,71037.99000,70952.99000,70978.01000,68
2026.06.26,09:15,70987.99000,71052.99000,70977.99000,70993.01000,99
2026.06.26,09:20,70993.00000,71037.49000,70987.99000,71028.01000,96
2026.06.26,09:25,71023.00000,71035.01000,70967.99000,71002.99000,93
2026.06.26,09:30,71003.00000,71043.00000,70997.99000,71043.00000,119
2026.06.26,09:35,71043.01000,71097.49000,71042.99000,71073.01000,80
2026.06.26,09:40,71073.00000,71118.00000,71073.00000,71112.99000,56
2026.06.26,09:45,71113.01000,71137.50000,71098.00000,71098.00000,54
2026.06.26,09:50,71107.49000,71163.00000,71088.01000,71163.00000,56
2026.06.26,09:55,71162.99000,71183.01000,71148.00000,71167.99000,38
2026.06.26,10:00,71167.99000,71183.01000,71152.99000,71183.00000,31
2026.06.26,10:05,71183.01000,71198.01000,71092.99000,71108.00000,55
2026.06.26,10:10,71102.99000,71278.00000,71093.00000,71273.01000,92
2026.06.26,10:15,71278.00000,71482.99000,71262.99000,71428.01000,133
2026.06.26,10:20,71428.01000,71628.01000,71428.01000,71582.99000,154
2026.06.26,10:25,71588.01000,71623.01000,71553.01000,71582.99000,156
2026.06.26,10:30,71612.50000,71688.00000,71532.99000,71633.01000,157
2026.06.26,10:35,71637.50000,71713.01000,71548.00000,71622.99000,189
2026.06.26,10:40,71622.99000,71623.01000,71358.01000,71387.99000,222
2026.06.26,10:45,71383.01000,71393.01000,70947.99000,70977.99000,705
2026.06.26,10:50,70973.00000,71008.00000,70863.01000,70937.99000,419
2026.06.26,10:55,70942.99000,70978.01000,70798.00000,70978.01000,434
2026.06.26,11:00,70983.00000,71428.00000,70807.99000,71328.01000,1046
2026.06.26,11:05,71323.01000,71403.01000,71067.99000,71242.99000,1203
2026.06.26,11:10,71238.01000,71263.01000,70862.99000,70893.01000,1164
2026.06.26,11:15,70893.01000,70967.99000,70603.00000,70613.01000,1350
2026.06.26,11:20,70612.99000,70723.01000,70427.99000,70433.01000,1352
2026.06.26,11:25,70433.01000,70568.00000,70172.99000,70553.01000,1411
2026.06.26,11:30,70543.01000,70703.00000,70398.01000,70508.00000,1439
2026.06.26,11:35,70498.00000,70650.00000,70377.99000,70643.01000,1278
2026.06.26,11:40,70648.00000,70752.99000,70463.00000,70482.99000,1320
2026.06.26,11:45,70488.00000,70618.01000,70467.99000,70483.01000,1212
2026.06.26,11:50,70478.00000,70548.01000,70307.99000,70342.99000,1221
2026.06.26,11:55,70328.01000,70458.01000,70282.99000,70352.99000,1125
2026.06.26,12:00,70358.01000,70548.01000,70347.99000,70393.01000,1359
2026.06.26,12:05,70403.01000,70418.01000,70227.99000,70352.99000,1227
2026.06.26,12:10,70362.99000,70613.00000,70362.99000,70518.01000,1147
2026.06.26,12:15,70513.01000,70713.01000,70487.99000,70638.01000,1105
2026.06.26,12:20,70642.99000,70683.00000,70483.00000,70553.01000,912
2026.06.26,12:25,70558.01000,70568.01000,70382.99000,70403.00000,1002
2026.06.26,12:30,70407.99000,70427.99000,70022.99000,70113.00000,1157
2026.06.26,12:35,70108.00000,70213.01000,70067.99000,70182.99000,1205
2026.06.26,12:40,70178.00000,70243.01000,70082.99000,70083.00000,1033
2026.06.26,12:45,70087.99000,70218.01000,70007.99000,70177.99000,1120
2026.06.26,12:50,70182.99000,70258.00000,70037.99000,70053.00000,1043
2026.06.26,12:55,70048.01000,70122.51000,69887.99000,70027.99000,869
2026.06.26,13:00,70043.01000,70107.50000,69963.00000,69973.00000,994
2026.06.26,13:05,69972.99000,70038.01000,69872.99000,69887.99000,962
2026.06.26,13:10,69883.01000,69928.01000,69767.99000,69808.01000,951
2026.06.26,13:15,69813.00000,69927.50000,69732.99000,69742.99000,852
2026.06.26,13:20,69743.00000,69823.01000,69667.99000,69678.01000,847
2026.06.26,13:25,69678.00000,69772.51000,69618.00000,69743.01000,821
2026.06.26,13:30,69743.00000,69787.51000,69588.00000,69618.01000,789
2026.06.26,13:35,69618.00000,69677.99000,69512.99000,69668.00000,627
2026.06.26,13:40,69673.00000,69677.50000,69533.01000,69617.99000,689
2026.06.26,13:45,69613.00000,69618.00000,69442.99000,69468.01000,673
2026.06.26,13:50,69473.00000,69528.01000,69392.99000,69398.01000,756
2026.06.26,13:55,69403.01000,69447.51000,69272.99000,69403.01000,793
2026.06.26,14:00,69403.00000,69433.00000,69287.99000,69297.99000,747
2026.06.26,14:05,69302.99000,69357.51000,69252.99000,69285.00000,823
2026.06.26,14:10,69277.50000,69308.01000,69212.99000,69238.01000,647
2026.06.26,14:15,69237.99000,69298.00000,69207.99000,69273.00000,519
2026.06.26,14:20,69268.00000,69292.99000,69198.01000,69217.99000,532
2026.06.26,14:25,69218.01000,69338.00000,69203.00000,69308.01000,515
2026.06.26,14:30,69302.99000,69308.00000,68977.99000,68983.00000,1106
2026.06.26,14:35,68982.99000,69003.01000,68777.99000,68908.01000,899
2026.06.26,14:40,68918.01000,69108.01000,68847.99000,69103.00000,1264
2026.06.26,14:45,69098.01000,69137.50000,68927.99000,68978.01000,1252
2026.06.26,14:50,68967.99000,69243.01000,68967.99000,69233.00000,1240
2026.06.26,14:55,69232.99000,69368.01000,69183.00000,69333.01000,1173
2026.06.26,15:00,69333.00000,69422.99000,69258.00000,69313.00000,1248
2026.06.26,15:05,69313.00000,69518.00000,69293.01000,69472.99000,1186
2026.06.26,15:10,69467.99000,69567.51000,69403.00000,69467.99000,996
2026.06.26,15:15,69463.01000,69637.49000,69447.99000,69472.99000,1034
2026.06.26,15:20,69467.99000,69503.00000,69257.99000,69262.99000,1104
2026.06.26,15:25,69257.99000,69452.49000,69213.00000,69428.00000,1028
2026.06.26,15:30,69422.99000,69492.51000,69187.99000,69203.00000,894
2026.06.26,15:35,69202.99000,69247.51000,69077.99000,69078.01000,963
2026.06.26,15:40,69077.99000,69177.51000,69048.01000,69103.01000,992
2026.06.26,15:45,69102.99000,69103.01000,68968.00000,68987.99000,721
2026.06.26,15:50,68988.01000,68993.00000,68842.99000,68957.99000,833
2026.06.26,15:55,68958.01000,69037.49000,68917.99000,69018.00000,984
2026.06.26,16:00,69023.00000,69093.00000,68942.99000,68978.01000,1109
2026.06.26,16:05,68977.99000,69123.00000,68948.00000,69072.99000,975
2026.06.26,16:10,69077.99000,69287.51000,69073.01000,69272.99000,764
2026.06.26,16:15,69272.99000,69343.01000,69192.99000,69247.99000,857
2026.06.26,16:20,69248.00000,69298.01000,69213.01000,69293.00000,826
2026.06.26,16:25,69293.01000,69427.51000,69272.99000,69357.99000,705
2026.06.26,16:30,69358.00000,69493.01000,69358.00000,69427.99000,765
2026.06.26,16:35,69427.99000,69457.99000,69252.99000,69273.00000,895
2026.06.26,16:40,69268.00000,69322.50000,69162.99000,69162.99000,807
2026.06.26,16:45,69167.51000,69200.01000,69053.01000,69162.49000,768
2026.06.26,16:50,69163.00000,69297.50000,69158.00000,69273.00000,838
2026.06.26,16:55,69263.00000,69298.00000,69172.99000,69228.01000,764
2026.06.26,17:00,69228.00000,69293.01000,69198.00000,69218.01000,752
2026.06.26,17:05,69218.01000,69252.49000,69162.99000,69172.49000,464
2026.06.26,17:10,69168.01000,69287.51000,69143.01000,69267.99000,465
2026.06.26,17:15,69277.49000,69387.50000,69227.99000,69237.49000,531
2026.06.26,17:20,69232.99000,69370.01000,69227.99000,69262.99000,509
2026.06.26,17:25,69267.50000,69512.51000,69263.01000,69477.99000,691
2026.06.26,17:30,69492.50000,69592.51000,69387.99000,69502.51000,713
2026.06.26,17:35,69498.01000,69625.01000,69482.99000,69618.01000,406
2026.06.26,17:40,69622.51000,69662.50000,69532.99000,69637.99000,242
2026.06.26,17:45,69637.49000,69727.51000,69607.99000,69717.51000,207
2026.06.26,17:50,69713.01000,69807.49000,69678.00000,69805.01000,199
2026.06.26,17:55,69807.49000,69852.51000,69762.99000,69762.99000,288
2026.06.26,18:00,69767.50000,69812.50000,69562.99000,69572.50000,354
2026.06.26,18:05,69567.99000,69582.51000,69512.99000,69514.99000,232
2026.06.26,18:10,69512.49000,69657.50000,69482.99000,69643.01000,241
2026.06.26,18:15,69647.50000,69742.50000,69627.99000,69693.00000,300
2026.06.26,18:20,69692.99000,69722.51000,69637.99000,69722.50000,196
2026.06.26,18:25,69727.50000,69822.99000,69677.51000,69822.50000,222
2026.06.26,18:30,69827.51000,69880.00000,69792.99000,69837.49000,236
2026.06.26,18:35,69832.49000,69872.51000,69758.00000,69870.00000,202
2026.06.26,18:40,69862.51000,69862.51000,69779.99000,69787.50000,181
2026.06.26,18:45,69790.01000,69852.50000,69782.51000,69812.51000,220
2026.06.26,18:50,69807.51000,69905.01000,69793.00000,69902.51000,216
2026.06.26,18:55,69904.99000,69915.01000,69867.50000,69882.50000,166
2026.06.26,19:00,69887.50000,70117.99000,69672.99000,69672.99000,687
2026.06.26,19:05,69673.01000,69767.51000,69608.01000,69692.51000,448
2026.06.26,19:10,69687.50000,69725.01000,69597.50000,69640.01000,398
2026.06.26,19:15,69645.01000,69702.49000,69597.99000,69632.51000,339
2026.06.26,19:20,69622.99000,69682.50000,69588.01000,69674.99000,371
2026.06.26,19:25,69672.50000,69742.50000,69633.01000,69708.00000,416
2026.06.26,19:30,69707.99000,69732.50000,69559.99000,69582.50000,360
2026.06.26,19:35,69577.51000,69622.51000,69513.01000,69582.49000,398
2026.06.26,19:40,69587.50000,69650.00000,69488.01000,69497.49000,414
2026.06.26,19:45,69492.99000,69512.51000,69352.49000,69357.50000,372
2026.06.26,19:50,69352.99000,69392.49000,69272.49000,69277.50000,419
2026.06.26,19:55,69272.51000,69287.49000,69163.01000,69207.51000,487
2026.06.26,20:00,69202.99000,69267.51000,69160.01000,69247.51000,526
2026.06.26,20:05,69249.99000,69315.01000,69237.50000,69252.49000,394
2026.06.26,20:10,69250.01000,69337.51000,69198.01000,69314.99000,384
2026.06.26,20:15,69307.51000,69355.00000,69243.00000,69317.51000,444
2026.06.26,20:20,69322.49000,69322.49000,69202.49000,69247.51000,414
2026.06.26,20:25,69242.50000,69327.51000,69228.00000,69272.50000,367
2026.06.26,20:30,69275.01000,69285.00000,69209.99000,69274.99000,479
2026.06.26,20:35,69277.50000,69337.50000,69247.49000,69317.99000,443
2026.06.26,20:40,69322.49000,69464.99000,69322.49000,69447.50000,319
2026.06.26,20:45,69452.51000,69520.00000,69429.99000,69472.51000,388
2026.06.26,20:50,69468.01000,69482.51000,69407.49000,69407.49000,289
2026.06.26,20:55,69412.51000,69417.50000,69362.51000,69377.51000,311
2026.06.26,21:00,69380.00000,69397.51000,69212.50000,69258.00000,466
2026.06.26,21:05,69258.01000,69347.51000,69243.01000,69332.99000,410
2026.06.26,21:10,69332.99000,69397.51000,69307.99000,69368.00000,359
2026.06.26,21:15,69367.99000,69417.50000,69298.01000,69302.49000,352
2026.06.26,21:20,69293.01000,69317.51000,69247.99000,69262.50000,338
2026.06.26,21:25,69248.00000,69337.51000,69233.00000,69318.01000,303
2026.06.26,21:30,69323.00000,69377.50000,69273.00000,69337.49000,351
2026.06.26,21:35,69328.00000,69347.51000,69232.99000,69238.00000,365
2026.06.26,21:40,69242.49000,69267.51000,69207.99000,69248.01000,317
2026.06.26,21:45,69252.49000,69292.51000,69203.00000,69228.01000,296
2026.06.26,21:50,69228.00000,69267.51000,69163.00000,69262.51000,291
2026.06.26,21:55,69258.00000,69307.51000,69223.00000,69302.50000,386
2026.06.26,22:00,69298.00000,69367.51000,69263.00000,69347.51000,519
2026.06.26,22:05,69337.99000,69377.49000,69312.99000,69352.51000,376
2026.06.26,22:10,69347.99000,69417.51000,69328.01000,69363.00000,363
2026.06.26,22:15,69353.01000,69362.51000,69268.00000,69288.01000,375
2026.06.26,22:20,69283.00000,69297.51000,69218.01000,69273.01000,335
2026.06.26,22:25,69277.99000,69287.51000,69223.01000,69248.01000,281
2026.06.26,22:30,69252.49000,69267.50000,69198.00000,69237.50000,329
2026.06.26,22:35,69232.49000,69295.00000,69208.00000,69277.49000,356
2026.06.26,22:40,69277.51000,69332.50000,69223.01000,69242.50000,359
2026.06.26,22:45,69232.99000,69312.49000,69208.01000,69283.00000,326
2026.06.26,22:50,69282.99000,69302.51000,69098.00000,69112.99000,396
2026.06.26,22:55,69122.50000,69212.51000,69113.00000,69203.00000,351
2026.06.26,23:00,69207.49000,69347.49000,69172.99000,69327.51000,345
2026.06.26,23:05,69323.00000,69472.51000,69322.99000,69437.50000,425
2026.06.26,23:10,69432.51000,69512.51000,69397.99000,69458.01000,418
2026.06.26,23:15,69458.01000,69552.50000,69407.99000,69433.00000,475
2026.06.26,23:20,69442.50000,69458.00000,69322.49000,69322.49000,473
2026.06.26,23:25,69313.00000,69417.51000,69313.00000,69402.99000,375
2026.06.26,23:30,69397.99000,69427.51000,69333.01000,69353.00000,429
2026.06.26,23:35,69342.99000,69347.51000,69217.99000,69237.99000,440
2026.06.26,23:40,69247.51000,69267.50000,69173.01000,69187.51000,392
2026.06.26,23:45,69183.01000,69232.51000,69127.99000,69178.00000,410
2026.06.26,23:50,69182.50000,69267.50000,69172.99000,69253.00000,370
2026.06.26,23:55,69252.99000,69277.51000,69212.99000,69238.01000,430
2026.06.27,00:00,69242.51000,69257.49000,69112.99000,69152.99000,505
2026.06.27,00:05,69162.50000,69172.51000,69103.00000,69108.01000,373
2026.06.27,00:10,69107.99000,69182.51000,69083.00000,69167.49000,346
2026.06.27,00:15,69167.50000,69177.50000,68932.99000,69092.51000,731
2026.06.27,00:20,69089.99000,69242.51000,69072.99000,69197.99000,773
2026.06.27,00:25,69202.51000,69322.50000,69197.99000,69317.51000,551
2026.06.27,00:30,69303.00000,69438.01000,69102.99000,69163.01000,1342
2026.06.27,00:35,69163.01000,69357.50000,69128.01000,69142.99000,1337
2026.06.27,00:40,69148.01000,69318.01000,69107.99000,69282.50000,1287
2026.06.27,00:45,69287.50000,69327.51000,69113.00000,69158.00000,1287
2026.06.27,00:50,69153.01000,69317.51000,69153.00000,69243.00000,1123
2026.06.27,00:55,69248.01000,69542.51000,69217.99000,69533.00000,1156
2026.06.27,01:00,69542.50000,69747.50000,69503.01000,69717.99000,1230
2026.06.27,01:05,69727.50000,69832.49000,69693.01000,69778.01000,1097
2026.06.27,01:10,69782.50000,69902.51000,69692.99000,69868.00000,1022
2026.06.27,01:15,69862.99000,69897.49000,69772.99000,69812.49000,930
2026.06.27,01:20,69803.00000,70027.51000,69797.49000,69942.50000,969
2026.06.27,01:25,69937.99000,70047.49000,69918.00000,69987.50000,855
2026.06.27,01:30,69992.49000,70027.51000,69887.99000,69923.00000,790
2026.06.27,01:35,69932.51000,69937.51000,69747.49000,69759.99000,670
2026.06.27,01:40,69762.49000,69897.49000,69687.50000,69757.51000,814
2026.06.27,01:45,69760.01000,69872.51000,69730.00000,69815.01000,782
2026.06.27,01:50,69817.50000,69915.00000,69752.99000,69782.50000,826
2026.06.27,01:55,69785.01000,69824.99000,69682.50000,69765.00000,806
2026.06.27,02:00,69758.01000,69855.01000,69737.50000,69762.50000,745
2026.06.27,02:05,69767.51000,69810.00000,69653.01000,69793.00000,732
2026.06.27,02:10,69800.00000,69815.01000,69578.00000,69592.50000,669
2026.06.27,02:15,69583.00000,69735.01000,69528.00000,69692.49000,767
2026.06.27,02:20,69689.99000,69813.01000,69662.49000,69813.01000,626
2026.06.27,02:25,69807.99000,70017.51000,69782.99000,70007.99000,722
2026.06.27,02:30,70012.49000,70187.99000,69923.00000,69938.00000,858
2026.06.27,02:35,69938.00000,70132.99000,69922.99000,70087.99000,733
2026.06.27,02:40,70088.00000,70208.00000,70067.99000,70132.50000,648
2026.06.27,02:45,70137.49000,70157.49000,69993.00000,69993.01000,601
2026.06.27,02:50,69998.00000,70062.51000,69818.01000,69868.01000,982
2026.06.27,02:55,69873.01000,70038.00000,69863.00000,69978.00000,728
2026.06.27,03:00,69983.01000,70027.50000,69952.99000,69977.99000,562
2026.06.27,03:05,69972.99000,69978.01000,69827.99000,69842.99000,527
2026.06.27,03:10,69852.49000,69897.51000,69797.99000,69873.00000,626
2026.06.27,03:15,69867.99000,69947.51000,69852.99000,69892.99000,567
2026.06.27,03:20,69893.00000,69927.51000,69692.99000,69817.99000,901
2026.06.27,03:25,69827.50000,69912.51000,69807.99000,69887.99000,542
2026.06.27,03:30,69888.01000,70032.49000,69882.99000,70027.50000,590
2026.06.27,03:35,70022.99000,70037.51000,69963.00000,69973.01000,473
2026.06.27,03:40,69978.01000,70027.51000,69942.99000,69957.99000,422
2026.06.27,03:45,69958.00000,70012.50000,69942.99000,69992.51000,451
2026.06.27,03:50,69992.99000,70047.49000,69963.00000,70002.99000,380
2026.06.27,03:55,70012.51000,70012.51000,69957.99000,69978.00000,354
2026.06.27,04:00,69992.51000,70077.51000,69943.00000,70032.99000,386
2026.06.27,04:05,70028.00000,70132.51000,70022.99000,70112.49000,372
2026.06.27,04:10,70113.01000,70127.49000,70028.01000,70038.00000,343
2026.06.27,04:15,70043.01000,70047.99000,69942.99000,69943.00000,352
2026.06.27,04:20,69948.01000,69992.50000,69902.99000,69952.99000,409
2026.06.27,04:25,69957.99000,70032.50000,69922.99000,70007.99000,387
2026.06.27,04:30,70017.49000,70082.51000,69977.99000,69982.99000,547
2026.06.27,04:35,69992.51000,69992.51000,69912.99000,69922.99000,437
2026.06.27,04:40,69928.01000,69962.51000,69857.99000,69917.50000,495
2026.06.27,04:45,69907.99000,69937.51000,69862.99000,69872.51000,350
2026.06.27,04:50,69858.00000,69913.01000,69857.99000,69887.99000,290
2026.06.27,04:55,69882.99000,69892.50000,69812.99000,69812.99000,320
2026.06.27,05:00,69827.51000,69872.51000,69798.00000,69833.00000,380
2026.06.27,05:05,69832.99000,69868.01000,69788.00000,69817.49000,355
2026.06.27,05:10,69813.00000,69827.51000,69768.00000,69793.00000,300
2026.06.27,05:15,69783.01000,69808.01000,69687.99000,69708.01000,377
2026.06.27,05:20,69712.99000,69772.50000,69692.99000,69727.99000,346
2026.06.27,05:25,69733.01000,69777.49000,69672.99000,69692.99000,341
2026.06.27,05:30,69693.01000,69757.99000,69647.99000,69723.01000,376
2026.06.27,05:35,69723.01000,69728.01000,69647.99000,69683.00000,372
2026.06.27,05:40,69683.01000,69713.01000,69652.99000,69687.99000,305
2026.06.27,05:45,69688.00000,69688.00000,69647.99000,69652.99000,390
2026.06.27,05:50,69652.99000,69682.99000,69612.99000,69647.99000,327
2026.06.27,05:55,69652.99000,69692.99000,69557.99000,69608.01000,408
2026.06.27,06:00,69608.00000,69643.01000,69558.01000,69563.01000,416
2026.06.27,06:05,69563.00000,69732.99000,69547.99000,69722.99000,495
2026.06.27,06:10,69717.99000,69813.01000,69683.01000,69808.01000,478
2026.06.27,06:15,69802.99000,69823.01000,69762.99000,69797.99000,417
2026.06.27,06:20,69802.99000,69823.01000,69657.99000,69717.99000,448
2026.06.27,06:25,69713.00000,69743.01000,69667.99000,69683.00000,436
2026.06.27,06:30,69682.99000,69763.01000,69622.99000,69743.01000,521
2026.06.27,06:35,69742.99000,69758.01000,69687.99000,69713.01000,460
2026.06.27,06:40,69713.00000,69838.01000,69707.99000,69823.00000,396
2026.06.27,06:45,69828.00000,69857.49000,69783.00000,69798.00000,466
2026.06.27,06:50,69817.50000,69837.51000,69702.99000,69733.00000,719
2026.06.27,06:55,69733.00000,69822.51000,69652.99000,69703.00000,664
2026.06.27,07:00,69722.99000,69762.99000,69622.99000,69633.01000,702
2026.06.27,07:05,69638.00000,69688.01000,69548.01000,69573.01000,548
2026.06.27,07:10,69577.99000,69707.51000,69547.99000,69687.99000,362
2026.06.27,07:15,69697.51000,69737.51000,69677.99000,69687.50000,328
2026.06.27,07:20,69687.51000,69732.49000,69652.99000,69723.00000,198
2026.06.27,07:25,69732.49000,69738.00000,69693.00000,69698.01000,178
2026.06.27,07:30,69702.99000,69703.00000,69517.99000,69613.00000,390
2026.06.27,07:35,69617.49000,69628.01000,69512.99000,69578.00000,409
2026.06.27,07:40,69573.00000,69583.01000,69512.99000,69544.99000,238
2026.06.29,12:30,68712.38000,68721.90000,68637.40000,68647.38000,74
