2018.09.21,08:00,23850.50000,23973.50000,23772.50000,23880.50000,6755
2018.09.24,08:00,23810.50000,23860.50000,23740.50000,23850.50000,5024
2018.09.25,08:00,23908.50000,24025.50000,23805.50000,23964.50000,5763
2018.09.26,08:00,23840.50000,24025.50000,23825.50000,23874.50000,8703
2018.09.27,08:00,23882.50000,24125.50000,23770.50000,24024.50000,10579
2018.09.28,08:00,24042.50000,24288.50000,24000.50000,24148.50000,13198
2018.10.01,08:00,24232.50000,24474.50000,24135.50000,24414.50000,9696
2018.10.02,08:00,24396.50000,24442.50000,24088.50000,24232.50000,13172
2018.10.03,08:00,24232.50000,24359.50000,24041.50000,24282.50000,10910
2018.10.04,08:00,24242.50000,24292.50000,23621.50000,23753.50000,17739
2018.10.05,08:00,23748.50000,23939.50000,23556.50000,23658.50000,17992
2018.10.08,08:00,23676.50000,23808.50000,23366.50000,23626.50000,16586
2018.10.09,08:00,23597.50000,23625.50000,23326.50000,23528.50000,18119
2018.10.10,08:00,23548.50000,23593.50000,22801.50000,22803.50000,24676
2018.10.11,08:00,22797.50000,22904.50000,22242.50000,22474.50000,50357
2018.10.12,08:00,22543.50000,22752.50000,22217.50000,22548.50000,32740
2018.10.15,08:00,22512.50000,22553.50000,22032.50000,22266.50000,24959
2018.10.16,08:00,22207.50000,22868.50000,22203.50000,22865.50000,19277
2018.10.17,08:00,22871.50000,22950.50000,22634.50000,22865.50000,19658
2018.10.18,08:00,22901.50000,22902.50000,22150.50000,22310.50000,25779
2018.10.19,08:00,22287.50000,22680.50000,22206.50000,22437.50000,26648
2018.10.22,08:00,22405.50000,22702.50000,22258.50000,22469.50000,29700
2018.10.23,08:00,22470.50000,22479.50000,21631.50000,22174.50000,36856
2018.10.24,08:00,22130.50000,22207.50000,21344.50000,21408.50000,42429
2018.10.25,08:00,21480.50000,21787.50000,21198.50000,21552.50000,40675
2018.10.26,08:00,21526.50000,21527.50000,20796.50000,21248.50000,56348
2018.10.29,08:00,21307.50000,21501.50000,20800.50000,21018.50000,48462
2018.10.30,08:00,20998.50000,21633.50000,20986.50000,21623.50000,51320
2018.10.31,08:00,21651.50000,21938.50000,21563.50000,21770.50000,34078
2018.11.01,08:00,21792.50000,21863.50000,21508.50000,21758.50000,30057
2018.11.02,08:00,21695.50000,22312.50000,21651.50000,21999.50000,48174
2018.11.05,08:00,21946.50000,22084.50000,21859.50000,21998.50000,34460
2018.11.06,08:00,22048.50000,22257.50000,21989.50000,22242.50000,28515
2018.11.07,08:00,22164.50000,22559.50000,21984.50000,22559.50000,36941
2018.11.08,08:00,22519.50000,22574.50000,22354.50000,22458.50000,25432
2018.11.09,08:00,22443.50000,22477.50000,21999.50000,22119.50000,30385
2018.11.12,08:00,22102.50000,22313.50000,21722.50000,21777.50000,32246
2018.11.13,08:00,21737.50000,21964.50000,21467.50000,21765.50000,40528
2018.11.14,08:00,21850.50000,21980.50000,21544.50000,21656.50000,46414
2018.11.15,08:00,21651.50000,21939.50000,21529.50000,21939.50000,46462
2018.11.16,08:00,21829.50000,21869.50000,21484.50000,21738.50000,38696
2018.11.19,08:00,21654.50000,21913.50000,21519.50000,21584.50000,35900
2018.11.20,08:00,21549.50000,21684.50000,21169.50000,21221.50000,44254
2018.11.21,08:00,21214.50000,21741.50000,21214.50000,21634.50000,29529
2018.11.22,08:00,21589.50000,21737.50000,21464.50000,21561.50000,15099
2018.11.23,08:00,21624.50000,21681.50000,21439.50000,21476.50000,20201
2018.11.26,08:00,21649.50000,22077.50000,21629.50000,22032.50000,25701
2018.11.27,08:00,21967.50000,22189.50000,21804.50000,22075.00000,30737
2018.11.28,08:00,22070.50000,22407.50000,22029.50000,22379.50000,22883
2018.11.29,08:00,22362.50000,22422.50000,22179.50000,22277.50000,24214
2018.11.30,08:00,22264.50000,22411.50000,22219.50000,22406.50000,19560
2018.12.03,08:00,22681.50000,22706.50000,22519.50000,22621.50000,26285
2018.12.04,08:00,22534.50000,22566.50000,21574.50000,21605.50000,36025
2018.12.05,08:00,21715.50000,21973.50000,21700.50000,21892.50000,14012
2018.12.06,08:00,21767.50000,21796.50000,21069.50000,21576.50000,60378
2018.12.07,08:00,21631.50000,21725.50000,21244.50000,21336.50000,47240
2018.12.10,08:00,21220.50000,21385.50000,20934.50000,21320.50000,45886
2018.12.11,08:00,21265.50000,21525.50000,21059.50000,21344.50000,37289
2018.12.12,08:00,21363.50000,21808.50000,21313.50000,21620.50000,42456
2018.12.13,08:00,21739.50000,21902.50000,21664.50000,21683.50000,32992
2018.12.14,08:00,21628.50000,21738.50000,21234.50000,21288.50000,34104
2018.12.17,08:00,21374.50000,21554.50000,20964.50000,21141.50000,36537
2018.12.18,08:00,21230.50000,21321.50000,21004.50000,21025.50000,37140
2018.12.19,08:00,21080.50000,21180.50000,20564.50000,20684.50000,43899
2018.12.20,08:00,20741.50000,20831.50000,20074.50000,20397.50000,59643
2018.12.21,08:00,20279.50000,20316.50000,19774.50000,19849.50000,57316
2018.12.24,08:00,19798.50000,19955.50000,19319.50000,19342.50000,34091
2018.12.26,08:00,19270.50000,20089.50000,19270.50000,20035.50000,40791
2018.12.27,08:00,20089.50000,20200.50000,19514.50000,20039.50000,58447
2018.12.28,08:00,19954.50000,20067.50000,19724.50000,19936.50000,48588
2018.12.31,08:00,20004.50000,20054.50000,19749.50000,19848.50000,16368
2019.01.02,08:00,19528.50000,19931.50000,19284.50000,19819.50000,38035
2019.01.03,08:00,19377.50000,19664.50000,19294.50000,19384.50000,49609
2019.01.04,08:00,19423.50000,20197.50000,19219.50000,20099.50000,54855
2019.01.07,08:00,20163.50000,20308.50000,19964.50000,20178.50000,41577
2019.01.08,08:00,20173.50000,20410.50000,20089.50000,20308.50000,36247
2019.01.09,08:00,20353.50000,20483.50000,20169.50000,20259.50000,34984
2019.01.10,08:00,20263.50000,20381.50000,20029.50000,20346.50000,33672
2019.01.11,08:00,20301.50000,20379.50000,20184.50000,20286.50000,25799
2019.01.14,08:00,20160.50000,20225.50000,19979.50000,20109.50000,20834
2019.01.15,08:00,20199.50000,20574.50000,20169.50000,20505.50000,30963
2019.01.16,08:00,20565.50000,20592.50000,20317.50000,20492.50000,21924
2019.01.17,08:00,20537.50000,20622.50000,20199.50000,20509.50000,28077
2019.01.18,08:00,20469.50000,20948.50000,20449.50000,20933.50000,24944
2019.01.21,08:00,20858.50000,20883.50000,20664.50000,20746.50000,11275
2019.01.22,08:00,20766.50000,20801.50000,20334.50000,20434.50000,27540
2019.01.23,08:00,20449.50000,20721.50000,20414.50000,20547.50000,27903
2019.01.24,08:00,20507.50000,20642.50000,20429.50000,20580.50000,26789
2019.01.25,08:00,20590.50000,20899.50000,20589.50000,20811.50000,21097
2019.01.28,08:00,20751.50000,20757.50000,20469.50000,20590.50000,20360
2019.01.29,08:00,20534.50000,20753.50000,20404.50000,20637.50000,22241
2019.01.30,08:00,20689.50000,20849.50000,20514.50000,20805.50000,21738
2019.01.31,08:00,20875.50000,20880.50000,20634.50000,20829.50000,23708
2019.02.01,08:00,20782.50000,20924.50000,20724.50000,20820.50000,23177
2019.02.04,08:00,20805.50000,20919.50000,20804.50000,20899.50000,15583
2019.02.05,08:00,20959.50000,20972.50000,20818.50000,20942.50000,12027
2019.02.06,08:00,20927.50000,20957.50000,20827.50000,20884.50000,13411
2019.02.07,08:00,20894.50000,20909.50000,20464.50000,20562.50000,23766
2019.02.08,08:00,20487.50000,20557.50000,20184.50000,20324.50000,20282
2019.02.11,08:00,20318.50000,20492.50000,20224.50000,20469.50000,15613
2019.02.12,08:00,20449.50000,20969.50000,20424.50000,20934.50000,13873
2019.02.13,08:00,21024.50000,21210.50000,20983.50000,21118.50000,14225
2019.02.14,08:00,21143.50000,21252.50000,20954.50000,21009.50000,23671
2019.02.15,08:00,20994.50000,21234.50000,20829.50000,21233.50000,21363
2019.02.18,08:00,21277.50000,21317.50000,21184.50000,21251.50000,9298
2019.02.19,08:00,21251.50000,21407.50000,21204.50000,21327.50000,14231
2019.02.20,08:00,21347.50000,21488.50000,21303.50000,21414.50000,17834
2019.02.21,08:00,21399.50000,21548.50000,21304.50000,21367.50000,21391
2019.02.22,08:00,21372.50000,21498.50000,21337.50000,21432.50000,14717
2019.02.25,08:00,21552.50000,21629.50000,21448.50000,21573.50000,13999
2019.02.26,08:00,21543.50000,21598.50000,21364.50000,21517.50000,14824
2019.02.27,08:00,21482.50000,21592.50000,21444.50000,21552.50000,12265
2019.02.28,08:00,21532.50000,21537.50000,21274.50000,21480.50000,15899
2019.03.01,08:00,21469.50000,21752.50000,21469.50000,21747.50000,12032
2019.03.04,08:00,21794.50000,21857.50000,21589.50000,21676.50000,18437
2019.03.05,08:00,21710.50000,21825.50000,21649.50000,21685.50000,18433
2019.03.06,08:00,21664.50000,21680.50000,21529.50000,21529.50000,15181
2019.03.07,08:00,21449.50000,21487.50000,21194.50000,21261.50000,19062
2019.03.08,08:00,21306.50000,21306.50000,20829.50000,21076.50000,19564
2019.03.11,08:00,21076.50000,21307.50000,20914.50000,21307.50000,14060
2019.03.12,08:00,21367.50000,21546.50000,21338.50000,21396.50000,12491
2019.03.13,08:00,21396.50000,21504.50000,21149.50000,21459.50000,13973
2019.03.14,08:00,21506.50000,21513.50000,21259.50000,21339.50000,14764
2019.03.15,08:00,21340.50000,21533.50000,21319.50000,21502.50000,13890
2019.03.18,08:00,21496.50000,21630.50000,21482.50000,21579.50000,9025
2019.03.19,08:00,21599.50000,21670.50000,21419.50000,21564.50000,10756
2019.03.20,08:00,21542.50000,21644.50000,21434.50000,21444.50000,13156
2019.03.21,08:00,21434.50000,21600.50000,21313.50000,21595.50000,13774
2019.03.22,08:00,21605.50000,21660.50000,21104.50000,21163.50000,25493
2019.03.25,08:00,21167.50000,21230.50000,20859.50000,21121.50000,26503
2019.03.26,08:00,21120.50000,21519.50000,21119.50000,21448.50000,19037
2019.03.27,08:00,21259.50000,21385.50000,21054.50000,21193.11000,23486
2019.03.28,08:00,21150.50000,21227.19000,20968.21000,21217.13000,23786
2019.03.29,08:00,21207.50000,21288.97000,21150.60000,21264.46000,19529
2019.04.01,08:00,21542.50000,21673.88000,21449.50000,21631.54000,20136
2019.04.02,08:00,21615.50000,21744.94000,21464.26000,21519.44000,15026
2019.04.03,08:00,21528.50000,21832.81000,21479.29000,21763.78000,18557
2019.04.04,08:00,21758.50000,21785.89000,21664.25000,21771.62000,16931
2019.04.05,08:00,21756.50000,21855.50000,21728.76000,21854.83000,12753
2019.04.08,08:00,21854.50000,21966.51000,21715.55000,21795.55000,12386
2019.04.09,08:00,21771.50000,21809.38000,21588.95000,21618.85000,13185
2019.04.10,08:00,21616.50000,21736.79000,21545.48000,21651.26000,12851
2019.04.11,08:00,21656.50000,21741.47000,21619.50000,21714.30000,13754
2019.04.12,08:00,21726.50000,22078.50000,21690.58000,22059.89000,15828
2019.04.15,08:00,22049.50000,22232.50000,22044.50000,22143.88000,10638
2019.04.16,08:00,22144.50000,22319.50000,22125.25000,22254.35000,11946
2019.04.17,08:00,22233.50000,22345.50000,22183.50000,22266.12000,14356
2019.04.18,08:00,22260.50000,22297.66000,22050.50000,22246.95000,16969
2019.04.19,08:00,22252.78000,22254.28000,22154.10000,22176.57000,3530
2019.04.22,08:00,22257.50000,22276.50000,22089.50000,22244.02000,10352
2019.04.23,08:00,22259.50000,22338.39000,22114.88000,22335.89000,10409
2019.04.24,08:00,22356.50000,22372.48000,22123.57000,22211.54000,15028
2019.04.25,08:00,22201.50000,22356.44000,22145.43000,22200.06000,15001
2019.04.26,08:00,22178.50000,22337.50000,22063.50000,22332.40000,17675
2019.04.29,08:00,22351.50000,22451.50000,22331.50000,22385.00000,8200
2019.04.30,08:00,22370.50000,22401.50000,22261.50000,22364.42000,6882
2019.05.01,08:00,22393.50000,22476.50000,22193.02000,22195.52000,6621
2019.05.02,08:00,22174.50000,22366.50000,22170.44000,22265.50000,15582
2019.05.03,08:00,22295.50000,22485.50000,22213.50000,22473.81000,9179
2019.05.06,08:00,22005.50000,22233.50000,21916.50000,22206.50000,22782
2019.05.07,08:00,22052.50000,22166.50000,21504.50000,21646.50000,30024
2019.05.08,08:00,21636.50000,21659.50000,21414.97000,21522.49000,28256
2019.05.09,08:00,21513.50000,21547.37000,21063.81000,21321.95000,37524
2019.05.10,08:00,21267.50000,21582.50000,21069.50000,21487.50000,51768
2019.05.13,08:00,21257.50000,21278.34000,20764.50000,20803.50000,40804
2019.05.14,08:00,20818.50000,21181.50000,20749.50000,21131.04000,28177
2019.05.15,08:00,21148.50000,21188.50000,20879.88000,21159.17000,30595
2019.05.16,08:00,21176.50000,21340.56000,20944.68000,21256.05000,28231
2019.05.17,08:00,21251.50000,21391.46000,21139.54000,21223.05000,38448
2019.05.20,08:00,21219.50000,21434.47000,21051.85000,21142.21000,35927
2019.05.21,08:00,21167.50000,21383.66000,21151.50000,21363.65000,22367
2019.05.22,08:00,21384.50000,21403.76000,21186.04000,21223.44000,22387
2019.05.23,08:00,21213.50000,21213.50000,20813.50000,20856.50000,34718
2019.05.24,08:00,20822.50000,21190.50000,20822.50000,21124.46000,23383
2019.05.27,08:00,21175.50000,21259.11000,21104.82000,21208.50000,12134
2019.05.28,08:00,21214.50000,21294.20000,20984.95000,21011.50000,25315
2019.05.29,08:00,21001.50000,21062.25000,20724.50000,20876.28000,32603
2019.05.30,08:00,20909.50000,20988.50000,20802.62000,20947.89000,22930
2019.05.31,08:00,20944.50000,20959.50000,20379.50000,20424.53000,36147
2019.06.03,08:00,20328.50000,20530.50000,20294.50000,20464.51000,37732
2019.06.04,08:00,20445.50000,20732.50000,20288.41000,20725.23000,25603
2019.06.05,08:00,20749.50000,20871.50000,20639.50000,20781.77000,22054
2019.06.06,08:00,20701.00000,20914.50000,20688.50000,20874.39000,22757
2019.06.07,08:00,20828.50000,21057.50000,20814.50000,21033.88000,16233
2019.06.10,08:00,21236.50000,21244.50000,21071.38000,21116.41000,14765
2019.06.11,08:00,21114.50000,21328.50000,21069.50000,21188.77000,15930
2019.06.12,08:00,21173.50000,21259.39000,21022.16000,21037.17000,20448
2019.06.13,08:00,21048.50000,21130.50000,20929.50000,21068.03000,24935
2019.06.14,08:00,21045.50000,21115.50000,20974.58000,21041.79000,17393
2019.06.17,08:00,21059.50000,21187.83000,21039.50000,21122.77000,10179
2019.06.18,08:00,21136.50000,21252.50000,20903.50000,21246.76000,21998
2019.06.19,08:00,21262.50000,21373.99000,21253.90000,21343.96000,15553
2019.06.20,08:00,21362.50000,21631.71000,21359.50000,21500.80000,19335
2019.06.21,08:00,21482.50000,21517.01000,21217.07000,21236.06000,21023
2019.06.24,08:00,21247.50000,21332.40000,21181.86000,21227.25000,13544
2019.06.25,08:00,21238.50000,21312.11000,21077.49000,21097.49000,17548
2019.06.26,08:00,21097.50000,21257.50000,21032.50000,21124.80000,14609
2019.06.27,08:00,21099.50000,21333.85000,21099.50000,21237.11000,17182
2019.06.28,08:00,21258.50000,21338.44000,21188.67000,21338.44000,10839
2019.07.01,08:00,21658.50000,21847.55000,21553.43000,21715.72000,12626
2019.07.02,08:00,21648.50000,21784.14000,21633.50000,21724.84000,10704
2019.07.03,08:00,21688.50000,21728.50000,21562.40000,21728.50000,9575
2019.07.04,08:00,21738.50000,21753.50000,21670.40000,21693.50000,5074
2019.07.05,08:00,21692.50000,21737.50000,21589.50000,21679.08000,14726
2019.07.08,08:00,21717.50000,21717.50000,21495.99000,21615.93000,11481
2019.07.09,08:00,21612.50000,21687.50000,21479.50000,21526.82000,9431
2019.07.10,08:00,21539.50000,21644.50000,21489.50000,21552.98000,12144
2019.07.11,08:00,21599.50000,21659.50000,21534.50000,21621.98000,11161
2019.07.12,08:00,21623.50000,21713.50000,21584.50000,21601.96000,8732
2019.07.15,08:00,21598.50000,21707.50000,21537.93000,21622.12000,5728
2019.07.16,08:00,21627.50000,21652.50000,21464.50000,21503.79000,9475
2019.07.17,08:00,21492.50000,21492.50000,21359.86000,21359.86000,9061
2019.07.18,08:00,21322.50000,21342.50000,20990.98000,21159.47000,15042
2019.07.19,08:00,21191.50000,21476.50000,21116.37000,21294.43000,19812
2019.07.22,08:00,21351.50000,21446.50000,21310.47000,21416.08000,14202
2019.07.23,08:00,21433.50000,21724.50000,21399.50000,21719.50000,13903
2019.07.24,08:00,21704.50000,21774.50000,21627.13000,21766.49000,12150
2019.07.25,08:00,21767.50000,21824.50000,21628.87000,21643.87000,16404
2019.07.26,08:00,21624.50000,21705.00000,21586.59000,21673.46000,10493
2019.07.29,08:00,21669.50000,21669.50000,21514.75000,21642.94000,10969
2019.07.30,08:00,21678.50000,21793.50000,21477.53000,21509.76000,17123
2019.07.31,08:00,21527.50000,21591.32000,21267.70000,21390.26000,23381
2019.08.01,08:00,21342.50000,21592.50000,21039.80000,21054.79000,39288
2019.08.02,08:00,21052.50000,21173.50000,20783.01000,20897.51000,45483
2019.08.05,08:00,20919.50000,20939.50000,20196.04000,20263.57000,53392
2019.08.06,08:00,19999.50000,20669.50000,19988.50000,20648.50000,49358
2019.08.07,08:00,20627.50000,20666.50000,20234.50000,20622.50000,43914
2019.08.08,08:00,20597.50000,20806.50000,20449.50000,20789.50000,27191
2019.08.09,08:00,20701.50000,20781.50000,20374.50000,20499.50000,27267
2019.08.12,08:00,20506.50000,20596.50000,20229.50000,20281.50000,27127
2019.08.13,08:00,20300.50000,20772.50000,20229.50000,20739.50000,30807
2019.08.14,08:00,20776.50000,20781.50000,20112.50000,20137.50000,33502
2019.08.15,08:00,20102.50000,20512.50000,20094.50000,20332.50000,46975
2019.08.16,08:00,20373.50000,20605.50000,20289.50000,20584.50000,21819
2019.08.19,08:00,20670.50000,20689.50000,20489.50000,20649.50000,14893
2019.08.20,08:00,20644.50000,20673.50000,20474.50000,20494.50000,16846
2019.08.21,08:00,20489.50000,20734.50000,20469.50000,20694.50000,12202
2019.08.22,08:00,20736.50000,20754.50000,20539.50000,20609.50000,16651
2019.08.23,08:00,20614.50000,20734.50000,20139.50000,20199.50000,31246
2019.08.26,08:00,19984.50000,20610.50000,19984.50000,20550.50000,39923
2019.08.27,08:00,20535.50000,20570.50000,20380.50000,20425.50000,22836
2019.08.28,08:00,20455.50000,20530.50000,20324.50000,20529.50000,19792
2019.08.29,08:00,20484.50000,20719.50000,20349.50000,20699.50000,16087
2019.08.30,08:00,20674.50000,20784.50000,20614.50000,20654.50000,12932
2019.09.02,08:00,20549.50000,20659.50000,20509.50000,20549.50000,8293
2019.09.03,08:00,20577.50000,20669.50000,20509.50000,20589.50000,20084
2019.09.04,08:00,20619.50000,20809.50000,20544.50000,20809.50000,10729
2019.09.05,08:00,20807.50000,21259.50000,20774.50000,21149.50000,15715
2019.09.06,08:00,21159.50000,21237.50000,21124.50000,21214.50000,13080
2019.09.09,08:00,21223.50000,21371.50000,21174.50000,21343.50000,9670
2019.09.10,08:00,21353.50000,21452.50000,21284.50000,21447.50000,14101
2019.09.11,08:00,21452.50000,21657.50000,21434.50000,21657.50000,12918
2019.09.12,08:00,21667.50000,21872.50000,21659.50000,21837.50000,21381
2019.09.13,08:00,21871.50000,22091.50000,21814.50000,22044.50000,13067
2019.09.16,08:00,21833.50000,21973.50000,21789.50000,21918.50000,12458
2019.09.17,08:00,21944.50000,22033.50000,21869.50000,22019.50000,13764
2019.09.18,08:00,22033.50000,22086.50000,21919.50000,22083.50000,11122
2019.09.19,08:00,22078.50000,22258.50000,21994.50000,22123.50000,17457
2019.09.20,08:00,22118.50000,22198.50000,21949.50000,21968.50000,15582
2019.09.23,08:00,22047.50000,22117.50000,21844.50000,21946.50000,11199
2019.09.24,08:00,21976.50000,22156.50000,21814.50000,21865.50000,21049
2019.09.25,08:00,21884.50000,22060.50000,21814.50000,22045.50000,20802
2019.09.26,08:00,22110.50000,22168.50000,21974.50000,22126.50000,17601
2019.09.27,08:00,21964.50000,21980.50000,21669.50000,21706.50000,22899
2019.09.30,08:00,21731.50000,21861.50000,21649.50000,21859.50000,16686
2019.10.01,08:00,21866.50000,22019.50000,21649.50000,21674.50000,18863
2019.10.02,08:00,21704.50000,21780.50000,21274.50000,21339.50000,25001
2019.10.03,08:00,21403.50000,21455.50000,21039.50000,21353.50000,27584
2019.10.04,08:00,21343.50000,21542.50000,21259.50000,21532.50000,18505
2019.10.07,08:00,21446.50000,21601.50000,21319.50000,21481.50000,17530
2019.10.08,08:00,21466.50000,21626.50000,21319.50000,21334.50000,24924
2019.10.09,08:00,21326.50000,21606.50000,21314.50000,21571.50000,18765
2019.10.10,08:00,21351.50000,21736.50000,21299.50000,21676.50000,28090
2019.10.11,08:00,21736.50000,22240.50000,21664.50000,22035.50000,23481
2019.10.14,08:00,22075.50000,22107.50000,21874.50000,21987.50000,14415
2019.10.15,08:00,22005.50000,22559.50000,22005.50000,22524.50000,15032
2019.10.16,08:00,22495.50000,22609.50000,22419.50000,22515.50000,16588
2019.10.17,08:00,22505.50000,22686.50000,22414.50000,22518.50000,14287
2019.10.18,08:00,22501.50000,22646.50000,22399.50000,22484.50000,14542
2019.10.21,08:00,22449.50000,22690.50000,22439.50000,22685.50000,9601
2019.10.22,08:00,22685.50000,22799.50000,22614.50000,22681.50000,10786
2019.10.23,08:00,22679.50000,22794.50000,22474.50000,22794.50000,12895
2019.10.24,08:00,22805.50000,22864.50000,22724.50000,22811.50000,11357
2019.10.25,08:00,22783.50000,22846.50000,22704.50000,22821.50000,8894
2019.10.28,08:00,22841.50000,22973.50000,22814.50000,22956.50000,7597
2019.10.29,08:00,22958.50000,22988.50000,22884.50000,22918.50000,8270
2019.10.30,08:00,22909.50000,22938.50000,22744.50000,22919.50000,11193
2019.10.31,08:00,22938.50000,22978.50000,22644.50000,22712.50000,14590
2019.11.01,08:00,22707.50000,22982.50000,22682.50000,22936.50000,11848
2019.11.04,08:00,22957.50000,23173.50000,22939.50000,23119.50000,6832
2019.11.05,08:00,23198.50000,23374.50000,23134.50000,23329.50000,11166
2019.11.06,08:00,23319.50000,23368.50000,23239.50000,23303.50000,9402
2019.11.07,08:00,23259.50000,23642.50000,23244.50000,23524.50000,12651
2019.11.08,08:00,23544.50000,23592.50000,23294.50000,23467.50000,14147
2019.11.11,08:00,23424.50000,23457.50000,23214.50000,23367.50000,9311
2019.11.12,08:00,23322.50000,23572.50000,23299.50000,23462.50000,10968
2019.11.13,08:00,23424.50000,23442.50000,23157.50000,23327.50000,14072
2019.11.14,08:00,23322.50000,23357.50000,22999.50000,23147.50000,16821
2019.11.15,08:00,23154.50000,23392.50000,23114.50000,23359.50000,12139
2019.11.18,08:00,23284.50000,23487.50000,23259.50000,23392.50000,11724
2019.11.19,08:00,23346.50000,23426.50000,23199.50000,23236.50000,11890
2019.11.20,08:00,23159.50000,23291.50000,23004.50000,23126.50000,18828
2019.11.21,08:00,23054.50000,23151.50000,22714.50000,23071.50000,21857
2019.11.22,08:00,23029.50000,23201.50000,23021.50000,23156.50000,13914
2019.11.25,08:00,23291.50000,23421.50000,23244.50000,23419.50000,7198
2019.11.26,08:00,23451.50000,23609.50000,23304.50000,23431.50000,11514
2019.11.27,08:00,23439.50000,23586.50000,23409.50000,23581.50000,7221
2019.11.28,08:00,23456.50000,23478.50000,23364.50000,23471.50000,5368
2019.11.29,08:00,23469.50000,23484.50000,23269.50000,23326.50000,7885
2019.12.02,08:00,23369.50000,23585.50000,23059.50000,23200.50000,18729
2019.12.03,08:00,23204.50000,23378.50000,22889.50000,23125.50000,24029
2019.12.04,08:00,23134.50000,23370.50000,22959.50000,23330.50000,20622
2019.12.05,08:00,23290.50000,23435.50000,23239.50000,23320.50000,17667
2019.12.06,08:00,23334.50000,23550.50000,23309.50000,23517.50000,12006
2019.12.09,08:00,23534.50000,23535.50000,23344.50000,23360.50000,8640
2019.12.10,08:00,23359.50000,23474.50000,23254.50000,23439.50000,18850
2019.12.11,08:00,23414.50000,23459.50000,23314.50000,23434.50000,12863
2019.12.12,08:00,23434.50000,23784.50000,23359.50000,23759.50000,25072
2019.12.13,08:00,23914.50000,24098.50000,23789.50000,23958.50000,33161
2019.12.16,08:00,23949.50000,24166.50000,23939.50000,24133.50000,11456
2019.12.17,08:00,24093.50000,24094.50000,23984.50000,24058.50000,9691
2019.12.18,08:00,24024.50000,24043.50000,23859.50000,23933.50000,8573
2019.12.19,08:00,23892.50000,23937.50000,23789.50000,23847.50000,8259
2019.12.20,08:00,23889.50000,23899.50000,23734.50000,23867.50000,10101
2019.12.23,08:00,23902.50000,23907.50000,23787.50000,23862.50000,5923
2019.12.24,08:00,23829.50000,23842.50000,23784.50000,23822.50000,2728
2019.12.26,08:00,23887.50000,23987.50000,23858.50000,23982.50000,2078
2019.12.27,08:00,23938.50000,23948.50000,23763.50000,23783.50000,8807
2019.12.30,08:00,23773.50000,23779.50000,23404.50000,23423.50000,17840
2019.12.31,08:00,23443.50000,23446.50000,23304.50000,23428.50000,6906
2020.01.02,08:00,23624.50000,23788.50000,23544.50000,23713.50000,8192
2020.01.03,08:00,23712.50000,23712.50000,23159.50000,23308.50000,24983
2020.01.06,08:00,23264.50000,23363.50000,23044.50000,23333.50000,19756
2020.01.07,08:00,23303.50000,23568.50000,23279.50000,23368.50000,17066
2020.01.08,08:00,23157.50000,23602.50000,22932.50000,23537.50000,36076
2020.01.09,08:00,23544.50000,23797.50000,23534.50000,23772.50000,13146
2020.01.10,08:00,23764.50000,23897.50000,23654.50000,23699.50000,12133
2020.01.13,08:00,23737.50000,23960.50000,23714.50000,23957.50000,9332
2020.01.14,08:00,23969.50000,24047.50000,23857.50000,24002.50000,15841
2020.01.15,08:00,23914.50000,23992.50000,23867.50000,23952.50000,12791
2020.01.16,08:00,23962.50000,24082.50000,23894.50000,24072.50000,9532
2020.01.17,08:00,24102.50000,24117.50000,24007.50000,24052.50000,7569
2020.01.20,08:00,24064.50000,24101.50000,24024.50000,24056.50000,3040
2020.01.21,08:00,24022.00000,24056.50000,23764.50000,23768.50000,16911
2020.01.22,08:00,23818.50000,24038.50000,23814.50000,23853.50000,13078
2020.01.23,08:00,23822.50000,23899.50000,23619.50000,23812.50000,19376
2020.01.24,08:00,23847.50000,23907.50000,23559.50000,23647.50000,22283
2020.01.27,08:00,23324.50000,23450.50000,23044.50000,23044.50000,29819
2020.01.28,08:00,23132.50000,23367.50000,23004.50000,23347.50000,23069
2020.01.29,08:00,23292.50000,23407.50000,23199.50000,23247.50000,20209
2020.01.30,08:00,23261.50000,23301.50000,22829.50000,23211.50000,38751
2020.01.31,08:00,23139.50000,23411.50000,22624.50000,22726.50000,41986
2020.02.03,08:00,22769.50000,23026.50000,22736.50000,22876.50000,35733
2020.02.04,08:00,22860.50000,23410.50000,22834.50000,23380.50000,26476
2020.02.05,08:00,23320.50000,23710.50000,23224.50000,23694.50000,34106
2020.02.06,08:00,23659.50000,23990.50000,23639.50000,23960.50000,28201
2020.02.07,08:00,23955.50000,23965.50000,23669.50000,23675.50000,29127
2020.02.10,08:00,23615.50000,23810.50000,23564.50000,23695.50000,24483
2020.02.11,08:00,23725.50000,24025.50000,23684.50000,23895.50000,15600
2020.02.12,08:00,23849.50000,23983.50000,23719.50000,23955.50000,18308
2020.02.13,08:00,23855.50000,23900.50000,23569.50000,23725.50000,27727
2020.02.14,08:00,23659.50000,23775.50000,23479.50000,23545.50000,18117
2020.02.17,08:00,23439.50000,23570.50000,23329.50000,23510.50000,8774
2020.02.18,08:00,23374.50000,23395.50000,23094.50000,23205.50000,21232
2020.02.19,08:00,23334.50000,23675.50000,23229.50000,23585.50000,18515
2020.02.20,08:00,23674.50000,23799.50000,23329.50000,23529.50000,34543
2020.02.21,08:00,23424.50000,23579.50000,23099.50000,23204.50000,31070
2020.02.24,08:00,22804.50000,22859.50000,22079.50000,22184.50000,46386
2020.02.25,08:00,22339.50000,22739.50000,21899.50000,22079.50000,65566
2020.02.26,08:00,22314.50000,22510.50000,21999.50000,22214.50000,81228
2020.02.27,08:00,22258.50000,22263.50000,21204.50000,21214.50000,85370
2020.02.28,08:00,21424.50000,21444.50000,20454.50000,21015.50000,124679
2020.03.02,08:00,20869.50000,21594.50000,20699.50000,21439.50000,112594
2020.03.03,08:00,21699.50000,21749.50000,20674.50000,20860.50000,114221
2020.03.04,08:00,20872.00000,21430.50000,20872.00000,21385.50000,79736
2020.03.05,08:00,21409.50000,21409.50000,20734.50000,20790.50000,74129
2020.03.06,08:00,20989.50000,21059.50000,20204.50000,20419.50000,100750
2020.03.09,08:00,19627.00000,19962.00000,18499.50000,18870.50000,113752
2020.03.10,08:00,19005.50000,20190.50000,18884.50000,19975.50000,149196
2020.03.11,08:00,19720.50000,19975.50000,18924.50000,19164.50000,118393
2020.03.12,08:00,19295.50000,19300.50000,16834.50000,17044.50000,168457
2020.03.13,08:00,17112.50000,18422.50000,16664.50000,18124.50000,168896
2020.03.16,08:00,17250.00000,17939.87000,16244.48000,16644.67000,117529
2020.03.17,08:00,16773.84000,17743.20000,16587.17000,17499.80000,143801
2020.03.18,08:00,17224.50000,17509.50000,16382.87000,16914.48000,104160
2020.03.19,08:00,17194.06000,17987.39000,16447.75000,17642.39000,138201
2020.03.20,08:00,17404.89000,18400.00000,17350.00000,17535.00000,25703
2020.03.23,08:00,16528.71000,18389.27000,16388.29000,17962.21000,129513
2020.03.24,08:00,18111.50000,19429.50000,17913.50000,19399.50000,84116
2020.03.25,08:00,19454.50000,19660.00000,18740.00000,19314.50000,36966
2020.03.26,08:00,19264.50000,19359.33000,18504.50000,19319.33000,77111
2020.03.27,08:00,19132.67000,19411.71000,18679.50000,18712.50000,71100
2020.03.30,08:00,18574.50000,19181.00000,18549.50000,19174.50000,78293
2020.03.31,08:00,19214.50000,19490.00000,18586.71000,18699.50000,110323
2020.04.01,08:00,18612.67000,18809.46000,17619.00000,17649.33000,94237
2020.04.02,08:00,17708.50000,18169.00000,17559.50000,18116.71000,117666
2020.04.03,08:00,18134.50000,18161.00000,17594.50000,17705.00000,96559
2020.04.06,08:00,17877.67000,18965.29000,17674.50000,18913.00000,129909
2020.04.07,08:00,18819.82000,19860.44000,18512.11000,18965.50000,170713
2020.04.08,08:00,18903.00000,19428.78000,18692.67000,19134.33000,177766
2020.04.09,08:00,19167.67000,19599.46000,19119.50000,19437.25000,179910
2020.04.13,08:00,19219.50000,19325.29000,18911.77000,19062.36000,112245
2020.04.14,08:00,19140.62000,19664.57000,19046.00000,19463.50000,133766
2020.04.15,08:00,19473.78000,19566.19000,19104.57000,19239.75000,147163
2020.04.16,08:00,19158.22000,19305.38000,18926.87000,19143.50000,137746
2020.04.17,08:00,19616.00000,19839.33000,19297.50000,19528.73000,129956
2020.04.20,08:00,19431.56000,19689.75000,19216.83000,19230.09000,133007
2020.04.21,08:00,19351.42000,19438.50000,18886.59000,18955.00000,166936
2020.04.22,08:00,19029.00000,19244.18000,18745.44000,19178.78000,129415
2020.04.23,08:00,19153.50000,19561.22000,19102.36000,19264.00000,129878
2020.04.24,08:00,19229.00000,19366.88000,19049.13000,19330.71000,117274
2020.04.27,08:00,19267.00000,19728.50000,19267.00000,19690.17000,91215
2020.04.28,08:00,19657.25000,20034.57000,19513.50000,19861.36000,107166
2020.04.29,08:00,19815.00000,20393.60000,19797.43000,20289.33000,70439
2020.04.30,08:00,20281.56000,20283.73000,19696.53000,19868.96000,146993
2020.05.01,08:00,19748.00000,19845.41000,19314.96000,19377.11000,103225
2020.05.04,08:00,19152.82000,19292.29000,18928.08000,19267.40000,91714
2020.05.05,08:00,19268.73000,19611.63000,19240.64000,19411.50000,86096
2020.05.06,08:00,19488.50000,19617.67000,19224.50000,19229.33000,91227
2020.05.07,08:00,19185.09000,19707.30000,19177.67000,19646.45000,121417
2020.05.08,08:00,19683.14000,20084.95000,19663.73000,20082.50000,104780
2020.05.11,08:00,20104.75000,20481.00000,20089.50000,20371.36000,115904
2020.05.12,08:00,20364.75000,20376.63000,20006.38000,20011.56000,123982
2020.05.13,08:00,20020.29000,20279.89000,19903.50000,20028.86000,158205
2020.05.14,08:00,20030.29000,20089.75000,19468.59000,19928.64000,170771
2020.05.15,08:00,19887.88000,20041.33000,19681.95000,19879.85000,157858
2020.05.18,08:00,19977.00000,20540.17000,19851.31000,20504.33000,119797
2020.05.19,08:00,20459.46000,20544.75000,20221.50000,20245.75000,141874
2020.05.20,08:00,20264.33000,20666.19000,20259.50000,20579.33000,120382
2020.05.21,08:00,20575.23000,20590.55000,20302.00000,20312.50000,118101
2020.05.22,08:00,20357.00000,20461.81000,20081.71000,20399.13000,126124
2020.05.25,08:00,20485.38000,20832.67000,20429.39000,20789.50000,57511
2020.05.26,08:00,20795.23000,21206.71000,20773.81000,21126.13000,115375
2020.05.27,08:00,21110.00000,21567.52000,20987.16000,21488.50000,151307
2020.05.28,08:00,21504.08000,21946.91000,21421.00000,21756.45000,166790
2020.05.29,08:00,21729.67000,21800.72000,21502.00000,21795.71000,174667
2020.06.01,08:00,21694.50000,22081.06000,21627.67000,22069.56000,132510
2020.06.02,08:00,22008.27000,22545.62000,21953.61000,22492.67000,127777
2020.06.03,08:00,22454.57000,22796.67000,22307.25000,22756.45000,148174
2020.06.04,08:00,22751.00000,22833.69000,22337.07000,22567.00000,166331
2020.06.05,08:00,22589.57000,23146.21000,22403.00000,22974.61000,163877
2020.06.08,08:00,23027.58000,23116.71000,22804.18000,23053.59000,137216
2020.06.09,08:00,23043.50000,23062.54000,22543.99000,22727.67000,166785
2020.06.10,08:00,22774.50000,23015.76000,22581.71000,22701.00000,161916
2020.06.11,08:00,22677.15000,22828.50000,21509.33000,21595.00000,197450
2020.06.12,08:00,21812.50000,22405.00000,21690.00000,22130.00000,25229
2020.06.15,08:00,21997.25000,22198.73000,21319.50000,21920.55000,195572
2020.06.16,08:00,22019.50000,22592.82000,21988.94000,22361.83000,190356
2020.06.17,08:00,22383.78000,22762.18000,22238.80000,22506.63000,158356
2020.06.18,08:00,22522.67000,22560.17000,22134.53000,22421.63000,157791
2020.06.19,08:00,22493.89000,22770.32000,22388.81000,22394.07000,145753
2020.06.22,08:00,22312.43000,22672.43000,22302.43000,22667.43000,24520
2020.06.23,08:00,22695.52000,22873.02000,22288.02000,22615.52000,30638
2020.06.24,08:00,22593.18000,22710.68000,22143.18000,22335.68000,32267
2020.06.25,08:00,22301.67000,22589.17000,22114.17000,22551.67000,33050
2020.06.26,08:00,22554.31000,22626.81000,22294.31000,22346.81000,26025
2020.06.29,08:00,22306.81000,22464.62000,22027.12000,22429.62000,26095
2020.06.30,08:00,22462.12000,22514.62000,22214.09000,22349.09000,20397
2020.07.01,08:00,22386.81000,22434.31000,22011.81000,22244.31000,19335
2020.07.02,08:00,22241.68000,22486.68000,22101.68000,22371.68000,19918
2020.07.03,08:00,22344.75000,22409.75000,22172.25000,22248.25000,10130
2020.07.06,08:00,22322.07000,22802.07000,22279.57000,22697.07000,15952
2020.07.07,08:00,22687.31000,22759.81000,22452.31000,22467.31000,18402
2020.07.08,08:00,22479.74000,22687.15000,22368.45000,22543.45000,16147
2020.07.09,08:00,22570.86000,22713.60000,22309.45000,22434.45000,18726
2020.07.10,08:00,22436.61000,22652.07000,22269.56000,22647.07000,19415
2020.07.13,08:00,22702.22000,22892.83000,22545.33000,22580.33000,17432
2020.07.14,08:00,22619.02000,22772.63000,22522.68000,22745.55000,27339
2020.07.15,08:00,22893.62000,23057.84000,22820.33000,22935.89000,21243
2020.07.16,08:00,22947.41000,22975.51000,22690.13000,22778.10000,19778
2020.07.17,08:00,22830.58000,22878.02000,22647.45000,22715.21000,13078
2020.07.20,08:00,22765.07000,22848.05000,22592.96000,22828.05000,14345
2020.07.21,08:00,22845.19000,22967.96000,22737.82000,22757.82000,13666
2020.07.22,08:00,22823.12000,22872.57000,22665.26000,22792.83000,14164
2020.07.23,08:00,22795.33000,22925.31000,22503.15000,22570.65000,15377
2020.07.24,08:00,22613.15000,22655.28000,22287.76000,22372.76000,17422
2020.07.27,08:00,22382.54000,22752.74000,22353.63000,22700.12000,14873
2020.07.28,08:00,22727.62000,22850.12000,22517.64000,22547.34000,14603
2020.07.29,08:00,22569.64000,22579.77000,22372.23000,22560.10000,11646
2020.07.30,08:00,22547.52000,22562.42000,21976.12000,22256.33000,18957
2020.07.31,08:00,22298.89000,22349.02000,21711.46000,21950.95000,26828
2020.08.03,08:00,21960.69000,22423.40000,21898.44000,22413.40000,16378
2020.08.04,08:00,22396.08000,22666.20000,22388.58000,22523.35000,16228
2020.08.05,08:00,22515.85000,22648.25000,22365.86000,22490.80000,14988
2020.08.06,08:00,22523.10000,22598.16000,22280.66000,22435.80000,18221
2020.08.07,08:00,22443.18000,22460.80000,22213.18000,22458.30000,18973
2020.08.10,08:00,22427.97000,22545.48000,22350.48000,22522.98000,8191
2020.08.11,08:00,22500.60000,22971.01000,22477.96000,22708.47000,17327
2020.08.12,08:00,22758.43000,23266.55000,22675.97000,23216.55000,17457
2020.08.13,08:00,23201.62000,23323.18000,23148.99000,23213.02000,15438
2020.08.14,08:00,23230.54000,23363.11000,23068.14000,23158.21000,14698
2020.08.17,08:00,23187.00000,23259.80000,23068.77000,23167.75000,66588
2020.08.18,08:00,23138.44000,23177.32000,22946.01000,23082.48000,68489
2020.08.19,08:00,23060.22000,23214.79000,22967.93000,23128.64000,68575
2020.08.20,08:00,23090.08000,23095.80000,22852.25000,22988.39000,79056
2020.08.21,08:00,23022.60000,23148.72000,22719.48000,22910.67000,86903
2020.08.24,08:00,22952.76000,23185.59000,22861.39000,23183.94000,70270
2020.08.25,08:00,23165.07000,23440.91000,23160.30000,23313.75000,70220
2020.08.26,08:00,23326.23000,23353.39000,23164.79000,23299.27000,65415
2020.08.27,08:00,23303.00000,23358.97000,23148.90000,23228.89000,90730
2020.08.28,08:00,23242.84000,23389.09000,22562.43000,22936.86000,103077
2020.08.31,08:00,23099.05000,23373.93000,23016.12000,23103.74000,99916
2020.09.01,08:00,23015.15000,23212.35000,23006.57000,23193.95000,110495
2020.09.02,08:00,23268.84000,23507.23000,23161.51000,23501.11000,114850
2020.09.03,08:00,23538.16000,23630.98000,22970.85000,23087.73000,180524
2020.09.04,08:00,23000.93000,23316.35000,22826.54000,23171.87000,38761
2020.09.07,08:00,23162.71000,23216.27000,23030.61000,23184.60000,92204
2020.09.08,08:00,23229.92000,23307.12000,22916.38000,23025.78000,30134
2020.09.09,08:00,22936.06000,23235.69000,22875.91000,23182.03000,25441
2020.09.10,08:00,23307.35000,23326.15000,23103.80000,23139.23000,25241
2020.09.11,08:00,23200.14000,23469.70000,23190.00000,23396.46000,22420
2020.09.14,08:00,23546.26000,23654.25000,23469.36000,23504.78000,14012
2020.09.15,08:00,23516.86000,23565.00000,23398.65000,23529.62000,12445
2020.09.16,08:00,23505.07000,23565.31000,23437.51000,23500.79000,12376
2020.09.17,08:00,23519.90000,23520.15000,23261.12000,23402.65000,18922
2020.09.18,08:00,23443.77000,23452.71000,23227.21000,23292.88000,15779
2020.09.21,08:00,23259.38000,23428.75000,22656.79000,23000.56000,20662
2020.09.22,08:00,22976.39000,23122.24000,22762.50000,23081.12000,16820
2020.09.23,08:00,23074.30000,23442.66000,23074.30000,23267.01000,20066
2020.09.24,08:00,23270.86000,23289.95000,23054.58000,23211.42000,26291
2020.09.25,08:00,23247.12000,23356.86000,23031.81000,23351.12000,19899
2020.09.28,08:00,23442.50000,23572.19000,23340.48000,23571.47000,13109
2020.09.29,08:00,23480.57000,23647.24000,23378.02000,23493.48000,15286
2020.09.30,08:00,23511.37000,23558.23000,23165.20000,23308.14000,21675
2020.10.01,08:00,23392.09000,23404.23000,23254.22000,23374.91000,16079
2020.10.02,08:00,23364.53000,23383.66000,22981.86000,23213.67000,23227
2020.10.05,08:00,23398.97000,23454.40000,23255.01000,23443.17000,14808
2020.10.06,08:00,23458.42000,23469.59000,23253.72000,23312.68000,17464
2020.10.07,08:00,23274.27000,23538.43000,23265.77000,23533.10000,15232
2020.10.08,08:00,23545.50000,23727.85000,23497.30000,23656.64000,14312
2020.10.09,08:00,23720.82000,23762.60000,23576.09000,23597.21000,12409
2020.10.12,08:00,23609.21000,23668.73000,23516.46000,23638.68000,12065
2020.10.13,08:00,23651.87000,23672.02000,23498.61000,23538.30000,13907
2020.10.14,08:00,23557.99000,23668.61000,23528.37000,23570.49000,13879
2020.10.15,08:00,23573.79000,23592.92000,23378.37000,23519.25000,16026
2020.10.16,08:00,23532.53000,23576.37000,23392.53000,23533.20000,14153
2020.10.19,08:00,23579.58000,23738.65000,23508.41000,23520.07000,13580
2020.10.20,08:00,23572.86000,23678.15000,23524.07000,23607.73000,15908
2020.10.21,08:00,23632.19000,23698.66000,23533.41000,23569.22000,16189
2020.10.22,08:00,23560.70000,23614.40000,23423.83000,23597.47000,15025
2020.10.23,08:00,23597.44000,23599.64000,23467.70000,23564.40000,13105
2020.10.26,08:00,23486.69000,23570.85000,23366.09000,23418.47000,15232
2020.10.27,08:00,23431.53000,23531.53000,23245.53000,23415.53000,11519
2020.10.28,08:00,23335.39000,23450.39000,23070.39000,23080.40000,16414
2020.10.29,08:00,23125.72000,23401.72000,23081.72000,23300.72000,18543
2020.10.30,08:00,23260.51000,23310.51000,22881.51000,23171.51000,20398
2020.11.02,08:00,23101.64000,23455.64000,23096.64000,23418.15000,18019
2020.11.03,08:00,23495.45000,23926.45000,23490.45000,23826.45000,10268
2020.11.04,08:00,23786.39000,24076.39000,23501.39000,23965.40000,34444
2020.11.05,08:00,23911.40000,24381.40000,23866.40000,24275.40000,22075
2020.11.06,08:00,24136.90000,24466.90000,24085.90000,24335.90000,19135
2020.11.09,08:00,24569.58000,25904.58000,24544.58000,25474.58000,31651
2020.11.10,08:00,25265.60000,25460.60000,24835.60000,25289.60000,29979
2020.11.11,08:00,25205.73000,25715.73000,25156.73000,25595.73000,20031
2020.11.12,08:00,25465.30000,25600.30000,25230.30000,25356.30000,18933
2020.11.13,08:00,25425.25000,25680.25000,25221.25000,25630.25000,16575
2020.11.16,08:00,25720.05000,26220.05000,25676.05000,26182.55000,20016
2020.11.17,08:00,26106.00000,26106.00000,25865.00000,25987.50000,14868
2020.11.18,08:00,25890.94000,25930.94000,25624.94000,25632.44000,14406
2020.11.19,08:00,25635.59000,25659.59000,25409.59000,25580.59000,15991
2020.11.20,08:00,25470.63000,25764.63000,25429.63000,25679.63000,11939
2020.11.23,08:00,25714.55000,26059.55000,25709.55000,25979.55000,8913
2020.11.24,08:00,25969.51000,26514.51000,25959.51000,26482.01000,15752
2020.11.25,08:00,26535.46000,26714.46000,26184.46000,26316.96000,21510
2020.11.26,08:00,26260.53000,26589.53000,26250.53000,26470.53000,10535
2020.11.27,08:00,26480.32000,26810.32000,26414.32000,26789.32000,12040
2020.11.30,08:00,26855.21000,26869.21000,26304.21000,26420.21000,23327
2020.12.01,08:00,26625.15000,26965.15000,26625.15000,26880.15000,18683
2020.12.02,08:00,26879.07000,26894.07000,26685.07000,26836.57000,16279
2020.12.03,08:00,26764.02000,26920.02000,26690.02000,26761.53000,13558
2020.12.04,08:00,26708.95000,26869.95000,26644.95000,26844.95000,11390
2020.12.07,08:00,26878.74000,26879.74000,26318.74000,26421.25000,16231
2020.12.08,08:00,26389.66000,26569.66000,26314.66000,26528.66000,13410
2020.12.09,08:00,26533.58000,26908.58000,26508.58000,26648.58000,14964
2020.12.10,08:00,26701.27000,26867.27000,26647.27000,26726.27000,15090
2020.12.11,08:00,26765.56000,26845.56000,26456.56000,26630.56000,15636
2020.12.14,08:00,26715.06000,26885.06000,26705.06000,26705.06000,10949
2020.12.15,08:00,26690.02000,26860.02000,26620.02000,26825.02000,9856
2020.12.16,08:00,26845.00000,26890.00000,26735.00000,26831.00000,9245
2020.12.17,08:00,26799.76000,26884.76000,26694.76000,26818.76000,8315
2020.12.18,08:00,26779.92000,26904.92000,26720.92000,26850.92000,8805
2020.12.21,08:00,26862.22000,26913.93000,26240.96000,26566.40000,27227
2020.12.22,08:00,26593.67000,26668.36000,26388.70000,26609.03000,19008
2020.12.23,08:00,26603.91000,26775.91000,26437.65000,26708.46000,15006
2020.12.24,08:00,26687.24000,26767.79000,26616.38000,26680.13000,9174
2020.12.28,08:00,26715.56000,27006.96000,26678.81000,26974.23000,11369
2020.12.29,08:00,26946.43000,27724.09000,26944.50000,27544.18000,17645
2020.12.30,08:00,27621.25000,27639.01000,27363.40000,27465.00000,16145
2020.12.31,08:00,27510.00000,27569.41000,27464.27000,27503.56000,6673
2021.01.04,08:00,27639.84000,27639.84000,27056.16000,27141.00000,28476
2021.01.05,08:00,27145.71000,27290.52000,26978.66000,27175.71000,23919
2021.01.06,08:00,27108.61000,27496.24000,26968.02000,27385.24000,33879
2021.01.07,08:00,27406.45000,27683.38000,27394.23000,27646.39000,21086
2021.01.08,08:00,27761.22000,28366.35000,27702.26000,28363.22000,25892
2021.01.11,08:00,28213.28000,28280.23000,27976.34000,28105.98000,17762
2021.01.12,08:00,28088.04000,28306.88000,27980.68000,28205.93000,23125
2021.01.13,08:00,28173.17000,28537.62000,28150.89000,28500.17000,19727
2021.01.14,08:00,28460.52000,29004.19000,28428.40000,28878.11000,24199
2021.01.15,08:00,28896.55000,28906.79000,28177.86000,28319.53000,27393
2021.01.18,08:00,28217.73000,28374.38000,28125.06000,28355.06000,16896
2021.01.19,08:00,28473.27000,28810.91000,28469.30000,28760.07000,21854
2021.01.20,08:00,28840.15000,28841.02000,28413.79000,28688.36000,19060
2021.01.21,08:00,28745.51000,28866.05000,28535.09000,28662.93000,17651
2021.01.22,08:00,28597.67000,28711.45000,28422.23000,28643.77000,18926
2021.01.25,08:00,28727.65000,28872.43000,28492.87000,28851.13000,25147
2021.01.26,08:00,28721.82000,28781.94000,28531.87000,28761.55000,18799
2021.01.27,08:00,28708.00000,28766.59000,28105.69000,28130.77000,29922
2021.01.28,08:00,27906.35000,28547.56000,27838.15000,28405.86000,37543
2021.01.29,08:00,28324.52000,28354.86000,27589.52000,27727.03000,49838
2021.02.01,08:00,27639.19000,28324.23000,27624.19000,28297.71000,31590
2021.02.02,08:00,28255.36000,28529.90000,28090.61000,28479.64000,22932
2021.02.03,08:00,28480.21000,28735.70000,28415.23000,28623.19000,19428
2021.02.04,08:00,28574.38000,28679.80000,28306.19000,28672.63000,17916
2021.02.05,08:00,28661.20000,28909.83000,28548.09000,28802.10000,19493
2021.02.08,08:00,28858.66000,29544.57000,28822.42000,29493.31000,18850
2021.02.09,08:00,29524.63000,29599.28000,29355.74000,29437.69000,16126
2021.02.10,08:00,29392.74000,29575.52000,29186.28000,29308.58000,21042
2021.02.11,08:00,29348.87000,29500.33000,29247.62000,29479.79000,11309
2021.02.12,08:00,29652.87000,29672.87000,29319.27000,29652.87000,14498
2021.02.15,08:00,29716.55000,30296.96000,29712.73000,30246.40000,12292
2021.02.16,08:00,30197.29000,30728.00000,30192.79000,30430.01000,21918
2021.02.17,08:00,30336.50000,30449.86000,30159.56000,30367.93000,24890
2021.02.18,08:00,30357.65000,30580.00000,29904.49000,30143.66000,26889
2021.02.19,08:00,29990.86000,30329.66000,29762.52000,30188.03000,24943
2021.02.22,08:00,30307.92000,30469.06000,29984.93000,30020.74000,28867
2021.02.23,08:00,30011.49000,30154.24000,29662.33000,30014.83000,20388
2021.02.24,08:00,30007.05000,30130.90000,29627.55000,30085.39000,30752
2021.02.25,08:00,30212.73000,30230.24000,29502.20000,29620.41000,31852
2021.02.26,08:00,29616.39000,29635.56000,28985.22000,29241.51000,47187
2021.03.01,08:00,29591.16000,29928.96000,29477.99000,29894.76000,22149
2021.03.02,08:00,29952.38000,30006.49000,29311.94000,29515.40000,28027
2021.03.03,08:00,29522.22000,29761.04000,29267.74000,29279.41000,26903
2021.03.04,08:00,29176.60000,29292.09000,28707.82000,28953.82000,39050
2021.03.05,08:00,28727.78000,29190.53000,28301.33000,29181.28000,47466
2021.03.08,08:00,29319.17000,29332.62000,28561.04000,28847.84000,42113
2021.03.09,08:00,28754.65000,29284.54000,28604.65000,29196.39000,34317
2021.03.10,08:00,29174.58000,29238.25000,28959.66000,29092.83000,28469
2021.03.11,08:00,29073.39000,29416.27000,29038.39000,29314.39000,21476
2021.03.12,08:00,29388.11000,29800.32000,29238.11000,29730.57000,27045
2021.03.15,08:00,29766.08000,29921.42000,29620.57000,29846.46000,23455
2021.03.16,08:00,29847.31000,30065.91000,29776.15000,29908.15000,20503
2021.03.17,08:00,29836.87000,30057.93000,29823.20000,30039.49000,21114
2021.03.18,08:00,30042.18000,30522.18000,29930.30000,29970.25000,28398
2021.03.19,08:00,29981.81000,30081.41000,29125.07000,29532.07000,29575
2021.03.22,08:00,29448.69000,29489.87000,28928.51000,29314.98000,24632
2021.03.23,08:00,29272.42000,29521.38000,28821.09000,28877.90000,24462
2021.03.24,08:00,28850.29000,28885.83000,28309.54000,28478.19000,29964
2021.03.25,08:00,28524.73000,29106.25000,28434.73000,29094.98000,32971
2021.03.26,08:00,29074.12000,29662.91000,28978.95000,29653.49000,23075
2021.03.29,08:00,29579.38000,29630.83000,29213.05000,29553.88000,29495
2021.03.30,08:00,29386.28000,29559.00000,29304.53000,29389.28000,21830
2021.03.31,08:00,29323.86000,29457.70000,29162.20000,29384.47000,19781
2021.04.01,08:00,29419.47000,29740.55000,29334.95000,29736.43000,18684
2021.04.02,08:00,29694.37000,30117.83000,29682.36000,30032.36000,8777
2021.04.05,08:00,30035.62000,30243.18000,30021.18000,30227.59000,14136
2021.04.06,08:00,30283.57000,30297.79000,29633.97000,29691.13000,20656
2021.04.07,08:00,29648.27000,29886.61000,29541.61000,29719.94000,18343
2021.04.08,08:00,29696.79000,29766.38000,29534.63000,29742.47000,16363
2021.04.09,08:00,29846.38000,30093.05000,29767.02000,29935.05000,18008
2021.04.12,08:00,29970.28000,30008.72000,29556.55000,29637.94000,18178
2021.04.13,08:00,29593.00000,29919.05000,29579.08000,29849.70000,18368
2021.04.14,08:00,29832.03000,29854.03000,29582.03000,29645.20000,16243
2021.04.15,08:00,29637.09000,29810.90000,29546.60000,29776.60000,13560
2021.04.16,08:00,29797.40000,29850.06000,29632.06000,29798.06000,13481
2021.04.19,08:00,29796.71000,29828.96000,29208.93000,29374.88000,16945
2021.04.20,08:00,29379.94000,29424.31000,28540.12000,28645.70000,22139
2021.04.21,08:00,28669.93000,28914.28000,28427.09000,28901.09000,21537
2021.04.22,08:00,28867.16000,29227.62000,28812.16000,28932.58000,22123
2021.04.23,08:00,28969.81000,29328.31000,28780.31000,29226.31000,18603
2021.04.26,08:00,29182.10000,29293.91000,28907.10000,29243.39000,17275
2021.04.27,08:00,29221.94000,29291.44000,28848.76000,29053.16000,16269
2021.04.28,08:00,29044.78000,29154.12000,28886.94000,28946.44000,16286
2021.04.29,08:00,28961.90000,29205.78000,28872.11000,29067.48000,10422
2021.04.30,08:00,29034.80000,29063.80000,28776.79000,28858.30000,17555
2021.05.03,08:00,28934.61000,29143.50000,28896.35000,29084.19000,10243
2021.05.04,08:00,29074.48000,29156.78000,28593.76000,28715.82000,14793
2021.05.05,08:00,28738.69000,29186.83000,28691.30000,29081.50000,11077
2021.05.06,08:00,29001.58000,29452.58000,28976.24000,29369.02000,23608
2021.05.07,08:00,29372.82000,29470.23000,29246.38000,29422.65000,18428
2021.05.10,08:00,29412.05000,29705.07000,29241.63000,29266.16000,19458
2021.05.11,08:00,29287.51000,29317.60000,28268.03000,28611.29000,35217
2021.05.12,08:00,28581.27000,28848.40000,27663.03000,27714.94000,45729
2021.05.13,08:00,27786.16000,27817.06000,27138.53000,27707.37000,44690
2021.05.14,08:00,27760.26000,28329.93000,27731.11000,28310.12000,27138
2021.05.17,08:00,28306.05000,28352.64000,27626.05000,27800.05000,29748
2021.05.18,08:00,27784.99000,28492.84000,27775.98000,28110.49000,22405
2021.05.19,08:00,28094.37000,28223.30000,27600.67000,27967.63000,39964
2021.05.20,08:00,27915.87000,28325.66000,27785.87000,28240.87000,27246
2021.05.21,08:00,28246.19000,28480.36000,28185.85000,28400.00000,23924
2021.05.24,08:00,28325.69000,28594.36000,28210.69000,28496.57000,19188
2021.05.25,08:00,28518.15000,28625.23000,28353.36000,28395.57000,18198
2021.05.26,08:00,28451.66000,28719.57000,28387.52000,28608.66000,16495
2021.05.27,08:00,28600.73000,28877.30000,28358.06000,28875.13000,18883
2021.05.28,08:00,28923.14000,29194.76000,28892.40000,29022.12000,17642
2021.05.31,08:00,29056.98000,29155.15000,28794.67000,28908.98000,13333
2021.06.01,08:00,28968.23000,29089.19000,28598.72000,28749.44000,20382
2021.06.02,08:00,28731.38000,29016.30000,28558.61000,28879.18000,19919
2021.06.03,08:00,28853.50000,29153.58000,28835.38000,28982.40000,22531
2021.06.04,08:00,28991.25000,29156.70000,28758.41000,29121.52000,18856
2021.06.07,08:00,29208.22000,29272.72000,28942.72000,29130.45000,17923
2021.06.08,08:00,29129.17000,29205.59000,28944.98000,28988.17000,19835
2021.06.09,08:00,28972.90000,29003.92000,28757.95000,28825.88000,15171
2021.06.10,08:00,28884.08000,29177.05000,28819.93000,29039.18000,16887
2021.06.11,08:00,29048.25000,29115.62000,28860.13000,29089.28000,14886
2021.06.14,08:00,29152.89000,29336.68000,29051.74000,29326.85000,12136
2021.06.15,08:00,29337.35000,29516.90000,29276.43000,29375.51000,14777
2021.06.16,08:00,29373.35000,29461.69000,29190.39000,29397.94000,16939
2021.06.17,08:00,29315.17000,29315.17000,28889.28000,29205.92000,20640
2021.06.18,08:00,29267.43000,29271.74000,28550.52000,28569.57000,22341
2021.06.21,08:00,28596.75000,28773.15000,27788.49000,28750.33000,30593
2021.06.22,08:00,28761.08000,28930.12000,28563.36000,28860.52000,18507
2021.06.23,08:00,28882.94000,29030.72000,28730.51000,28786.14000,17283
2021.06.24,08:00,28842.15000,29059.05000,28773.72000,29049.72000,15263
2021.06.25,08:00,29096.43000,29186.15000,29011.95000,29073.17000,13937
2021.06.28,08:00,29104.43000,29144.52000,28925.74000,28979.60000,14277
2021.06.29,08:00,28924.97000,28956.70000,28730.47000,28886.92000,13840
2021.06.30,08:00,28865.78000,29033.31000,28558.44000,28819.00000,17557
2021.07.01,08:00,28853.70000,28893.36000,28593.57000,28780.58000,16809
2021.07.02,08:00,28787.10000,28865.71000,28701.21000,28788.70000,15067
2021.07.05,08:00,28767.98000,28788.98000,28519.55000,28647.98000,12046
2021.07.06,08:00,28680.65000,28769.68000,28279.87000,28395.80000,18731
2021.07.07,08:00,28364.99000,28503.18000,28143.48000,28363.48000,20836
2021.07.08,08:00,28350.32000,28387.82000,27521.06000,27767.68000,32306
2021.07.09,08:00,27767.76000,28585.46000,27422.26000,28562.26000,27401
2021.07.12,08:00,28526.28000,28709.01000,28405.86000,28699.25000,19600
2021.07.13,08:00,28668.74000,28871.18000,28510.27000,28565.58000,17600
2021.07.14,08:00,28565.30000,28707.63000,28480.21000,28557.26000,18182
2021.07.15,08:00,28551.27000,28584.80000,28013.19000,28082.89000,24382
2021.07.16,08:00,28054.47000,28214.36000,27753.80000,27754.91000,23661
2021.07.19,08:00,27713.81000,27800.75000,27085.91000,27304.85000,42388
2021.07.20,08:00,27312.76000,27825.97000,27293.25000,27774.67000,29534
2021.07.21,08:00,27771.67000,28007.59000,27446.13000,27957.78000,24494
2021.07.22,08:00,27961.89000,28089.46000,27891.89000,28021.39000,10827
2021.07.23,08:00,28067.72000,28264.01000,28026.49000,28218.22000,8911
2021.07.26,08:00,28250.54000,28265.04000,27674.34000,27985.70000,20721
2021.07.27,08:00,27948.04000,28050.51000,27394.86000,27533.43000,28159
2021.07.28,08:00,27593.76000,27916.76000,27473.90000,27777.90000,26027
2021.07.29,08:00,27814.95000,27958.67000,27652.07000,27768.24000,18306
2021.07.30,08:00,27749.92000,27760.22000,27282.64000,27504.80000,26359
2021.08.02,08:00,27564.00000,27851.10000,27456.59000,27581.59000,22174
2021.08.03,08:00,27566.94000,27736.45000,27434.45000,27624.45000,20418
2021.08.04,08:00,27632.16000,27658.62000,27462.74000,27530.82000,17892
2021.08.05,08:00,27541.76000,27870.77000,27504.53000,27865.76000,14552
2021.08.06,08:00,27841.55000,27978.14000,27719.18000,27904.72000,14515
2021.08.09,08:00,27871.53000,27946.54000,27704.09000,27925.53000,8693
2021.08.10,08:00,27947.02000,28140.34000,27813.73000,28006.02000,15155
2021.08.11,08:00,27976.40000,28263.60000,27956.40000,28247.29000,15990
2021.08.12,08:00,28206.34000,28287.57000,27933.95000,28107.85000,14087
2021.08.13,08:00,28105.93000,28136.82000,27851.07000,27861.66000,12772
2021.08.16,08:00,27826.10000,27888.36000,27412.61000,27675.10000,19330
2021.08.17,08:00,27666.08000,27755.59000,27248.71000,27446.42000,24465
2021.08.18,08:00,27446.14000,27687.10000,27348.86000,27387.64000,21186
2021.08.19,08:00,27371.08000,27512.53000,26971.33000,27272.77000,34700
2021.08.20,08:00,27281.13000,27318.97000,26867.61000,27249.91000,27590
2021.08.23,08:00,27241.05000,27645.69000,27203.64000,27621.94000,18499
2021.08.24,08:00,27626.06000,27854.56000,27626.06000,27786.06000,15970
2021.08.25,08:00,27785.95000,27897.24000,27658.86000,27777.46000,14801
2021.08.26,08:00,27786.16000,27824.68000,27613.03000,27674.16000,18819
2021.08.27,08:00,27676.07000,27880.57000,27472.55000,27871.07000,15600
2021.08.30,08:00,27833.46000,27920.71000,27648.31000,27709.96000,13308
2021.08.31,08:00,27693.39000,28198.73000,27593.39000,28103.13000,19974
2021.09.01,08:00,28083.43000,28655.55000,28072.66000,28554.44000,17516
2021.09.02,08:00,28528.37000,28730.48000,28413.38000,28647.88000,16019
2021.09.03,08:00,28623.38000,29635.56000,28592.66000,29583.38000,25308
2021.09.06,08:00,29573.23000,30200.38000,29468.23000,30092.73000,15957
2021.09.07,08:00,30068.19000,30093.19000,29615.59000,29923.19000,21269
2021.09.08,08:00,29948.13000,30255.36000,29810.69000,29957.13000,30590
2021.09.09,08:00,29982.57000,30303.74000,29894.07000,30137.57000,24755
2021.09.10,08:00,30092.11000,30568.91000,30062.45000,30169.74000,25631
2021.09.13,08:00,30156.06000,30782.23000,30156.06000,30660.06000,27831
2021.09.14,08:00,30611.90000,30839.49000,30331.12000,30384.83000,26443
2021.09.15,08:00,30357.61000,30666.38000,30357.61000,30660.37000,22448
2021.09.16,08:00,30625.35000,30681.90000,30240.35000,30510.19000,23528
2021.09.17,08:00,30495.84000,30629.71000,30280.84000,30283.84000,21404
2021.09.20,08:00,30284.72000,30413.39000,29487.18000,29733.72000,27787
2021.09.21,08:00,29714.84000,30253.81000,29714.84000,29963.51000,33819
2021.09.22,08:00,29955.50000,30142.89000,29655.50000,30032.00000,25489
2021.09.23,08:00,30004.82000,30361.99000,30004.82000,30344.32000,15361
2021.09.24,08:00,30339.62000,30398.29000,30106.46000,30281.13000,22106
2021.09.27,08:00,30223.94000,30459.83000,30190.81000,30276.66000,20885
2021.09.28,08:00,30254.35000,30293.85000,29693.85000,29768.35000,32514
2021.09.29,08:00,29571.32000,29884.20000,29387.32000,29782.82000,33303
2021.09.30,08:00,29781.14000,29831.15000,29302.97000,29345.15000,35590
2021.10.01,08:00,29351.41000,29445.47000,28726.41000,29081.41000,40819
2021.10.04,08:00,29116.30000,29234.02000,27671.30000,27909.97000,45979
2021.10.05,08:00,27896.75000,28318.46000,27487.39000,28213.26000,37325
2021.10.06,08:00,28211.85000,28272.60000,27016.35000,27706.85000,51856
2021.10.07,08:00,27696.72000,28177.06000,27601.23000,28087.23000,31481
2021.10.08,08:00,28093.70000,28347.59000,28006.70000,28061.70000,27187
2021.10.11,08:00,28176.34000,28803.04000,27915.01000,28490.34000,29465
2021.10.12,08:00,28440.91000,28520.42000,27985.14000,28138.30000,34105
2021.10.13,08:00,28131.51000,28397.40000,28010.05000,28220.01000,27865
2021.10.14,08:00,28207.16000,28833.78000,28207.16000,28832.42000,21863
2021.10.15,08:00,28831.14000,29271.97000,28747.46000,29199.92000,21048
2021.10.18,08:00,29202.97000,29301.23000,28877.97000,29088.73000,22534
2021.10.19,08:00,29057.80000,29423.37000,29021.34000,29366.61000,19550
2021.10.20,08:00,29358.06000,29507.56000,29221.24000,29277.41000,19148
2021.10.21,08:00,29292.92000,29308.42000,28440.28000,28553.42000,26722
2021.10.22,08:00,28538.16000,29009.45000,28441.07000,28718.16000,27398
2021.10.25,08:00,28722.76000,28902.00000,28383.26000,28823.26000,21943
2021.10.26,08:00,28823.45000,29267.32000,28798.45000,28973.45000,20438
2021.10.27,08:00,28958.49000,29154.78000,28645.68000,28712.49000,25119
2021.10.28,08:00,28698.19000,28938.53000,28678.19000,28900.19000,21026
2021.10.29,08:00,28868.34000,29065.10000,28482.01000,29052.01000,24861
2021.11.01,08:00,29239.33000,29676.14000,29167.60000,29567.60000,21656
2021.11.02,08:00,29532.76000,29609.05000,29420.64000,29522.76000,16695
2021.11.03,08:00,29532.95000,29792.22000,29426.62000,29788.29000,10898
2021.11.04,08:00,29773.41000,29965.69000,29603.39000,29733.41000,17510
2021.11.05,08:00,29708.92000,29841.24000,29511.64000,29687.93000,18170
2021.11.08,08:00,29648.91000,29849.92000,29451.68000,29687.58000,17396
2021.11.09,08:00,29683.44000,29817.94000,29195.72000,29283.44000,20653
2021.11.10,08:00,29263.45000,29390.15000,29005.78000,29056.88000,21985
2021.11.11,08:00,29048.49000,29480.76000,28983.00000,29427.49000,17754
2021.11.12,08:00,29423.38000,29764.80000,29378.38000,29746.39000,15352
2021.11.15,08:00,29727.64000,29859.12000,29649.56000,29727.64000,14368
2021.11.16,08:00,29708.19000,29974.90000,29688.19000,29837.69000,14551
2021.11.17,08:00,29847.99000,29928.88000,29489.33000,29569.99000,16672
2021.11.18,08:00,29543.28000,29725.84000,29385.48000,29607.28000,19010
2021.11.19,08:00,29583.26000,29790.04000,29480.13000,29640.82000,23315
2021.11.22,08:00,29628.24000,29919.41000,29540.00000,29710.25000,21200
2021.11.23,08:00,29683.21000,29789.92000,29510.09000,29714.71000,20410
2021.11.24,08:00,29693.32000,29749.74000,29207.11000,29460.33000,28032
2021.11.25,08:00,29448.25000,29581.36000,29432.36000,29493.25000,10963
2021.11.26,08:00,29488.19000,29491.87000,28023.19000,28023.19000,49009
2021.11.29,08:00,28082.99000,28785.49000,28082.99000,28407.49000,45935
2021.11.30,08:00,28433.42000,28715.70000,27373.42000,27703.42000,47414
2021.12.01,08:00,27718.15000,28234.70000,27403.15000,27453.15000,54385
2021.12.02,08:00,27498.14000,28057.73000,27483.14000,28035.90000,52375
2021.12.03,08:00,28050.59000,28179.34000,27575.59000,27755.21000,52582
2021.12.06,08:00,27813.15000,28153.07000,27678.15000,28095.37000,40234
2021.12.07,08:00,28083.11000,28856.12000,27954.87000,28852.12000,30783
2021.12.08,08:00,28843.08000,28936.33000,28603.08000,28908.08000,26898
2021.12.09,08:00,28998.51000,29041.94000,28680.99000,28713.85000,23375
2021.12.10,08:00,28698.61000,28784.36000,28478.11000,28717.49000,24543
2021.12.13,08:00,28678.58000,28874.33000,28525.17000,28597.58000,22929
2021.12.14,08:00,28573.56000,28751.82000,28251.82000,28398.56000,26217
2021.12.15,08:00,28373.47000,28999.94000,28333.47000,28963.47000,21417
2021.12.16,08:00,28933.56000,29261.50000,28793.90000,28868.56000,26111
2021.12.17,08:00,28929.02000,28965.19000,28453.53000,28563.53000,27551
2021.12.20,08:00,28498.41000,28548.75000,27855.11000,28293.41000,40639
2021.12.21,08:00,28313.30000,28769.10000,28273.30000,28743.30000,23335
2021.12.22,08:00,28732.73000,28789.93000,28504.98000,28752.73000,18526
2021.12.23,08:00,28743.11000,28989.05000,28683.11000,28916.28000,13660
2021.12.27,08:00,28882.90000,29101.33000,28702.90000,29069.90000,11154
2021.12.28,08:00,29052.85000,29174.85000,28922.85000,29057.85000,13271
2021.12.29,08:00,28995.16000,29144.66000,28760.16000,28877.16000,18141
2021.12.30,08:00,28865.29000,29004.80000,28615.29000,28906.30000,16621
2021.12.31,08:00,28865.17000,29042.44000,28765.17000,29042.44000,8679
2022.01.03,08:00,28959.98000,29205.56000,28866.81000,29007.99000,14715
2022.01.04,08:00,28974.95000,29421.63000,28974.95000,29339.95000,20895
2022.01.05,08:00,29324.95000,29434.46000,29019.95000,29049.95000,21669
2022.01.06,08:00,29026.61000,29152.85000,28521.12000,28760.84000,30666
2022.01.07,08:00,28746.49000,28844.26000,28213.97000,28446.49000,25558
2022.01.10,08:00,28456.50000,28605.38000,27908.26000,28218.00000,29010
2022.01.11,08:00,28236.52000,28509.53000,28109.36000,28461.52000,31091
2022.01.12,08:00,28485.98000,28836.29000,28458.48000,28667.23000,27100
2022.01.13,08:00,28669.04000,28710.21000,28281.81000,28299.79000,22974
2022.01.14,08:00,28291.51000,28363.02000,27901.56000,28335.52000,34674
2022.01.17,08:00,28351.51000,28474.01000,28291.51000,28416.51000,16108
2022.01.18,08:00,28421.52000,28759.95000,27973.33000,28036.52000,38892
2022.01.19,08:00,28046.48000,28065.98000,27321.48000,27566.48000,40250
2022.01.20,08:00,27591.53000,27978.25000,27227.70000,27366.53000,39031
2022.01.21,08:00,27371.56000,27718.01000,27141.56000,27200.23000,52463
2022.01.24,08:00,27226.64000,27635.31000,26718.50000,27405.64000,72083
2022.01.25,08:00,27392.00000,27488.66000,26873.33000,26986.16000,64987
2022.01.26,08:00,26996.60000,27433.73000,26816.10000,26946.60000,42932
2022.01.27,08:00,27011.61000,27211.11000,26051.61000,26636.61000,62451
2022.01.28,08:00,26681.65000,26805.32000,26254.03000,26711.65000,52859
2022.01.31,08:00,26772.08000,27354.86000,26540.08000,27348.51000,36993
2022.02.01,08:00,27315.09000,27420.85000,26996.99000,27210.09000,33287
2022.02.02,08:00,27220.12000,27587.55000,27195.12000,27398.37000,26985
2022.02.03,08:00,27380.13000,27412.13000,26962.58000,27165.13000,31094
2022.02.04,08:00,27150.16000,27465.80000,27078.42000,27259.17000,33974
2022.02.07,08:00,27285.12000,27373.49000,27090.12000,27250.12000,34107
2022.02.08,08:00,27230.16000,27473.17000,27212.34000,27423.17000,25866
2022.02.09,08:00,27400.17000,27890.17000,27400.17000,27888.34000,20027
2022.02.10,08:00,27865.17000,27912.73000,27355.17000,27389.68000,35527
2022.02.11,08:00,27370.15000,27464.65000,26862.78000,27028.82000,39391
2022.02.14,08:00,26995.32000,27186.32000,26852.15000,27040.32000,56533
2022.02.15,08:00,27045.37000,27472.55000,26715.37000,27420.94000,35767
2022.02.16,08:00,27405.40000,27562.58000,27277.06000,27450.40000,32477
2022.02.17,08:00,27465.42000,27531.59000,26882.67000,26916.92000,38804
2022.02.18,08:00,26895.45000,27227.04000,26792.68000,26880.45000,34977
2022.02.21,08:00,26810.53000,27032.99000,26550.53000,26605.53000,32819
2022.02.22,08:00,26475.56000,26927.24000,26247.21000,26698.99000,59322
2022.02.23,08:00,26685.64000,26903.75000,26293.17000,26315.64000,32541
2022.02.24,08:00,26300.68000,26350.68000,25555.68000,26210.18000,90932
2022.02.25,08:00,26195.68000,27004.35000,26115.68000,26970.68000,54978
2022.02.28,08:00,26627.67000,26911.06000,26252.67000,26714.22000,51522
2022.03.01,08:00,26692.69000,27015.70000,26330.23000,26417.69000,42962
2022.03.02,08:00,26402.72000,26701.04000,26190.84000,26627.72000,41057
2022.03.03,08:00,26602.76000,26727.77000,26280.22000,26397.76000,33727
2022.03.04,08:00,26382.79000,26434.08000,25715.20000,25827.79000,47811
2022.03.07,08:00,25777.88000,25777.88000,24917.88000,24917.88000,61202
2022.03.08,08:00,24917.91000,25299.92000,24497.91000,24701.59000,59252
2022.03.09,08:00,24707.94000,25445.15000,24667.94000,25372.94000,47802
2022.03.10,08:00,25430.78000,25820.79000,25252.57000,25399.79000,45823
2022.03.11,08:00,25380.65000,25801.55000,25005.65000,25180.65000,41033
2022.03.14,08:00,25200.71000,25681.47000,25200.71000,25341.72000,38092
2022.03.15,08:00,25360.73000,25761.55000,25122.33000,25725.73000,35293
2022.03.16,08:00,25716.24000,26426.58000,25501.24000,26391.24000,36893
2022.03.17,08:00,26381.16000,26818.34000,26320.66000,26733.17000,33741
2022.03.18,08:00,26710.79000,27395.29000,26620.79000,27390.79000,26604
2022.03.21,08:00,27334.40000,27419.97000,27193.95000,27354.26000,19874
2022.03.22,08:00,27319.39000,27771.58000,27159.39000,27716.39000,21933
2022.03.23,08:00,27705.12000,28145.95000,27635.12000,27694.62000,24364
2022.03.24,08:00,27610.02000,28413.27000,27610.02000,28392.03000,25143
2022.03.25,08:00,28379.97000,28391.97000,27989.97000,28313.40000,26378
2022.03.28,08:00,28275.01000,28325.98000,27850.01000,28248.89000,25971
2022.03.29,08:00,28234.87000,28686.40000,28079.37000,28554.37000,28857
2022.03.30,08:00,28323.23000,28353.80000,27714.87000,27828.98000,26599
2022.03.31,08:00,27828.33000,28133.67000,27560.96000,27598.33000,25000
2022.04.01,08:00,27593.38000,27905.56000,27428.38000,27785.39000,25748
2022.04.04,08:00,27753.42000,28064.97000,27608.42000,27983.42000,17502
2022.04.05,08:00,27983.39000,28014.14000,27475.11000,27582.89000,18141
2022.04.06,08:00,27558.39000,27599.80000,27025.10000,27110.39000,21899
2022.04.07,08:00,27098.56000,27250.15000,26821.56000,27068.06000,21189
2022.04.08,08:00,27048.55000,27220.55000,26793.55000,27037.43000,19003
2022.04.11,08:00,27073.04000,27073.04000,26733.54000,26752.33000,20264
2022.04.12,08:00,26738.53000,26775.53000,26277.80000,26345.53000,23334
2022.04.13,08:00,26333.57000,27015.12000,26333.57000,26948.57000,21702
2022.04.14,08:00,26948.82000,27340.60000,26887.49000,26950.82000,20908
2022.04.18,08:00,26978.95000,27055.45000,26588.95000,26948.45000,18963
2022.04.19,08:00,26953.93000,27300.27000,26798.44000,27253.43000,23320
2022.04.20,08:00,27228.93000,27419.26000,27083.93000,27241.76000,24451
2022.04.21,08:00,27228.91000,27781.12000,27153.42000,27160.92000,28564
2022.04.22,08:00,27129.90000,27251.09000,26718.90000,26723.90000,33382
2022.04.25,08:00,26728.79000,26868.44000,26426.27000,26844.29000,47788
2022.04.26,08:00,26808.73000,26907.88000,25988.73000,26023.73000,34508
2022.04.27,08:00,26059.92000,26606.33000,26048.75000,26485.75000,46055
2022.04.28,08:00,26468.71000,27410.94000,26348.71000,27245.71000,40955
2022.04.29,08:00,27213.70000,27492.21000,26723.70000,26793.70000,26926
2022.05.02,08:00,26776.00000,26972.00000,26574.50000,26924.83000,41021
2022.05.03,08:00,26883.65000,27135.89000,26783.65000,27078.15000,30587
2022.05.04,08:00,27068.63000,27504.53000,26805.41000,27440.64000,20724
2022.05.05,08:00,27413.62000,27491.34000,26606.34000,26758.62000,35682
2022.05.06,08:00,26743.60000,27141.55000,26563.11000,26861.61000,58059
2022.05.09,08:00,26773.34000,26785.56000,25945.36000,26038.29000,50778
2022.05.10,08:00,26038.52000,26350.20000,25783.52000,26083.86000,52125
2022.05.11,08:00,26078.50000,26400.74000,25830.58000,25917.17000,45114
2022.05.12,08:00,25893.46000,26039.35000,25549.58000,25715.46000,58806
2022.05.13,08:00,25723.41000,26695.53000,25723.41000,26673.33000,36184
2022.05.16,08:00,26663.40000,26883.74000,26439.50000,26487.91000,33693
2022.05.17,08:00,26478.39000,26882.06000,26451.39000,26849.77000,32189
2022.05.18,08:00,26833.39000,27070.66000,26238.39000,26285.39000,35581
2022.05.19,08:00,26248.70000,26564.93000,26085.23000,26387.37000,49232
2022.05.20,08:00,26413.36000,26950.57000,26372.86000,26748.45000,43055
2022.05.23,08:00,26758.31000,27154.76000,26758.31000,27127.82000,38572
2022.05.24,08:00,27038.30000,27062.80000,26520.13000,26697.80000,38973
2022.05.25,08:00,26688.26000,26885.98000,26500.05000,26765.26000,37064
2022.05.26,08:00,26748.23000,27032.74000,26600.44000,26942.73000,30195
2022.05.27,08:00,26928.21000,27170.48000,26734.78000,27158.55000,25996
2022.05.30,08:00,27143.16000,27419.69000,27059.96000,27338.16000,16148
2022.05.31,08:00,27333.16000,27475.66000,27137.33000,27227.67000,36240
2022.06.01,08:00,27183.15000,27616.64000,27183.15000,27467.65000,32322
2022.06.02,08:00,27503.73000,27779.74000,27259.53000,27740.99000,28289
2022.06.03,08:00,27713.15000,27808.58000,27524.77000,27571.16000,27876
2022.06.06,08:00,27553.10000,28115.27000,27516.36000,28043.44000,23411
2022.06.07,08:00,28003.08000,28216.82000,27860.80000,28148.08000,23914
2022.06.08,08:00,28128.06000,28280.90000,28078.06000,28147.56000,23483
2022.06.09,08:00,28179.38000,28461.59000,28017.10000,28097.21000,25920
2022.06.10,08:00,28099.16000,28165.76000,27366.45000,27484.16000,28834
2022.06.13,08:00,27357.00000,27357.00000,26435.79000,26531.36000,40594
2022.06.14,08:00,26508.31000,26794.40000,26368.84000,26531.14000,37661
2022.06.15,08:00,26503.10000,26740.31000,26245.46000,26637.60000,36498
2022.06.16,08:00,26628.08000,27006.55000,25659.90000,25785.64000,41309
2022.06.17,08:00,25762.09000,26195.76000,25720.35000,26091.10000,39612
2022.06.20,08:00,26078.36000,26278.36000,25568.36000,26102.36000,18962
2022.06.21,08:00,26083.45000,26592.95000,26043.45000,26590.46000,21421
2022.06.22,08:00,26573.55000,26591.80000,26050.17000,26283.89000,30327
2022.06.23,08:00,26278.58000,26460.97000,26078.48000,26238.58000,36908
2022.06.24,08:00,26233.57000,26975.75000,26183.57000,26937.58000,22200
2022.06.27,08:00,26928.51000,27051.84000,26716.46000,26795.51000,24547
2022.06.28,08:00,26808.49000,27320.65000,26763.18000,26863.82000,27171
2022.06.29,08:00,26790.68000,26912.86000,26665.68000,26770.68000,28526
2022.06.30,08:00,26730.51000,26786.80000,26182.39000,26425.01000,37169
2022.07.01,08:00,26410.47000,26558.48000,25822.86000,26358.48000,37576
2022.07.04,08:00,26380.36000,26400.36000,25975.36000,26300.36000,18285
2022.07.05,08:00,26295.36000,26575.94000,25952.21000,26279.86000,33293
2022.07.06,08:00,26270.09000,26382.23000,26025.17000,26307.86000,35354
2022.07.07,08:00,26289.87000,26731.62000,26154.87000,26677.71000,24095
2022.07.08,08:00,26669.61000,26906.95000,26444.61000,26847.11000,32684
2022.07.11,08:00,26831.56000,27090.73000,26625.31000,26644.56000,22909
2022.07.12,08:00,26656.42000,26735.51000,26290.84000,26459.75000,20246
2022.07.13,08:00,26491.51000,26591.63000,26254.51000,26519.85000,34496
2022.07.14,08:00,26516.62000,26806.22000,26334.61000,26746.61000,27204
2022.07.15,08:00,26761.57000,27034.10000,26591.57000,27025.86000,20561
2022.07.18,08:00,27046.55000,27265.22000,26928.32000,26993.55000,14871
2022.07.19,08:00,26986.54000,27440.77000,26806.54000,27427.30000,21082
2022.07.20,08:00,27401.47000,27783.75000,27390.51000,27594.48000,26391
2022.07.21,08:00,27601.51000,27928.02000,27556.50000,27898.51000,26470
2022.07.22,08:00,27871.47000,27995.98000,27608.64000,27729.31000,24150
2022.07.25,08:00,27726.42000,27872.66000,27666.42000,27768.42000,21831
2022.07.26,08:00,27736.45000,27753.91000,27448.30000,27508.46000,20075
2022.07.27,08:00,27476.37000,28088.53000,27476.37000,28040.87000,21439
2022.07.28,08:00,27991.31000,28051.17000,27632.92000,27975.81000,22836
2022.07.29,08:00,27949.74000,28031.74000,27742.37000,28006.74000,19902
2022.08.01,08:00,28020.76000,28091.25000,27759.59000,27931.60000,21731
2022.08.02,08:00,27904.57000,27941.63000,27542.13000,27769.07000,24754
2022.08.03,08:00,27759.62000,28045.20000,27639.62000,28029.62000,20480
2022.08.04,08:00,27999.61000,28096.71000,27841.89000,27894.83000,20878
2022.08.05,08:00,27889.52000,28246.68000,27843.19000,28136.52000,21855
2022.08.08,08:00,28154.49000,28346.70000,28039.49000,28184.49000,21078
2022.08.09,08:00,28189.51000,28215.68000,27810.66000,27887.23000,19735
2022.08.10,08:00,27854.44000,28151.20000,27739.44000,28133.94000,19814
2022.08.11,08:00,28114.39000,28256.54000,28056.21000,28160.57000,13976
2022.08.12,08:00,28139.39000,28784.96000,28124.39000,28779.56000,19423
2022.08.15,08:00,28739.36000,28921.62000,28646.66000,28901.36000,15801
2022.08.16,08:00,28874.35000,29026.45000,28764.35000,28979.35000,16952
2022.08.17,08:00,28944.34000,29246.03000,28916.60000,29033.85000,20050
2022.08.18,08:00,29024.33000,29152.93000,28854.33000,29108.84000,18214
2022.08.19,08:00,29094.25000,29151.61000,28687.36000,28753.52000,17587
2022.08.22,08:00,28750.20000,28847.20000,28442.70000,28498.70000,22509
2022.08.23,08:00,28480.17000,28593.68000,28359.68000,28477.18000,27293
2022.08.24,08:00,28449.23000,28543.73000,28262.73000,28472.73000,23831
2022.08.25,08:00,28453.24000,28704.75000,28361.25000,28675.24000,23206
2022.08.26,08:00,28673.28000,28804.78000,28162.78000,28168.78000,29715
2022.08.29,08:00,28000.25000,28169.76000,27777.76000,28047.26000,33254
2022.08.30,08:00,28012.24000,28338.75000,27850.24000,27927.74000,31416
2022.08.31,08:00,27918.24000,28117.74000,27807.72000,27852.74000,32185
2022.09.01,08:00,27838.22000,27875.22000,27542.73000,27787.71000,29937
2022.09.02,08:00,27758.21000,27900.22000,27455.20000,27547.72000,31197
2022.09.05,08:00,27488.12000,27712.64000,27403.11000,27690.14000,16045
2022.09.06,08:00,27648.10000,27810.12000,27512.60000,27555.11000,34529
2022.09.07,08:00,27558.07000,27737.58000,27255.06000,27730.08000,30575
2022.09.08,08:00,27758.27000,28167.75000,27752.75000,28150.25000,35116
2022.09.09,08:00,28148.31000,28467.82000,28118.30000,28460.30000,25618
2022.09.12,08:00,28453.26000,28697.77000,28453.26000,28615.25000,24077
2022.09.13,08:00,28625.26000,28713.24000,27865.24000,27897.74000,30284
2022.09.14,08:00,27883.50000,28072.84000,27781.00000,28012.82000,27464
2022.09.15,08:00,27973.19000,28042.70000,27672.68000,27677.70000,21834
2022.09.16,08:00,27668.35000,27670.34000,27440.35000,27577.85000,22128
2022.09.19,08:00,27542.92000,27772.43000,27362.41000,27754.92000,11592
2022.09.20,08:00,27737.90000,27922.40000,27337.39000,27472.41000,19405
2022.09.21,08:00,27468.65000,27678.66000,27083.66000,27103.65000,27295
2022.09.22,08:00,27099.13000,27406.13000,26923.61000,27051.11000,36709
2022.09.23,08:00,27049.21000,27091.23000,26483.71000,26648.72000,34165
2022.09.26,08:00,26614.75000,26744.27000,26424.25000,26561.76000,44475
2022.09.27,08:00,26539.64000,26684.16000,26274.14000,26441.64000,41034
2022.09.28,08:00,26409.90000,26774.42000,25916.90000,26696.90000,48373
2022.09.29,08:00,26465.37000,26499.88000,26034.87000,26172.39000,45184
2022.09.30,08:00,26145.19000,26274.70000,25802.19000,25882.21000,47246
2022.10.03,08:00,25820.50000,26714.86000,25614.84000,26607.35000,35918
2022.10.04,08:00,26622.00000,27197.25000,26524.73000,27192.23000,34441
2022.10.05,08:00,27165.43000,27192.46000,26842.45000,27074.94000,30656
2022.10.06,08:00,27045.36000,27402.38000,26994.87000,27012.39000,36019
2022.10.07,08:00,26999.99000,27194.50000,26649.48000,26726.98000,33722
2022.10.10,08:00,26659.57000,26749.09000,26481.57000,26661.58000,32305
2022.10.11,08:00,26654.55000,26724.04000,26276.54000,26376.56000,44185
2022.10.12,08:00,26359.39000,26488.91000,26286.39000,26361.41000,41502
2022.10.13,08:00,26359.42000,26818.93000,25846.42000,26801.42000,47100
2022.10.14,08:00,26774.53000,27164.04000,26569.04000,26569.04000,52247
2022.10.17,08:00,26539.57000,27106.59000,26539.57000,27104.09000,32097
2022.10.18,08:00,27094.57000,27299.10000,26896.58000,27161.59000,38512
2022.10.19,08:00,27164.67000,27359.19000,26891.67000,27059.18000,39907
2022.10.20,08:00,26832.67000,27092.18000,26662.19000,26819.68000,38979
2022.10.21,08:00,26833.00000,27131.58000,26742.49000,27129.09000,39903
2022.10.24,08:00,27159.36000,27363.87000,26848.87000,27151.36000,31763
2022.10.25,08:00,27156.16000,27558.68000,27078.67000,27516.17000,27509
2022.10.26,08:00,27444.32000,27633.85000,27374.33000,27443.83000,31904
2022.10.27,08:00,27394.37000,27481.37000,26934.37000,27049.35000,35906
2022.10.28,08:00,27019.35000,27528.88000,26973.88000,27521.36000,28708
2022.10.31,08:00,27489.39000,27588.88000,27399.39000,27561.38000,29014
2022.11.01,08:00,27534.34000,27776.36000,27508.84000,27568.85000,30607
2022.11.02,08:00,27574.42000,27741.42000,27283.90000,27316.42000,33382
2022.11.03,08:00,27283.87000,27403.89000,27168.88000,27284.37000,29323
2022.11.04,08:00,27284.33000,27528.84000,27018.83000,27506.34000,40833
2022.11.07,08:00,27379.15000,27718.64000,27351.13000,27636.14000,26796
2022.11.08,08:00,27629.17000,28003.68000,27624.16000,27844.17000,23949
2022.11.09,08:00,27876.14000,27943.66000,27513.64000,27546.15000,28474
2022.11.10,08:00,27536.18000,27983.68000,27354.16000,27981.17000,29049
2022.11.11,08:00,27974.17000,28326.15000,27968.65000,28091.15000,31800
2022.11.14,08:00,28056.11000,28221.11000,27941.09000,27996.10000,25370
2022.11.15,08:00,28006.08000,28213.58000,27884.07000,27981.06000,33781
2022.11.16,08:00,27956.03000,28108.55000,27729.02000,27943.55000,26030
2022.11.17,08:00,27944.03000,28026.05000,27776.03000,27966.03000,24867
2022.11.18,08:00,27974.00000,28048.51000,27855.99000,27950.99000,22779
2022.11.21,08:00,27963.85000,28088.36000,27838.35000,28045.86000,20251
2022.11.22,08:00,28050.85000,28348.34000,28010.83000,28343.33000,20179
2022.11.23,08:00,28345.83000,28418.31000,28290.80000,28345.80000,18644
2022.11.24,08:00,28338.74000,28498.24000,28328.24000,28363.76000,9327
2022.11.25,08:00,28368.76000,28403.28000,28248.27000,28345.77000,11049
2022.11.28,08:00,28266.00000,28300.61000,28040.60000,28105.60000,20819
2022.11.29,08:00,28103.56000,28118.07000,27893.05000,27975.57000,20561
2022.11.30,08:00,27958.51000,28425.51000,27803.00000,28425.51000,21937
2022.12.01,08:00,28423.45000,28490.47000,27927.95000,27995.46000,26267
2022.12.02,08:00,27988.42000,28052.92000,27493.41000,27657.92000,23902
2022.12.05,08:00,27658.23000,27865.25000,27613.23000,27685.23000,22544
2022.12.06,08:00,27673.16000,27937.67000,27542.67000,27660.18000,24835
2022.12.07,08:00,27628.10000,27772.61000,27547.60000,27573.12000,27196
2022.12.08,08:00,27602.83000,27787.35000,27437.33000,27744.84000,21808
2022.12.09,08:00,27752.78000,28017.28000,27667.78000,27794.78000,21089
2022.12.12,08:00,27792.55000,28087.07000,27722.06000,28054.56000,17461
2022.12.13,08:00,28052.57000,28337.08000,27919.57000,28044.57000,29634
2022.12.14,08:00,28057.60000,28224.61000,27897.60000,28037.10000,27460
2022.12.15,08:00,28007.69000,28184.70000,27647.19000,27689.69000,26385
2022.12.16,08:00,27677.55000,27714.56000,27207.07000,27329.55000,27762
2022.12.19,08:00,27317.35000,27396.84000,27154.35000,27244.35000,23115
2022.12.20,08:00,27232.26000,27351.76000,26152.26000,26414.27000,27696
2022.12.21,08:00,26416.82000,26638.83000,26281.81000,26558.82000,22065
2022.12.22,08:00,26536.32000,26653.33000,25983.32000,26163.32000,19781
2022.12.23,08:00,26166.46000,26373.48000,26111.45000,26310.98000,26065
2022.12.27,08:00,26435.76000,26638.28000,26235.76000,26311.28000,19941
2022.12.28,08:00,26281.10000,26385.60000,26110.58000,26145.59000,22813
2022.12.29,08:00,26088.33000,26372.86000,25935.34000,26292.86000,14584
2022.12.30,08:00,26282.89000,26314.89000,25667.37000,25829.89000,20176
2023.01.03,08:00,25912.87000,25989.89000,25614.88000,25852.38000,28935
2023.01.04,08:00,25812.61000,25957.12000,25642.12000,25884.62000,26593
2023.01.05,08:00,25862.44000,25971.97000,25716.95000,25751.96000,26092
2023.01.06,08:00,25727.14000,26231.65000,25726.65000,26189.15000,24922
2023.01.09,08:00,26186.93000,26481.43000,26181.41000,26241.43000,14481
2023.01.10,08:00,26231.90000,26333.89000,26111.39000,26298.90000,23576
2023.01.11,08:00,26286.57000,26566.07000,26286.55000,26548.57000,15038
2023.01.12,08:00,26543.54000,26561.06000,26023.55000,26238.55000,26527
2023.01.13,08:00,26220.55000,26397.57000,25710.08000,25837.56000,20342
2023.01.16,08:00,25830.59000,25952.60000,25745.59000,25907.59000,10394
2023.01.17,08:00,25880.79000,26445.28000,25880.77000,26325.29000,17107
2023.01.18,08:00,26296.11000,26976.12000,26263.13000,26518.14000,23114
2023.01.19,08:00,26506.30000,26625.80000,26286.28000,26408.31000,22689
2023.01.20,08:00,26411.36000,26965.87000,26331.35000,26943.35000,20517
2023.01.23,08:00,26936.18000,27258.17000,26810.68000,27203.18000,16572
2023.01.24,08:00,27186.17000,27410.70000,27125.68000,27246.17000,18715
2023.01.25,08:00,27241.27000,27503.26000,27170.76000,27448.26000,19761
2023.01.26,08:00,27441.13000,27570.64000,27310.63000,27521.14000,21536
2023.01.27,08:00,27501.17000,27530.68000,27335.67000,27493.16000,17314
2023.01.30,08:00,27456.32000,27621.33000,27361.31000,27461.30000,19212
2023.01.31,08:00,27449.33000,27538.84000,27233.82000,27516.33000,18601
2023.02.01,08:00,27509.32000,27563.83000,27174.31000,27509.33000,23025
2023.02.02,08:00,27489.39000,27628.91000,27356.40000,27511.42000,23550
2023.02.03,08:00,27494.32000,27766.35000,27441.33000,27651.33000,25140
2023.02.06,08:00,27649.37000,27873.89000,27563.88000,27701.37000,21676
2023.02.07,08:00,27684.37000,27823.87000,27386.35000,27663.87000,22912
2023.02.08,08:00,27644.32000,27678.83000,27393.82000,27453.82000,17826
2023.02.09,08:00,27429.41000,27718.91000,27429.41000,27548.89000,20904
2023.02.10,08:00,27534.36000,27813.86000,27419.34000,27611.35000,23117
2023.02.13,08:00,27594.26000,27746.27000,27268.75000,27721.27000,15160
2023.02.14,08:00,27709.35000,27793.85000,27538.84000,27748.84000,23992
2023.02.15,08:00,27744.29000,27763.80000,27446.29000,27656.29000,16884
2023.02.16,08:00,27634.27000,27746.29000,27503.77000,27511.29000,17795
2023.02.17,08:00,27506.26000,27608.76000,27393.74000,27513.74000,17778
2023.02.20,08:00,27489.10000,27538.62000,27421.10000,27464.10000,6772
2023.02.21,08:00,27469.08000,27536.09000,27268.58000,27288.58000,17257
2023.02.22,08:00,27279.13000,27299.14000,26958.64000,27073.63000,20193
2023.02.23,08:00,27039.10000,27256.11000,27018.60000,27223.61000,15274
2023.02.24,08:00,27199.10000,27463.59000,27144.09000,27366.10000,17441
2023.02.27,08:00,27343.08000,27557.61000,27292.59000,27530.11000,14758
2023.02.28,08:00,27508.09000,27582.59000,27372.58000,27377.59000,14552
2023.03.01,08:00,27363.07000,27557.59000,27300.07000,27520.07000,17267
2023.03.02,08:00,27488.06000,27737.58000,27395.06000,27712.56000,16983
2023.03.03,08:00,27698.05000,28227.57000,27637.55000,28192.57000,14842
2023.03.06,08:00,28200.04000,28317.54000,28157.53000,28235.05000,14446
2023.03.07,08:00,28203.03000,28452.54000,28167.52000,28185.04000,17670
2023.03.08,08:00,28148.02000,28637.53000,28148.02000,28618.02000,17339
2023.03.09,08:00,28687.64000,28807.16000,28267.14000,28347.14000,17934
2023.03.10,08:00,28332.43000,28517.43000,27814.44000,27821.93000,34330
2023.03.13,08:00,27812.66000,28039.67000,27329.68000,27562.17000,51662
2023.03.14,08:00,27538.15000,27620.18000,27188.16000,27515.17000,32811
2023.03.15,08:00,27508.54000,27570.54000,26530.53000,26820.53000,43581
2023.03.16,08:00,26813.21000,27382.73000,26698.21000,27367.73000,35401
2023.03.17,08:00,27353.40000,27490.39000,26975.40000,27045.39000,33250
2023.03.20,08:00,27137.61000,27447.11000,26722.09000,27184.60000,42801
2023.03.21,08:00,27177.70000,27477.21000,27142.19000,27447.20000,18865
2023.03.22,08:00,27447.69000,27694.70000,27277.19000,27324.68000,24400
2023.03.23,08:00,27297.65000,27689.66000,27232.65000,27417.14000,28727
2023.03.24,08:00,27427.85000,27547.37000,27167.35000,27449.85000,35649
2023.03.27,08:00,27422.83000,27677.32000,27417.82000,27664.81000,20278
2023.03.28,08:00,27652.81000,27687.32000,27462.30000,27567.31000,16028
2023.03.29,08:00,27542.76000,28142.28000,27542.76000,28127.27000,14776
2023.03.30,08:00,27841.92000,28041.43000,27686.41000,28008.92000,15784
2023.03.31,08:00,27973.72000,28288.24000,27973.72000,28285.73000,15122
2023.04.03,08:00,28238.78000,28335.79000,28103.27000,28273.27000,15442
2023.04.04,08:00,28253.79000,28393.29000,28065.80000,28165.79000,15565
2023.04.05,08:00,28158.80000,28205.81000,27630.79000,27745.79000,17168
2023.04.06,08:00,27743.79000,27768.29000,27488.27000,27670.78000,14668
2023.04.07,08:00,27663.51000,27710.53000,27508.01000,27703.02000,5524
2023.04.10,08:00,27668.48000,27930.49000,27645.47000,27920.48000,11177
2023.04.11,08:00,27888.46000,28140.49000,27888.46000,28085.47000,13545
2023.04.12,08:00,28068.45000,28282.97000,27947.96000,27957.96000,17896
2023.04.13,08:00,27928.44000,28472.96000,27902.94000,28417.95000,15377
2023.04.14,08:00,28418.39000,28620.40000,28360.38000,28567.88000,18078
2023.04.17,08:00,28583.41000,28637.91000,28442.89000,28620.41000,14287
2023.04.18,08:00,28598.38000,28787.91000,28548.40000,28690.41000,14807
2023.04.19,08:00,28673.39000,28705.38000,28427.87000,28572.87000,12801
2023.04.20,08:00,28538.36000,28722.88000,28467.86000,28635.38000,14618
2023.04.21,08:00,28603.38000,28802.89000,28507.87000,28682.87000,16429
2023.04.24,08:00,28673.35000,28762.86000,28575.34000,28710.36000,13031
2023.04.25,08:00,28688.33000,28822.82000,28382.82000,28460.34000,17841
2023.04.26,08:00,28428.28000,28572.81000,28272.80000,28337.80000,20205
2023.04.27,08:00,28323.34000,28777.86000,28265.34000,28752.84000,14867
2023.04.28,08:00,28723.62000,29113.12000,28508.61000,29075.61000,22409
2023.05.01,08:00,29063.76000,29373.28000,29030.77000,29285.78000,12990
2023.05.02,08:00,29278.87000,29310.87000,28675.86000,28800.85000,22672
2023.05.03,08:00,28809.02000,28958.51000,28648.52000,28686.01000,25227
2023.05.04,08:00,28623.96000,28795.98000,28553.98000,28623.46000,27913
2023.05.05,08:00,28618.94000,29163.44000,28618.92000,29103.44000,15207
2023.05.08,08:00,29070.80000,29158.30000,28943.29000,29055.80000,16149
2023.05.09,08:00,29018.82000,29285.80000,29018.82000,29223.30000,16049
2023.05.10,08:00,29218.79000,29258.31000,28903.29000,29068.29000,21175
2023.05.11,08:00,29053.86000,29203.38000,28965.86000,29130.87000,21422
2023.05.12,08:00,29108.86000,29593.37000,29108.36000,29573.35000,20031
2023.05.15,08:00,29538.62000,29913.14000,29480.64000,29868.12000,17170
2023.05.16,08:00,29853.68000,30003.21000,29785.69000,29893.19000,17510
2023.05.17,08:00,29883.61000,30555.61000,29873.12000,30525.62000,17451
2023.05.18,08:00,30513.64000,30945.64000,30393.12000,30913.12000,23365
2023.05.19,08:00,30893.59000,30998.09000,30685.60000,30868.11000,23834
2023.05.22,08:00,30813.52000,31313.03000,30705.51000,31223.01000,22553
2023.05.23,08:00,31193.49000,31375.49000,30580.50000,30713.00000,27145
2023.05.24,08:00,30703.44000,30892.96000,30432.94000,30630.46000,21610
2023.05.25,08:00,30628.51000,31143.03000,30538.53000,31095.54000,26337
2023.05.26,08:00,31098.52000,31585.52000,30918.02000,31543.03000,19946
2023.05.29,08:00,31615.48000,31667.99000,31165.48000,31278.47000,13490
2023.05.30,08:00,31288.48000,31452.96000,31070.46000,31132.97000,25434
2023.05.31,08:00,31123.42000,31150.44000,30642.92000,30775.42000,26648
2023.06.01,08:00,30775.00000,31437.89000,30768.38000,31400.37000,23200
2023.06.02,08:00,31393.36000,32012.87000,31272.86000,31947.85000,22680
2023.06.05,08:00,31968.21000,32567.72000,31808.20000,32132.70000,25682
2023.06.06,08:00,32118.16000,32702.67000,31927.67000,32625.17000,24360
2023.06.07,08:00,32588.10000,32712.59000,31765.09000,31848.11000,33066
2023.06.08,08:00,31952.40000,32164.90000,31527.41000,31990.41000,24435
2023.06.09,08:00,31990.25000,32649.77000,31980.26000,32464.75000,28526
2023.06.12,08:00,32440.19000,32834.71000,32355.19000,32802.21000,22140
2023.06.13,08:00,32800.18000,33674.70000,32729.68000,33535.18000,33249
2023.06.14,08:00,33550.47000,33904.97000,33294.97000,33722.46000,33371
2023.06.15,08:00,33690.99000,33885.48000,33240.49000,33580.50000,32747
2023.06.16,08:00,33580.92000,34082.95000,33267.93000,33840.43000,33103
2023.06.19,08:00,33845.81000,33932.81000,33300.29000,33422.80000,19886
2023.06.20,08:00,33435.82000,33550.32000,33140.30000,33200.80000,29775
2023.06.21,08:00,33210.77000,33855.29000,33180.27000,33645.27000,29527
2023.06.22,08:00,33630.84000,33707.86000,33220.34000,33570.35000,25620
2023.06.23,08:00,33575.75000,33632.76000,32465.24000,32732.76000,39166
2023.06.26,08:00,32720.81000,32972.83000,32450.81000,32657.82000,30701
2023.06.27,08:00,32647.64000,32950.14000,32355.64000,32885.13000,24909
2023.06.28,08:00,32870.62000,33430.14000,32700.12000,33345.12000,27297
2023.06.29,08:00,33325.29000,33592.30000,33154.80000,33229.80000,23889
2023.06.30,08:00,33225.40000,33579.90000,32975.39000,33492.40000,19859
2023.07.03,08:00,33540.25000,33892.26000,33487.25000,33672.24000,16923
2023.07.04,08:00,33645.25000,33682.27000,33229.75000,33270.25000,11745
2023.07.05,08:00,33250.12000,33439.64000,33039.63000,33162.14000,20972
2023.07.06,08:00,33149.92000,33161.94000,32294.43000,32456.93000,26263
2023.07.07,08:00,32459.77000,32781.79000,32271.78000,32481.77000,24447
2023.07.10,08:00,32469.61000,32621.62000,32109.62000,32386.63000,23810
2023.07.11,08:00,32364.37000,32526.38000,32103.87000,32368.87000,19668
2023.07.12,08:00,32329.37000,32456.36000,31818.85000,32086.36000,27927
2023.07.13,08:00,32084.29000,32868.80000,31993.79000,32811.28000,21445
2023.07.14,08:00,32777.21000,32931.72000,32267.21000,32396.70000,24277
2023.07.17,08:00,32372.14000,32516.62000,32164.12000,32419.14000,16743
2023.07.18,08:00,32392.09000,32866.60000,32391.59000,32796.59000,21384
2023.07.19,08:00,32772.08000,33116.60000,32711.59000,32929.11000,23455
2023.07.20,08:00,32919.10000,32941.60000,32296.58000,32369.09000,23744
2023.07.21,08:00,32357.01000,32816.52000,32116.52000,32736.52000,23435
2023.07.24,08:00,32686.98000,32881.49000,32546.48000,32799.00000,19799
2023.07.25,08:00,32802.00000,32819.01000,32551.98000,32689.00000,15923
2023.07.26,08:00,32661.97000,32773.97000,32451.48000,32581.47000,20854
2023.07.27,08:00,32577.07000,33276.58000,32477.08000,32629.08000,25384
2023.07.28,08:00,32605.10000,33194.62000,32047.11000,33152.13000,32945
2023.07.31,08:00,33109.81000,33431.82000,33034.81000,33339.31000,23243
2023.08.01,08:00,33329.91000,33514.41000,33189.39000,33246.89000,20968
2023.08.02,08:00,33219.87000,33219.87000,32289.87000,32309.39000,30504
2023.08.03,08:00,32304.66000,32476.66000,31709.16000,31954.14000,38766
2023.08.04,08:00,31934.66000,32331.69000,31909.19000,31984.18000,35221
2023.08.07,08:00,31974.56000,32479.07000,31839.06000,32456.56000,26908
2023.08.08,08:00,32439.55000,32561.57000,32126.55000,32329.56000,27907
2023.08.09,08:00,32334.45000,32433.94000,32083.93000,32216.45000,26795
2023.08.10,08:00,32179.53000,32851.55000,32044.53000,32554.04000,36104
2023.08.11,08:00,32529.46000,32741.48000,32463.97000,32511.48000,23742
2023.08.14,08:00,32489.30000,32636.30000,32051.28000,32328.80000,27089
2023.08.15,08:00,32304.21000,32426.21000,31913.71000,31938.71000,26719
2023.08.16,08:00,31929.20000,32013.72000,31656.20000,31683.71000,28580
2023.08.17,08:00,31684.13000,31808.64000,31318.62000,31351.14000,30471
2023.08.18,08:00,31344.05000,31653.56000,31258.55000,31493.57000,34407
2023.08.21,08:00,31483.90000,31868.42000,31418.40000,31848.41000,27179
2023.08.22,08:00,31828.85000,32040.85000,31703.34000,31765.84000,26074
2023.08.23,08:00,31748.81000,32223.30000,31713.30000,32215.81000,24288
2023.08.24,08:00,32183.75000,32308.26000,31688.24000,31718.26000,25704
2023.08.25,08:00,31693.71000,31910.71000,31568.20000,31875.71000,26126
2023.08.28,08:00,31873.51000,32338.03000,31873.51000,32333.03000,16403
2023.08.29,08:00,32318.47000,32467.96000,32162.97000,32452.97000,16311
2023.08.30,08:00,32438.45000,32560.46000,32192.95000,32407.97000,20945
2023.08.31,08:00,32388.39000,32692.89000,32347.89000,32500.37000,22336
2023.09.01,08:00,32513.35000,32842.86000,32457.50000,32762.84000,26211
2023.09.04,08:00,32723.20000,33087.72000,32707.71000,32908.19000,15372
2023.09.05,08:00,32913.15000,33167.67000,32777.67000,33060.18000,25588
2023.09.06,08:00,33068.13000,33297.62000,33007.61000,33132.61000,24445
2023.09.07,08:00,33177.07000,33406.58000,32856.57000,32979.07000,23938
2023.09.08,08:00,32967.04000,33046.52000,32551.52000,32811.53000,24833
2023.09.11,08:00,32771.99000,32806.49000,32446.49000,32721.50000,25011
2023.09.12,08:00,32720.40000,32955.41000,32540.41000,32837.89000,23470
2023.09.13,08:00,32836.12000,32985.63000,32675.61000,32918.13000,27592
2023.09.14,08:00,32905.61000,33470.13000,32887.62000,33467.61000,24842
2023.09.15,08:00,33450.74000,33710.25000,33292.75000,33327.76000,28942
2023.09.18,08:00,33310.59000,33405.11000,33200.09000,33322.59000,18740
2023.09.19,08:00,33300.55000,33445.06000,33185.05000,33317.56000,21671
2023.09.20,08:00,33300.28000,33354.80000,33022.28000,33024.80000,23524
2023.09.21,08:00,33008.47000,33027.98000,32273.46000,32280.47000,32618
2023.09.22,08:00,32273.19000,32677.70000,32202.69000,32535.19000,29709
2023.09.25,08:00,32535.22000,32782.73000,32427.72000,32750.21000,29146
2023.09.26,08:00,32723.48000,32747.98000,32087.98000,32163.00000,30548
2023.09.27,08:00,32158.45000,32510.46000,31997.94000,32330.45000,32146
2023.09.28,08:00,32084.08000,32188.58000,31691.08000,32031.08000,38378
2023.09.29,08:00,32006.32000,32150.84000,31740.82000,31863.33000,37394
2023.10.02,08:00,31965.90000,32430.41000,31505.41000,31635.40000,39729
2023.10.03,08:00,31605.83000,31687.84000,30682.83000,30747.83000,43202
2023.10.04,08:00,30730.67000,30850.20000,30290.19000,30717.68000,47949
2023.10.05,08:00,30690.35000,31219.85000,30579.83000,31052.34000,40481
2023.10.06,08:00,31030.22000,31414.75000,30887.23000,31372.25000,41134
2023.10.09,08:00,31240.00000,31359.52000,30954.51000,31292.00000,25875
2023.10.10,08:00,31280.00000,31999.50000,31269.98000,31819.48000,33801
2023.10.11,08:00,31825.02000,32114.51000,31789.51000,32054.52000,30665
2023.10.12,08:00,32015.09000,32684.59000,32015.09000,32297.07000,35190
2023.10.13,08:00,32290.05000,32544.55000,31869.55000,31914.56000,41001
2023.10.16,08:00,31916.83000,32076.82000,31579.31000,32009.32000,34419
2023.10.17,08:00,31989.77000,32279.27000,31836.75000,32139.75000,38146
2023.10.18,08:00,32119.48000,32153.99000,31608.97000,31676.47000,37601
2023.10.19,08:00,31649.41000,31756.40000,31263.90000,31286.42000,48918
2023.10.20,08:00,31274.17000,31446.18000,31018.67000,31031.16000,42572
2023.10.23,08:00,31039.00000,31213.52000,30743.50000,31078.52000,38187
2023.10.24,08:00,31053.90000,31313.38000,30565.88000,31270.88000,42303
2023.10.25,08:00,31273.90000,31478.41000,30950.89000,30963.41000,38816
2023.10.26,08:00,30948.87000,30953.87000,30473.38000,30553.86000,45763
2023.10.27,08:00,30563.80000,31105.81000,30535.80000,30653.30000,40373
2023.10.30,08:00,30671.00000,30868.20000,30398.19000,30603.20000,38677
2023.10.31,08:00,30618.69000,31408.20000,30558.18000,31383.18000,40600
2023.11.01,08:00,31353.62000,31923.14000,31303.12000,31920.62000,42474
2023.11.02,08:00,31893.62000,32360.64000,31830.62000,32340.61000,32186
2023.11.03,08:00,32288.66000,32833.16000,32238.14000,32745.64000,17835
2023.11.06,08:00,32728.47000,32797.99000,32480.48000,32622.99000,27253
2023.11.07,08:00,32603.50000,32643.00000,32213.00000,32505.52000,27166
2023.11.08,08:00,32488.47000,32572.96000,32052.98000,32327.98000,31231
2023.11.09,08:00,32318.49000,32882.97000,32207.98000,32522.98000,33772
2023.11.10,08:00,32523.45000,32932.95000,32255.44000,32855.44000,32517
2023.11.13,08:00,32823.46000,33002.97000,32507.95000,32783.46000,27642
2023.11.14,08:00,32778.40000,33250.40000,32675.40000,33240.39000,27613
2023.11.15,08:00,33218.38000,33602.88000,33205.36000,33382.86000,32041
2023.11.16,08:00,33388.43000,33622.94000,33212.92000,33427.92000,30335
2023.11.17,08:00,33373.47000,33612.98000,33265.47000,33515.47000,26237
2023.11.20,08:00,33483.37000,33862.87000,33192.85000,33415.35000,26452
2023.11.21,08:00,33423.31000,33475.31000,33137.79000,33180.29000,24860
2023.11.22,08:00,33168.29000,33772.80000,33103.29000,33760.30000,27567
2023.11.23,08:00,33760.24000,33760.24000,33630.22000,33728.23000,9259
2023.11.24,08:00,33718.21000,33827.72000,33592.72000,33742.70000,14814
2023.11.27,08:00,33748.17000,33817.67000,33400.15000,33517.65000,22810
2023.11.28,08:00,33488.16000,33572.67000,33225.16000,33307.65000,25444
2023.11.29,08:00,33283.17000,33522.65000,33187.65000,33315.17000,27347
2023.11.30,08:00,33253.17000,33582.67000,33157.65000,33522.66000,29390
2023.12.01,08:00,33503.13000,33572.65000,33252.63000,33475.15000,27577
2023.12.04,08:00,33458.06000,33470.08000,32900.06000,33057.57000,29488
2023.12.05,08:00,33033.04000,33080.05000,32685.04000,32915.05000,29922
2023.12.06,08:00,32898.02000,33460.03000,32877.52000,33128.04000,26851
2023.12.07,08:00,33189.97000,33249.48000,32236.97000,32496.99000,38404
2023.12.08,08:00,32489.47000,32698.97000,32288.95000,32656.45000,34096
2023.12.11,08:00,32654.50000,33194.00000,32614.49000,33176.50000,27170
2023.12.12,08:00,33164.85000,33274.37000,32839.87000,33071.85000,22805
2023.12.13,08:00,33025.05000,33162.07000,32764.55000,32984.57000,23703
2023.12.14,08:00,32965.04000,33224.54000,32559.52000,32735.04000,38384
2023.12.15,08:00,32735.21000,33182.19000,32735.20000,32779.70000,27963
2023.12.18,08:00,32804.87000,32939.39000,32614.39000,32861.87000,20133
2023.12.19,08:00,32859.83000,33749.35000,32719.33000,33504.35000,25991
2023.12.20,08:00,33511.83000,33889.32000,33119.31000,33266.81000,26221
2023.12.21,08:00,33240.28000,33404.78000,33140.27000,33367.26000,27860
2023.12.22,08:00,33340.50000,33480.01000,33162.49000,33352.50000,21657
2023.12.26,08:00,33282.68000,33620.18000,33280.17000,33577.67000,6244
2023.12.27,08:00,33565.59000,33817.59000,33492.59000,33572.59000,21008
2023.12.28,08:00,33473.64000,33603.14000,33325.62000,33475.64000,20824
2023.12.29,08:00,33496.34000,33683.35000,33235.83000,33343.33000,20149
2024.01.02,08:00,33366.09000,33476.10000,33008.59000,33121.09000,13934
2024.01.03,08:00,33126.58000,33401.08000,33091.06000,33116.06000,23611
2024.01.04,08:00,33118.56000,33556.06000,32728.55000,33403.54000,27281
2024.01.05,08:00,33371.59000,33666.08000,33296.08000,33458.60000,28526
2024.01.08,08:00,33513.53000,33971.04000,33298.53000,33898.52000,13519
2024.01.09,08:00,33901.51000,34026.02000,33636.00000,33933.51000,26522
2024.01.10,08:00,33926.05000,34993.55000,33886.05000,34986.06000,27697
2024.01.11,08:00,34961.53000,35848.51000,34881.02000,35301.51000,29661
2024.01.12,08:00,35291.66000,35776.16000,35236.64000,35588.65000,39162
2024.01.15,08:00,35601.55000,36251.05000,35553.55000,36226.54000,22635
2024.01.16,08:00,36191.53000,36211.53000,35611.03000,35958.53000,42403
2024.01.17,08:00,35921.45000,36295.97000,35353.46000,35568.46000,41678
2024.01.18,08:00,35531.47000,36130.97000,35401.47000,36113.45000,36530
2024.01.19,08:00,36106.27000,36390.79000,35830.77000,36330.79000,35887
2024.01.22,08:00,36326.28000,36775.80000,36326.28000,36743.29000,27433
2024.01.23,08:00,36726.26000,37030.76000,36083.26000,36550.77000,30713
2024.01.24,08:00,36541.30000,36610.80000,36135.79000,36158.30000,29577
2024.01.25,08:00,36211.12000,36345.61000,35928.12000,36070.62000,29037
2024.01.26,08:00,36056.18000,36130.69000,35715.67000,35920.69000,28950
2024.01.29,08:00,35901.10000,36223.11000,35820.60000,36195.60000,22107
2024.01.30,08:00,36203.09000,36305.61000,35770.59000,35780.61000,22989
2024.01.31,08:00,35724.14000,36421.14000,35699.15000,35998.65000,34991
2024.02.01,08:00,35984.16000,36333.68000,35761.17000,36306.18000,34954
2024.02.02,08:00,36289.16000,36473.67000,36058.66000,36433.67000,31129
2024.02.05,08:00,36419.14000,36544.15000,36156.14000,36391.15000,26867
2024.02.06,08:00,36384.02000,36401.02000,35851.00000,36006.00000,27679
2024.02.07,08:00,35979.06000,36423.57000,35868.55000,36414.05000,26697
2024.02.08,08:00,36384.08000,37168.59000,36336.08000,37141.09000,28062
2024.02.09,08:00,37119.05000,37303.55000,36903.53000,37143.53000,23717
2024.02.12,08:00,37139.01000,37618.51000,37088.49000,37485.99000,13559
2024.02.13,08:00,37453.98000,38413.49000,37423.99000,37728.98000,36689
2024.02.14,08:00,37723.96000,38145.95000,37608.45000,38123.47000,32241
2024.02.15,08:00,38128.96000,38673.45000,37945.94000,38638.44000,29935
2024.02.16,08:00,38643.90000,38883.41000,38243.91000,38275.91000,36020
2024.02.19,08:00,38268.91000,38625.92000,38268.91000,38573.92000,16906
2024.02.20,08:00,38558.88000,38758.38000,38128.37000,38310.89000,33862
2024.02.21,08:00,38278.87000,38825.85000,38108.35000,38793.37000,33717
2024.02.22,08:00,38803.85000,39503.36000,38660.86000,39438.87000,34383
2024.02.23,08:00,39498.85000,39643.34000,39285.84000,39445.86000,23558
2024.02.26,08:00,39453.82000,39535.82000,39193.32000,39323.31000,23568
2024.02.27,08:00,39318.82000,39435.81000,39120.80000,39348.30000,23601
2024.02.28,08:00,39286.82000,39348.82000,38976.30000,39008.80000,23067
2024.02.29,08:00,39003.07000,39342.57000,38888.06000,39315.05000,30439
2024.03.01,08:00,39303.04000,40287.56000,39278.05000,40192.55000,29760
2024.03.04,08:00,40153.02000,40352.52000,40007.52000,40070.03000,22537
2024.03.05,08:00,40058.01000,40227.52000,39672.51000,39867.51000,29600
2024.03.06,08:00,39818.02000,40565.02000,39758.00000,40387.52000,33485
2024.03.07,08:00,40434.43000,40588.93000,39263.93000,39861.43000,35822
2024.03.08,08:00,39854.27000,40116.26000,39081.28000,39186.27000,45652
2024.03.11,08:00,39109.61000,39171.61000,38416.59000,38536.59000,38560
2024.03.12,08:00,38499.39000,39233.88000,38394.38000,39198.87000,36104
2024.03.13,08:00,39169.80000,39309.30000,38569.79000,38671.80000,32892
2024.03.14,08:00,38635.07000,38997.07000,38407.05000,38667.05000,36264
2024.03.15,08:00,38605.19000,39072.20000,38560.19000,38999.70000,34363
2024.03.18,08:00,39079.65000,39899.16000,38991.65000,39734.66000,29634
2024.03.19,08:00,39654.24000,40193.76000,39498.74000,40136.25000,33778
2024.03.20,08:00,40137.61000,40697.11000,40137.60000,40672.11000,28824
2024.03.21,08:00,40632.67000,41217.16000,40527.65000,41094.66000,30048
2024.03.22,08:00,41062.61000,41174.61000,40744.62000,40827.11000,26629
2024.03.25,08:00,40808.76000,40933.25000,40283.24000,40470.76000,22729
2024.03.26,08:00,40479.04000,40783.54000,40378.53000,40551.02000,21443
2024.03.27,08:00,40559.11000,41063.61000,40529.12000,40793.62000,24717
2024.03.28,08:00,40553.31000,40575.31000,40115.29000,40417.79000,22937
2024.04.01,08:00,40501.67000,40786.16000,39721.65000,39988.67000,27076
2024.04.02,08:00,39966.92000,40213.94000,39473.92000,39711.94000,29876
2024.04.03,08:00,39672.01000,40106.51000,39272.01000,40046.50000,30128
2024.04.04,08:00,40022.19000,40311.69000,39101.67000,39121.67000,32163
2024.04.05,08:00,39137.25000,39424.26000,38807.24000,39349.26000,39544
2024.04.08,08:00,39407.59000,39677.10000,39249.58000,39504.60000,29499
2024.04.09,08:00,39494.63000,39842.13000,39322.11000,39727.12000,31624
2024.04.10,08:00,39692.66000,39767.17000,39054.65000,39149.67000,41916
2024.04.11,08:00,39132.69000,39727.20000,39047.19000,39704.68000,39259
2024.04.12,08:00,39707.82000,39987.31000,38817.31000,38889.82000,36559
2024.04.15,08:00,38967.90000,39532.40000,38652.40000,38722.40000,44659
2024.04.16,08:00,38668.03000,38782.54000,38325.02000,38512.52000,50538
2024.04.17,08:00,38493.13000,38685.12000,37655.12000,37752.63000,51597
2024.04.18,08:00,37793.09000,38265.11000,37687.59000,37775.09000,42255
2024.04.19,08:00,37768.19000,37810.19000,36732.71000,37135.21000,61483
2024.04.22,08:00,37203.47000,37872.99000,37087.97000,37752.98000,39992
2024.04.23,08:00,37743.60000,37983.09000,37443.09000,37980.59000,32244
2024.04.24,08:00,37963.58000,38483.10000,37933.59000,38095.58000,36787
2024.04.25,08:00,37993.69000,38065.70000,37153.18000,37863.18000,43465
2024.04.26,08:00,37833.61000,38423.12000,37588.11000,38398.11000,35589
2024.04.29,08:00,38416.10000,38766.12000,38196.12000,38351.10000,34645
2024.04.30,08:00,38324.20000,38643.69000,38103.68000,38126.18000,35264
2024.05.01,08:00,38069.21000,38513.70000,37764.20000,37851.22000,34744
2024.05.02,08:00,37939.41000,38378.91000,37756.42000,37976.42000,37261
2024.05.03,08:00,37939.51000,38399.03000,37824.01000,38361.51000,25961
2024.05.06,08:00,38374.79000,38919.28000,38374.79000,38909.28000,14235
2024.05.07,08:00,38894.86000,38959.37000,38559.87000,38726.86000,22876
2024.05.08,08:00,38714.86000,38776.87000,38169.37000,38391.87000,24479
2024.05.09,08:00,38365.00000,38474.50000,37994.48000,38449.50000,22761
2024.05.10,08:00,38430.17000,38774.66000,38122.16000,38219.67000,19906
2024.05.13,08:00,38230.38000,38294.90000,37974.88000,38182.38000,17867
2024.05.14,08:00,38185.47000,38619.97000,38094.95000,38604.96000,20150
2024.05.15,08:00,38605.55000,38845.06000,38277.56000,38722.55000,20064
2024.05.16,08:00,38720.65000,38982.63000,38525.14000,38532.63000,24036
2024.05.17,08:00,38540.69000,38860.19000,38540.67000,38710.19000,19976
2024.05.20,08:00,38700.92000,39477.92000,38695.44000,39225.44000,22299
2024.05.21,08:00,39241.01000,39368.00000,38763.01000,38882.99000,18660
2024.05.22,08:00,38891.11000,38970.59000,38468.09000,38773.10000,24059
2024.05.23,08:00,38830.72000,39195.72000,38435.70000,38553.22000,30843
2024.05.24,08:00,38526.25000,38885.74000,38370.73000,38785.75000,19783
2024.05.27,08:00,38816.52000,38988.52000,38666.51000,38956.50000,10566
2024.05.28,08:00,38966.59000,38998.58000,38758.57000,38956.08000,21941
2024.05.29,08:00,38921.65000,39158.64000,38163.64000,38171.15000,25889
2024.05.30,08:00,38171.75000,38338.76000,37611.24000,38093.75000,30353
2024.05.31,08:00,38076.87000,38721.37000,37966.37000,38721.37000,35961
2024.06.03,08:00,38702.10000,39039.10000,38421.59000,38694.10000,34050
2024.06.04,08:00,38669.18000,38886.68000,38284.16000,38434.16000,39222
2024.06.05,08:00,38412.26000,38979.27000,38334.26000,38951.75000,26201
2024.06.06,08:00,38979.34000,39071.86000,38536.84000,38659.34000,26870
2024.06.07,08:00,38642.42000,38906.93000,38539.42000,38621.93000,34557
2024.06.10,08:00,38564.67000,39234.68000,38559.67000,39207.18000,24818
2024.06.11,08:00,39162.76000,39334.76000,38797.24000,38927.25000,28477
2024.06.12,08:00,38937.82000,39282.34000,38794.82000,39184.82000,31733
2024.06.13,08:00,39264.72000,39394.22000,38489.22000,38696.71000,29908
2024.06.14,08:00,38680.14000,39124.63000,38379.63000,38559.64000,31648
2024.06.17,08:00,38596.40000,38673.39000,38028.39000,38528.40000,26341
2024.06.18,08:00,38501.85000,38716.36000,38406.84000,38673.86000,23907
2024.06.19,08:00,38677.06000,38879.06000,38399.04000,38469.06000,13420
2024.06.20,08:00,38422.03000,38816.55000,38334.04000,38681.55000,30784
2024.06.21,08:00,38675.95000,38865.45000,38442.95000,38585.44000,31265
2024.06.24,08:00,38580.74000,39060.25000,38472.75000,38815.24000,32867
2024.06.25,08:00,38780.12000,39434.62000,38780.12000,39404.61000,28879
2024.06.26,08:00,39385.31000,39884.82000,39307.32000,39534.80000,32428
2024.06.27,08:00,39521.64000,39731.14000,39256.14000,39643.64000,31355
2024.06.28,08:00,39637.06000,40019.06000,39541.56000,39851.56000,35925
2024.07.01,08:00,39847.73000,40027.25000,39499.73000,39564.75000,35132
2024.07.02,08:00,39547.62000,40332.11000,39514.61000,40304.62000,33232
2024.07.03,08:00,40282.82000,40787.32000,40227.30000,40727.30000,24551
2024.07.04,08:00,40768.04000,41032.56000,40667.54000,40980.05000,13855
2024.07.05,08:00,40908.42000,41182.91000,40815.42000,41060.41000,31061
2024.07.08,08:00,41048.52000,41170.52000,40843.03000,41005.53000,22394
2024.07.09,08:00,40973.33000,41837.83000,40973.33000,41600.33000,26957
2024.07.10,08:00,41578.16000,42550.16000,41492.66000,42527.67000,24597
2024.07.11,08:00,42523.27000,42555.25000,41547.75000,41692.75000,44794
2024.07.12,08:00,41668.40000,41870.40000,41080.41000,41252.91000,37272
2024.07.15,08:00,41363.65000,41463.65000,41081.13000,41236.13000,27264
2024.07.16,08:00,41254.24000,41621.24000,41171.25000,41583.74000,31594
2024.07.17,08:00,41594.53000,41661.53000,40209.02000,40319.01000,42132
2024.07.18,08:00,40319.43000,40481.42000,39928.93000,40098.92000,51316
2024.07.19,08:00,40039.80000,40286.81000,39634.32000,39691.80000,46473
2024.07.22,08:00,39712.23000,40039.75000,39522.24000,39952.25000,47917
2024.07.23,08:00,39925.37000,40027.38000,39492.36000,39504.87000,40747
2024.07.24,08:00,39435.32000,39699.80000,38159.80000,38232.30000,47138
2024.07.25,08:00,38199.77000,38381.78000,37406.76000,37789.28000,77005
2024.07.26,08:00,37841.74000,38344.24000,37676.74000,38291.72000,64592
2024.07.29,08:00,38329.99000,38786.99000,38241.98000,38379.48000,53799
2024.07.30,08:00,38317.88000,38797.39000,37952.87000,38102.38000,62277
2024.07.31,08:00,38098.18000,39335.20000,38023.18000,38765.20000,65746
2024.08.01,08:00,38764.14000,38926.15000,36479.14000,36801.15000,71812
2024.08.02,08:00,36759.55000,36799.54000,34434.54000,34929.54000,89922
2024.08.05,08:00,34752.91000,34835.90000,30740.91000,33505.42000,92379
2024.08.06,08:00,33717.23000,35027.22000,32967.21000,33561.71000,64788
2024.08.07,08:00,33466.70000,35953.70000,33371.70000,34466.19000,86355
2024.08.08,08:00,34446.77000,35878.78000,33831.77000,35796.76000,75917
2024.08.09,08:00,35827.03000,36031.54000,34542.04000,35337.03000,69159
2024.08.12,08:00,35377.64000,35939.66000,35262.65000,35632.15000,13713
2024.08.13,08:00,35572.88000,36534.90000,35507.89000,36482.40000,37428
2024.08.14,08:00,36462.86000,36734.86000,35892.84000,36337.34000,38342
2024.08.15,08:00,36323.05000,37775.05000,36278.04000,37775.05000,20537
2024.08.16,08:00,37713.21000,38180.23000,37348.23000,37723.23000,26349
2024.08.19,08:00,37668.66000,38158.17000,37203.16000,37885.67000,51504
2024.08.20,08:00,37889.00000,38330.99000,37530.99000,37678.50000,48986
2024.08.21,08:00,37629.14000,38298.65000,37529.14000,38093.65000,56570
2024.08.22,08:00,38093.90000,38701.39000,37924.39000,38193.88000,60146
2024.08.23,08:00,38204.58000,38714.08000,38079.59000,38369.10000,63130
2024.08.26,08:00,38300.29000,38400.28000,37845.28000,37977.29000,48151
2024.08.27,08:00,37945.53000,38575.04000,37892.54000,38302.55000,43400
2024.08.28,08:00,38330.77000,38627.76000,37940.75000,38185.26000,50483
2024.08.29,08:00,38029.26000,38843.78000,37889.26000,38408.77000,56077
2024.08.30,08:00,38374.67000,39071.68000,38334.66000,39064.17000,48377
2024.09.02,08:00,39035.37000,39194.87000,38490.37000,38870.35000,23935
2024.09.03,08:00,38865.59000,38990.09000,37467.58000,37655.10000,65320
2024.09.04,08:00,37620.85000,37775.84000,36540.83000,36565.33000,78325
2024.09.05,08:00,36596.14000,37130.66000,36221.14000,36998.16000,71034
2024.09.06,08:00,37021.42000,37063.40000,35135.90000,35170.92000,84473
2024.09.09,08:00,35252.11000,36519.10000,35132.09000,36339.10000,67196
2024.09.10,08:00,36284.33000,36549.33000,35606.82000,36119.33000,62729
2024.09.11,08:00,36079.54000,36627.05000,35252.55000,36549.56000,82159
2024.09.12,08:00,36731.71000,37263.70000,36561.20000,37113.70000,67520
2024.09.13,08:00,37105.98000,37253.00000,36480.49000,36650.50000,53939
2024.09.16,08:00,36582.04000,36911.56000,36396.54000,36837.04000,17373
2024.09.17,08:00,36812.28000,36956.79000,36002.29000,36874.30000,51405
2024.09.18,08:00,36852.88000,36904.89000,36312.88000,36844.87000,52162
2024.09.19,08:00,36803.08000,38102.60000,36803.08000,37905.09000,57450
2024.09.20,08:00,37901.97000,38561.46000,37806.96000,38431.48000,56487
2024.09.23,08:00,38322.66000,38812.16000,38272.64000,38474.66000,39282
2024.09.24,08:00,38457.16000,38651.67000,37856.65000,38054.15000,47224
2024.09.25,08:00,38015.76000,38487.76000,37965.76000,38470.77000,35664
2024.09.26,08:00,38455.88000,39775.37000,38455.88000,39717.87000,47181
2024.09.27,08:00,39437.81000,40059.80000,37412.82000,37489.80000,57964
2024.09.30,08:00,37579.20000,38589.22000,37499.20000,38338.70000,47957
2024.10.01,08:00,38320.13000,38919.62000,37750.13000,38142.13000,51928
2024.10.02,08:00,38150.13000,38899.63000,37825.13000,38844.65000,48613
2024.10.03,08:00,38805.89000,39177.90000,38485.89000,38762.91000,49406
2024.10.04,08:00,38706.03000,39790.55000,38615.54000,39713.03000,45908
2024.10.07,08:00,39826.54000,40001.06000,38901.54000,39083.55000,42390
2024.10.08,08:00,39051.50000,39631.01000,38836.50000,39511.00000,45582
2024.10.09,08:00,39531.60000,39816.12000,39241.60000,39803.61000,32384
2024.10.10,08:00,39807.07000,39851.57000,39001.55000,39526.56000,38617
2024.10.11,08:00,39534.40000,40056.90000,39491.89000,39874.38000,34130
2024.10.14,08:00,39858.04000,40252.55000,39665.04000,40237.55000,24551
2024.10.15,08:00,40208.29000,40387.78000,38945.28000,39062.78000,38989
2024.10.16,08:00,39063.42000,39597.94000,38982.93000,39547.93000,35347
2024.10.17,08:00,39528.97000,39558.48000,38868.97000,39323.49000,37912
2024.10.18,08:00,39294.19000,39393.69000,39008.67000,39258.68000,28097
2024.10.21,08:00,39314.91000,39349.39000,38819.40000,39224.39000,29249
2024.10.22,08:00,39195.17000,39212.19000,38285.17000,38399.67000,36898
2024.10.23,08:00,38370.51000,38622.52000,37727.50000,37952.50000,37681
2024.10.24,08:00,37950.79000,38422.81000,37810.80000,38177.81000,41072
2024.10.25,08:00,38185.85000,38462.86000,37810.84000,38172.84000,33197
2024.10.28,08:00,37376.76000,38846.27000,37306.77000,38711.26000,38990
2024.10.29,08:00,38736.72000,39363.74000,38501.73000,39278.72000,40262
2024.10.30,08:00,39261.96000,39796.48000,39096.96000,39363.98000,44244
2024.10.31,08:00,39362.06000,39362.06000,38186.58000,38417.06000,57592
2024.11.01,08:00,38412.39000,38851.91000,38016.89000,38639.40000,46225
2024.11.04,08:00,38488.44000,38727.94000,38323.44000,38502.93000,27499
2024.11.05,08:00,38523.69000,39165.69000,38230.67000,39028.17000,48287
2024.11.06,08:00,39028.97000,40213.47000,38740.97000,40128.46000,83823
2024.11.07,08:00,40088.95000,40138.95000,39073.94000,39738.44000,58442
2024.11.08,08:00,39714.31000,39961.32000,38981.32000,39101.32000,48598
2024.11.11,08:00,39160.13000,39847.13000,39140.11000,39655.12000,35864
2024.11.12,08:00,39655.37000,39907.37000,39017.38000,39237.38000,45157
2024.11.13,08:00,39220.64000,39415.13000,38512.64000,38977.63000,54952
2024.11.14,08:00,39046.00000,39125.51000,38530.50000,38922.99000,50876
2024.11.15,08:00,38906.29000,39143.31000,37795.81000,38053.30000,53504
2024.11.18,08:00,37936.48000,38588.97000,37936.48000,38388.99000,47531
2024.11.19,08:00,38342.28000,38599.28000,37727.27000,38264.28000,58131
2024.11.20,08:00,38267.52000,38562.02000,37874.51000,38377.52000,47826
2024.11.21,08:00,38307.76000,38399.74000,37732.26000,38239.76000,62426
2024.11.22,08:00,38243.04000,38660.04000,38063.02000,38615.04000,50518
2024.11.25,08:00,38613.73000,39090.73000,38613.73000,38883.23000,42448
2024.11.26,08:00,38858.90000,38915.90000,38038.91000,38343.41000,48804
2024.11.27,08:00,38349.17000,38451.16000,37653.67000,37821.17000,46087
2024.11.28,08:00,37794.43000,38493.94000,37794.42000,38234.44000,24845
2024.11.29,08:00,38339.66000,38466.65000,37999.64000,38299.16000,37219
2024.12.02,08:00,38304.87000,38714.89000,37960.37000,38627.39000,43087
2024.12.03,08:00,38692.61000,39435.10000,38600.59000,39277.60000,40591
2024.12.04,08:00,39245.81000,39782.81000,39045.29000,39712.81000,37757
2024.12.05,08:00,39641.05000,39745.55000,39265.53000,39333.03000,34513
2024.12.06,08:00,39311.28000,39475.78000,38945.79000,39298.29000,35218
2024.12.09,08:00,39312.02000,39531.53000,38981.53000,39219.04000,37326
2024.12.10,08:00,39137.27000,39501.78000,39137.27000,39341.76000,34901
2024.12.11,08:00,39312.50000,40159.52000,39132.51000,39962.52000,29844
2024.12.12,08:00,40072.50000,40182.50000,39632.49000,39695.01000,35535
2024.12.13,08:00,39723.01000,39865.01000,39342.99000,39612.51000,34179
2024.12.16,08:00,39688.00000,39837.51000,39482.99000,39752.49000,24683
2024.12.17,08:00,39738.01000,39902.50000,39332.51000,39392.49000,37633
2024.12.18,08:00,39373.00000,39569.99000,38358.01000,38654.99000,43687
2024.12.19,08:00,38588.00000,39482.51000,38322.99000,39114.99000,63941
2024.12.20,08:00,39165.41000,39309.92000,38482.40000,38939.92000,62583
2024.12.23,08:00,39034.02000,39471.54000,38977.03000,39446.54000,42868
2024.12.24,08:00,39431.94000,39483.94000,39136.94000,39381.93000,19682
2024.12.26,08:00,39681.45000,39878.95000,39483.93000,39778.94000,21372
2024.12.27,08:00,39779.57000,40541.58000,39669.56000,40201.56000,46007
2024.12.30,08:00,40231.38000,40443.37000,39365.86000,39503.36000,49935
2024.12.31,08:00,39561.89000,39616.41000,39271.41000,39488.89000,22641
2025.01.02,08:00,39482.40000,39779.40000,39271.88000,39514.39000,43794
2025.01.03,08:00,39492.65000,39724.65000,39317.65000,39634.65000,35811
2025.01.06,08:00,39703.39000,40095.39000,39317.88000,39817.89000,44709
2025.01.07,08:00,39818.47000,40405.47000,39718.46000,39917.95000,54100
2025.01.08,08:00,39883.13000,40207.64000,39803.13000,39977.65000,56201
2025.01.09,08:00,39983.34000,40015.35000,39483.34000,39623.35000,20538
2025.01.10,08:00,39624.40000,39659.39000,38713.91000,38846.40000,56914
2025.01.13,08:00,38893.71000,38915.70000,38213.71000,38793.21000,42124
2025.01.14,08:00,38789.77000,39146.77000,38396.77000,38794.29000,58169
2025.01.15,08:00,38834.40000,38911.39000,38304.38000,38776.38000,47765
2025.01.16,08:00,38783.12000,39015.14000,38335.12000,38397.62000,54463
2025.01.17,08:00,38412.19000,38991.69000,38136.68000,38864.17000,43890
2025.01.20,08:00,38742.92000,39174.91000,38742.92000,39002.92000,32334
2025.01.21,08:00,38982.46000,39401.97000,38691.96000,39396.96000,43420
2025.01.22,08:00,39386.98000,40006.49000,39371.98000,39831.47000,32414
2025.01.23,08:00,39846.41000,40090.92000,39731.41000,39918.41000,31369
2025.01.24,08:00,39880.53000,40670.02000,39860.51000,40527.51000,44558
2025.01.27,08:00,40406.51000,40416.53000,38736.01000,39161.03000,74048
2025.01.28,08:00,39167.22000,39491.72000,38947.21000,39431.71000,48692
2025.01.29,08:00,39417.99000,39669.99000,39164.99000,39424.97000,49123
2025.01.30,08:00,39381.19000,39750.69000,39256.20000,39600.68000,44868
2025.01.31,08:00,39621.60000,39866.09000,39321.59000,39341.09000,42979
2025.02.03,08:00,38853.13000,39310.13000,38413.11000,39227.61000,67505
2025.02.04,08:00,39199.18000,39351.19000,38614.18000,39051.19000,45115
2025.02.05,08:00,39029.53000,39156.51000,38604.01000,38981.51000,39013
2025.02.06,08:00,38964.98000,39236.98000,38869.46000,38984.96000,36003
2025.02.07,08:00,38985.36000,39047.38000,38372.36000,38447.37000,45725
2025.02.10,08:00,38352.07000,39011.57000,38277.06000,38959.07000,25156
2025.02.11,08:00,38897.08000,39124.56000,38797.06000,39079.56000,22094
2025.02.12,08:00,39018.07000,39265.07000,38795.07000,39217.58000,39174
2025.02.13,08:00,39193.52000,39635.53000,39153.53000,39505.52000,40352
2025.02.14,08:00,39473.85000,39620.84000,39028.34000,39155.86000,28883
2025.02.17,08:00,39145.50000,39269.98000,39019.98000,39170.49000,15298
2025.02.18,08:00,39220.98000,39532.99000,39140.99000,39362.97000,25009
2025.02.19,08:00,39321.48000,39353.48000,38785.96000,39003.47000,28140
2025.02.20,08:00,38982.01000,39001.53000,38411.51000,38557.03000,37197
2025.02.21,08:00,38537.67000,38894.69000,38077.17000,38187.17000,44342
2025.02.24,08:00,38189.17000,38403.68000,37901.16000,38063.66000,48250
2025.02.25,08:00,38081.68000,38499.19000,37701.68000,38081.67000,68910
2025.02.26,08:00,38060.28000,38502.29000,37755.28000,38190.28000,55549
2025.02.27,08:00,38135.53000,38400.03000,37562.52000,37717.53000,70363
2025.02.28,08:00,37726.00000,37795.50000,36845.98000,37552.98000,81592
2025.03.03,08:00,37642.66000,38259.65000,37099.64000,37354.66000,76161
2025.03.04,08:00,37308.06000,37557.57000,36267.56000,37222.57000,107759
2025.03.05,08:00,37243.60000,37833.11000,37093.09000,37638.11000,85850
2025.03.06,08:00,37659.08000,37886.07000,36841.09000,37043.57000,76627
2025.03.07,08:00,36969.54000,37321.56000,36464.06000,37179.06000,75898
2025.03.10,08:00,37260.58000,37261.07000,36165.56000,36410.57000,80859
2025.03.11,08:00,36381.54000,36931.04000,35968.54000,36528.56000,94316
2025.03.12,08:00,36547.05000,37219.04000,36536.53000,36994.04000,67277
2025.03.13,08:00,37008.01000,37342.49000,36549.99000,36755.01000,74678
2025.03.14,08:00,36803.01000,37637.51000,36552.99000,37554.99000,54022
2025.03.17,08:00,37508.00000,38057.51000,37407.49000,37937.49000,40902
2025.03.18,08:00,37953.00000,38045.01000,37674.99000,37807.50000,45079
2025.03.19,08:00,37808.01000,38157.51000,37589.99000,37897.51000,40123
2025.03.20,08:00,37928.00000,37990.01000,37452.50000,37744.99000,38598
2025.03.21,08:00,37722.99000,38025.01000,37407.50000,37630.01000,42361
2025.03.24,08:00,37750.01000,38070.01000,37647.49000,38040.01000,26358
2025.03.25,08:00,37997.99000,38200.01000,37769.99000,38147.51000,23556
2025.03.26,08:00,38137.99000,38294.99000,37729.99000,37777.49000,27774
2025.03.27,08:00,37723.01000,37925.01000,37584.99000,37767.49000,32783
2025.03.28,08:00,37438.39000,37535.40000,36322.88000,36342.90000,42059
2025.03.31,08:00,36314.16000,36331.16000,35516.15000,36061.15000,61769
2025.04.01,08:00,36051.51000,36123.51000,35181.01000,35788.50000,63596
2025.04.02,08:00,35807.22000,36541.71000,34872.22000,34926.72000,62084
2025.04.03,08:00,34764.90000,34934.91000,33482.89000,33689.90000,93115
2025.04.04,08:00,33745.54000,34415.04000,32047.53000,32317.52000,137318
2025.04.07,08:00,31767.58000,33798.06000,30518.06000,32595.08000,167711
2025.04.08,08:00,32631.10000,34003.10000,31881.10000,32215.62000,123540
2025.04.09,08:00,32149.84000,35224.85000,31214.33000,35136.84000,157347
2025.04.10,08:00,35121.58000,35326.09000,32573.58000,33536.08000,122590
2025.04.11,08:00,33514.39000,33868.89000,32743.89000,33831.39000,114057
2025.04.14,08:00,34146.24000,34591.23000,33933.74000,34391.23000,65339
2025.04.15,08:00,34356.84000,34711.33000,34261.82000,34561.34000,53594
2025.04.16,08:00,34453.97000,34476.96000,33671.46000,33881.47000,61130
2025.04.17,08:00,33902.70000,34817.21000,33852.21000,34587.21000,59330
2025.04.21,08:00,34558.81000,34705.82000,33928.30000,34183.30000,36516
2025.04.22,08:00,34134.46000,35033.98000,34049.46000,34881.47000,45694
2025.04.23,08:00,35354.46000,35581.96000,34784.47000,35499.48000,58406
2025.04.24,08:00,35384.90000,35731.91000,34866.89000,35646.90000,44370
2025.04.25,08:00,35670.20000,36134.70000,35502.19000,36089.69000,47637
2025.04.28,08:00,36031.12000,36173.13000,35760.64000,35943.14000,38955
2025.04.29,08:00,35876.58000,36276.09000,35876.58000,36083.58000,46586
2025.04.30,08:00,36072.06000,36361.57000,35657.05000,36309.05000,56183
2025.05.01,08:00,36282.55000,37117.06000,36109.55000,36799.56000,49268
2025.05.02,08:00,36737.97000,37284.97000,36692.95000,37252.45000,52688
2025.05.05,08:00,37239.19000,37388.70000,36961.19000,37181.19000,28901
2025.05.06,08:00,37144.68000,37244.18000,36671.68000,36754.19000,38954
2025.05.07,08:00,36705.17000,37212.17000,36632.17000,36997.18000,43424
2025.05.08,08:00,36912.66000,37722.66000,36747.65000,37520.16000,44340
2025.05.09,08:00,37506.09000,37723.10000,37325.58000,37513.10000,35767
2025.05.12,08:00,37832.31000,38831.79000,37494.30000,38779.30000,47525
2025.05.13,08:00,38767.74000,38802.23000,38064.72000,38344.72000,36195
2025.05.14,08:00,38363.01000,38420.02000,37625.00000,37687.51000,41634
2025.05.15,08:00,37663.53000,37905.53000,37615.52000,37823.03000,33932
2025.05.16,08:00,37799.16000,38023.67000,37513.66000,37971.16000,25638
2025.05.19,08:00,37760.14000,37800.64000,37265.14000,37602.65000,28995
2025.05.20,08:00,37526.22000,37955.73000,37415.72000,37625.71000,30939
2025.05.21,08:00,37591.70000,37683.70000,36836.21000,36866.21000,41177
2025.05.22,08:00,36842.27000,37226.77000,36719.26000,37141.75000,39258
2025.05.23,08:00,37127.83000,37397.34000,36487.33000,36844.85000,46982
2025.05.26,08:00,36899.26000,37678.75000,36849.24000,37599.25000,17406
2025.05.27,08:00,37614.16000,38394.16000,37431.65000,38339.16000,23060
2025.05.28,08:00,38290.09000,38342.10000,37669.60000,37934.61000,30340
2025.05.29,08:00,37890.59000,38482.59000,37722.59000,37920.11000,41575
2025.05.30,08:00,37885.96000,38125.47000,37400.45000,37672.97000,43745
2025.06.02,08:00,37597.54000,37854.55000,37282.04000,37794.55000,38374
2025.06.03,08:00,37758.09000,37792.61000,37365.10000,37725.11000,32617
2025.06.04,08:00,37718.08000,37880.60000,37483.09000,37550.59000,32422
2025.06.05,08:00,37479.05000,37736.04000,37306.05000,37456.06000,44779
2025.06.06,08:00,37394.55000,38154.06000,37394.55000,38019.07000,34516
2025.06.09,08:00,37991.03000,38330.54000,37893.04000,38223.04000,24583
2025.06.10,08:00,38226.51000,38493.52000,38121.00000,38378.52000,34298
2025.06.11,08:00,38352.00000,38722.00000,38281.49000,38381.50000,37101
2025.06.12,08:00,38308.00000,38397.51000,37959.99000,38190.01000,30360
2025.06.13,08:00,38133.01000,38177.51000,37482.49000,37959.99000,48691
2025.06.16,08:00,37813.01000,38630.01000,37813.00000,38589.99000,27574
2025.06.17,08:00,38578.01000,38645.01000,38217.50000,38267.51000,34981
2025.06.18,08:00,38218.00000,38974.99000,38147.99000,38687.51000,36498
2025.06.19,08:00,38687.99000,38860.01000,38387.49000,38414.99000,19345
2025.06.20,08:00,38452.99000,38690.01000,38252.49000,38387.50000,33213
2025.06.23,08:00,38043.00000,38652.50000,37958.01000,38649.99000,33094
2025.06.24,08:00,38583.01000,39017.49000,38583.01000,38787.50000,23043
2025.06.25,08:00,38792.99000,39175.00000,38724.99000,39000.00000,23124
2025.06.26,08:00,39065.69000,39937.69000,39057.67000,39927.68000,25943
2025.06.27,08:00,39888.13000,40723.13000,39888.13000,40603.12000,32635
2025.06.30,08:00,40661.64000,40946.65000,40299.13000,40321.63000,31910
2025.07.01,08:00,40317.42000,40439.41000,39649.40000,39651.90000,31095
2025.07.02,08:00,39627.87000,40022.88000,39507.88000,39810.36000,28412
2025.07.03,08:00,39799.24000,40198.74000,39726.22000,40191.23000,21193
2025.07.04,08:00,40179.83000,40184.85000,39671.85000,39799.34000,18690
2025.07.07,08:00,39771.84000,39986.34000,39418.82000,39428.84000,33494
2025.07.08,08:00,39467.56000,40112.07000,39412.06000,40009.57000,28000
2025.07.09,08:00,39963.05000,40050.05000,39635.04000,39972.53000,25299
2025.07.10,08:00,39963.44000,40015.44000,39592.92000,39775.42000,22613
2025.07.11,08:00,39749.12000,39998.62000,39313.61000,39506.12000,27113
2025.07.14,08:00,39450.68000,39642.68000,39240.18000,39537.68000,21132
2025.07.15,08:00,39491.26000,39863.25000,39413.26000,39640.75000,30188
2025.07.16,08:00,39651.60000,39953.62000,39173.62000,39598.62000,34469
2025.07.17,08:00,39582.15000,40154.15000,39396.66000,40104.17000,21336
2025.07.18,08:00,40102.51000,40179.50000,39674.50000,39754.51000,20218
2025.07.21,08:00,39739.12000,40021.11000,39708.60000,39856.10000,15441
2025.07.22,08:00,39834.63000,40314.12000,39486.63000,39656.62000,27798
2025.07.23,08:00,39640.23000,41797.23000,39640.21000,41762.23000,41965
2025.07.24,08:00,41699.52000,42124.02000,41579.00000,41709.01000,29496
2025.07.25,08:00,41719.22000,41788.72000,41328.70000,41416.20000,24103
2025.07.28,08:00,41511.42000,41726.43000,40718.42000,40868.43000,25995
2025.07.29,08:00,40832.40000,41006.90000,40609.38000,40714.38000,24753
2025.07.30,08:00,40680.68000,40825.20000,40520.18000,40775.19000,27437
2025.07.31,08:00,40741.26000,41318.26000,40608.27000,40825.77000,35418
2025.08.01,08:00,40761.69000,41041.18000,39773.67000,39993.67000,53254
2025.08.04,08:00,39908.58000,40680.58000,39788.07000,40663.07000,29777
2025.08.05,08:00,40669.37000,40711.37000,40373.86000,40548.87000,31685
2025.08.06,08:00,40524.77000,40939.28000,40454.76000,40836.78000,29935
2025.08.07,08:00,40785.17000,41379.69000,40620.17000,41214.69000,39219
2025.08.08,08:00,41200.14000,42420.13000,41175.12000,42347.64000,34131
2025.08.11,08:00,42306.43000,42521.43000,42216.42000,42306.43000,23095
2025.08.12,08:00,42272.48000,43399.47000,42219.46000,43329.47000,36296
2025.08.13,08:00,43292.67000,43509.67000,43047.15000,43129.66000,31090
2025.08.14,08:00,43123.00000,43225.02000,42552.50000,42830.01000,31810
2025.08.15,08:00,42843.82000,43523.32000,42758.32000,43443.30000,29947
2025.08.18,08:00,43455.23000,43964.73000,43409.75000,43817.25000,25331
2025.08.19,08:00,43800.69000,43912.71000,43342.71000,43400.20000,31139
2025.08.20,08:00,43400.83000,43498.32000,42595.82000,42870.82000,37256
2025.08.21,08:00,42857.10000,42951.62000,42539.10000,42681.60000,33269
2025.08.22,08:00,42682.72000,43137.23000,42347.23000,43027.21000,30017
2025.08.25,08:00,43019.39000,43226.39000,42541.39000,42546.40000,25479
2025.08.26,08:00,42544.90000,42724.42000,42146.92000,42559.40000,24611
2025.08.27,08:00,42505.57000,42642.57000,42287.55000,42510.07000,22702
2025.08.28,08:00,42480.48000,43049.97000,42277.48000,42917.49000,27483
2025.08.29,08:00,42930.14000,42934.65000,42029.64000,42087.13000,31133
2025.09.01,08:00,42201.84000,42463.84000,41786.33000,42343.85000,22159
2025.09.02,08:00,42347.47000,42486.96000,41711.98000,42176.98000,44591
2025.09.03,08:00,42163.02000,42300.02000,41870.01000,42127.52000,35720
2025.09.04,08:00,42083.61000,42918.11000,42023.60000,42910.59000,29016
2025.09.05,08:00,42869.10000,43236.09000,42581.09000,42896.09000,47410
2025.09.08,08:00,43097.75000,44030.23000,43097.75000,43962.74000,25749
2025.09.09,08:00,43966.28000,44190.79000,43070.77000,43595.78000,34075
2025.09.10,08:00,43608.87000,44011.36000,43451.35000,43863.85000,28333
2025.09.11,08:00,43845.00000,44789.49000,43840.00000,44747.01000,29879
2025.09.12,08:00,44730.01000,44904.51000,44529.51000,44671.99000,26193
2025.09.15,08:00,44660.01000,44947.00000,44604.51000,44894.50000,10353
2025.09.16,08:00,44890.00000,45052.01000,44604.49000,44759.51000,21743
2025.09.17,08:00,44785.00000,45034.50000,44576.99000,44882.01000,34921
2025.09.18,08:00,44875.01000,45966.99000,44832.00000,45856.99000,28331
2025.09.19,08:00,45855.00000,45937.00000,44514.99000,45301.99000,28733
2025.09.22,08:00,45304.99000,45804.49000,45261.99000,45764.50000,21329
2025.09.23,08:00,45729.99000,45941.99000,45539.49000,45614.51000,21676
2025.09.24,08:00,45605.00000,45902.00000,45267.00000,45719.50000,27331
2025.09.25,08:00,45725.01000,45887.01000,45314.50000,45676.99000,34352
2025.09.26,08:00,45670.01000,45831.99000,45239.49000,45521.99000,33336
2025.09.29,08:00,45215.01000,45315.03000,44960.02000,45155.02000,29459
2025.09.30,08:00,45161.62000,45211.12000,44651.11000,44901.10000,33817
2025.10.01,08:00,44901.78000,44981.28000,44398.77000,44871.28000,33799
2025.10.02,08:00,44878.51000,45263.03000,44758.02000,45078.02000,27618
2025.10.03,08:00,45073.96000,46243.47000,44963.46000,46093.48000,30048
2025.10.06,08:00,47240.27000,48754.77000,47220.27000,48622.26000,50012
2025.10.07,08:00,48613.18000,48712.68000,47865.18000,48095.16000,48716
2025.10.08,08:00,48073.97000,48278.47000,47788.47000,48218.45000,35156
2025.10.09,08:00,48234.31000,48981.31000,48124.31000,48583.81000,45686
2025.10.10,08:00,48629.74000,48739.25000,45806.74000,45874.25000,72948
2025.10.13,08:00,46482.40000,47129.90000,46367.88000,47062.40000,49951
2025.10.14,08:00,46988.54000,47985.56000,46550.54000,47038.04000,85856
2025.10.15,08:00,46981.01000,48350.51000,46981.01000,48100.50000,64604
2025.10.16,08:00,48040.67000,48605.17000,47835.15000,48085.15000,72319
2025.10.17,08:00,48094.73000,48389.73000,47099.74000,48337.24000,79589
2025.10.20,08:00,48442.21000,49846.71000,48412.21000,49706.71000,37237
2025.10.21,08:00,49725.91000,50060.42000,49190.40000,49422.90000,49808
2025.10.22,08:00,49408.11000,49752.60000,48497.60000,48872.61000,59108
2025.10.23,08:00,48828.61000,49138.12000,48503.60000,49050.61000,41548
2025.10.24,08:00,48999.70000,49716.70000,48999.70000,49604.20000,24020
2025.10.27,08:00,49780.74000,50728.23000,49780.74000,50575.73000,27209
2025.10.28,08:00,50566.09000,50858.11000,50205.59000,50728.10000,28534
2025.10.29,08:00,50731.60000,51603.61000,50688.59000,51096.10000,48106
2025.10.30,08:00,51036.72000,51918.72000,50901.72000,51618.70000,68305
2025.10.31,08:00,51599.15000,52701.14000,51534.14000,52311.16000,56123
2025.11.03,08:00,52355.68000,52672.68000,52190.17000,52520.18000,37744
2025.11.04,08:00,52516.33000,52723.33000,51158.34000,51218.32000,68380
2025.11.05,08:00,51217.77000,51419.77000,49219.76000,51257.27000,73115
2025.11.06,08:00,51278.94000,51343.44000,50075.95000,50350.94000,68076
2025.11.07,08:00,50369.57000,50546.58000,49561.56000,50481.57000,80238
2025.11.10,08:00,50656.94000,51368.92000,50506.93000,51356.43000,44896
2025.11.11,08:00,51332.31000,51584.32000,50646.81000,51239.33000,50117
2025.11.12,08:00,51198.03000,51557.53000,50617.51000,51422.51000,48032
2025.11.13,08:00,51453.57000,51453.57000,50053.08000,50128.08000,72730
2025.11.14,08:00,50104.17000,50788.68000,49731.16000,50473.67000,78844
2025.11.17,08:00,50441.51000,50528.49000,49516.01000,49843.49000,70336
2025.11.18,08:00,49797.16000,49994.17000,48397.15000,48686.67000,94340
2025.11.19,08:00,48675.31000,49880.30000,48310.32000,49880.30000,85895
2025.11.20,08:00,49883.49000,50643.48000,48376.00000,48405.98000,103610
2025.11.21,08:00,48244.31000,49091.31000,48058.79000,48788.80000,98515
2025.11.24,08:00,49136.54000,49653.54000,48668.54000,49546.02000,49708
2025.11.25,08:00,49547.15000,49746.67000,48284.15000,49171.65000,57210
2025.11.26,08:00,49177.80000,50214.79000,49002.78000,50144.78000,38796
2025.11.27,08:00,50153.25000,50357.74000,49968.25000,50060.24000,19610
2025.11.28,08:00,50103.30000,50280.79000,50028.78000,50248.30000,8270
2025.12.01,08:00,50335.25000,50417.76000,49070.25000,49475.27000,50484
2025.12.02,08:00,49471.52000,49743.54000,49203.53000,49548.52000,39711
2025.12.03,08:00,49557.17000,50169.18000,49291.69000,49869.19000,39810
2025.12.04,08:00,49877.77000,51059.76000,49812.26000,50624.76000,45762
2025.12.05,08:00,50578.30000,50847.81000,50227.80000,50647.80000,39922
2025.12.08,08:00,50620.36000,50749.84000,50179.84000,50377.34000,38487
2025.12.09,08:00,50385.51000,51028.02000,50376.00000,50770.52000,36579
2025.12.10,08:00,50811.67000,51111.16000,50331.16000,50948.66000,41225
2025.12.11,08:00,50888.00000,50962.50000,49917.99000,50895.01000,46423
2025.12.12,08:00,50817.99000,51127.51000,49690.00000,50067.50000,53513
2025.12.15,08:00,50157.99000,50374.99000,49885.01000,50067.50000,41018
2025.12.16,08:00,50097.99000,50112.51000,49370.00000,49570.01000,49325
2025.12.17,08:00,49593.01000,49775.01000,48924.99000,49145.01000,47953
2025.12.18,08:00,49132.99000,49592.49000,48677.99000,49262.49000,46436
2025.12.19,08:00,49317.99000,50477.51000,49312.99000,50400.01000,40452
2025.12.22,08:00,50432.99000,50660.00000,50182.49000,50387.51000,27773
2025.12.23,08:00,50378.01000,50752.51000,50320.00000,50508.01000,22477
2025.12.24,08:00,50522.99000,50722.49000,50218.01000,50473.01000,12073
2025.12.26,08:00,50815.01000,50839.99000,50470.01000,50812.50000,7099
2025.12.29,08:00,50809.26000,50873.74000,50248.74000,50391.25000,23330
2025.12.30,08:00,50334.26000,50741.26000,50258.75000,50613.76000,14756
2025.12.31,08:00,50434.26000,50793.75000,50311.25000,50793.74000,7177
2026.01.02,08:00,51018.42000,51363.41000,50750.92000,51135.93000,19523
2026.01.05,08:00,51160.91000,52335.93000,50826.41000,52260.93000,33779
2026.01.06,08:00,52271.51000,52743.49000,52003.50000,52183.50000,28494
2026.01.07,08:00,52141.28000,52525.77000,51945.76000,51990.77000,24026
2026.01.08,08:00,51968.03000,52010.05000,51145.03000,51630.04000,33177
2026.01.09,08:00,51585.94000,53915.96000,51425.44000,53627.96000,35824
2026.01.12,08:00,53623.05000,54255.05000,53618.04000,54160.04000,27594
2026.01.13,08:00,54139.08000,54273.58000,53568.57000,54016.08000,34770
2026.01.14,08:00,54023.23000,54630.24000,53743.23000,54117.72000,46892
2026.01.15,08:00,54063.34000,54587.84000,53833.35000,54140.35000,34556
2026.01.16,08:00,54139.67000,54249.15000,53664.17000,53869.15000,25554
2026.01.19,08:00,53578.09000,53820.09000,53208.08000,53588.08000,27389
2026.01.20,08:00,53591.53000,53636.54000,52081.54000,52224.05000,58915
2026.01.21,08:00,52206.20000,53578.22000,51926.20000,53320.72000,58317
2026.01.22,08:00,53349.12000,54216.62000,53297.11000,54119.11000,35568
2026.01.23,08:00,54067.39000,54144.38000,52871.88000,52929.38000,41582
2026.01.26,08:00,52672.67000,53240.16000,52245.67000,52590.66000,42841
2026.01.27,08:00,52577.53000,53467.03000,52567.52000,52882.52000,32259
2026.01.28,08:00,52888.18000,53947.68000,52888.18000,53840.19000,40258
2026.01.29,08:00,53871.73000,54198.75000,52471.23000,53373.75000,59196
2026.01.30,08:00,53317.91000,53872.39000,52982.90000,53469.89000,64296
2026.02.02,08:00,53586.21000,54348.22000,52615.71000,53915.72000,59234
2026.02.03,08:00,53952.67000,54897.17000,53564.66000,54212.18000,55320
2026.02.04,08:00,54187.08000,55174.09000,53947.09000,54732.07000,63489
2026.02.05,08:00,54698.54000,54788.54000,53738.03000,53825.54000,83354
2026.02.06,08:00,53805.07000,56585.06000,53010.05000,56540.06000,63161
2026.02.09,08:00,57223.05000,58602.56000,56122.55000,57317.57000,65883
2026.02.10,08:00,57317.97000,58507.48000,57002.97000,58017.49000,57850
2026.02.11,08:00,57908.33000,58542.82000,57775.32000,58175.32000,48555
2026.02.12,08:00,58174.50000,58239.50000,56579.48000,57003.99000,65553
2026.02.13,08:00,57045.64000,57732.63000,56700.63000,57487.64000,82380
2026.02.16,08:00,57634.43000,57773.93000,56731.43000,56754.43000,28573
2026.02.17,08:00,56787.62000,57222.63000,56172.64000,57057.64000,65318
2026.02.18,08:00,57026.85000,57776.35000,56791.85000,57566.37000,36731
2026.02.19,08:00,57592.75000,57752.24000,56792.23000,57067.23000,48628
2026.02.20,08:00,57053.73000,57310.75000,56680.73000,57133.25000,51770
2026.02.23,08:00,57062.41000,57196.91000,56487.42000,56822.40000,39946
2026.02.24,08:00,56798.57000,58113.08000,56673.56000,57925.57000,41473
2026.02.25,08:00,57964.54000,60089.05000,57769.55000,60006.54000,38937
2026.02.26,08:00,59875.15000,59885.64000,58270.15000,58637.65000,50477
2026.02.27,08:00,58586.58000,59418.59000,58166.10000,58658.58000,63105
2026.03.02,08:00,57740.09000,58397.09000,57057.11000,57505.11000,75386
2026.03.03,08:00,57566.42000,57875.94000,53601.43000,55223.43000,125473
2026.03.04,08:00,55317.90000,56482.41000,53637.89000,56272.41000,116179
2026.03.05,08:00,56269.33000,56633.83000,53939.33000,54286.35000,128694
2026.03.06,08:00,54360.28000,55782.27000,53725.27000,53997.28000,102041
2026.03.09,08:00,53593.56000,54915.56000,51178.55000,54590.56000,114709
2026.03.10,08:00,54539.85000,55776.86000,53534.84000,54829.35000,103394
2026.03.11,08:00,54840.83000,55737.85000,54280.83000,54615.35000,85645
2026.03.12,08:00,54572.99000,54747.49000,53469.99000,53687.51000,71370
2026.03.13,08:00,53723.00000,54252.51000,52672.50000,53160.01000,70619
2026.03.16,08:00,53073.01000,54567.49000,52787.99000,54362.99000,56352
2026.03.17,08:00,54377.99000,54590.00000,53433.00000,54402.49000,43848
2026.03.18,08:00,54332.07000,55276.58000,53292.07000,53421.58000,47012
2026.03.19,08:00,53432.81000,53877.80000,51834.80000,53187.29000,84075
2026.03.20,08:00,53287.30000,53617.30000,51024.80000,51112.30000,64521
2026.03.23,08:00,50822.79000,54112.79000,50532.79000,53164.81000,122023
2026.03.24,08:00,53092.81000,53522.81000,51542.80000,53239.80000,91590
2026.03.25,08:00,53242.79000,54317.31000,53242.79000,53754.81000,65950
2026.03.26,08:00,53767.80000,54112.30000,52262.79000,52584.80000,65750
2026.03.27,08:00,52577.80000,53627.29000,51392.79000,51447.79000,63495
2026.03.30,08:00,50660.21000,52130.21000,50310.20000,50917.20000,68958
2026.03.31,08:00,51010.21000,53054.72000,50455.20000,52847.21000,92456
2026.04.01,08:00,52920.21000,54582.22000,52630.20000,54115.22000,58404
2026.04.02,08:00,54075.21000,54319.70000,52077.21000,53052.21000,79666
2026.04.03,08:00,53040.20000,53389.70000,52840.21000,53167.21000,15002
2026.04.06,08:00,53059.71000,54072.21000,52580.20000,53867.21000,43932
2026.04.07,08:00,53835.22000,53999.70000,52729.71000,53924.71000,70174
2026.04.08,08:00,53945.21000,57262.20000,53945.21000,56929.71000,74362
2026.04.09,08:00,56900.20000,56945.21000,55685.21000,56609.72000,54954
2026.04.10,08:00,56568.26000,57405.25000,56408.24000,57387.75000,33764
2026.04.13,08:00,56115.71000,57680.23000,55845.71000,57615.73000,38904
2026.04.14,08:00,57636.11000,58813.11000,57391.10000,58751.09000,29322
2026.04.15,08:00,58744.95000,58826.95000,58079.93000,58541.93000,28194
2026.04.16,08:00,58492.65000,59734.66000,58492.65000,59319.64000,33487
2026.04.17,08:00,59322.43000,60059.45000,58561.95000,59721.94000,35286
2026.04.20,08:00,58832.45000,59331.93000,58632.44000,59274.43000,34952
2026.04.21,08:00,59274.40000,59658.91000,58283.90000,58818.91000,38751
2026.04.22,08:00,58777.53000,59882.53000,58777.53000,59810.01000,36826
2026.04.23,08:00,59801.45000,60220.95000,58318.43000,58865.94000,62543
2026.04.24,08:00,58867.96000,60104.96000,58827.95000,59989.95000,53116
2026.04.27,08:00,60006.03000,60925.52000,59631.02000,60166.04000,42845
2026.04.28,08:00,60191.79000,60471.31000,58861.30000,58998.79000,55644
2026.04.29,08:00,58974.02000,59501.00000,58559.02000,58611.00000,53626
2026.04.30,08:00,58655.19000,59864.67000,58595.18000,59719.67000,64001
2026.05.01,08:00,59757.73000,59882.23000,59067.72000,59277.71000,31727
2026.05.04,08:00,59601.07000,60010.58000,59100.57000,59455.58000,51775
2026.05.05,08:00,59487.27000,60716.78000,59282.26000,60711.76000,31245
2026.05.06,08:00,60668.49000,62342.99000,60628.49000,62097.99000,55161
2026.05.07,08:00,62039.68000,63356.66000,61704.66000,62104.17000,64098
2026.05.08,08:00,62004.04000,63698.54000,61954.04000,63634.06000,54685
2026.05.11,08:00,63582.92000,63807.43000,62342.42000,62887.42000,48357
2026.05.12,08:00,62859.39000,63238.89000,61763.87000,62496.38000,68018
2026.05.13,08:00,62485.43000,63477.44000,62225.42000,63470.42000,45454
2026.05.14,08:00,63446.39000,63835.87000,62526.37000,63028.38000,50458
2026.05.15,08:00,63042.90000,63267.40000,60967.89000,61654.89000,79539
2026.05.18,08:00,61557.26000,61841.74000,60392.24000,61469.25000,99743
2026.05.19,08:00,61498.74000,61640.73000,59943.22000,60553.24000,96060
2026.05.20,08:00,60525.22000,61539.72000,59315.21000,61229.72000,89599
2026.05.21,08:00,61271.74000,62328.75000,60991.73000,62063.73000,71787
2026.05.22,08:00,62072.13000,63776.65000,62032.13000,63306.64000,51572
2026.05.25,08:00,63785.24000,65664.75000,63785.24000,65475.24000,33178
2026.05.26,08:00,65425.93000,65652.92000,64620.92000,65515.42000,54997
2026.05.27,08:00,65542.26000,66496.75000,64747.24000,65261.74000,59793
2026.05.28,08:00,65223.52000,65893.04000,63878.54000,65780.53000,63431
2026.05.29,08:00,65774.91000,66646.90000,65539.90000,66209.90000,53580
2026.06.01,08:00,66203.45000,67610.46000,66038.45000,67230.44000,57920
2026.06.02,08:00,67264.65000,67594.16000,65564.65000,67494.14000,58260
2026.06.03,08:00,67426.01000,68778.02000,66841.03000,68098.03000,60362
2026.06.04,08:00,68002.08000,68034.10000,66911.59000,67611.58000,76156
2026.06.05,08:00,67613.58000,67653.57000,63473.56000,63705.57000,97606
2026.06.08,08:00,63792.68000,65899.70000,63392.68000,65454.70000,136115
2026.06.09,08:00,65494.16000,66101.17000,63089.17000,64438.67000,149421
2026.06.10,08:00,64355.28000,65080.26000,63110.27000,63199.76000,161676
2026.06.11,08:00,63038.00000,66592.99000,62328.01000,66377.50000,146642
2026.06.12,08:00,66373.00000,67410.01000,65838.00000,67260.00000,125794
2026.06.15,08:00,67983.01000,69782.50000,67983.01000,69652.51000,82361
2026.06.16,08:00,69642.99000,70032.51000,69002.99000,69027.49000,80295
2026.06.17,08:00,69048.01000,70918.01000,68782.99000,69887.50000,86084
2026.06.18,08:00,69848.01000,72145.01000,69708.01000,71900.00000,97706
2026.06.19,08:00,71862.99000,72243.01000,70733.01000,71928.00000,59119
2026.06.22,08:00,71867.99000,73715.01000,71158.00000,73057.51000,79475
2026.06.23,08:00,73078.00000,73187.99000,68397.99000,69285.00000,142585
2026.06.24,08:00,69263.00000,71094.99000,68567.99000,71075.01000,163078
2026.06.25,08:00,71058.01000,72707.51000,70762.99000,71250.00000,133835
2026.06.26,08:00,71203.01000,71713.01000,68777.99000,69544.99000,161142
