2026.02.17,04:00,56754.44000,56754.44000,56754.43000,56754.43000,2
2026.02.17,05:00,56759.43000,56759.43000,56754.45000,56754.45000,2
2026.02.17,06:00,56754.43000,56758.93000,56753.95000,56754.44000,5
2026.02.17,07:00,56758.95000,56758.95000,56754.43000,56754.43000,2
2026.02.17,09:00,56787.62000,56975.14000,56700.62000,56870.63000,838
2026.02.17,10:00,56880.64000,56930.14000,56455.62000,56500.13000,3612
2026.02.17,11:00,56495.63000,56650.12000,56390.62000,56440.14000,2496
2026.02.17,12:00,56437.63000,56457.63000,56287.63000,56350.13000,2539
2026.02.17,13:00,56347.63000,56362.64000,56172.64000,56297.62000,2493
2026.02.17,14:00,56300.13000,56442.64000,56260.64000,56420.12000,1679
2026.02.17,15:00,56417.63000,56422.64000,56237.64000,56382.63000,1956
2026.02.17,16:00,56380.14000,56677.62000,56377.64000,56670.13000,1510
2026.02.17,17:00,56660.62000,56742.63000,56572.63000,56720.12000,1023
2026.02.17,18:00,56722.62000,56977.62000,56667.62000,56712.64000,3184
2026.02.17,19:00,56715.14000,56860.13000,56692.62000,56842.62000,2221
2026.02.17,20:00,56847.62000,56867.64000,56660.13000,56695.13000,1573
2026.02.17,21:00,56692.62000,56845.13000,56640.12000,56822.63000,1780
2026.02.17,22:00,56817.63000,56892.63000,56735.12000,56740.12000,1876
2026.02.17,23:00,56732.63000,56895.14000,56557.63000,56755.13000,3422
2026.02.18,00:00,56757.64000,56927.62000,56505.12000,56517.63000,6291
2026.02.18,01:00,56515.13000,56832.63000,56487.63000,56775.14000,8646
2026.02.18,02:00,56777.62000,57035.14000,56760.12000,56992.62000,5069
2026.02.18,03:00,56990.14000,56997.64000,56785.12000,56910.13000,4311
2026.02.18,04:00,56915.12000,57222.63000,56860.12000,57192.64000,3723
2026.02.18,05:00,57187.63000,57200.13000,57087.63000,57097.63000,2395
2026.02.18,06:00,57100.12000,57150.13000,57037.62000,57110.12000,2152
2026.02.18,07:00,57115.13000,57170.13000,57040.62000,57057.64000,529
2026.02.18,09:00,57026.85000,57096.85000,56833.86000,56838.86000,849
2026.02.18,10:00,56866.35000,57198.87000,56791.85000,57096.36000,2544
2026.02.18,11:00,57098.87000,57281.36000,56956.85000,57271.37000,1415
2026.02.18,12:00,57268.86000,57341.37000,57241.35000,57261.35000,921
2026.02.18,13:00,57266.35000,57328.86000,57208.85000,57298.87000,961
2026.02.18,14:00,57298.86000,57443.87000,57281.37000,57401.36000,937
2026.02.18,15:00,57396.86000,57408.86000,57261.35000,57263.86000,875
2026.02.18,16:00,57268.87000,57301.35000,57158.85000,57251.36000,1077
2026.02.18,17:00,57246.36000,57346.36000,57196.37000,57331.35000,534
2026.02.18,18:00,57328.85000,57393.87000,57271.36000,57368.85000,1799
2026.02.18,19:00,57371.36000,57441.37000,57316.36000,57318.85000,1143
2026.02.18,20:00,57316.36000,57423.86000,57313.85000,57386.36000,762
2026.02.18,21:00,57388.86000,57411.35000,57221.37000,57238.85000,868
2026.02.18,22:00,57236.35000,57303.86000,57088.86000,57186.37000,1731
2026.02.18,23:00,57191.36000,57343.87000,57158.85000,57173.86000,1764
2026.02.19,00:00,57176.35000,57581.36000,57143.86000,57546.35000,4317
2026.02.19,01:00,57546.37000,57698.87000,57531.35000,57663.85000,2858
2026.02.19,02:00,57661.35000,57743.87000,57628.87000,57643.86000,1793
2026.02.19,03:00,57646.36000,57751.37000,57636.35000,57711.36000,1495
2026.02.19,04:00,57711.35000,57776.35000,57508.86000,57601.35000,2022
2026.02.19,05:00,57596.36000,57641.37000,57363.87000,57413.86000,3259
2026.02.19,06:00,57418.85000,57626.35000,57383.86000,57561.37000,2573
2026.02.19,07:00,57566.37000,57606.37000,57541.35000,57566.37000,234
2026.02.19,09:00,57592.75000,57662.24000,57452.73000,57477.75000,967
2026.02.19,10:00,57502.24000,57682.25000,57392.74000,57627.23000,2599
2026.02.19,11:00,57624.74000,57712.25000,57532.24000,57607.24000,2187
2026.02.19,12:00,57604.74000,57694.75000,57489.73000,57674.73000,1940
2026.02.19,13:00,57677.25000,57692.23000,57529.74000,57617.24000,1508
2026.02.19,14:00,57619.73000,57752.24000,57557.23000,57567.25000,1431
2026.02.19,15:00,57577.24000,57664.74000,57567.23000,57579.75000,1453
2026.02.19,16:00,57582.25000,57622.25000,57492.73000,57607.24000,926
2026.02.19,17:00,57614.73000,57649.75000,57562.23000,57577.23000,563
2026.02.19,18:00,57572.24000,57582.25000,57224.73000,57282.25000,1956
2026.02.19,19:00,57284.73000,57334.75000,57119.73000,57209.75000,2307
2026.02.19,20:00,57207.25000,57229.75000,57062.24000,57109.73000,2242
2026.02.19,21:00,57112.23000,57174.73000,57039.74000,57107.25000,1184
2026.02.19,22:00,57099.73000,57109.75000,56992.25000,57079.74000,1479
2026.02.19,23:00,57082.25000,57162.25000,56992.24000,57094.74000,1734
2026.02.20,00:00,57099.73000,57109.75000,56849.74000,56992.23000,5076
2026.02.20,01:00,56987.75000,57124.74000,56934.73000,57034.75000,5286
2026.02.20,02:00,57032.24000,57074.75000,56892.24000,56944.73000,3866
2026.02.20,03:00,56947.23000,57024.73000,56832.73000,56869.73000,3016
2026.02.20,04:00,56867.23000,56982.25000,56792.23000,56974.74000,2722
2026.02.20,05:00,56969.73000,57014.73000,56912.23000,56962.25000,2221
2026.02.20,06:00,56959.75000,57072.24000,56959.75000,57067.25000,1646
2026.02.20,07:00,57074.74000,57159.74000,57049.73000,57067.23000,319
2026.02.20,09:00,57053.73000,57163.24000,57013.74000,57115.75000,879
2026.02.20,10:00,57115.74000,57115.74000,56758.24000,56865.75000,2860
2026.02.20,11:00,56868.25000,56943.24000,56718.73000,56738.25000,1843
2026.02.20,12:00,56740.73000,56858.25000,56723.23000,56828.24000,1126
2026.02.20,13:00,56818.75000,56900.73000,56738.73000,56748.25000,1098
2026.02.20,14:00,56738.74000,56878.25000,56733.23000,56875.75000,724
2026.02.20,15:00,56878.25000,56903.25000,56763.75000,56833.25000,1024
2026.02.20,16:00,56833.24000,56910.74000,56808.74000,56888.25000,1061
2026.02.20,17:00,56880.74000,56908.25000,56825.73000,56860.74000,614
2026.02.20,18:00,56858.23000,57025.75000,56795.74000,57005.73000,2018
2026.02.20,19:00,57003.24000,57128.25000,56938.25000,56945.74000,1215
2026.02.20,20:00,56948.23000,57005.75000,56913.25000,56920.74000,1120
2026.02.20,21:00,56915.73000,56925.75000,56813.23000,56865.74000,1682
2026.02.20,22:00,56868.23000,56893.24000,56735.74000,56800.75000,1686
2026.02.20,23:00,56798.23000,56853.25000,56685.73000,56785.74000,1991
2026.02.21,00:00,56783.24000,56885.75000,56680.73000,56863.24000,4060
2026.02.21,01:00,56868.24000,57310.75000,56775.75000,57153.25000,9171
2026.02.21,02:00,57155.73000,57200.75000,57010.75000,57165.73000,4251
2026.02.21,03:00,57163.23000,57183.23000,56858.23000,57085.73000,4699
2026.02.21,04:00,57083.24000,57230.75000,56963.24000,57193.24000,4733
2026.02.21,05:00,57195.73000,57205.74000,57085.73000,57115.73000,2138
2026.02.21,06:00,57113.23000,57198.25000,57110.73000,57170.73000,1459
2026.02.21,07:00,57173.25000,57243.23000,57115.75000,57133.25000,318
2026.02.23,09:00,57062.41000,57194.42000,56792.40000,57002.42000,1412
2026.02.23,10:00,57006.92000,57006.92000,56551.91000,56559.40000,2908
2026.02.23,11:00,56549.41000,56769.41000,56487.42000,56627.40000,2887
2026.02.23,12:00,56634.42000,56686.91000,56501.92000,56652.42000,2024
2026.02.23,13:00,56664.40000,56684.41000,56579.41000,56661.91000,1108
2026.02.23,14:00,56661.90000,56691.92000,56596.90000,56631.91000,562
2026.02.23,15:00,56634.41000,56641.92000,56579.41000,56626.92000,815
2026.02.23,16:00,56624.41000,56691.91000,56606.90000,56681.90000,456
2026.02.23,17:00,56677.42000,56966.91000,56677.42000,56924.42000,875
2026.02.23,18:00,56921.91000,56979.40000,56851.91000,56976.91000,1484
2026.02.23,19:00,56981.91000,57106.92000,56979.42000,57046.92000,964
2026.02.23,20:00,57049.42000,57081.92000,56949.40000,57019.41000,900
2026.02.23,21:00,57021.92000,57064.40000,56964.40000,57014.42000,761
2026.02.23,22:00,57011.90000,57029.42000,56896.91000,56921.92000,1134
2026.02.23,23:00,56916.90000,56956.92000,56874.40000,56916.91000,1147
2026.02.24,00:00,56916.90000,57196.91000,56916.90000,57149.40000,3825
2026.02.24,01:00,57142.40000,57174.40000,56691.92000,56694.40000,4660
2026.02.24,02:00,56699.41000,56739.41000,56599.40000,56694.40000,3878
2026.02.24,03:00,56691.91000,56774.41000,56556.90000,56759.40000,2687
2026.02.24,04:00,56756.92000,56961.92000,56751.90000,56811.90000,2036
2026.02.24,05:00,56809.41000,56844.41000,56716.92000,56774.42000,1656
2026.02.24,06:00,56771.91000,56846.92000,56721.90000,56819.40000,1482
2026.02.24,07:00,56816.92000,56851.91000,56801.91000,56822.40000,285
2026.02.24,09:00,56798.57000,56893.06000,56673.56000,56698.06000,1051
2026.02.24,10:00,56695.58000,57318.06000,56695.58000,57260.56000,3514
2026.02.24,11:00,57258.08000,57355.57000,57158.07000,57260.57000,2482
2026.02.24,12:00,57260.58000,57298.08000,57083.06000,57265.56000,1851
2026.02.24,13:00,57268.08000,57405.58000,57230.56000,57393.06000,1261
2026.02.24,14:00,57398.08000,57430.58000,57323.08000,57353.58000,1000
2026.02.24,15:00,57365.56000,57440.57000,57343.56000,57380.56000,1230
2026.02.24,16:00,57380.58000,57408.06000,57233.06000,57333.08000,1337
2026.02.24,17:00,57330.58000,57765.57000,57328.07000,57695.56000,1373
2026.02.24,18:00,57693.06000,57710.58000,57365.57000,57398.08000,4090
2026.02.24,19:00,57400.58000,57600.58000,57358.06000,57585.57000,2017
2026.02.24,20:00,57583.06000,57680.58000,57570.56000,57673.07000,1175
2026.02.24,21:00,57675.57000,57730.58000,57583.08000,57650.57000,1084
2026.02.24,22:00,57648.07000,57765.56000,57523.08000,57565.58000,1950
2026.02.24,23:00,57570.56000,57723.08000,57540.57000,57720.57000,1303
2026.02.25,00:00,57713.06000,57843.08000,57480.57000,57763.56000,4060
2026.02.25,01:00,57768.06000,57958.08000,57690.57000,57945.56000,3872
2026.02.25,02:00,57948.06000,57985.58000,57930.56000,57980.58000,1932
2026.02.25,03:00,57975.56000,58078.08000,57948.08000,58058.08000,1189
2026.02.25,04:00,58055.56000,58113.08000,58043.07000,58043.08000,958
2026.02.25,05:00,58045.56000,58050.58000,57945.58000,57988.07000,1211
2026.02.25,06:00,57988.06000,58060.58000,57965.56000,57970.57000,1284
2026.02.25,07:00,57973.06000,57983.08000,57910.56000,57925.57000,249
2026.02.25,09:00,57964.54000,58166.54000,57894.54000,57934.06000,999
2026.02.25,10:00,57936.54000,58081.55000,57769.55000,57911.56000,2754
2026.02.25,11:00,57914.05000,58261.55000,57899.04000,58161.56000,1971
2026.02.25,12:00,58159.04000,58236.56000,58104.04000,58179.55000,1357
2026.02.25,13:00,58189.04000,58694.05000,58089.04000,58614.04000,2671
2026.02.25,14:00,58619.05000,58919.06000,58576.54000,58819.06000,1942
2026.02.25,15:00,58821.56000,58901.56000,58694.04000,58714.06000,1970
2026.02.25,16:00,58711.55000,58861.56000,58569.54000,58796.54000,1628
2026.02.25,17:00,58799.04000,58906.56000,58781.54000,58834.06000,775
2026.02.25,18:00,58836.56000,59206.55000,58801.54000,59186.54000,3041
2026.02.25,19:00,59184.06000,59381.56000,59171.54000,59304.06000,2300
2026.02.25,20:00,59306.55000,59539.05000,59241.56000,59479.04000,1574
2026.02.25,21:00,59484.05000,59676.54000,59439.05000,59659.04000,1188
2026.02.25,22:00,59654.04000,59674.04000,59401.54000,59439.04000,1300
2026.02.25,23:00,59439.06000,59589.04000,59434.05000,59484.05000,1325
2026.02.26,00:00,59481.55000,59691.56000,59451.54000,59619.06000,3254
2026.02.26,01:00,59621.56000,59631.56000,59444.04000,59516.55000,3281
2026.02.26,02:00,59514.05000,59636.55000,59479.05000,59589.06000,1533
2026.02.26,03:00,59586.55000,59649.06000,59559.04000,59626.55000,781
2026.02.26,04:00,59626.54000,59674.05000,59621.54000,59644.06000,567
2026.02.26,05:00,59644.04000,59704.04000,59609.06000,59686.56000,511
2026.02.26,06:00,59689.06000,59734.05000,59626.54000,59704.05000,1017
2026.02.26,07:00,59701.55000,60089.05000,59699.04000,60006.54000,1198
2026.02.26,09:00,59875.15000,59885.64000,59145.64000,59305.14000,1583
2026.02.26,10:00,59300.13000,59362.65000,58807.63000,58807.63000,5144
2026.02.26,11:00,58805.13000,59070.15000,58712.63000,59035.14000,3425
2026.02.26,12:00,59032.63000,59065.15000,58885.13000,58942.65000,1704
2026.02.26,13:00,58945.15000,58990.14000,58780.65000,58835.15000,1620
2026.02.26,14:00,58832.63000,58877.65000,58695.15000,58725.15000,1327
2026.02.26,15:00,58720.14000,58762.63000,58622.65000,58757.63000,1657
2026.02.26,16:00,58760.14000,58900.13000,58717.63000,58800.64000,1560
2026.02.26,17:00,58810.15000,58890.15000,58767.63000,58792.64000,566
2026.02.26,18:00,58795.13000,59002.64000,58765.13000,58882.63000,2197
2026.02.26,19:00,58880.13000,59090.14000,58847.65000,59032.64000,1264
2026.02.26,20:00,59035.13000,59067.64000,58997.64000,59022.63000,924
2026.02.26,21:00,59025.15000,59180.14000,59007.64000,59155.13000,938
2026.02.26,22:00,59152.64000,59235.15000,59147.63000,59187.63000,851
2026.02.26,23:00,59182.64000,59250.15000,59170.14000,59212.64000,894
2026.02.27,00:00,59215.13000,59247.64000,58817.65000,58837.63000,4539
2026.02.27,01:00,58837.65000,58902.64000,58270.15000,58687.64000,7747
2026.02.27,02:00,58692.64000,58805.15000,58465.13000,58472.64000,4772
2026.02.27,03:00,58470.15000,58585.15000,58407.64000,58455.13000,3144
2026.02.27,04:00,58452.64000,58697.65000,58402.65000,58625.13000,2306
2026.02.27,05:00,58625.14000,58760.13000,58615.13000,58732.65000,752
2026.02.27,06:00,58700.14000,58757.64000,58645.13000,58707.65000,1149
2026.02.27,07:00,58710.13000,58740.15000,58622.63000,58637.65000,414
2026.02.27,09:00,58586.58000,58586.60000,58381.58000,58441.59000,1166
2026.02.27,10:00,58436.58000,58511.10000,58166.10000,58311.10000,3436
2026.02.27,11:00,58313.60000,58436.10000,58251.09000,58383.59000,2774
2026.02.27,12:00,58383.60000,58628.59000,58368.59000,58628.59000,1442
2026.02.27,13:00,58626.08000,58896.09000,58621.09000,58831.08000,1503
2026.02.27,14:00,58833.60000,58946.10000,58781.58000,58788.60000,1628
2026.02.27,15:00,58786.10000,58966.08000,58776.59000,58891.10000,1991
2026.02.27,16:00,58893.58000,59103.60000,58741.08000,59071.60000,2671
2026.02.27,17:00,59081.10000,59193.58000,59041.58000,59188.58000,614
2026.02.27,18:00,59191.10000,59378.58000,59171.08000,59293.60000,3281
2026.02.27,19:00,59296.08000,59418.59000,59186.08000,59186.08000,2347
2026.02.27,20:00,59183.60000,59223.60000,59028.59000,59113.58000,2339
2026.02.27,21:00,59116.08000,59143.59000,58876.08000,58936.08000,2187
2026.02.27,22:00,58936.10000,58991.10000,58791.08000,58838.59000,2519
2026.02.27,23:00,58833.59000,58883.60000,58468.58000,58636.08000,4119
2026.02.28,00:00,58638.60000,58658.59000,58386.09000,58476.09000,6869
2026.02.28,01:00,58473.59000,58786.08000,58458.58000,58743.59000,6311
2026.02.28,02:00,58746.10000,58828.59000,58656.08000,58703.58000,4127
2026.02.28,03:00,58706.10000,58821.10000,58578.58000,58643.59000,3868
2026.02.28,04:00,58646.10000,58668.60000,58563.58000,58616.10000,2787
2026.02.28,05:00,58616.09000,58693.58000,58553.58000,58586.08000,2093
2026.02.28,06:00,58578.60000,58763.60000,58578.60000,58646.08000,2413
2026.02.28,07:00,58641.10000,58668.60000,58551.60000,58658.58000,620
2026.03.02,09:00,57740.09000,58120.11000,57440.09000,57485.09000,3202
2026.03.02,10:00,57540.11000,57899.61000,57295.09000,57860.10000,6063
2026.03.02,11:00,57860.09000,58397.09000,57845.10000,58010.10000,5284
2026.03.02,12:00,58010.11000,58139.61000,57870.09000,57965.09000,2919
2026.03.02,13:00,57965.10000,58094.59000,57890.09000,58030.09000,2859
2026.03.02,14:00,58042.10000,58167.09000,57885.10000,57887.09000,1965
2026.03.02,15:00,57889.61000,57997.10000,57790.11000,57819.60000,2002
2026.03.02,16:00,57817.11000,58109.60000,57790.09000,57939.60000,3479
2026.03.02,17:00,57930.10000,57945.10000,57665.10000,57707.10000,2025
2026.03.02,18:00,57712.10000,57712.10000,57135.09000,57359.59000,5955
2026.03.02,19:00,57364.60000,57659.60000,57309.61000,57474.60000,3093
2026.03.02,20:00,57472.09000,57619.60000,57385.11000,57434.61000,2169
2026.03.02,21:00,57439.60000,57524.61000,57315.11000,57439.60000,2068
2026.03.02,22:00,57434.60000,57472.11000,57209.59000,57239.59000,2214
2026.03.02,23:00,57242.09000,57452.10000,57137.09000,57169.61000,2432
2026.03.03,00:00,57172.09000,57559.61000,57057.11000,57400.09000,5745
2026.03.03,01:00,57455.09000,57629.59000,57350.09000,57407.09000,6796
2026.03.03,02:00,57404.59000,57767.11000,57354.60000,57650.10000,4576
2026.03.03,03:00,57654.60000,57812.10000,57615.10000,57759.60000,2343
2026.03.03,04:00,57762.10000,57787.10000,57589.59000,57597.10000,1893
2026.03.03,05:00,57594.59000,57879.61000,57592.11000,57790.10000,1775
2026.03.03,06:00,57794.60000,57804.61000,57485.09000,57679.59000,3795
2026.03.03,07:00,57674.61000,57722.11000,57475.10000,57505.11000,734
2026.03.03,09:00,57566.42000,57735.93000,57436.42000,57716.43000,1643
2026.03.03,10:00,57721.42000,57875.94000,57441.42000,57451.44000,4061
2026.03.03,11:00,57446.42000,57540.94000,56991.42000,56991.44000,4365
2026.03.03,12:00,57000.94000,57015.94000,56636.42000,56800.93000,6103
2026.03.03,13:00,56795.92000,57033.43000,56496.42000,56816.42000,4117
2026.03.03,14:00,56820.94000,56835.93000,56336.43000,56370.94000,4169
2026.03.03,15:00,56366.42000,56615.94000,56211.43000,56250.93000,4605
2026.03.03,16:00,56246.43000,56371.42000,56046.43000,56163.44000,4540
2026.03.03,17:00,56158.42000,56158.42000,55596.43000,55676.42000,2269
2026.03.03,18:00,55671.44000,55685.92000,54680.92000,54713.43000,8371
2026.03.03,19:00,54710.94000,54950.93000,54101.42000,54128.44000,7675
2026.03.03,20:00,54133.44000,54248.43000,53621.42000,54120.93000,7944
2026.03.03,21:00,54118.44000,54413.44000,53786.43000,54226.44000,6704
2026.03.03,22:00,54230.93000,54773.42000,54176.42000,54745.93000,6268
2026.03.03,23:00,54741.42000,54770.94000,54131.43000,54253.44000,6110
2026.03.04,00:00,54251.42000,54340.93000,53751.42000,53866.43000,8350
2026.03.04,01:00,53861.42000,54111.43000,53601.43000,54015.93000,9073
2026.03.04,02:00,54008.43000,54765.94000,53960.92000,54676.44000,8310
2026.03.04,03:00,54680.93000,54885.92000,54496.43000,54736.44000,7107
2026.03.04,04:00,54741.44000,55275.94000,54736.43000,55220.92000,4071
2026.03.04,05:00,55220.94000,55720.94000,55106.43000,55545.93000,4613
2026.03.04,06:00,55545.94000,55605.94000,55251.42000,55336.42000,4133
2026.03.04,07:00,55341.42000,55405.94000,55161.43000,55223.43000,872
2026.03.04,09:00,55317.90000,55317.91000,54652.91000,54937.89000,2408
2026.03.04,10:00,54972.90000,55697.90000,54552.91000,54927.91000,9985
2026.03.04,11:00,54937.89000,55152.90000,54312.91000,54477.90000,11021
2026.03.04,12:00,54477.89000,54637.91000,53952.89000,54172.41000,7882
2026.03.04,13:00,54162.89000,54242.41000,53637.89000,54227.90000,8465
2026.03.04,14:00,54222.90000,54437.41000,53827.89000,53982.89000,8109
2026.03.04,15:00,53982.90000,54292.40000,53897.89000,54107.40000,7468
2026.03.04,16:00,54102.91000,54472.41000,53937.91000,54247.91000,5068
2026.03.04,17:00,54247.91000,54754.90000,54227.90000,54692.39000,1881
2026.03.04,18:00,54694.90000,55304.90000,54627.89000,55004.90000,7433
2026.03.04,19:00,55007.40000,55554.91000,54929.89000,55542.41000,4829
2026.03.04,20:00,55539.90000,55972.40000,55482.40000,55969.91000,5384
2026.03.04,21:00,55967.39000,56227.40000,55827.39000,55847.41000,4014
2026.03.04,22:00,55842.91000,56039.90000,55642.89000,55874.91000,4166
2026.03.04,23:00,55872.39000,56134.90000,55807.89000,55857.89000,3516
2026.03.05,00:00,55857.89000,55912.40000,55487.91000,55682.89000,5880
2026.03.05,01:00,55682.91000,56232.40000,55682.91000,56199.90000,5046
2026.03.05,02:00,56202.40000,56217.40000,55822.89000,56174.89000,4600
2026.03.05,03:00,56172.40000,56277.41000,56047.39000,56242.39000,3032
2026.03.05,04:00,56242.41000,56379.91000,56154.90000,56379.91000,2104
2026.03.05,05:00,56377.39000,56409.91000,56309.90000,56399.90000,1286
2026.03.05,06:00,56402.40000,56482.41000,56302.39000,56352.39000,1990
2026.03.05,07:00,56347.90000,56374.91000,56162.90000,56272.41000,612
2026.03.05,09:00,56269.33000,56403.85000,56069.35000,56234.34000,1608
2026.03.05,10:00,56214.34000,56633.83000,56089.34000,56538.84000,5986
2026.03.05,11:00,56534.34000,56621.34000,55589.33000,55654.33000,8429
2026.03.05,12:00,55663.85000,55868.84000,55471.35000,55676.33000,7705
2026.03.05,13:00,55678.85000,55783.84000,55009.34000,55064.33000,7496
2026.03.05,14:00,55068.84000,55708.84000,54909.33000,55698.84000,5970
2026.03.05,15:00,55703.84000,55714.34000,55359.33000,55364.33000,5425
2026.03.05,16:00,55364.34000,55469.35000,54974.33000,55469.35000,6060
2026.03.05,17:00,55469.33000,55509.35000,55174.33000,55279.34000,2148
2026.03.05,18:00,55293.84000,55438.84000,54846.35000,55376.33000,6145
2026.03.05,19:00,55381.33000,56101.34000,55354.34000,55828.85000,6473
2026.03.05,20:00,55831.35000,55978.85000,55744.35000,55953.83000,3182
2026.03.05,21:00,55958.85000,56123.85000,55709.34000,55739.33000,3319
2026.03.05,22:00,55748.83000,55943.85000,55604.34000,55653.84000,3885
2026.03.05,23:00,55658.83000,55663.85000,55259.35000,55259.35000,4691
2026.03.06,00:00,55254.33000,55423.85000,55009.33000,55403.85000,7924
2026.03.06,01:00,55408.84000,55448.85000,54579.34000,54874.35000,8638
2026.03.06,02:00,54869.33000,54898.85000,54409.34000,54704.34000,7667
2026.03.06,03:00,54709.34000,54848.85000,54149.33000,54159.35000,6616
2026.03.06,04:00,54154.33000,54308.85000,53999.33000,54119.35000,6288
2026.03.06,05:00,54114.35000,54233.85000,53939.33000,54119.34000,5827
2026.03.06,06:00,54114.33000,54648.85000,54069.33000,54604.35000,6112
2026.03.06,07:00,54613.84000,54623.83000,54214.34000,54286.35000,1100
2026.03.06,09:00,54360.28000,54785.28000,54325.29000,54545.29000,1646
2026.03.06,10:00,54565.28000,55220.27000,54565.28000,54980.28000,5933
2026.03.06,11:00,54975.28000,55224.78000,54510.27000,55075.27000,6213
2026.03.06,12:00,55080.29000,55509.79000,55045.28000,55310.29000,3359
2026.03.06,13:00,55310.27000,55557.28000,55205.28000,55530.27000,3281
2026.03.06,14:00,55530.28000,55587.29000,55220.27000,55380.27000,1947
2026.03.06,15:00,55394.77000,55694.79000,55375.27000,55495.28000,2222
2026.03.06,16:00,55490.28000,55767.27000,55485.27000,55582.27000,2186
2026.03.06,17:00,55579.78000,55632.27000,55415.29000,55590.28000,1087
2026.03.06,18:00,55585.29000,55782.27000,55304.77000,55667.29000,5079
2026.03.06,19:00,55672.28000,55689.79000,54895.29000,55042.29000,6153
2026.03.06,20:00,55044.79000,55334.79000,55020.29000,55244.77000,3877
2026.03.06,21:00,55242.27000,55257.29000,54770.27000,54802.28000,4325
2026.03.06,22:00,54807.29000,54872.27000,54609.77000,54724.78000,4781
2026.03.06,23:00,54722.29000,54867.28000,54045.28000,54084.77000,5759
2026.03.07,00:00,54084.78000,54212.29000,53725.27000,53864.77000,9200
2026.03.07,01:00,53855.28000,54284.79000,53820.27000,54039.77000,8327
2026.03.07,02:00,54042.28000,54274.78000,53939.79000,54160.28000,6445
2026.03.07,03:00,54159.77000,54239.78000,53810.27000,53962.27000,4460
2026.03.07,04:00,53959.77000,54459.79000,53949.78000,54224.77000,4993
2026.03.07,05:00,54227.28000,54414.79000,54185.27000,54332.28000,3718
2026.03.07,06:00,54329.78000,54444.79000,53870.29000,54014.78000,5980
2026.03.07,07:00,54005.27000,54019.79000,53830.27000,53997.28000,1070
2026.03.09,09:00,53593.56000,53593.56000,51938.57000,52473.57000,776
2026.03.09,10:00,52468.55000,52533.05000,51178.55000,52193.57000,1965
2026.03.09,11:00,52223.56000,52660.56000,51928.55000,52058.55000,7039
2026.03.09,12:00,52068.55000,52193.55000,51413.56000,51423.57000,6596
2026.03.09,13:00,51428.56000,52068.57000,51393.56000,51973.55000,6051
2026.03.09,14:00,51973.57000,52235.56000,51698.55000,51803.07000,5522
2026.03.09,15:00,51798.56000,52138.05000,51663.55000,51718.56000,2509
2026.03.09,16:00,51723.55000,52728.55000,51628.57000,52728.55000,6072
2026.03.09,17:00,52728.56000,52938.57000,52323.56000,52513.57000,3471
2026.03.09,18:00,52518.57000,52733.55000,52228.57000,52573.57000,1767
2026.03.09,19:00,52578.56000,53083.07000,52218.07000,52938.05000,7904
2026.03.09,20:00,52945.56000,53443.07000,52558.55000,53188.57000,6942
2026.03.09,21:00,53183.57000,53243.05000,52795.57000,52853.06000,5628
2026.03.09,22:00,52855.56000,53100.57000,52753.06000,52998.07000,4448
2026.03.09,23:00,52995.55000,53323.07000,52833.55000,52973.57000,3273
2026.03.10,00:00,52968.57000,53458.07000,52888.55000,53065.56000,6943
2026.03.10,01:00,53063.06000,53483.07000,52698.56000,53365.55000,8821
2026.03.10,02:00,53368.07000,53805.55000,53363.06000,53718.07000,5435
2026.03.10,03:00,53720.56000,53870.55000,53648.06000,53833.05000,4192
2026.03.10,04:00,53840.56000,53848.06000,53443.06000,53595.55000,4475
2026.03.10,05:00,53598.05000,53808.05000,53588.07000,53625.56000,3517
2026.03.10,06:00,53628.06000,54915.56000,53615.55000,54648.55000,8715
2026.03.10,07:00,54653.57000,54768.07000,54393.55000,54590.56000,2648
2026.03.10,09:00,54539.85000,54974.85000,54539.85000,54704.86000,573
2026.03.10,10:00,54704.86000,54859.84000,54129.85000,54244.86000,2306
2026.03.10,11:00,54244.85000,54444.36000,53944.85000,54274.86000,6450
2026.03.10,12:00,54274.85000,54699.35000,54219.84000,54604.84000,4346
2026.03.10,13:00,54604.36000,54629.35000,54029.84000,54079.36000,3592
2026.03.10,14:00,54084.36000,54186.85000,53534.84000,53789.36000,4635
2026.03.10,15:00,53789.34000,54079.35000,53719.85000,53874.86000,3895
2026.03.10,16:00,53879.34000,54236.84000,53854.84000,54201.84000,2996
2026.03.10,17:00,54209.36000,54529.34000,54044.84000,54399.86000,2754
2026.03.10,18:00,54394.86000,54851.84000,54359.84000,54744.85000,2118
2026.03.10,19:00,54754.35000,55396.86000,54739.85000,55114.35000,5257
2026.03.10,20:00,55109.36000,55351.86000,55069.86000,55144.35000,3857
2026.03.10,21:00,55139.84000,55209.35000,54904.84000,55069.35000,4643
2026.03.10,22:00,55066.84000,55266.86000,54729.35000,54819.36000,4278
2026.03.10,23:00,54824.36000,54829.34000,54439.84000,54654.34000,4527
2026.03.11,00:00,54661.84000,54781.86000,54474.84000,54514.36000,7259
2026.03.11,01:00,54514.86000,55271.86000,54281.84000,55264.36000,7306
2026.03.11,02:00,55259.34000,55356.86000,55164.85000,55209.85000,4462
2026.03.11,03:00,55219.36000,55366.85000,54994.86000,55359.35000,4890
2026.03.11,04:00,55349.85000,55776.86000,55289.86000,55499.35000,5651
2026.03.11,05:00,55501.85000,55524.34000,54764.84000,54944.34000,9223
2026.03.11,06:00,54956.84000,55126.85000,54684.84000,54864.85000,6687
2026.03.11,07:00,54881.84000,54964.36000,54754.84000,54829.35000,1689
2026.03.11,09:00,54840.83000,54860.34000,54640.83000,54755.85000,427
2026.03.11,10:00,54755.83000,55090.84000,54730.85000,55055.83000,1011
2026.03.11,11:00,55065.85000,55505.83000,54920.84000,55260.84000,4522
2026.03.11,12:00,55270.34000,55480.35000,55200.84000,55385.33000,2674
2026.03.11,13:00,55380.85000,55545.35000,55250.83000,55480.84000,1858
2026.03.11,14:00,55480.83000,55737.85000,55435.83000,55700.34000,1533
2026.03.11,15:00,55702.85000,55715.34000,55485.83000,55525.84000,1132
2026.03.11,16:00,55530.33000,55597.83000,54960.83000,54980.33000,2823
2026.03.11,17:00,54970.85000,55247.85000,54845.83000,55240.34000,2686
2026.03.11,18:00,55217.84000,55242.85000,54820.83000,54875.34000,1445
2026.03.11,19:00,54870.84000,54905.33000,54432.83000,54540.83000,4928
2026.03.11,20:00,54547.85000,54555.33000,54305.33000,54320.34000,3761
2026.03.11,21:00,54317.83000,54865.33000,54290.33000,54830.34000,3512
2026.03.11,22:00,54825.34000,54907.84000,54402.83000,54467.84000,3854
2026.03.11,23:00,54460.85000,54650.85000,54280.83000,54355.33000,4183
2026.03.12,00:00,54350.84000,54832.83000,54350.33000,54812.85000,7398
2026.03.12,01:00,54805.85000,55127.84000,54570.84000,54885.84000,9654
2026.03.12,02:00,54895.35000,54955.35000,54400.83000,54415.85000,7767
2026.03.12,03:00,54422.85000,54690.35000,54315.83000,54675.33000,5656
2026.03.12,04:00,54665.85000,54745.35000,54360.85000,54525.33000,6395
2026.03.12,05:00,54525.35000,54675.34000,54405.83000,54630.35000,4896
2026.03.12,06:00,54630.34000,54782.85000,54525.84000,54770.35000,3049
2026.03.12,07:00,54760.85000,54775.34000,54585.83000,54615.35000,481
2026.03.12,09:00,54572.99000,54572.99000,53918.00000,54073.01000,399
2026.03.12,10:00,54122.99000,54167.99000,53738.01000,54118.01000,1364
2026.03.12,11:00,54123.00000,54467.99000,54067.99000,54417.99000,4865
2026.03.12,12:00,54427.49000,54685.01000,54257.99000,54398.01000,3497
2026.03.12,13:00,54403.00000,54417.51000,53823.00000,53885.01000,2895
2026.03.12,14:00,53882.49000,54022.51000,53743.00000,54012.99000,2722
2026.03.12,15:00,54007.99000,54167.49000,53877.99000,53892.51000,1850
2026.03.12,16:00,53878.01000,54260.00000,53878.00000,54203.01000,2938
2026.03.12,17:00,54207.50000,54504.99000,54152.99000,54433.00000,2032
2026.03.12,18:00,54433.00000,54577.51000,54302.99000,54567.50000,1045
2026.03.12,19:00,54560.00000,54747.49000,54423.00000,54634.99000,3119
2026.03.12,20:00,54635.01000,54682.51000,54365.00000,54667.49000,2362
2026.03.12,21:00,54672.49000,54717.50000,54478.01000,54499.99000,1999
2026.03.12,22:00,54497.50000,54657.51000,54423.01000,54472.51000,1764
2026.03.12,23:00,54474.99000,54497.50000,54267.50000,54407.50000,2349
2026.03.13,00:00,54407.99000,54477.51000,53807.50000,53923.00000,6122
2026.03.13,01:00,53928.01000,54103.00000,53702.49000,53777.50000,6090
2026.03.13,02:00,53780.01000,53907.51000,53469.99000,53877.49000,6006
2026.03.13,03:00,53882.51000,54060.01000,53632.49000,53923.00000,6125
2026.03.13,04:00,53927.50000,54047.51000,53787.50000,53872.51000,4226
2026.03.13,05:00,53875.00000,53979.99000,53797.49000,53807.50000,3325
2026.03.13,06:00,53804.99000,53942.50000,53682.99000,53728.00000,3118
2026.03.13,07:00,53727.50000,53762.51000,53657.99000,53687.51000,1158
2026.03.13,09:00,53723.00000,53742.49000,53452.99000,53677.49000,532
2026.03.13,10:00,53657.99000,53842.49000,53437.99000,53443.01000,1293
2026.03.13,11:00,53442.99000,53798.00000,52993.01000,53603.01000,4350
2026.03.13,12:00,53608.01000,54043.00000,53608.01000,53792.99000,3209
2026.03.13,13:00,53793.00000,53909.99000,53688.00000,53767.99000,2383
2026.03.13,14:00,53773.01000,53872.49000,53642.99000,53837.99000,2267
2026.03.13,15:00,53832.99000,53897.51000,53597.99000,53622.50000,1679
2026.03.13,16:00,53618.01000,53812.50000,53562.99000,53762.49000,1748
2026.03.13,17:00,53753.01000,53842.50000,53437.49000,53438.00000,2437
2026.03.13,18:00,53442.50000,53477.49000,53122.99000,53167.49000,1957
2026.03.13,19:00,53167.99000,53249.99000,52672.50000,53212.49000,5215
2026.03.13,20:00,53215.01000,53422.49000,53142.49000,53275.00000,3511
2026.03.13,21:00,53277.51000,53785.01000,53254.99000,53772.49000,3224
2026.03.13,22:00,53767.50000,53870.01000,53652.51000,53852.50000,2509
2026.03.13,23:00,53854.99000,54084.99000,53764.99000,53935.01000,2834
2026.03.14,00:00,53933.00000,54252.51000,53893.00000,53928.00000,4669
2026.03.14,01:00,53928.01000,54027.49000,53373.00000,53398.01000,6569
2026.03.14,02:00,53413.01000,53647.51000,53188.00000,53232.51000,5762
2026.03.14,03:00,53223.01000,53430.01000,53189.99000,53262.50000,5046
2026.03.14,04:00,53265.00000,53427.50000,53070.00000,53127.50000,3489
2026.03.14,05:00,53130.01000,53364.99000,53072.51000,53320.00000,2770
2026.03.14,06:00,53322.49000,53322.49000,53064.99000,53202.50000,2427
2026.03.14,07:00,53202.51000,53212.50000,53117.99000,53160.01000,739
2026.03.16,09:00,53073.01000,53492.99000,52787.99000,53383.01000,695
2026.03.16,10:00,53460.00000,53677.99000,53223.01000,53638.00000,1206
2026.03.16,11:00,53648.00000,53962.50000,53532.99000,53713.01000,3809
2026.03.16,12:00,53723.01000,53792.51000,53177.99000,53417.99000,3185
2026.03.16,13:00,53427.49000,53457.51000,53077.99000,53197.51000,2426
2026.03.16,14:00,53193.01000,53598.00000,53177.99000,53557.99000,1425
2026.03.16,15:00,53567.50000,53667.51000,53498.00000,53527.50000,1106
2026.03.16,16:00,53525.01000,53712.51000,53372.99000,53687.49000,1370
2026.03.16,17:00,53677.99000,53772.51000,53617.99000,53757.49000,1577
2026.03.16,18:00,53747.99000,53827.50000,53442.99000,53502.49000,1465
2026.03.16,19:00,53492.99000,53700.00000,53404.99000,53532.49000,3998
2026.03.16,20:00,53535.00000,53595.01000,53357.99000,53450.00000,3642
2026.03.16,21:00,53447.51000,54047.50000,53432.49000,54039.99000,3216
2026.03.16,22:00,54037.49000,54089.99000,53902.99000,54070.00000,2091
2026.03.16,23:00,54072.50000,54337.51000,54067.49000,54212.49000,2081
2026.03.17,00:00,54217.50000,54517.50000,54208.00000,54502.50000,3734
2026.03.17,01:00,54500.01000,54552.51000,54194.99000,54439.99000,4416
2026.03.17,02:00,54442.49000,54505.01000,54267.49000,54277.51000,3336
2026.03.17,03:00,54275.00000,54362.51000,54138.00000,54240.01000,3840
2026.03.17,04:00,54242.50000,54370.00000,54192.49000,54252.49000,2528
2026.03.17,05:00,54255.00000,54427.51000,54255.00000,54365.01000,1607
2026.03.17,06:00,54367.49000,54567.49000,54279.99000,54457.50000,2754
2026.03.17,07:00,54447.99000,54497.51000,54325.00000,54362.99000,845
2026.03.17,09:00,54377.99000,54377.99000,54192.99000,54208.00000,282
2026.03.17,10:00,54212.49000,54447.99000,54212.49000,54297.99000,670
2026.03.17,11:00,54313.01000,54363.01000,53748.00000,53843.01000,2717
2026.03.17,12:00,53847.51000,54055.01000,53797.99000,54003.00000,1605
2026.03.17,13:00,53997.99000,54025.00000,53877.99000,53882.50000,1257
2026.03.17,14:00,53887.50000,54040.01000,53827.99000,53895.00000,1460
2026.03.17,15:00,53888.00000,54010.01000,53842.99000,53927.50000,1128
2026.03.17,16:00,53930.01000,53980.01000,53632.99000,53657.49000,1391
2026.03.17,17:00,53647.99000,53705.00000,53433.00000,53577.49000,2916
2026.03.17,18:00,53568.01000,53797.51000,53533.01000,53705.00000,1119
2026.03.17,19:00,53697.51000,53840.00000,53644.99000,53719.99000,3406
2026.03.17,20:00,53722.51000,54030.01000,53722.51000,53997.51000,2242
2026.03.17,21:00,53994.99000,54017.50000,53832.50000,54012.49000,1841
2026.03.17,22:00,54007.51000,54030.01000,53907.99000,53927.51000,1403
2026.03.17,23:00,53925.00000,54272.50000,53912.49000,54242.51000,1644
2026.03.18,00:00,54244.99000,54590.00000,54242.49000,54503.01000,3020
2026.03.18,01:00,54498.01000,54547.49000,54350.00000,54490.00000,3535
2026.03.18,02:00,54487.51000,54527.49000,54135.00000,54202.50000,3693
2026.03.18,03:00,54199.99000,54269.99000,54087.51000,54180.01000,3673
2026.03.18,04:00,54167.99000,54320.01000,54157.99000,54317.50000,1740
2026.03.18,05:00,54320.01000,54362.51000,54209.99000,54292.51000,1378
2026.03.18,06:00,54294.99000,54302.51000,54217.49000,54292.49000,1023
2026.03.18,07:00,54294.99000,54437.50000,54273.01000,54402.49000,705
2026.03.18,09:00,54332.07000,54347.08000,54257.07000,54332.07000,107
2026.03.18,10:00,54337.08000,54392.09000,54237.07000,54237.07000,567
2026.03.18,11:00,54232.08000,54571.58000,54227.09000,54547.08000,2126
2026.03.18,12:00,54552.09000,54811.59000,54552.07000,54674.08000,1566
2026.03.18,13:00,54676.58000,54884.09000,54667.09000,54876.58000,1347
2026.03.18,14:00,54879.08000,55026.59000,54822.07000,54992.08000,803
2026.03.18,15:00,54992.08000,55144.08000,54992.08000,55104.08000,819
2026.03.18,16:00,55106.57000,55161.59000,55037.08000,55106.58000,656
2026.03.18,17:00,55097.07000,55276.58000,54984.08000,55084.09000,1677
2026.03.18,18:00,55076.57000,55106.59000,54966.57000,54979.08000,542
2026.03.18,19:00,54976.58000,54976.58000,54769.07000,54844.08000,2104
2026.03.18,20:00,54844.07000,54871.57000,54706.59000,54716.59000,1523
2026.03.18,21:00,54714.07000,54849.09000,54691.57000,54711.58000,1067
2026.03.18,22:00,54714.07000,54786.57000,54486.59000,54609.07000,2368
2026.03.18,23:00,54606.58000,54621.59000,54012.08000,54026.59000,4202
2026.03.19,00:00,54031.57000,54309.08000,53962.07000,54261.58000,5491
2026.03.19,01:00,54266.59000,54351.59000,53981.58000,54171.58000,4295
2026.03.19,02:00,54174.07000,54271.59000,54069.07000,54119.07000,3673
2026.03.19,03:00,54119.08000,54169.09000,54011.58000,54124.08000,2405
2026.03.19,04:00,54121.57000,54251.59000,54034.09000,54192.07000,1929
2026.03.19,05:00,54187.08000,54271.58000,53847.07000,53881.57000,3819
2026.03.19,06:00,53879.08000,54009.08000,53592.07000,53654.08000,2785
2026.03.19,07:00,53651.57000,53651.57000,53292.07000,53421.58000,1141
2026.03.19,09:00,53432.81000,53497.30000,53372.79000,53482.80000,192
2026.03.19,10:00,53482.79000,53822.29000,53467.79000,53537.79000,850
2026.03.19,11:00,53532.81000,53824.79000,53442.79000,53667.80000,3056
2026.03.19,12:00,53677.29000,53772.30000,53532.79000,53662.30000,2168
2026.03.19,13:00,53664.80000,53877.80000,53527.81000,53732.80000,1969
2026.03.19,14:00,53737.80000,53782.31000,53597.79000,53604.80000,1363
2026.03.19,15:00,53587.81000,53587.81000,53352.79000,53397.81000,1556
2026.03.19,16:00,53402.30000,53477.31000,53102.79000,53112.29000,2143
2026.03.19,17:00,53112.31000,53332.30000,53017.80000,53109.80000,1707
2026.03.19,18:00,53107.79000,53177.80000,52787.80000,52842.29000,1562
2026.03.19,19:00,52837.81000,53002.31000,52407.30000,52574.81000,5788
2026.03.19,20:00,52574.79000,52984.81000,52332.30000,52927.30000,6273
2026.03.19,21:00,52922.29000,52922.30000,52517.30000,52599.79000,3556
2026.03.19,22:00,52609.80000,52689.79000,52354.79000,52572.79000,3239
2026.03.19,23:00,52572.81000,52604.80000,52047.29000,52099.81000,4272
2026.03.20,00:00,52117.30000,52464.79000,51834.80000,52422.80000,8410
2026.03.20,01:00,52417.80000,52582.29000,52204.79000,52489.80000,7908
2026.03.20,02:00,52484.79000,52749.81000,52257.29000,52554.79000,6939
2026.03.20,03:00,52542.31000,52654.81000,52339.81000,52442.81000,5760
2026.03.20,04:00,52452.31000,52534.81000,52202.29000,52447.31000,3558
2026.03.20,05:00,52444.80000,52649.80000,52329.80000,52627.30000,3086
2026.03.20,06:00,52624.81000,53289.81000,52607.30000,52982.81000,7942
2026.03.20,07:00,52982.81000,53187.29000,52952.79000,53187.29000,778
2026.03.20,09:00,53287.30000,53287.30000,53142.79000,53142.81000,208
2026.03.20,10:00,53147.79000,53387.81000,53142.79000,53307.81000,594
2026.03.20,11:00,53317.81000,53369.80000,53002.80000,53224.79000,1797
2026.03.20,12:00,53232.80000,53552.31000,53192.81000,53369.79000,1738
2026.03.20,13:00,53367.80000,53467.31000,53307.80000,53417.30000,820
2026.03.20,14:00,53412.79000,53442.29000,53322.80000,53372.81000,588
2026.03.20,15:00,53382.29000,53422.31000,53312.79000,53347.30000,403
2026.03.20,16:00,53347.31000,53412.31000,53217.79000,53402.31000,727
2026.03.20,17:00,53399.81000,53452.31000,53162.79000,53177.80000,684
2026.03.20,18:00,53177.80000,53457.29000,53052.79000,53414.79000,936
2026.03.20,19:00,53412.31000,53617.30000,53374.81000,53462.30000,3358
2026.03.20,20:00,53464.79000,53507.31000,52847.29000,52922.29000,4823
2026.03.20,21:00,52924.81000,52959.79000,52634.79000,52794.81000,4784
2026.03.20,22:00,52797.29000,53107.30000,52779.80000,53099.80000,3404
2026.03.20,23:00,53102.29000,53214.80000,52972.31000,53124.80000,3797
2026.03.21,00:00,53127.29000,53152.30000,52662.31000,52667.31000,5642
2026.03.21,01:00,52659.80000,52757.31000,52069.79000,52132.30000,7277
2026.03.21,02:00,52147.30000,52289.81000,51954.80000,52014.81000,5824
2026.03.21,03:00,52017.30000,52187.31000,51772.81000,51887.29000,4999
2026.03.21,04:00,51889.81000,51944.80000,51597.29000,51792.29000,4042
2026.03.21,05:00,51794.80000,51837.31000,51344.81000,51414.81000,3776
2026.03.21,06:00,51419.80000,51487.31000,51024.80000,51197.80000,3602
2026.03.21,07:00,51197.80000,51262.79000,51097.79000,51112.30000,698
2026.03.23,09:00,50822.79000,51257.81000,50532.79000,50942.81000,796
2026.03.23,10:00,50947.79000,51314.79000,50907.79000,51077.80000,1708
2026.03.23,11:00,51127.81000,51547.30000,50602.79000,50622.80000,5348
2026.03.23,12:00,50627.79000,51512.31000,50557.80000,51387.79000,5453
2026.03.23,13:00,51387.80000,51607.30000,51217.81000,51317.81000,3609
2026.03.23,14:00,51322.31000,51407.30000,51072.79000,51137.30000,3872
2026.03.23,15:00,51122.81000,51412.31000,51022.81000,51392.80000,3094
2026.03.23,16:00,51397.31000,51557.31000,51267.79000,51442.80000,2843
2026.03.23,17:00,51447.31000,51492.31000,50782.79000,50967.80000,3629
2026.03.23,18:00,50962.81000,51107.29000,50692.81000,50842.30000,2787
2026.03.23,19:00,50839.79000,51577.29000,50802.79000,51509.80000,7940
2026.03.23,20:00,51507.29000,51779.80000,51244.79000,51294.79000,5767
2026.03.23,21:00,51297.30000,51462.31000,51099.81000,51342.29000,5414
2026.03.23,22:00,51352.30000,54112.79000,51344.80000,52617.80000,11455
2026.03.23,23:00,52622.80000,53394.81000,52377.80000,53312.81000,10209
2026.03.24,00:00,53322.31000,53467.31000,52759.81000,53212.80000,10033
2026.03.24,01:00,53217.81000,53564.79000,53117.80000,53524.79000,8512
2026.03.24,02:00,53524.80000,53767.31000,52939.79000,52949.79000,7302
2026.03.24,03:00,52937.79000,53077.81000,52709.79000,52937.30000,6988
2026.03.24,04:00,52934.79000,53347.31000,52884.81000,53254.81000,5782
2026.03.24,05:00,53254.79000,53504.81000,53069.79000,53367.30000,4893
2026.03.24,06:00,53364.81000,53394.81000,53117.79000,53127.80000,3458
2026.03.24,07:00,53122.79000,53202.80000,53057.79000,53164.81000,1131
2026.03.24,09:00,53092.81000,53172.81000,52692.80000,53152.81000,221
2026.03.24,10:00,53147.80000,53212.31000,52832.81000,52927.80000,786
2026.03.24,11:00,52917.80000,52919.79000,51927.79000,52132.81000,4906
2026.03.24,12:00,52137.79000,52172.30000,51722.79000,51807.81000,3781
2026.03.24,13:00,51802.80000,51987.31000,51542.80000,51817.80000,3235
2026.03.24,14:00,51817.80000,51977.31000,51637.79000,51967.81000,2430
2026.03.24,15:00,51982.31000,52132.31000,51777.79000,51812.80000,1646
2026.03.24,16:00,51822.31000,51967.31000,51622.81000,51947.81000,2606
2026.03.24,17:00,51952.79000,52577.30000,51932.79000,52537.81000,1841
2026.03.24,18:00,52537.79000,52997.79000,52532.79000,52857.31000,2257
2026.03.24,19:00,52862.30000,53027.31000,52497.80000,52577.30000,6255
2026.03.24,20:00,52582.31000,52762.31000,52287.30000,52714.81000,4846
2026.03.24,21:00,52717.30000,52797.30000,52527.79000,52702.30000,3728
2026.03.24,22:00,52707.30000,52787.30000,52327.80000,52752.29000,4011
2026.03.24,23:00,52747.79000,52794.81000,52312.29000,52364.81000,3915
2026.03.25,00:00,52362.31000,52444.81000,52102.29000,52337.31000,7991
2026.03.25,01:00,52339.80000,52757.31000,52259.80000,52537.31000,9252
2026.03.25,02:00,52527.80000,52847.31000,52527.80000,52592.31000,6068
2026.03.25,03:00,52592.29000,52789.79000,52542.29000,52722.29000,4973
2026.03.25,04:00,52712.81000,52747.29000,52387.29000,52664.80000,6241
2026.03.25,05:00,52657.79000,52972.29000,52564.81000,52769.81000,4480
2026.03.25,06:00,52769.79000,52894.81000,52552.79000,52587.31000,3005
2026.03.25,07:00,52592.31000,53522.81000,52577.80000,53239.80000,3116
2026.03.25,09:00,53242.79000,53422.30000,53242.79000,53407.80000,158
2026.03.25,10:00,53407.81000,53452.81000,53287.79000,53412.79000,765
2026.03.25,11:00,53417.80000,53957.81000,53412.80000,53812.80000,3061
2026.03.25,12:00,53817.31000,53922.29000,53597.79000,53607.79000,3336
2026.03.25,13:00,53617.30000,53667.31000,53382.79000,53407.30000,1946
2026.03.25,14:00,53402.79000,53609.81000,53317.81000,53607.80000,2022
2026.03.25,15:00,53602.81000,53847.31000,53562.80000,53757.80000,1352
2026.03.25,16:00,53767.30000,53812.29000,53632.79000,53687.30000,1935
2026.03.25,17:00,53689.81000,53802.80000,53552.79000,53727.31000,1916
2026.03.25,18:00,53717.81000,53857.30000,53622.79000,53812.29000,1116
2026.03.25,19:00,53822.31000,54317.31000,53787.30000,53839.81000,4582
2026.03.25,20:00,53837.29000,53979.81000,53684.80000,53842.80000,3353
2026.03.25,21:00,53852.29000,53999.79000,53727.80000,53817.30000,2820
2026.03.25,22:00,53814.81000,54032.30000,53812.29000,53977.31000,2544
2026.03.25,23:00,53977.29000,54109.79000,53542.81000,53792.31000,4442
2026.03.26,00:00,53804.80000,53964.79000,53592.29000,53644.79000,5619
2026.03.26,01:00,53649.81000,53984.80000,53537.31000,53907.30000,5874
2026.03.26,02:00,53909.79000,53937.31000,53357.31000,53684.81000,6023
2026.03.26,03:00,53684.79000,53879.81000,53567.30000,53854.80000,4309
2026.03.26,04:00,53857.29000,54007.31000,53777.79000,53867.31000,3014
2026.03.26,05:00,53852.80000,53967.31000,53704.79000,53812.31000,2443
2026.03.26,06:00,53809.80000,53907.30000,53737.29000,53847.30000,2665
2026.03.26,07:00,53854.81000,53882.29000,53747.81000,53754.81000,655
2026.03.26,09:00,53767.80000,53767.80000,53607.79000,53687.80000,137
2026.03.26,10:00,53687.79000,53842.31000,53442.79000,53797.80000,752
2026.03.26,11:00,53802.81000,54112.30000,53802.81000,53932.79000,3500
2026.03.26,12:00,53937.81000,54099.80000,53882.31000,53912.81000,3108
2026.03.26,13:00,53917.29000,53967.31000,53297.79000,53442.31000,3263
2026.03.26,14:00,53439.79000,53707.31000,53422.79000,53527.81000,2472
2026.03.26,15:00,53537.30000,53572.31000,53317.79000,53339.81000,2214
2026.03.26,16:00,53337.79000,53409.80000,53092.79000,53217.79000,3529
2026.03.26,17:00,53217.29000,53507.80000,53142.81000,53472.31000,2824
2026.03.26,18:00,53462.79000,53479.81000,53177.80000,53347.29000,1156
2026.03.26,19:00,53337.80000,53517.29000,53212.79000,53339.80000,3995
2026.03.26,20:00,53352.29000,53367.30000,52999.79000,53189.81000,3514
2026.03.26,21:00,53187.31000,53322.31000,53104.79000,53159.79000,2408
2026.03.26,22:00,53162.30000,53187.30000,52817.79000,52824.81000,1941
2026.03.26,23:00,52827.31000,53037.30000,52777.79000,52952.29000,2383
2026.03.27,00:00,52947.29000,53337.30000,52942.29000,53317.29000,5471
2026.03.27,01:00,53314.81000,53409.81000,52862.79000,53032.31000,6326
2026.03.27,02:00,53034.80000,53107.29000,52917.81000,53022.30000,4505
2026.03.27,03:00,53019.81000,53059.80000,52734.80000,52797.31000,3219
2026.03.27,04:00,52799.81000,52842.31000,52487.80000,52502.80000,2211
2026.03.27,05:00,52507.31000,52659.81000,52502.81000,52632.31000,1754
2026.03.27,06:00,52637.29000,52644.81000,52312.79000,52334.80000,2464
2026.03.27,07:00,52327.81000,52967.81000,52262.79000,52584.80000,2604
2026.03.27,09:00,52577.80000,52707.29000,52542.79000,52662.80000,164
2026.03.27,10:00,52672.81000,52889.79000,52612.79000,52822.79000,834
2026.03.27,11:00,52832.81000,53084.81000,52417.79000,52507.29000,3761
2026.03.27,12:00,52497.79000,53042.31000,52457.80000,52937.30000,2827
2026.03.27,13:00,52942.30000,53159.79000,52932.81000,53107.31000,2646
2026.03.27,14:00,53102.81000,53382.29000,53097.79000,53357.80000,2505
2026.03.27,15:00,53362.79000,53542.30000,53322.79000,53502.80000,1533
2026.03.27,16:00,53512.31000,53627.29000,53387.79000,53404.79000,2028
2026.03.27,17:00,53402.81000,53479.81000,52997.79000,53037.79000,2192
2026.03.27,18:00,53042.80000,53057.31000,52782.81000,52859.81000,1140
2026.03.27,19:00,52852.79000,52957.31000,52452.30000,52459.80000,4518
2026.03.27,20:00,52454.81000,52474.81000,52232.80000,52264.79000,3100
2026.03.27,21:00,52262.31000,52377.29000,52002.31000,52027.31000,2719
2026.03.27,22:00,52034.80000,52202.30000,51942.31000,52117.31000,2838
2026.03.27,23:00,52114.80000,52139.81000,51967.29000,52087.29000,2878
2026.03.28,00:00,52092.29000,52162.29000,51807.29000,51812.79000,5804
2026.03.28,01:00,51802.80000,52007.31000,51702.31000,51889.81000,6485
2026.03.28,02:00,51892.31000,52157.30000,51827.31000,51942.31000,5460
2026.03.28,03:00,51944.81000,51989.79000,51744.79000,51834.79000,2737
2026.03.28,04:00,51837.29000,51944.81000,51609.81000,51622.30000,1978
2026.03.28,05:00,51624.79000,51704.81000,51567.30000,51584.79000,2139
2026.03.28,06:00,51589.79000,51604.81000,51412.31000,51547.30000,2488
2026.03.28,07:00,51542.29000,51607.81000,51392.79000,51447.79000,721
2026.03.30,09:00,50660.21000,50880.21000,50350.21000,50522.21000,880
2026.03.30,10:00,50519.71000,50805.22000,50420.20000,50735.20000,1843
2026.03.30,11:00,50730.22000,50869.71000,50310.20000,50730.21000,6238
2026.03.30,12:00,50735.22000,51020.22000,50710.21000,50855.20000,4475
2026.03.30,13:00,50855.21000,51235.21000,50705.20000,51115.21000,3023
2026.03.30,14:00,51115.22000,51504.70000,51100.21000,51470.21000,2735
2026.03.30,15:00,51479.71000,51554.70000,51380.21000,51470.22000,2236
2026.03.30,16:00,51465.22000,51640.21000,51455.21000,51555.21000,1967
2026.03.30,17:00,51555.21000,51879.72000,51530.20000,51795.21000,2489
2026.03.30,18:00,51794.70000,51907.22000,51665.21000,51899.71000,1639
2026.03.30,19:00,51889.70000,52027.21000,51744.72000,51999.72000,3042
2026.03.30,20:00,52004.70000,52014.72000,51635.20000,51707.20000,2143
2026.03.30,21:00,51709.72000,51757.21000,51607.22000,51677.20000,1999
2026.03.30,22:00,51679.71000,52130.21000,51677.20000,51732.21000,3566
2026.03.30,23:00,51742.20000,51842.22000,51657.22000,51837.21000,2176
2026.03.31,00:00,51839.70000,51907.22000,51404.70000,51442.20000,4592
2026.03.31,01:00,51444.72000,51622.22000,51309.71000,51542.20000,6150
2026.03.31,02:00,51544.71000,51747.21000,51375.20000,51622.22000,4598
2026.03.31,03:00,51619.72000,51637.21000,51294.70000,51322.22000,3524
2026.03.31,04:00,51324.72000,51367.20000,51034.70000,51099.72000,3685
2026.03.31,05:00,51097.21000,51159.72000,50922.20000,50952.22000,1878
2026.03.31,06:00,50954.72000,50972.20000,50749.70000,50945.22000,3404
2026.03.31,07:00,50940.21000,50979.70000,50830.20000,50917.20000,676
2026.03.31,09:00,51010.21000,51064.72000,50950.22000,50950.22000,174
2026.03.31,10:00,50940.22000,50940.22000,50705.21000,50905.22000,856
2026.03.31,11:00,50905.22000,51477.22000,50455.20000,51275.22000,6931
2026.03.31,12:00,51275.21000,52085.20000,51030.20000,51845.22000,6542
2026.03.31,13:00,51857.20000,51902.22000,51615.20000,51655.20000,4006
2026.03.31,14:00,51650.20000,51844.72000,51205.20000,51224.70000,2635
2026.03.31,15:00,51220.22000,51277.20000,51050.20000,51147.20000,2987
2026.03.31,16:00,51140.22000,51569.70000,51060.20000,51444.72000,3839
2026.03.31,17:00,51444.71000,51464.72000,50930.20000,51145.21000,3436
2026.03.31,18:00,51150.22000,51479.70000,50980.22000,51460.20000,1985
2026.03.31,19:00,51469.70000,51554.71000,51240.22000,51295.20000,3695
2026.03.31,20:00,51300.21000,51477.20000,51265.20000,51340.22000,3018
2026.03.31,21:00,51349.70000,51469.71000,51105.21000,51309.70000,2541
2026.03.31,22:00,51309.71000,51730.21000,51250.21000,51665.21000,4503
2026.03.31,23:00,51670.21000,51847.22000,51420.20000,51624.70000,4056
2026.04.01,00:00,51620.21000,51932.21000,51555.20000,51875.22000,5361
2026.04.01,01:00,51880.21000,51959.72000,51460.20000,51529.72000,6483
2026.04.01,02:00,51532.21000,51827.22000,51530.21000,51570.22000,5296
2026.04.01,03:00,51565.22000,52720.22000,51545.20000,52407.22000,8229
2026.04.01,04:00,52404.72000,52689.70000,52344.70000,52510.21000,8480
2026.04.01,05:00,52519.72000,52747.22000,52515.21000,52727.21000,3779
2026.04.01,06:00,52727.22000,52979.71000,52640.22000,52922.20000,2706
2026.04.01,07:00,52922.21000,53054.72000,52825.20000,52847.21000,918
2026.04.01,09:00,52920.21000,52997.21000,52895.20000,52974.71000,171
2026.04.01,10:00,52975.22000,53175.22000,52730.21000,53175.22000,1050
2026.04.01,11:00,53170.21000,53195.22000,52630.20000,53004.71000,3854
2026.04.01,12:00,53000.20000,53099.71000,52675.22000,53087.21000,3593
2026.04.01,13:00,53089.72000,53229.72000,53010.20000,53049.72000,1961
2026.04.01,14:00,53045.21000,53322.22000,53025.20000,53274.71000,1713
2026.04.01,15:00,53270.22000,53397.22000,53265.20000,53310.20000,1251
2026.04.01,16:00,53319.72000,53582.22000,53310.21000,53484.71000,1803
2026.04.01,17:00,53480.20000,54087.20000,53455.21000,54009.72000,2507
2026.04.01,18:00,54005.21000,54129.72000,53705.20000,53724.70000,1870
2026.04.01,19:00,53722.20000,53984.70000,53550.20000,53834.71000,3774
2026.04.01,20:00,53830.22000,53902.20000,53544.70000,53739.70000,2980
2026.04.01,21:00,53742.21000,53889.72000,53649.71000,53854.72000,2501
2026.04.01,22:00,53857.20000,54167.21000,53839.70000,54089.70000,2033
2026.04.01,23:00,54087.21000,54370.20000,53775.20000,53810.20000,3649
2026.04.02,00:00,53805.20000,54114.71000,53685.22000,53985.21000,5454
2026.04.02,01:00,53990.21000,54267.22000,53935.22000,54222.20000,6120
2026.04.02,02:00,54227.21000,54544.72000,54154.70000,54522.20000,2994
2026.04.02,03:00,54515.22000,54564.71000,54402.22000,54504.70000,1549
2026.04.02,04:00,54502.20000,54582.22000,54317.21000,54317.21000,1418
2026.04.02,05:00,54319.72000,54332.20000,53880.20000,53959.71000,3597
2026.04.02,06:00,53955.21000,54222.20000,53945.21000,54102.20000,2073
2026.04.02,07:00,54100.20000,54162.21000,54010.20000,54115.22000,489
2026.04.02,09:00,54075.21000,54184.70000,54069.70000,54175.22000,168
2026.04.02,10:00,54177.20000,54319.70000,54035.22000,54120.20000,805
2026.04.02,11:00,54115.21000,54210.22000,53875.21000,54115.20000,4345
2026.04.02,12:00,54110.20000,54150.22000,52765.20000,52945.20000,10605
2026.04.02,13:00,52940.22000,53074.72000,52590.20000,52710.22000,5262
2026.04.02,14:00,52705.20000,52705.20000,52430.20000,52460.22000,2891
2026.04.02,15:00,52465.20000,52639.72000,52365.22000,52390.20000,2495
2026.04.02,16:00,52399.72000,52494.70000,52215.22000,52220.20000,2362
2026.04.02,17:00,52229.72000,52467.20000,52210.22000,52359.72000,2831
2026.04.02,18:00,52360.20000,52694.70000,52320.21000,52664.70000,1726
2026.04.02,19:00,52679.70000,52707.20000,52527.22000,52579.71000,2194
2026.04.02,20:00,52582.22000,52614.71000,52404.71000,52449.71000,1910
2026.04.02,21:00,52454.71000,52469.72000,52294.72000,52417.20000,2513
2026.04.02,22:00,52419.72000,52442.21000,52187.20000,52187.20000,2647
2026.04.02,23:00,52189.71000,52307.22000,52077.21000,52209.70000,2669
2026.04.03,00:00,52212.20000,52617.20000,52089.70000,52609.72000,5663
2026.04.03,01:00,52614.70000,53509.71000,52554.71000,53154.71000,9109
2026.04.03,02:00,53162.20000,53237.22000,52915.21000,53027.22000,7112
2026.04.03,03:00,53024.70000,53177.22000,52894.72000,53054.72000,4255
2026.04.03,04:00,53049.71000,53229.70000,53005.21000,53084.72000,3256
2026.04.03,05:00,53089.71000,53237.22000,53089.71000,53197.20000,2286
2026.04.03,06:00,53202.21000,53284.71000,53157.22000,53244.72000,1951
2026.04.03,07:00,53254.71000,53264.72000,53040.20000,53052.21000,611
2026.04.03,09:00,53040.20000,53224.72000,53035.20000,53185.21000,115
2026.04.03,10:00,53165.22000,53224.71000,52940.20000,53000.21000,529
2026.04.03,11:00,53035.22000,53389.70000,52995.21000,53140.21000,2979
2026.04.03,12:00,53150.20000,53180.21000,52955.20000,53074.71000,1064
2026.04.03,13:00,53065.22000,53094.71000,52840.21000,52965.21000,956
2026.04.03,14:00,52965.22000,53064.72000,52880.20000,52985.22000,802
2026.04.03,15:00,52989.71000,53130.21000,52940.20000,53019.72000,688
2026.04.03,16:00,53015.22000,53149.71000,52990.21000,53092.21000,869
2026.04.03,17:00,53089.72000,53169.72000,52914.71000,52987.22000,1344
2026.04.03,18:00,52989.71000,53107.22000,52920.22000,53029.72000,439
2026.04.03,19:00,53027.20000,53117.22000,52945.21000,52989.70000,598
2026.04.03,20:00,52992.20000,53009.72000,52964.70000,52989.71000,409
2026.04.03,21:00,52987.22000,53012.20000,52929.71000,52999.72000,429
2026.04.03,22:00,52997.22000,53237.22000,52942.20000,53237.22000,781
2026.04.03,23:00,53242.20000,53380.22000,53095.20000,53140.22000,2625
2026.04.04,00:00,53147.21000,53172.21000,53099.70000,53167.21000,375
2026.04.06,09:00,53059.71000,53059.71000,52580.20000,52820.22000,916
2026.04.06,10:00,52835.22000,53135.21000,52745.20000,53130.22000,855
2026.04.06,11:00,53145.20000,53654.72000,53125.21000,53652.20000,2449
2026.04.06,12:00,53654.70000,53769.72000,53545.20000,53595.20000,1533
2026.04.06,13:00,53604.72000,54019.72000,53570.20000,53647.21000,2114
2026.04.06,14:00,53644.71000,53747.22000,53435.20000,53737.20000,1998
2026.04.06,15:00,53735.22000,53849.72000,53710.21000,53809.72000,1366
2026.04.06,16:00,53805.22000,53844.72000,53509.71000,53569.71000,1619
2026.04.06,17:00,53567.20000,53639.71000,53322.21000,53517.21000,2214
2026.04.06,18:00,53522.21000,53829.70000,53430.20000,53822.21000,1405
2026.04.06,19:00,53824.71000,54002.21000,53759.70000,53927.20000,1911
2026.04.06,20:00,53929.71000,54072.21000,53805.20000,53829.71000,1490
2026.04.06,21:00,53834.71000,53932.21000,53610.20000,53764.71000,1488
2026.04.06,22:00,53760.20000,53814.72000,53647.22000,53652.21000,1230
2026.04.06,23:00,53654.70000,53777.22000,53604.70000,53659.72000,1233
2026.04.07,00:00,53662.20000,53782.20000,53514.70000,53725.20000,3960
2026.04.07,01:00,53715.21000,53837.21000,53519.72000,53582.21000,5114
2026.04.07,02:00,53584.70000,53754.71000,53534.72000,53729.72000,3024
2026.04.07,03:00,53732.21000,53877.21000,53692.20000,53754.72000,1609
2026.04.07,04:00,53754.70000,53817.22000,53485.20000,53720.22000,2369
2026.04.07,05:00,53724.71000,53944.72000,53710.21000,53882.22000,2255
2026.04.07,06:00,53884.72000,53897.22000,53764.70000,53874.70000,1334
2026.04.07,07:00,53877.21000,53924.72000,53844.70000,53867.21000,446
2026.04.07,09:00,53835.22000,53945.21000,53800.20000,53839.70000,309
2026.04.07,10:00,53835.20000,53894.72000,53630.20000,53635.21000,577
2026.04.07,11:00,53600.20000,53889.72000,53515.22000,53649.72000,3103
2026.04.07,12:00,53640.21000,53714.72000,53215.21000,53264.71000,3232
2026.04.07,13:00,53265.21000,53357.22000,53155.20000,53324.71000,2207
2026.04.07,14:00,53320.20000,53359.72000,53205.20000,53275.21000,1648
2026.04.07,15:00,53284.70000,53449.71000,53120.20000,53339.71000,2070
2026.04.07,16:00,53342.21000,53519.72000,53285.21000,53500.22000,1832
2026.04.07,17:00,53509.70000,53549.71000,53354.70000,53477.21000,1940
2026.04.07,18:00,53479.71000,53539.71000,53380.20000,53497.22000,1699
2026.04.07,19:00,53499.71000,53989.71000,53499.70000,53862.22000,5213
2026.04.07,20:00,53859.72000,53957.22000,53797.20000,53887.22000,2905
2026.04.07,21:00,53889.72000,53934.72000,53355.20000,53404.70000,4384
2026.04.07,22:00,53407.21000,53499.71000,53239.71000,53327.21000,2875
2026.04.07,23:00,53324.71000,53574.72000,53135.21000,53377.21000,3659
2026.04.08,00:00,53379.71000,53502.22000,53117.22000,53127.20000,5186
2026.04.08,01:00,53132.20000,53244.72000,52845.20000,52927.21000,5243
2026.04.08,02:00,52919.70000,53134.70000,52729.71000,53057.20000,4452
2026.04.08,03:00,53059.70000,53374.71000,53057.22000,53225.22000,4119
2026.04.08,04:00,53229.71000,53464.70000,53175.22000,53329.70000,2490
2026.04.08,05:00,53332.21000,53387.20000,53135.21000,53184.72000,2176
2026.04.08,06:00,53182.21000,53899.72000,53140.20000,53857.20000,6877
2026.04.08,07:00,53859.71000,53999.70000,53795.20000,53924.71000,1978
2026.04.08,09:00,53945.21000,56050.21000,53945.21000,55910.22000,2023
2026.04.08,10:00,55910.21000,56344.71000,55690.21000,56110.20000,3444
2026.04.08,11:00,56070.20000,56429.71000,55610.20000,55970.20000,6695
2026.04.08,12:00,55965.20000,56254.70000,55750.21000,56239.72000,4876
2026.04.08,13:00,56230.22000,56322.20000,56030.20000,56180.22000,2142
2026.04.08,14:00,56180.20000,56249.72000,56070.20000,56085.20000,1669
2026.04.08,15:00,56085.22000,56374.72000,56085.22000,56314.71000,1554
2026.04.08,16:00,56319.71000,56444.72000,56160.20000,56409.70000,2508
2026.04.08,17:00,56400.21000,56442.20000,56259.72000,56299.72000,2811
2026.04.08,18:00,56302.21000,56497.21000,56145.21000,56364.71000,2733
2026.04.08,19:00,56359.72000,56527.22000,56197.20000,56522.22000,3637
2026.04.08,20:00,56524.71000,56649.72000,56405.22000,56554.72000,2615
2026.04.08,21:00,56557.21000,56817.22000,56489.71000,56787.20000,2170
2026.04.08,22:00,56782.22000,56987.22000,56712.20000,56959.71000,2850
2026.04.08,23:00,56962.21000,57207.22000,56807.20000,57142.21000,3903
2026.04.09,00:00,57144.72000,57262.20000,57005.22000,57139.71000,5507
2026.04.09,01:00,57134.70000,57192.22000,56542.21000,56664.71000,6263
2026.04.09,02:00,56667.20000,56899.71000,56597.22000,56884.70000,4222
2026.04.09,03:00,56884.71000,56974.70000,56844.71000,56962.20000,1977
2026.04.09,04:00,56959.72000,56992.21000,56810.21000,56919.72000,2416
2026.04.09,05:00,56910.22000,57002.21000,56592.20000,56604.70000,4042
2026.04.09,06:00,56599.71000,56992.22000,56587.22000,56989.72000,3538
2026.04.09,07:00,56999.71000,57049.71000,56900.20000,56929.71000,767
2026.04.09,09:00,56900.20000,56945.21000,56725.22000,56735.22000,396
2026.04.09,10:00,56732.22000,56834.70000,56355.21000,56380.22000,1043
2026.04.09,11:00,56390.20000,56432.21000,56000.20000,56029.71000,4127
2026.04.09,12:00,56034.72000,56102.20000,55860.20000,56060.22000,3547
2026.04.09,13:00,56064.70000,56119.72000,55990.20000,56007.21000,2002
2026.04.09,14:00,56007.22000,56049.71000,55845.20000,55854.71000,1663
2026.04.09,15:00,55859.71000,55954.70000,55799.71000,55869.71000,1691
2026.04.09,16:00,55872.21000,56099.72000,55840.21000,56049.71000,2210
2026.04.09,17:00,56047.22000,56342.20000,55810.20000,56130.22000,2591
2026.04.09,18:00,56120.20000,56152.20000,55700.20000,55809.72000,1510
2026.04.09,19:00,55805.20000,55999.70000,55685.21000,55852.20000,2265
2026.04.09,20:00,55852.22000,55994.70000,55805.21000,55989.70000,1771
2026.04.09,21:00,55992.20000,56024.70000,55890.22000,55904.72000,1984
2026.04.09,22:00,55902.20000,56049.72000,55830.22000,56029.71000,2207
2026.04.09,23:00,56034.70000,56104.71000,55945.22000,55999.72000,2204
2026.04.10,00:00,56004.70000,56212.20000,55932.20000,56117.21000,4031
2026.04.10,01:00,56114.70000,56142.22000,55804.71000,56037.22000,4564
2026.04.10,02:00,56037.20000,56582.21000,55962.20000,56557.22000,5399
2026.04.10,03:00,56559.72000,56709.72000,56520.20000,56629.70000,3508
2026.04.10,04:00,56632.22000,56784.72000,56604.70000,56714.70000,2025
2026.04.10,05:00,56712.22000,56717.20000,56455.20000,56557.22000,2562
2026.04.10,06:00,56559.72000,56689.72000,56549.70000,56602.22000,1156
2026.04.10,07:00,56602.21000,56634.70000,56534.71000,56609.72000,498
2026.04.10,09:00,56568.26000,56637.74000,56478.24000,56488.24000,338
2026.04.10,10:00,56493.24000,56723.26000,56408.24000,56508.24000,779
2026.04.10,11:00,56533.26000,56907.76000,56488.25000,56788.26000,2699
2026.04.10,12:00,56792.76000,56952.74000,56688.24000,56888.24000,1668
2026.04.10,13:00,56897.76000,56897.76000,56653.26000,56763.26000,925
2026.04.10,14:00,56767.76000,56920.24000,56722.75000,56865.25000,1102
2026.04.10,15:00,56858.25000,57002.74000,56853.24000,56965.24000,776
2026.04.10,16:00,56967.75000,57032.75000,56928.24000,56935.26000,793
2026.04.10,17:00,56932.75000,56960.25000,56742.76000,56750.24000,1268
2026.04.10,18:00,56745.25000,56887.76000,56745.25000,56842.76000,977
2026.04.10,19:00,56847.76000,56960.26000,56702.74000,56702.76000,1768
2026.04.10,20:00,56705.26000,57000.25000,56705.26000,56982.76000,2485
2026.04.10,21:00,56980.24000,57155.26000,56925.24000,57087.74000,1529
2026.04.10,22:00,57087.75000,57147.75000,57030.24000,57055.26000,1231
2026.04.10,23:00,57057.76000,57228.25000,57042.75000,57135.26000,1815
2026.04.11,00:00,57137.76000,57242.76000,57110.24000,57228.26000,2931
2026.04.11,01:00,57232.75000,57402.74000,57178.24000,57290.25000,2361
2026.04.11,02:00,57295.25000,57400.25000,57095.24000,57112.75000,2355
2026.04.11,03:00,57115.24000,57190.26000,57045.25000,57165.24000,2182
2026.04.11,04:00,57167.74000,57255.26000,57090.25000,57235.26000,1356
2026.04.11,05:00,57232.76000,57305.26000,57172.74000,57285.25000,1175
2026.04.11,06:00,57287.74000,57335.26000,57245.25000,57315.26000,952
2026.04.11,07:00,57310.25000,57405.25000,57298.26000,57387.75000,299
2026.04.13,09:00,56115.71000,56270.71000,55845.71000,56095.23000,1070
2026.04.13,10:00,56092.72000,56395.22000,56035.72000,56330.72000,1116
2026.04.13,11:00,56340.72000,56782.73000,56285.71000,56520.73000,4089
2026.04.13,12:00,56530.21000,56640.21000,56420.71000,56492.71000,2014
2026.04.13,13:00,56495.21000,56522.73000,56350.73000,56440.73000,1232
2026.04.13,14:00,56455.23000,56457.72000,56260.71000,56320.23000,1152
2026.04.13,15:00,56317.71000,56575.23000,56250.71000,56505.23000,1099
2026.04.13,16:00,56495.73000,56530.22000,56440.71000,56495.21000,1040
2026.04.13,17:00,56497.73000,56612.71000,56420.23000,56445.23000,1374
2026.04.13,18:00,56447.73000,56617.72000,56447.73000,56612.72000,1149
2026.04.13,19:00,56605.22000,56760.22000,56557.72000,56597.72000,1720
2026.04.13,20:00,56600.23000,56715.22000,56600.23000,56612.72000,1353
2026.04.13,21:00,56615.21000,56677.72000,56570.23000,56677.72000,1070
2026.04.13,22:00,56677.73000,56780.21000,56367.71000,56375.21000,1969
2026.04.13,23:00,56377.73000,56535.22000,56320.72000,56482.72000,1885
2026.04.14,00:00,56482.71000,56997.72000,56482.71000,56970.73000,3093
2026.04.14,01:00,56980.23000,57070.22000,56875.23000,57042.72000,3238
2026.04.14,02:00,57040.21000,57042.71000,56905.21000,56950.21000,2544
2026.04.14,03:00,56952.73000,57305.23000,56897.71000,57227.72000,3344
2026.04.14,04:00,57230.22000,57327.73000,57220.21000,57292.72000,939
2026.04.14,05:00,57295.23000,57492.71000,57295.23000,57482.72000,922
2026.04.14,06:00,57487.73000,57615.23000,57460.21000,57587.73000,978
2026.04.14,07:00,57590.22000,57680.23000,57587.73000,57615.73000,514
2026.04.14,09:00,57636.11000,57756.09000,57631.11000,57701.09000,218
2026.04.14,10:00,57706.11000,57760.60000,57426.09000,57456.11000,775
2026.04.14,11:00,57456.09000,57950.59000,57391.10000,57898.09000,2752
2026.04.14,12:00,57891.10000,58005.61000,57746.10000,57930.59000,1734
2026.04.14,13:00,57933.09000,58013.11000,57843.09000,57855.61000,962
2026.04.14,14:00,57850.59000,57933.11000,57816.11000,57886.09000,879
2026.04.14,15:00,57898.09000,57983.09000,57745.60000,57828.11000,872
2026.04.14,16:00,57835.61000,57903.10000,57786.09000,57815.61000,945
2026.04.14,17:00,57806.11000,58000.60000,57781.09000,57965.59000,1133
2026.04.14,18:00,57960.59000,58183.11000,57920.60000,58145.61000,1627
2026.04.14,19:00,58138.11000,58240.61000,58078.09000,58170.59000,1802
2026.04.14,20:00,58175.60000,58225.60000,57938.09000,57960.60000,1412
2026.04.14,21:00,57960.61000,58018.09000,57845.61000,57883.10000,1414
2026.04.14,22:00,57885.59000,58198.11000,57863.10000,58133.09000,1300
2026.04.14,23:00,58130.60000,58260.60000,58096.09000,58153.11000,1709
2026.04.15,00:00,58150.60000,58350.61000,58138.09000,58333.09000,2530
2026.04.15,01:00,58335.60000,58573.09000,58335.60000,58538.09000,1949
2026.04.15,02:00,58535.61000,58600.59000,58435.59000,58570.60000,1549
2026.04.15,03:00,58568.10000,58648.11000,58563.10000,58575.60000,761
2026.04.15,04:00,58580.59000,58715.61000,58568.09000,58683.09000,641
2026.04.15,05:00,58685.61000,58738.11000,58605.59000,58713.10000,1159
2026.04.15,06:00,58715.60000,58813.11000,58713.09000,58780.60000,775
2026.04.15,07:00,58780.59000,58808.11000,58695.60000,58751.09000,424
2026.04.15,09:00,58744.95000,58804.44000,58704.94000,58709.94000,160
2026.04.15,10:00,58704.93000,58826.95000,58629.93000,58684.95000,786
2026.04.15,11:00,58679.94000,58699.44000,58449.43000,58569.93000,2258
2026.04.15,12:00,58574.43000,58614.45000,58294.93000,58366.95000,1571
2026.04.15,13:00,58369.45000,58369.45000,58179.95000,58259.94000,949
2026.04.15,14:00,58269.43000,58509.44000,58239.94000,58449.44000,984
2026.04.15,15:00,58439.94000,58454.43000,58334.94000,58444.43000,617
2026.04.15,16:00,58439.95000,58574.45000,58079.93000,58219.95000,1709
2026.04.15,17:00,58224.95000,58299.45000,58154.93000,58249.45000,1122
2026.04.15,18:00,58246.93000,58334.43000,58209.93000,58321.94000,859
2026.04.15,19:00,58324.44000,58356.93000,58189.43000,58346.93000,1513
2026.04.15,20:00,58349.43000,58374.45000,58164.43000,58206.93000,1885
2026.04.15,21:00,58209.44000,58286.95000,58094.93000,58239.95000,1939
2026.04.15,22:00,58249.44000,58414.95000,58226.93000,58269.43000,1137
2026.04.15,23:00,58266.94000,58284.45000,58149.93000,58261.95000,950
2026.04.16,00:00,58264.43000,58351.93000,58194.43000,58299.43000,2092
2026.04.16,01:00,58301.94000,58401.95000,58256.93000,58329.45000,1880
2026.04.16,02:00,58334.44000,58434.45000,58296.93000,58369.44000,1463
2026.04.16,03:00,58369.43000,58461.94000,58256.94000,58311.95000,1348
2026.04.16,04:00,58314.44000,58379.44000,58296.94000,58326.94000,882
2026.04.16,05:00,58324.43000,58481.95000,58289.94000,58466.95000,1237
2026.04.16,06:00,58464.44000,58569.44000,58461.93000,58509.44000,606
2026.04.16,07:00,58499.93000,58561.93000,58474.93000,58541.93000,247
2026.04.16,09:00,58492.65000,58597.15000,58492.65000,58577.16000,103
2026.04.16,10:00,58572.65000,58702.16000,58527.65000,58587.64000,351
2026.04.16,11:00,58597.15000,59127.16000,58572.66000,59042.14000,2660
2026.04.16,12:00,59032.64000,59262.15000,58942.66000,59247.66000,2063
2026.04.16,13:00,59259.66000,59634.64000,59252.64000,59602.16000,1437
2026.04.16,14:00,59592.64000,59659.66000,59432.64000,59502.14000,1120
2026.04.16,15:00,59497.65000,59512.16000,59352.65000,59449.64000,903
2026.04.16,16:00,59447.65000,59674.65000,59412.64000,59582.14000,1052
2026.04.16,17:00,59584.64000,59734.66000,59499.66000,59522.15000,1438
2026.04.16,18:00,59519.64000,59524.65000,59369.66000,59392.14000,929
2026.04.16,19:00,59394.65000,59414.64000,59234.65000,59309.66000,1592
2026.04.16,20:00,59312.14000,59397.14000,59307.16000,59379.65000,892
2026.04.16,21:00,59374.64000,59437.15000,59187.14000,59234.66000,1139
2026.04.16,22:00,59237.16000,59294.65000,59207.14000,59264.64000,1193
2026.04.16,23:00,59267.15000,59284.66000,59134.64000,59192.14000,1023
2026.04.17,00:00,59197.14000,59249.66000,58877.16000,59002.15000,2733
2026.04.17,01:00,59002.16000,59144.66000,58954.64000,59109.65000,3559
2026.04.17,02:00,59112.16000,59309.66000,59109.65000,59284.66000,2550
2026.04.17,03:00,59287.16000,59334.65000,59087.15000,59157.16000,1765
2026.04.17,04:00,59162.15000,59192.16000,59092.14000,59134.66000,1733
2026.04.17,05:00,59139.64000,59194.66000,59084.64000,59184.66000,1821
2026.04.17,06:00,59187.15000,59297.16000,59174.65000,59272.15000,1099
2026.04.17,07:00,59274.65000,59322.14000,59222.15000,59319.64000,332
2026.04.17,09:00,59322.43000,59526.95000,59322.43000,59442.44000,141
2026.04.17,10:00,59446.94000,59446.94000,59262.43000,59336.95000,520
2026.04.17,11:00,59317.45000,59426.94000,59022.43000,59041.95000,2614
2026.04.17,12:00,59041.93000,59126.94000,58931.94000,59046.93000,1539
2026.04.17,13:00,59042.45000,59074.45000,58972.43000,59026.94000,741
2026.04.17,14:00,59022.43000,59036.94000,58887.43000,59006.95000,945
2026.04.17,15:00,59004.43000,59071.95000,58957.43000,58981.93000,655
2026.04.17,16:00,58977.45000,59039.45000,58914.43000,58939.43000,887
2026.04.17,17:00,58941.94000,58944.43000,58561.95000,58736.94000,1508
2026.04.17,18:00,58739.45000,58889.45000,58739.45000,58841.93000,795
2026.04.17,19:00,58846.95000,58964.45000,58729.43000,58961.95000,1253
2026.04.17,20:00,58959.45000,59016.94000,58874.45000,58994.45000,914
2026.04.17,21:00,58991.93000,58994.45000,58911.93000,58984.43000,894
2026.04.17,22:00,58981.93000,59044.45000,58964.43000,59016.93000,765
2026.04.17,23:00,59019.45000,59821.95000,59009.45000,59791.95000,3729
2026.04.18,00:00,59794.44000,59924.44000,59549.44000,59769.45000,5124
2026.04.18,01:00,59774.43000,60059.45000,59702.45000,59891.95000,3042
2026.04.18,02:00,59889.43000,59916.93000,59739.44000,59816.93000,2891
2026.04.18,03:00,59814.44000,59911.95000,59789.44000,59894.43000,1028
2026.04.18,04:00,59896.95000,59909.43000,59562.44000,59741.95000,2185
2026.04.18,05:00,59737.44000,59761.94000,59646.93000,59719.45000,1750
2026.04.18,06:00,59721.95000,59801.93000,59679.43000,59774.43000,1072
2026.04.18,07:00,59776.93000,59806.95000,59717.43000,59721.94000,294
2026.04.20,09:00,58832.45000,59012.45000,58657.45000,58942.43000,781
2026.04.20,10:00,58947.43000,59172.44000,58812.44000,58942.44000,982
2026.04.20,11:00,58932.45000,59057.45000,58777.44000,59012.45000,3221
2026.04.20,12:00,59021.94000,59164.45000,58932.43000,59132.44000,1722
2026.04.20,13:00,59131.93000,59161.94000,59017.44000,59074.44000,595
2026.04.20,14:00,59071.95000,59216.94000,59026.95000,59126.93000,979
2026.04.20,15:00,59117.43000,59126.93000,58872.44000,58974.45000,1155
2026.04.20,16:00,58976.94000,59039.43000,58822.43000,58876.93000,1192
2026.04.20,17:00,58879.45000,58981.95000,58779.45000,58934.44000,1682
2026.04.20,18:00,58936.94000,59036.94000,58632.44000,58766.95000,1898
2026.04.20,19:00,58769.45000,58961.95000,58654.43000,58916.95000,2206
2026.04.20,20:00,58914.45000,58964.45000,58842.43000,58854.45000,963
2026.04.20,21:00,58856.93000,58954.43000,58774.43000,58789.44000,1168
2026.04.20,22:00,58786.94000,58914.43000,58721.93000,58894.43000,1464
2026.04.20,23:00,58891.95000,58979.45000,58864.44000,58944.45000,1695
2026.04.21,00:00,58946.93000,59179.45000,58892.44000,59156.93000,3238
2026.04.21,01:00,59154.43000,59164.45000,58797.43000,58956.95000,3411
2026.04.21,02:00,58952.44000,59166.95000,58877.43000,59041.94000,2343
2026.04.21,03:00,59044.44000,59069.43000,58981.94000,59031.95000,1236
2026.04.21,04:00,59029.44000,59132.43000,59014.44000,59094.44000,1157
2026.04.21,05:00,59096.95000,59191.93000,59066.93000,59179.43000,856
2026.04.21,06:00,59176.94000,59229.43000,59141.94000,59229.43000,632
2026.04.21,07:00,59224.43000,59331.93000,59192.43000,59274.43000,376
2026.04.21,09:00,59274.40000,59378.92000,59274.40000,59374.42000,102
2026.04.21,10:00,59383.91000,59384.41000,59054.41000,59059.40000,417
2026.04.21,11:00,59088.90000,59566.42000,59079.40000,59519.41000,2171
2026.04.21,12:00,59523.92000,59626.41000,59364.40000,59478.92000,1193
2026.04.21,13:00,59476.41000,59658.91000,59434.40000,59563.91000,886
2026.04.21,14:00,59566.42000,59593.91000,59454.40000,59568.90000,664
2026.04.21,15:00,59571.41000,59656.42000,59504.40000,59508.90000,467
2026.04.21,16:00,59504.40000,59608.92000,59374.40000,59418.90000,688
2026.04.21,17:00,59421.40000,59426.42000,59266.40000,59306.40000,966
2026.04.21,18:00,59303.92000,59406.41000,59248.92000,59328.90000,891
2026.04.21,19:00,59326.41000,59406.42000,59176.41000,59341.40000,1348
2026.04.21,20:00,59343.92000,59398.92000,59239.40000,59343.92000,801
2026.04.21,21:00,59348.92000,59393.92000,59289.40000,59373.91000,546
2026.04.21,22:00,59364.40000,59393.92000,59198.92000,59201.40000,1102
2026.04.21,23:00,59203.92000,59226.40000,58994.41000,59051.40000,1973
2026.04.22,00:00,59053.91000,59168.92000,58966.41000,59159.42000,2604
2026.04.22,01:00,59173.90000,59191.42000,58801.40000,58823.92000,2668
2026.04.22,02:00,58826.40000,58966.42000,58723.91000,58836.42000,4368
2026.04.22,03:00,58838.91000,58951.42000,58731.40000,58731.40000,1933
2026.04.22,04:00,58733.92000,58853.92000,58421.40000,58718.90000,3894
2026.04.22,05:00,58721.40000,58838.91000,58603.91000,58743.91000,2248
2026.04.22,06:00,58746.40000,58908.91000,58283.90000,58453.91000,4880
2026.04.22,07:00,58449.41000,58879.41000,58379.40000,58818.91000,1941
2026.04.22,09:00,58777.53000,58900.53000,58777.53000,58810.53000,247
2026.04.22,10:00,58810.52000,59130.52000,58805.51000,59070.53000,680
2026.04.22,11:00,59100.03000,59542.52000,59040.51000,59470.53000,3073
2026.04.22,12:00,59480.02000,59645.02000,59345.51000,59590.01000,1863
2026.04.22,13:00,59592.53000,59735.02000,59592.53000,59635.03000,814
2026.04.22,14:00,59630.03000,59682.53000,59505.52000,59550.01000,833
2026.04.22,15:00,59547.51000,59610.01000,59260.03000,59267.51000,898
2026.04.22,16:00,59270.03000,59622.52000,59265.53000,59550.51000,1744
2026.04.22,17:00,59560.02000,59755.01000,59525.51000,59732.51000,1242
2026.04.22,18:00,59735.02000,59822.53000,59667.52000,59722.53000,1089
2026.04.22,19:00,59717.52000,59750.03000,59392.52000,59530.02000,2178
2026.04.22,20:00,59532.51000,59695.02000,59487.51000,59542.51000,1511
2026.04.22,21:00,59545.02000,59612.52000,59410.01000,59500.02000,1576
2026.04.22,22:00,59507.51000,59527.51000,59420.51000,59502.53000,1457
2026.04.22,23:00,59505.02000,59630.03000,59435.03000,59452.52000,1919
2026.04.23,00:00,59455.03000,59585.01000,59377.51000,59440.03000,3544
2026.04.23,01:00,59437.53000,59620.02000,59402.52000,59445.02000,3191
2026.04.23,02:00,59447.52000,59542.53000,59392.53000,59510.01000,2451
2026.04.23,03:00,59527.52000,59662.52000,59472.51000,59555.01000,1677
2026.04.23,04:00,59550.01000,59742.52000,59547.51000,59720.01000,1410
2026.04.23,05:00,59717.53000,59722.51000,59590.01000,59647.53000,908
2026.04.23,06:00,59650.02000,59847.53000,59517.51000,59835.03000,1874
2026.04.23,07:00,59832.52000,59882.53000,59775.51000,59810.01000,647
2026.04.23,09:00,59801.45000,59880.94000,59761.44000,59810.94000,154
2026.04.23,10:00,59801.44000,60005.95000,59686.43000,59936.44000,673
2026.04.23,11:00,59995.94000,60220.95000,59181.43000,60016.43000,5396
2026.04.23,12:00,60011.44000,60036.44000,59230.93000,59238.44000,3214
2026.04.23,13:00,59240.94000,59240.95000,58881.43000,58940.94000,3683
2026.04.23,14:00,58936.44000,59015.95000,58660.93000,58995.94000,3429
2026.04.23,15:00,58986.45000,59105.95000,58891.43000,59021.45000,2001
2026.04.23,16:00,59028.44000,59205.94000,59021.43000,59205.93000,1993
2026.04.23,17:00,59196.45000,59305.95000,59058.43000,59115.94000,1588
2026.04.23,18:00,59118.45000,59185.95000,59011.44000,59153.45000,1335
2026.04.23,19:00,59148.43000,59228.45000,58933.45000,58958.44000,2558
2026.04.23,20:00,58953.45000,59023.45000,58778.44000,58930.95000,2426
2026.04.23,21:00,58928.44000,59040.95000,58825.95000,59020.95000,1887
2026.04.23,22:00,59023.44000,59170.94000,58870.93000,59133.44000,2210
2026.04.23,23:00,59130.95000,59265.95000,59041.45000,59168.45000,2609
2026.04.24,00:00,59168.44000,59375.93000,59095.93000,59288.45000,2691
2026.04.24,01:00,59285.94000,59448.43000,59178.45000,59423.44000,3292
2026.04.24,02:00,59418.44000,59443.45000,59225.94000,59325.94000,2437
2026.04.24,03:00,59325.95000,59413.45000,59265.93000,59373.43000,1804
2026.04.24,04:00,59375.95000,59390.95000,58318.43000,58828.43000,8752
2026.04.24,05:00,58830.94000,59058.45000,58740.94000,58810.93000,4406
2026.04.24,06:00,58810.95000,58948.45000,58740.93000,58925.94000,3270
2026.04.24,07:00,58923.44000,58965.93000,58796.43000,58865.94000,735
2026.04.24,09:00,58867.96000,58907.46000,58827.95000,58887.46000,216
2026.04.24,10:00,58884.96000,59397.94000,58872.94000,59397.94000,712
2026.04.24,11:00,59412.46000,59717.46000,59277.94000,59542.44000,4672
2026.04.24,12:00,59537.95000,59599.96000,59342.44000,59549.95000,3680
2026.04.24,13:00,59549.94000,59562.46000,59307.94000,59367.96000,3173
2026.04.24,14:00,59372.45000,59534.96000,59317.95000,59379.96000,2946
2026.04.24,15:00,59382.46000,59639.94000,59332.95000,59622.46000,1751
2026.04.24,16:00,59617.95000,59734.96000,59587.94000,59707.95000,1268
2026.04.24,17:00,59717.45000,59769.96000,59584.94000,59629.96000,1436
2026.04.24,18:00,59627.46000,59739.96000,59567.96000,59684.96000,1006
2026.04.24,19:00,59679.96000,59822.46000,59492.46000,59544.96000,3191
2026.04.24,20:00,59547.46000,59597.45000,59362.96000,59464.96000,2239
2026.04.24,21:00,59467.45000,59619.96000,59459.95000,59592.44000,1243
2026.04.24,22:00,59587.45000,60089.96000,59587.45000,59882.46000,4312
2026.04.24,23:00,59884.95000,59982.46000,59622.94000,59717.45000,2192
2026.04.25,00:00,59719.96000,59864.95000,59607.44000,59662.46000,4195
2026.04.25,01:00,59659.95000,59797.45000,59584.94000,59744.96000,5161
2026.04.25,02:00,59749.95000,60104.96000,59699.94000,60044.94000,3650
2026.04.25,03:00,60049.95000,60052.46000,59904.94000,59979.96000,1915
2026.04.25,04:00,59987.46000,60079.95000,59904.95000,59994.95000,1766
2026.04.25,05:00,59992.46000,59994.96000,59882.44000,59919.95000,1013
2026.04.25,06:00,59924.94000,60009.96000,59924.94000,59994.94000,1023
2026.04.25,07:00,59997.46000,60029.94000,59917.94000,59989.95000,356
2026.04.27,09:00,60006.03000,60006.03000,59676.04000,59845.54000,422
2026.04.27,10:00,59838.04000,60115.52000,59816.02000,60110.53000,792
2026.04.27,11:00,60101.02000,60171.04000,59631.02000,60115.52000,4704
2026.04.27,12:00,60120.52000,60650.53000,60081.02000,60566.02000,3814
2026.04.27,13:00,60575.54000,60680.54000,60546.03000,60590.52000,1590
2026.04.27,14:00,60581.03000,60875.54000,60571.03000,60801.03000,2456
2026.04.27,15:00,60801.04000,60925.52000,60706.03000,60805.53000,1914
2026.04.27,16:00,60808.02000,60840.53000,60481.04000,60483.03000,2605
2026.04.27,17:00,60485.53000,60625.53000,60131.02000,60228.03000,2493
2026.04.27,18:00,60216.02000,60310.54000,60151.04000,60273.04000,1157
2026.04.27,19:00,60270.53000,60390.54000,60155.53000,60333.04000,2107
2026.04.27,20:00,60338.02000,60398.03000,60293.02000,60325.52000,1003
2026.04.27,21:00,60323.04000,60528.02000,60305.52000,60495.52000,989
2026.04.27,22:00,60498.02000,60608.04000,60468.03000,60543.02000,1067
2026.04.27,23:00,60545.53000,60558.04000,60315.53000,60330.52000,1829
2026.04.28,00:00,60335.54000,60488.03000,60088.02000,60315.53000,4057
2026.04.28,01:00,60313.03000,60313.03000,60056.04000,60081.04000,3576
2026.04.28,02:00,60090.53000,60118.03000,59968.02000,60095.52000,2464
2026.04.28,03:00,60093.02000,60143.03000,60058.03000,60078.03000,1029
2026.04.28,04:00,60080.52000,60170.53000,60020.52000,60078.02000,1133
2026.04.28,05:00,60075.54000,60130.53000,60053.02000,60070.53000,534
2026.04.28,06:00,60068.03000,60218.04000,60048.02000,60183.03000,805
2026.04.28,07:00,60185.54000,60230.52000,60146.02000,60166.04000,305
2026.04.28,09:00,60191.79000,60391.29000,60186.79000,60301.80000,182
2026.04.28,10:00,60306.79000,60446.81000,60251.79000,60341.79000,1049
2026.04.28,11:00,60346.79000,60471.31000,60091.79000,60346.80000,4771
2026.04.28,12:00,60351.80000,60391.30000,60176.79000,60236.79000,3597
2026.04.28,13:00,60241.80000,60303.79000,60126.80000,60156.79000,2049
2026.04.28,14:00,60146.81000,60178.81000,59931.79000,59991.81000,2638
2026.04.28,15:00,60001.79000,60036.29000,59901.80000,59996.30000,1715
2026.04.28,16:00,59991.81000,60041.30000,59726.79000,59871.81000,2219
2026.04.28,17:00,59866.79000,59988.80000,59811.80000,59916.30000,2070
2026.04.28,18:00,59906.79000,60076.30000,59851.80000,60051.79000,1256
2026.04.28,19:00,60061.30000,60106.30000,59866.80000,60058.80000,2061
2026.04.28,20:00,60056.31000,60061.31000,59776.31000,59811.31000,2145
2026.04.28,21:00,59808.79000,59878.79000,59663.79000,59701.31000,1672
2026.04.28,22:00,59701.29000,59728.80000,59231.80000,59296.30000,3163
2026.04.28,23:00,59298.80000,59421.30000,58993.80000,59193.79000,4108
2026.04.29,00:00,59191.29000,59376.31000,58968.80000,59186.79000,4767
2026.04.29,01:00,59171.81000,59243.80000,58861.30000,59031.31000,5341
2026.04.29,02:00,59026.81000,59111.30000,58906.30000,58971.30000,3977
2026.04.29,03:00,58971.31000,59041.31000,58916.29000,58978.79000,2415
2026.04.29,04:00,58981.29000,59098.81000,58921.29000,59071.30000,1423
2026.04.29,05:00,59073.81000,59178.81000,59026.30000,59131.29000,1206
2026.04.29,06:00,59126.31000,59203.81000,59053.80000,59101.30000,1192
2026.04.29,07:00,59096.29000,59121.29000,58983.79000,58998.79000,628
2026.04.29,09:00,58974.02000,59098.51000,58954.01000,59069.02000,164
2026.04.29,10:00,59069.00000,59286.02000,59039.00000,59283.52000,573
2026.04.29,11:00,59293.51000,59418.52000,59274.01000,59298.51000,1482
2026.04.29,12:00,59293.50000,59378.52000,59084.00000,59313.51000,3222
2026.04.29,13:00,59311.00000,59431.01000,59311.00000,59378.52000,1278
2026.04.29,14:00,59373.50000,59441.00000,59358.50000,59413.52000,957
2026.04.29,15:00,59416.02000,59501.00000,59411.02000,59463.52000,714
2026.04.29,16:00,59466.00000,59468.52000,59359.02000,59428.51000,1040
2026.04.29,17:00,59431.00000,59488.51000,59208.52000,59216.00000,1355
2026.04.29,18:00,59213.50000,59308.50000,59056.00000,59106.00000,1726
2026.04.29,19:00,59108.52000,59226.02000,59016.02000,59101.02000,3285
2026.04.29,20:00,59103.52000,59251.02000,59056.00000,59106.00000,2484
2026.04.29,21:00,59103.50000,59341.01000,59063.52000,59283.52000,1990
2026.04.29,22:00,59281.02000,59373.51000,59218.52000,59261.02000,1967
2026.04.29,23:00,59258.50000,59313.52000,59118.51000,59158.52000,2161
2026.04.30,00:00,59168.50000,59218.51000,58918.50000,59058.51000,4353
2026.04.30,01:00,59061.02000,59203.50000,59006.00000,59138.51000,3279
2026.04.30,02:00,59146.01000,59156.02000,58804.01000,58928.50000,3993
2026.04.30,03:00,58931.00000,59031.00000,58756.02000,58788.51000,3122
2026.04.30,04:00,58793.52000,58933.52000,58731.00000,58864.01000,2589
2026.04.30,05:00,58874.02000,58874.02000,58591.02000,58848.50000,4607
2026.04.30,06:00,58848.51000,58976.02000,58736.00000,58886.02000,3181
2026.04.30,07:00,58886.00000,59036.02000,58559.02000,58611.00000,4104
2026.04.30,09:00,58655.19000,59022.17000,58595.18000,58970.19000,389
2026.04.30,10:00,58975.17000,59247.19000,58955.17000,59169.67000,1170
2026.04.30,11:00,59184.67000,59494.69000,59100.18000,59360.17000,4567
2026.04.30,12:00,59369.68000,59369.69000,59100.18000,59295.18000,3472
2026.04.30,13:00,59300.19000,59479.69000,58955.18000,59162.19000,3716
2026.04.30,14:00,59150.17000,59259.67000,59030.19000,59244.69000,2835
2026.04.30,15:00,59239.69000,59249.69000,58925.17000,59069.68000,3313
2026.04.30,16:00,59072.18000,59292.19000,59070.17000,59172.17000,2756
2026.04.30,17:00,59172.19000,59549.69000,59104.67000,59422.18000,3286
2026.04.30,18:00,59429.67000,59659.68000,59357.19000,59485.17000,2201
2026.04.30,19:00,59494.67000,59592.18000,59255.17000,59287.18000,3721
2026.04.30,20:00,59279.67000,59452.18000,59122.17000,59264.68000,3364
2026.04.30,21:00,59267.19000,59317.19000,58817.17000,58932.18000,3922
2026.04.30,22:00,58934.69000,59219.69000,58869.67000,59172.17000,3531
2026.04.30,23:00,59170.18000,59352.19000,59119.68000,59317.17000,2182
2026.05.01,00:00,59314.69000,59362.19000,59100.17000,59167.17000,4230
2026.05.01,01:00,59169.68000,59554.69000,59142.17000,59515.18000,5405
2026.05.01,02:00,59524.69000,59577.19000,59389.67000,59487.19000,3083
2026.05.01,03:00,59489.69000,59527.19000,59427.17000,59459.68000,1741
2026.05.01,04:00,59462.18000,59679.68000,59462.18000,59669.68000,1843
2026.05.01,05:00,59669.69000,59784.69000,59669.69000,59739.68000,898
2026.05.01,06:00,59739.67000,59864.67000,59734.67000,59784.69000,1306
2026.05.01,07:00,59775.17000,59814.69000,59709.67000,59719.67000,1070
2026.05.01,09:00,59757.73000,59882.23000,59692.71000,59752.72000,322
2026.05.01,10:00,59762.21000,59842.73000,59642.71000,59662.73000,890
2026.05.01,11:00,59672.23000,59707.72000,59377.71000,59522.72000,3649
2026.05.01,12:00,59517.72000,59707.23000,59482.71000,59692.21000,2111
2026.05.01,13:00,59697.21000,59732.22000,59637.71000,59657.72000,800
2026.05.01,14:00,59662.21000,59729.71000,59607.71000,59642.72000,899
2026.05.01,15:00,59652.21000,59717.22000,59612.71000,59672.21000,923
2026.05.01,16:00,59662.73000,59717.23000,59597.23000,59607.23000,1052
2026.05.01,17:00,59607.22000,59622.22000,59067.72000,59202.23000,1541
2026.05.01,18:00,59192.73000,59407.22000,59192.72000,59327.21000,987
2026.05.01,19:00,59329.73000,59339.71000,59177.23000,59232.22000,1121
2026.05.01,20:00,59229.71000,59287.23000,59167.23000,59234.71000,960
2026.05.01,21:00,59232.23000,59252.22000,59164.72000,59229.72000,690
2026.05.01,22:00,59234.73000,59249.73000,59132.22000,59182.23000,873
2026.05.01,23:00,59189.72000,59347.22000,59074.71000,59082.23000,1633
2026.05.02,00:00,59079.72000,59417.72000,59074.71000,59407.73000,2798
2026.05.02,01:00,59402.72000,59544.73000,59337.23000,59382.72000,2898
2026.05.02,02:00,59392.22000,59582.22000,59277.71000,59507.22000,1816
2026.05.02,03:00,59504.72000,59522.23000,59297.71000,59379.71000,1791
2026.05.02,04:00,59377.23000,59539.72000,59377.21000,59514.72000,1167
2026.05.02,05:00,59512.21000,59522.23000,59374.71000,59417.21000,1316
2026.05.02,06:00,59419.73000,59562.21000,59372.71000,59387.22000,1053
2026.05.02,07:00,59384.72000,59384.73000,59277.71000,59277.71000,437
2026.05.04,09:00,59601.07000,59741.09000,59526.08000,59576.09000,610
2026.05.04,10:00,59576.08000,59703.07000,59431.08000,59436.09000,1185
2026.05.04,11:00,59436.08000,59715.58000,59321.07000,59686.07000,3046
2026.05.04,12:00,59690.57000,59893.08000,59601.07000,59850.57000,2076
2026.05.04,13:00,59853.09000,59863.08000,59711.08000,59811.07000,1276
2026.05.04,14:00,59820.57000,59895.57000,59676.07000,59761.08000,1456
2026.05.04,15:00,59765.57000,59865.58000,59741.08000,59848.08000,817
2026.05.04,16:00,59845.59000,59980.57000,59831.07000,59931.08000,963
2026.05.04,17:00,59940.59000,59960.59000,59723.08000,59763.09000,1852
2026.05.04,18:00,59758.07000,59900.58000,59703.09000,59775.58000,1300
2026.05.04,19:00,59778.08000,59820.57000,59636.08000,59670.57000,2023
2026.05.04,20:00,59673.09000,59765.58000,59653.07000,59688.08000,1275
2026.05.04,21:00,59690.59000,59700.58000,59100.57000,59543.08000,6342
2026.05.04,22:00,59548.09000,59686.07000,59510.58000,59608.09000,2432
2026.05.04,23:00,59613.08000,59840.57000,59613.08000,59763.07000,2349
2026.05.05,00:00,59768.07000,59893.09000,59605.59000,59873.08000,4190
2026.05.05,01:00,59870.57000,60010.58000,59758.07000,59773.07000,2777
2026.05.05,02:00,59770.58000,59800.59000,59365.57000,59465.59000,6506
2026.05.05,03:00,59461.08000,59571.07000,59246.07000,59325.59000,3926
2026.05.05,04:00,59328.07000,59560.58000,59311.07000,59463.08000,1931
2026.05.05,05:00,59451.08000,59515.59000,59281.09000,59301.09000,1356
2026.05.05,06:00,59315.58000,59470.59000,59286.07000,59458.08000,1627
2026.05.05,07:00,59455.57000,59468.07000,59401.08000,59455.58000,460
2026.05.05,09:00,59487.27000,59527.27000,59372.26000,59407.28000,325
2026.05.05,10:00,59412.26000,59492.28000,59322.27000,59342.26000,686
2026.05.05,11:00,59347.26000,59516.77000,59282.26000,59422.28000,2400
2026.05.05,12:00,59426.78000,59496.76000,59352.26000,59447.28000,2315
2026.05.05,13:00,59451.76000,59571.77000,59427.26000,59521.77000,1211
2026.05.05,14:00,59517.26000,59626.76000,59497.27000,59586.78000,723
2026.05.05,15:00,59589.26000,59646.78000,59547.27000,59561.77000,671
2026.05.05,16:00,59559.27000,59641.78000,59502.26000,59629.26000,1020
2026.05.05,17:00,59626.78000,59696.78000,59532.28000,59664.28000,1446
2026.05.05,18:00,59666.78000,59906.78000,59646.78000,59721.76000,1801
2026.05.05,19:00,59719.26000,59866.76000,59686.78000,59769.28000,2071
2026.05.05,20:00,59771.78000,59864.27000,59701.78000,59806.77000,1572
2026.05.05,21:00,59804.26000,59961.78000,59764.26000,59829.27000,1101
2026.05.05,22:00,59824.26000,59999.27000,59761.76000,59969.26000,1487
2026.05.05,23:00,59966.78000,60146.78000,59927.28000,60034.26000,1745
2026.05.06,00:00,60036.78000,60269.28000,60034.27000,60222.28000,2199
2026.05.06,01:00,60222.27000,60389.27000,60137.26000,60351.77000,3254
2026.05.06,02:00,60354.28000,60549.27000,60329.27000,60509.28000,1646
2026.05.06,03:00,60511.76000,60569.27000,60476.76000,60521.76000,878
2026.05.06,04:00,60526.76000,60651.77000,60509.26000,60629.26000,698
2026.05.06,05:00,60624.28000,60666.78000,60611.78000,60629.27000,403
2026.05.06,06:00,60626.77000,60676.76000,60531.78000,60594.26000,751
2026.05.06,07:00,60596.78000,60716.78000,60542.27000,60711.76000,842
2026.05.06,09:00,60668.49000,61043.48000,60628.49000,61043.48000,688
2026.05.06,10:00,61052.97000,61228.48000,60973.48000,60993.49000,1312
2026.05.06,11:00,60998.48000,61417.99000,60958.47000,61192.98000,4018
2026.05.06,12:00,61178.48000,61413.49000,61158.47000,61203.48000,2708
2026.05.06,13:00,61207.97000,61207.97000,60993.47000,61048.47000,1927
2026.05.06,14:00,61053.49000,61187.98000,61053.48000,61173.49000,1266
2026.05.06,15:00,61178.49000,61267.99000,60958.49000,61083.47000,2738
2026.05.06,16:00,61083.47000,61207.99000,61008.49000,61200.49000,1308
2026.05.06,17:00,61202.98000,61325.49000,61198.47000,61287.98000,1175
2026.05.06,18:00,61292.98000,61342.99000,61202.98000,61307.97000,1104
2026.05.06,19:00,61310.48000,61995.48000,61293.48000,61932.99000,3884
2026.05.06,20:00,61930.48000,62092.99000,61798.47000,62030.48000,3661
2026.05.06,21:00,62032.99000,62262.99000,62002.97000,62197.98000,3389
2026.05.06,22:00,62192.98000,62342.99000,62038.48000,62057.98000,3261
2026.05.06,23:00,62060.49000,62062.98000,61713.47000,61830.47000,3961
2026.05.07,00:00,61835.48000,61835.48000,61568.49000,61782.98000,5213
2026.05.07,01:00,61785.47000,61832.99000,61552.98000,61795.48000,5088
2026.05.07,02:00,61797.98000,61892.99000,61697.97000,61792.98000,2416
2026.05.07,03:00,61795.47000,61822.98000,61602.97000,61670.47000,1681
2026.05.07,04:00,61672.99000,61815.49000,61650.47000,61812.97000,1238
2026.05.07,05:00,61815.48000,61962.99000,61815.48000,61927.98000,890
2026.05.07,06:00,61925.47000,62115.49000,61925.47000,62055.48000,1148
2026.05.07,07:00,62060.49000,62322.99000,62060.49000,62097.99000,1087
2026.05.07,09:00,62039.68000,62134.18000,61839.66000,61844.66000,300
2026.05.07,10:00,61864.68000,62044.16000,61704.66000,61874.67000,1480
2026.05.07,11:00,61869.68000,62226.67000,61829.66000,62219.18000,6118
2026.05.07,12:00,62209.66000,62869.18000,62104.66000,62804.67000,3544
2026.05.07,13:00,62814.18000,62984.18000,62769.66000,62826.67000,2265
2026.05.07,14:00,62829.18000,63004.16000,62764.68000,62906.66000,1784
2026.05.07,15:00,62899.66000,63171.67000,62849.66000,63136.68000,2027
2026.05.07,16:00,63136.66000,63249.18000,63064.66000,63071.66000,2201
2026.05.07,17:00,63066.66000,63179.17000,62959.66000,63074.67000,2535
2026.05.07,18:00,63079.66000,63354.16000,63029.66000,63289.18000,2147
2026.05.07,19:00,63284.17000,63356.66000,62939.16000,63026.68000,3018
2026.05.07,20:00,63024.16000,63141.66000,62934.17000,62954.17000,2368
2026.05.07,21:00,62949.17000,63009.18000,62866.66000,62881.67000,1809
2026.05.07,22:00,62884.16000,62896.68000,62694.16000,62764.18000,2162
2026.05.07,23:00,62761.66000,62956.68000,62749.16000,62864.16000,1745
2026.05.08,00:00,62866.68000,62866.68000,62451.66000,62531.67000,3491
2026.05.08,01:00,62529.17000,62719.18000,62501.67000,62681.66000,3095
2026.05.08,02:00,62684.16000,62686.68000,62409.17000,62444.18000,3671
2026.05.08,03:00,62449.18000,62471.68000,62239.66000,62319.18000,4024
2026.05.08,04:00,62324.18000,62364.18000,62049.16000,62329.18000,5222
2026.05.08,05:00,62331.68000,62379.17000,62074.68000,62294.16000,3780
2026.05.08,06:00,62284.67000,62344.18000,62124.68000,62211.67000,3004
2026.05.08,07:00,62206.66000,62439.18000,62044.66000,62104.17000,2308
2026.05.08,09:00,62004.04000,62228.56000,61954.04000,62164.05000,491
2026.05.08,10:00,62159.06000,62443.56000,61989.04000,62434.05000,1090
2026.05.08,11:00,62429.04000,62709.04000,62309.06000,62628.55000,5450
2026.05.08,12:00,62631.05000,62768.56000,62384.04000,62419.05000,3961
2026.05.08,13:00,62428.56000,62448.56000,62114.04000,62273.54000,3909
2026.05.08,14:00,62269.05000,62513.56000,62249.04000,62469.06000,2979
2026.05.08,15:00,62481.05000,62576.05000,62369.04000,62504.05000,3017
2026.05.08,16:00,62511.04000,62731.06000,62511.04000,62671.06000,2736
2026.05.08,17:00,62668.55000,62828.56000,62596.04000,62821.04000,2557
2026.05.08,18:00,62816.05000,62853.56000,62719.04000,62831.06000,1581
2026.05.08,19:00,62829.06000,62991.06000,62798.55000,62903.55000,2374
2026.05.08,20:00,62908.55000,63068.56000,62718.55000,62796.04000,1777
2026.05.08,21:00,62798.55000,62868.54000,62664.04000,62778.55000,1651
2026.05.08,22:00,62783.55000,62921.04000,62763.56000,62891.04000,1567
2026.05.08,23:00,62888.54000,63083.55000,62849.05000,62969.05000,2173
2026.05.09,00:00,62973.55000,63433.55000,62921.05000,63394.04000,3917
2026.05.09,01:00,63401.06000,63421.05000,63106.04000,63176.04000,3741
2026.05.09,02:00,63181.04000,63286.06000,63101.06000,63261.05000,2749
2026.05.09,03:00,63263.55000,63413.56000,63263.54000,63356.06000,1603
2026.05.09,04:00,63358.55000,63613.54000,63336.04000,63558.54000,1572
2026.05.09,05:00,63556.06000,63696.05000,63468.55000,63493.54000,1718
2026.05.09,06:00,63491.05000,63658.56000,63486.04000,63653.56000,1573
2026.05.09,07:00,63658.56000,63698.54000,63609.05000,63634.06000,499
2026.05.11,09:00,63582.92000,63667.93000,63317.91000,63482.92000,451
2026.05.11,10:00,63477.93000,63807.43000,63437.91000,63442.92000,1426
2026.05.11,11:00,63437.93000,63497.93000,63012.91000,63042.91000,5336
2026.05.11,12:00,63047.43000,63152.41000,62532.42000,62574.92000,4451
2026.05.11,13:00,62577.43000,62629.92000,62467.92000,62497.91000,2619
2026.05.11,14:00,62502.43000,62702.41000,62427.92000,62647.93000,2751
2026.05.11,15:00,62657.41000,62797.42000,62567.92000,62627.43000,1589
2026.05.11,16:00,62629.91000,62644.93000,62477.93000,62482.93000,2260
2026.05.11,17:00,62487.41000,62534.91000,62342.42000,62497.41000,2123
2026.05.11,18:00,62494.93000,62679.93000,62477.41000,62659.91000,1469
2026.05.11,19:00,62662.41000,62669.91000,62452.93000,62497.42000,2398
2026.05.11,20:00,62492.41000,62727.43000,62474.91000,62612.43000,1452
2026.05.11,21:00,62607.42000,62657.41000,62499.92000,62539.92000,1654
2026.05.11,22:00,62542.43000,62717.43000,62537.42000,62604.93000,1628
2026.05.11,23:00,62607.42000,62679.93000,62514.91000,62649.92000,2311
2026.05.12,00:00,62652.41000,62859.92000,62649.92000,62764.91000,2689
2026.05.12,01:00,62759.92000,62799.91000,62519.92000,62744.92000,3286
2026.05.12,02:00,62747.41000,62904.93000,62692.41000,62849.93000,2016
2026.05.12,03:00,62852.43000,62889.93000,62677.43000,62772.43000,1572
2026.05.12,04:00,62767.92000,62904.93000,62767.91000,62862.43000,1068
2026.05.12,05:00,62862.41000,62934.92000,62804.91000,62809.91000,1088
2026.05.12,06:00,62812.42000,62922.43000,62762.43000,62922.43000,1909
2026.05.12,07:00,62919.93000,62929.91000,62742.92000,62887.42000,811
2026.05.12,09:00,62859.39000,63054.38000,62859.39000,63019.38000,147
2026.05.12,10:00,63014.38000,63023.87000,62694.37000,62834.39000,885
2026.05.12,11:00,62849.39000,63238.89000,62774.37000,63183.89000,4653
2026.05.12,12:00,63174.38000,63213.88000,62179.39000,62439.37000,6755
2026.05.12,13:00,62448.89000,62903.89000,62394.38000,62879.37000,3821
2026.05.12,14:00,62888.88000,62948.89000,62694.37000,62734.38000,2512
2026.05.12,15:00,62729.38000,62898.87000,62599.37000,62599.37000,2674
2026.05.12,16:00,62603.87000,62813.89000,62589.37000,62724.38000,3762
2026.05.12,17:00,62733.89000,62858.88000,62516.39000,62543.89000,3313
2026.05.12,18:00,62541.39000,62673.89000,62388.88000,62578.87000,2109
2026.05.12,19:00,62588.89000,62721.37000,62438.89000,62663.89000,3076
2026.05.12,20:00,62661.37000,62706.39000,62556.37000,62601.39000,2548
2026.05.12,21:00,62603.89000,62693.89000,62483.87000,62516.37000,1667
2026.05.12,22:00,62511.39000,62578.88000,62388.87000,62433.87000,2361
2026.05.12,23:00,62436.37000,62641.38000,62324.37000,62596.38000,2808
2026.05.13,00:00,62593.87000,62621.39000,62291.39000,62328.87000,4393
2026.05.13,01:00,62333.87000,62478.89000,62016.38000,62041.39000,5435
2026.05.13,02:00,62043.88000,62076.38000,61801.38000,61911.37000,4288
2026.05.13,03:00,61916.38000,62001.39000,61763.87000,61818.89000,3157
2026.05.13,04:00,61823.88000,62066.37000,61811.37000,62023.88000,2667
2026.05.13,05:00,62016.39000,62236.39000,62011.39000,62166.39000,2012
2026.05.13,06:00,62163.87000,62503.89000,62163.87000,62486.39000,2096
2026.05.13,07:00,62486.37000,62498.89000,62386.38000,62496.38000,879
2026.05.13,09:00,62485.43000,62709.94000,62485.43000,62565.42000,335
2026.05.13,10:00,62569.94000,62605.43000,62225.42000,62270.44000,975
2026.05.13,11:00,62270.42000,62759.92000,62250.43000,62465.44000,6501
2026.05.13,12:00,62460.44000,63139.94000,62460.42000,62950.43000,4503
2026.05.13,13:00,62945.44000,62970.44000,62780.42000,62880.44000,2586
2026.05.13,14:00,62875.44000,63237.44000,62840.42000,63149.92000,2031
2026.05.13,15:00,63145.42000,63329.94000,63085.44000,63269.92000,1989
2026.05.13,16:00,63260.44000,63382.42000,63220.44000,63275.43000,1828
2026.05.13,17:00,63280.42000,63412.42000,63164.92000,63274.93000,1409
2026.05.13,18:00,63279.93000,63302.43000,63132.44000,63302.43000,777
2026.05.13,19:00,63304.94000,63334.92000,63129.92000,63154.94000,1552
2026.05.13,20:00,63157.43000,63202.44000,62952.44000,63052.42000,1657
2026.05.13,21:00,63049.94000,63084.93000,62877.42000,62927.43000,1511
2026.05.13,22:00,62924.94000,63044.93000,62875.43000,63022.44000,1226
2026.05.13,23:00,63024.93000,63059.94000,62704.93000,62777.44000,2652
2026.05.14,00:00,62779.92000,63094.94000,62779.92000,63082.44000,3719
2026.05.14,01:00,63084.93000,63137.44000,62952.43000,63077.42000,3384
2026.05.14,02:00,63079.93000,63222.43000,63042.42000,63092.44000,1732
2026.05.14,03:00,63094.92000,63297.44000,63077.43000,63242.42000,1561
2026.05.14,04:00,63244.93000,63352.43000,63242.42000,63247.43000,829
2026.05.14,05:00,63249.92000,63382.43000,63247.42000,63332.44000,1211
2026.05.14,06:00,63327.43000,63452.44000,63324.93000,63402.42000,1068
2026.05.14,07:00,63390.44000,63477.44000,63340.42000,63470.42000,418
2026.05.14,09:00,63446.39000,63600.87000,63446.39000,63586.38000,323
2026.05.14,10:00,63586.38000,63720.88000,63451.39000,63676.37000,1070
2026.05.14,11:00,63676.37000,63835.87000,63456.37000,63741.39000,5234
2026.05.14,12:00,63746.39000,63831.38000,63521.38000,63526.37000,4090
2026.05.14,13:00,63526.37000,63625.88000,63351.37000,63406.37000,2620
2026.05.14,14:00,63401.38000,63475.89000,63306.37000,63346.37000,2195
2026.05.14,15:00,63341.38000,63460.89000,63086.37000,63106.39000,2437
2026.05.14,16:00,63116.38000,63140.89000,62726.37000,62890.88000,4184
2026.05.14,17:00,62881.39000,62930.89000,62651.39000,62760.88000,2086
2026.05.14,18:00,62755.89000,62848.39000,62621.39000,62641.39000,1326
2026.05.14,19:00,62648.38000,62840.89000,62526.37000,62798.38000,2185
2026.05.14,20:00,62803.37000,62830.87000,62580.87000,62723.37000,1909
2026.05.14,21:00,62715.89000,62955.89000,62715.87000,62921.39000,2002
2026.05.14,22:00,62923.37000,63030.89000,62890.87000,62975.88000,1253
2026.05.14,23:00,62978.38000,63043.39000,62855.87000,62890.89000,1376
2026.05.15,00:00,62888.38000,62903.39000,62665.88000,62700.89000,3415
2026.05.15,01:00,62695.87000,62990.88000,62668.37000,62913.39000,3359
2026.05.15,02:00,62915.87000,63005.89000,62903.39000,62943.39000,1386
2026.05.15,03:00,62940.87000,63038.38000,62860.88000,62925.87000,1942
2026.05.15,04:00,62930.89000,62965.88000,62760.88000,62905.88000,2375
2026.05.15,05:00,62903.39000,62955.89000,62788.37000,62948.39000,1769
2026.05.15,06:00,62953.37000,63083.38000,62948.37000,63033.39000,1204
2026.05.15,07:00,63030.87000,63110.89000,62986.37000,63028.38000,718
2026.05.15,09:00,63042.90000,63127.41000,62947.89000,63077.89000,248
2026.05.15,10:00,63087.40000,63102.41000,62827.89000,62947.89000,987
2026.05.15,11:00,62957.91000,63267.40000,62412.89000,62554.90000,5915
2026.05.15,12:00,62542.90000,62582.41000,61897.90000,61927.90000,6063
2026.05.15,13:00,61927.90000,62167.41000,61767.89000,62077.91000,3983
2026.05.15,14:00,62072.89000,62107.40000,61832.91000,61897.39000,2407
2026.05.15,15:00,61899.89000,61899.89000,61602.90000,61612.89000,2755
2026.05.15,16:00,61612.90000,61617.91000,60972.89000,61007.89000,3208
2026.05.15,17:00,61002.91000,62082.41000,60967.89000,61912.40000,4522
2026.05.15,18:00,61922.39000,62099.89000,61817.90000,61902.40000,2141
2026.05.15,19:00,61919.91000,61952.41000,61412.91000,61849.90000,4799
2026.05.15,20:00,61852.40000,61904.91000,61577.39000,61684.91000,4136
2026.05.15,21:00,61697.41000,62144.91000,61642.40000,62112.40000,4226
2026.05.15,22:00,62119.91000,62177.39000,61739.89000,61752.41000,2906
2026.05.15,23:00,61747.40000,61839.91000,61644.89000,61807.41000,3150
2026.05.16,00:00,61812.39000,61902.39000,61584.89000,61724.91000,5494
2026.05.16,01:00,61719.89000,62084.91000,61659.91000,61944.89000,6993
2026.05.16,02:00,61947.41000,62039.90000,61744.90000,61834.91000,4912
2026.05.16,03:00,61837.41000,61987.41000,61784.89000,61922.41000,3013
2026.05.16,04:00,61929.89000,62097.39000,61904.89000,62014.91000,1824
2026.05.16,05:00,62017.40000,62082.41000,61799.90000,61927.39000,2543
2026.05.16,06:00,61929.91000,61939.91000,61732.91000,61802.41000,2285
2026.05.16,07:00,61802.40000,61802.40000,61582.89000,61654.89000,1029
2026.05.18,09:00,61557.26000,61841.74000,61557.25000,61662.24000,842
2026.05.18,10:00,61677.25000,61767.25000,61402.26000,61717.26000,2458
2026.05.18,11:00,61707.26000,61792.26000,60872.25000,61157.24000,11365
2026.05.18,12:00,61157.26000,61227.26000,60392.24000,60742.24000,9986
2026.05.18,13:00,60737.24000,60949.26000,60617.25000,60736.76000,4497
2026.05.18,14:00,60732.26000,60999.25000,60657.25000,60937.24000,4579
2026.05.18,15:00,60941.76000,61141.76000,60867.24000,60961.74000,3354
2026.05.18,16:00,60952.25000,61171.75000,60827.25000,60972.26000,3820
2026.05.18,17:00,60967.24000,60981.75000,60544.24000,60871.74000,3723
2026.05.18,18:00,60869.26000,61086.76000,60772.24000,60856.76000,2420
2026.05.18,19:00,60852.24000,61231.75000,60852.24000,61191.74000,2505
2026.05.18,20:00,61194.25000,61221.76000,61057.24000,61141.76000,2080
2026.05.18,21:00,61146.75000,61166.74000,60872.24000,61001.76000,2181
2026.05.18,22:00,60996.75000,61506.74000,60791.74000,61259.25000,4212
2026.05.18,23:00,61261.75000,61814.25000,61236.76000,61764.25000,4552
2026.05.19,00:00,61761.75000,61806.75000,61389.24000,61632.24000,6296
2026.05.19,01:00,61641.75000,61641.75000,61211.76000,61376.76000,7895
2026.05.19,02:00,61379.25000,61446.75000,61107.24000,61276.76000,5992
2026.05.19,03:00,61279.25000,61394.26000,61024.24000,61266.75000,4738
2026.05.19,04:00,61264.24000,61326.76000,61177.25000,61266.76000,2834
2026.05.19,05:00,61262.26000,61276.74000,60842.24000,60891.74000,3495
2026.05.19,06:00,60887.24000,61536.75000,60867.25000,61531.75000,5134
2026.05.19,07:00,61531.74000,61551.74000,61427.24000,61469.25000,785
2026.05.19,09:00,61498.74000,61635.72000,61498.74000,61603.73000,295
2026.05.19,10:00,61583.73000,61640.73000,61253.72000,61278.74000,1428
2026.05.19,11:00,61278.73000,61498.24000,60863.72000,60918.73000,7989
2026.05.19,12:00,60918.74000,61108.23000,60653.72000,60783.72000,7357
2026.05.19,13:00,60788.22000,60788.22000,60443.72000,60538.24000,4949
2026.05.19,14:00,60533.73000,60813.24000,60453.24000,60538.72000,3905
2026.05.19,15:00,60543.23000,60673.24000,60283.72000,60608.74000,4974
2026.05.19,16:00,60613.74000,60673.23000,60383.72000,60468.74000,4728
2026.05.19,17:00,60478.22000,60898.23000,60388.72000,60833.23000,3706
2026.05.19,18:00,60838.23000,61090.74000,60810.74000,61050.73000,1904
2026.05.19,19:00,61048.24000,61135.73000,60683.22000,60693.22000,3507
2026.05.19,20:00,60690.74000,60693.23000,60203.22000,60430.74000,3952
2026.05.19,21:00,60428.22000,60528.22000,60243.24000,60485.74000,3267
2026.05.19,22:00,60483.24000,60528.23000,60298.23000,60305.74000,2797
2026.05.19,23:00,60308.23000,60533.22000,60248.22000,60460.72000,3197
2026.05.20,00:00,60463.22000,60555.73000,60198.72000,60448.73000,7781
2026.05.20,01:00,60448.74000,60490.72000,59943.22000,60280.72000,9150
2026.05.20,02:00,60278.24000,60415.74000,60240.72000,60370.74000,5628
2026.05.20,03:00,60373.24000,60910.74000,60370.72000,60903.23000,4480
2026.05.20,04:00,60898.23000,60985.73000,60803.22000,60903.22000,3149
2026.05.20,05:00,60905.73000,60975.74000,60695.72000,60743.23000,3354
2026.05.20,06:00,60740.74000,60918.24000,60570.72000,60653.22000,3689
2026.05.20,07:00,60655.73000,60658.23000,60533.22000,60553.24000,874
2026.05.20,09:00,60525.22000,60677.20000,60525.22000,60632.22000,372
2026.05.20,10:00,60635.20000,60857.22000,60450.21000,60470.20000,1316
2026.05.20,11:00,60475.20000,60480.21000,59315.21000,59840.20000,11387
2026.05.20,12:00,59850.21000,60069.70000,59420.20000,59815.22000,9643
2026.05.20,13:00,59824.71000,59915.22000,59505.21000,59544.70000,6860
2026.05.20,14:00,59535.20000,59749.70000,59330.20000,59715.21000,6070
2026.05.20,15:00,59715.22000,59860.22000,59520.21000,59540.21000,3852
2026.05.20,16:00,59540.20000,59805.22000,59520.20000,59795.21000,4725
2026.05.20,17:00,59790.20000,59957.22000,59640.20000,59909.72000,3500
2026.05.20,18:00,59907.21000,60014.72000,59817.20000,59824.70000,1710
2026.05.20,19:00,59827.22000,60259.70000,59814.72000,60222.21000,3297
2026.05.20,20:00,60214.70000,60322.22000,60132.20000,60274.70000,1708
2026.05.20,21:00,60269.70000,60404.72000,60267.21000,60349.71000,1598
2026.05.20,22:00,60347.22000,60404.72000,60232.20000,60282.22000,2026
2026.05.20,23:00,60279.72000,60487.22000,60259.71000,60392.20000,2116
2026.05.21,00:00,60385.21000,60604.72000,60294.72000,60482.21000,4859
2026.05.21,01:00,60487.22000,61042.20000,60342.20000,60962.22000,7610
2026.05.21,02:00,60964.72000,61414.72000,60957.21000,61172.21000,5348
2026.05.21,03:00,61174.70000,61262.22000,61027.20000,61200.20000,3894
2026.05.21,04:00,61205.21000,61387.22000,61139.70000,61320.22000,2414
2026.05.21,05:00,61329.70000,61429.72000,61290.21000,61364.71000,1816
2026.05.21,06:00,61367.21000,61514.71000,61362.20000,61494.70000,1414
2026.05.21,07:00,61494.71000,61539.72000,61225.20000,61229.72000,2064
2026.05.21,09:00,61271.74000,61296.75000,60991.73000,61126.74000,497
2026.05.21,10:00,61131.74000,61401.24000,61091.75000,61361.23000,1263
2026.05.21,11:00,61331.73000,61781.25000,61226.75000,61668.74000,7638
2026.05.21,12:00,61666.73000,61966.25000,61666.73000,61881.25000,5202
2026.05.21,13:00,61883.74000,61976.25000,61801.24000,61816.23000,2610
2026.05.21,14:00,61806.74000,62001.25000,61791.73000,61931.24000,2470
2026.05.21,15:00,61928.74000,62048.75000,61881.74000,61886.75000,2056
2026.05.21,16:00,61886.73000,62053.73000,61616.73000,61766.23000,3395
2026.05.21,17:00,61756.75000,61813.74000,61401.24000,61448.75000,2739
2026.05.21,18:00,61451.24000,61493.75000,61281.24000,61478.74000,1348
2026.05.21,19:00,61481.25000,61881.25000,61411.75000,61518.75000,2939
2026.05.21,20:00,61516.24000,61656.23000,61461.25000,61521.25000,2134
2026.05.21,21:00,61518.74000,61601.25000,60996.25000,61126.24000,4441
2026.05.21,22:00,61128.74000,61303.73000,61076.73000,61178.75000,2387
2026.05.21,23:00,61181.25000,61298.75000,61116.74000,61163.73000,2835
2026.05.22,00:00,61161.24000,61686.25000,61136.23000,61613.74000,4945
2026.05.22,01:00,61611.23000,61661.25000,61353.73000,61496.25000,4991
2026.05.22,02:00,61501.25000,61643.73000,61336.73000,61578.75000,3926
2026.05.22,03:00,61581.24000,61701.25000,61563.73000,61638.74000,2646
2026.05.22,04:00,61636.74000,62328.75000,61636.74000,62231.23000,4468
2026.05.22,05:00,62228.73000,62286.25000,61951.74000,62018.73000,3753
2026.05.22,06:00,62023.73000,62201.24000,62011.23000,62156.25000,2538
2026.05.22,07:00,62161.25000,62218.75000,62063.73000,62063.73000,566
2026.05.22,09:00,62072.13000,62186.65000,62072.13000,62157.14000,317
2026.05.22,10:00,62171.64000,62382.15000,62032.13000,62362.14000,1075
2026.05.22,11:00,62371.64000,62921.64000,62302.13000,62872.15000,6201
2026.05.22,12:00,62872.15000,63026.63000,62782.13000,62962.15000,4054
2026.05.22,13:00,62971.64000,63166.65000,62952.14000,63076.65000,1836
2026.05.22,14:00,63079.13000,63386.64000,63032.14000,63366.64000,1637
2026.05.22,15:00,63362.15000,63426.65000,63257.13000,63357.13000,1678
2026.05.22,16:00,63366.63000,63431.65000,63202.14000,63214.14000,1863
2026.05.22,17:00,63206.64000,63471.65000,63152.14000,63229.14000,2471
2026.05.22,18:00,63231.63000,63281.63000,63094.15000,63244.14000,1369
2026.05.22,19:00,63241.65000,63381.64000,63076.63000,63114.13000,2946
2026.05.22,20:00,63111.65000,63116.65000,62994.13000,63019.13000,2110
2026.05.22,21:00,63026.64000,63029.15000,62841.64000,62946.64000,2052
2026.05.22,22:00,62949.15000,63089.13000,62914.15000,63069.15000,1819
2026.05.22,23:00,63071.63000,63371.65000,63061.63000,63286.63000,3085
2026.05.23,00:00,63289.14000,63426.65000,63181.63000,63354.14000,4085
2026.05.23,01:00,63349.13000,63511.65000,63159.14000,63439.13000,3778
2026.05.23,02:00,63441.65000,63579.13000,63424.15000,63516.64000,1837
2026.05.23,03:00,63519.15000,63601.63000,63481.64000,63586.63000,1421
2026.05.23,04:00,63594.15000,63776.65000,63547.15000,63624.14000,2097
2026.05.23,05:00,63621.64000,63634.13000,63501.63000,63534.13000,1143
2026.05.23,06:00,63531.64000,63531.64000,63256.64000,63297.13000,2056
2026.05.23,07:00,63302.13000,63351.63000,63172.14000,63306.64000,642
2026.05.25,09:00,63785.24000,64185.24000,63785.24000,64100.23000,795
2026.05.25,10:00,64100.24000,64199.74000,63910.23000,64000.24000,1707
2026.05.25,11:00,64025.24000,65284.75000,63795.23000,65120.24000,6242
2026.05.25,12:00,65115.23000,65409.74000,65090.23000,65365.24000,3644
2026.05.25,13:00,65374.73000,65379.75000,65015.24000,65207.25000,2142
2026.05.25,14:00,65205.23000,65349.75000,65070.25000,65260.25000,2628
2026.05.25,15:00,65269.74000,65379.74000,65240.23000,65329.73000,1657
2026.05.25,16:00,65329.75000,65379.75000,65150.25000,65154.73000,1529
2026.05.25,17:00,65135.24000,65359.74000,65120.23000,65204.75000,2003
2026.05.25,18:00,65202.24000,65252.23000,64915.23000,65209.73000,1517
2026.05.25,19:00,65214.73000,65267.23000,65085.23000,65212.25000,1351
2026.05.25,20:00,65212.23000,65284.73000,65185.23000,65264.73000,755
2026.05.25,21:00,65262.24000,65387.25000,65254.73000,65344.75000,784
2026.05.25,22:00,65339.74000,65374.75000,65265.24000,65277.23000,836
2026.05.25,23:00,65274.73000,65375.25000,65205.23000,65274.75000,960
2026.05.26,00:00,65272.23000,65504.75000,65260.23000,65467.24000,955
2026.05.26,01:00,65469.73000,65507.23000,65384.73000,65397.25000,1176
2026.05.26,02:00,65394.73000,65664.75000,65337.24000,65384.74000,1837
2026.05.26,03:00,65387.25000,65489.75000,65357.23000,65484.75000,657
2026.05.26,04:00,65475.23000,65475.23000,65475.23000,65475.23000,1
2026.05.26,07:00,65475.25000,65475.25000,65475.24000,65475.24000,2
2026.05.26,09:00,65425.93000,65450.42000,65310.92000,65355.41000,448
2026.05.26,10:00,65345.93000,65415.93000,65150.91000,65365.93000,1480
2026.05.26,11:00,65380.93000,65385.92000,64620.92000,64980.92000,7552
2026.05.26,12:00,64975.93000,65190.43000,64700.91000,64995.91000,6089
2026.05.26,13:00,65000.92000,65035.42000,64850.91000,64910.43000,3290
2026.05.26,14:00,64905.93000,65110.43000,64865.91000,65095.93000,2391
2026.05.26,15:00,65105.41000,65155.42000,64950.92000,64965.41000,2382
2026.05.26,16:00,64960.41000,65130.41000,64820.91000,64910.92000,3093
2026.05.26,17:00,64920.43000,65147.92000,64855.93000,65105.43000,2195
2026.05.26,18:00,65110.43000,65130.43000,64810.91000,64965.42000,1720
2026.05.26,19:00,64975.42000,65205.42000,64960.93000,65182.91000,1969
2026.05.26,20:00,65185.41000,65442.93000,65165.41000,65405.41000,1979
2026.05.26,21:00,65407.91000,65625.43000,65375.41000,65495.41000,1656
2026.05.26,22:00,65502.93000,65542.93000,65337.92000,65502.93000,1607
2026.05.26,23:00,65500.43000,65572.93000,65397.91000,65490.42000,1250
2026.05.27,00:00,65487.91000,65605.41000,65382.93000,65430.93000,3165
2026.05.27,01:00,65430.91000,65575.43000,65372.92000,65537.93000,2820
2026.05.27,02:00,65540.43000,65555.41000,65222.93000,65302.92000,3852
2026.05.27,03:00,65305.43000,65417.91000,65270.42000,65305.42000,2071
2026.05.27,04:00,65305.43000,65417.93000,65302.92000,65405.43000,1458
2026.05.27,05:00,65402.93000,65545.42000,65375.42000,65495.41000,1034
2026.05.27,06:00,65495.43000,65652.92000,65467.93000,65620.43000,957
2026.05.27,07:00,65625.42000,65627.92000,65515.41000,65515.42000,539
2026.05.27,09:00,65542.26000,65564.24000,65467.24000,65492.24000,314
2026.05.27,10:00,65497.25000,66237.25000,65492.24000,66237.25000,1451
2026.05.27,11:00,66237.26000,66496.75000,65572.26000,65787.25000,7908
2026.05.27,12:00,65796.74000,66176.74000,65617.24000,65617.25000,4751
2026.05.27,13:00,65621.75000,65956.74000,65527.24000,65876.74000,2717
2026.05.27,14:00,65872.24000,65966.76000,65607.24000,65661.76000,2183
2026.05.27,15:00,65656.75000,65691.76000,65277.26000,65311.76000,3000
2026.05.27,16:00,65309.26000,65441.75000,65204.25000,65337.26000,3263
2026.05.27,17:00,65342.26000,65366.76000,64937.26000,65039.24000,3080
2026.05.27,18:00,65044.24000,65296.75000,65044.24000,65284.26000,1066
2026.05.27,19:00,65286.76000,65366.75000,65117.24000,65291.75000,2693
2026.05.27,20:00,65289.25000,65396.76000,65244.25000,65361.75000,1618
2026.05.27,21:00,65359.26000,65449.26000,65262.24000,65344.24000,1371
2026.05.27,22:00,65349.26000,65426.76000,65254.25000,65259.25000,1782
2026.05.27,23:00,65261.76000,65581.76000,65209.26000,65391.74000,3298
2026.05.28,00:00,65382.26000,65436.76000,64981.74000,65174.24000,4629
2026.05.28,01:00,65181.76000,65191.75000,64747.24000,64964.26000,5609
2026.05.28,02:00,64966.75000,65051.74000,64767.24000,64896.75000,3624
2026.05.28,03:00,64892.24000,65136.75000,64856.75000,65041.74000,1683
2026.05.28,04:00,65032.26000,65076.76000,64887.26000,65024.24000,1759
2026.05.28,05:00,65021.75000,65149.26000,65002.24000,65136.76000,755
2026.05.28,06:00,65139.26000,65221.76000,65122.26000,65179.26000,890
2026.05.28,07:00,65176.75000,65266.76000,65157.24000,65261.74000,349
2026.05.28,09:00,65223.52000,65293.54000,65088.54000,65158.54000,357
2026.05.28,10:00,65158.54000,65228.02000,64623.54000,64638.52000,1299
2026.05.28,11:00,64648.52000,65168.53000,64478.52000,65133.52000,6958
2026.05.28,12:00,65138.52000,65158.54000,64803.54000,65088.53000,5057
2026.05.28,13:00,65093.53000,65168.03000,64868.52000,64868.53000,3321
2026.05.28,14:00,64873.53000,64938.04000,64108.52000,64228.04000,5491
2026.05.28,15:00,64223.53000,64238.02000,63878.54000,63998.52000,4959
2026.05.28,16:00,63998.54000,64693.03000,63948.52000,64573.53000,4089
2026.05.28,17:00,64578.04000,64730.53000,64425.54000,64518.03000,2325
2026.05.28,18:00,64523.02000,64678.03000,64508.52000,64663.03000,1585
2026.05.28,19:00,64665.54000,64728.04000,64533.03000,64640.52000,2825
2026.05.28,20:00,64638.03000,64720.52000,64535.52000,64660.52000,1866
2026.05.28,21:00,64665.52000,64675.52000,64345.52000,64403.04000,2143
2026.05.28,22:00,64400.53000,64525.54000,64363.02000,64500.54000,1996
2026.05.28,23:00,64498.03000,64858.04000,64493.02000,64853.03000,2021
2026.05.29,00:00,64855.54000,64955.53000,64733.03000,64838.54000,3346
2026.05.29,01:00,64838.54000,65573.04000,64833.03000,65320.53000,6296
2026.05.29,02:00,65323.03000,65655.54000,65303.03000,65615.52000,2318
2026.05.29,03:00,65618.04000,65868.04000,65593.02000,65858.04000,1615
2026.05.29,04:00,65860.53000,65893.04000,65813.03000,65863.04000,1094
2026.05.29,05:00,65863.02000,65880.53000,65675.52000,65715.54000,1097
2026.05.29,06:00,65713.03000,65758.04000,65668.02000,65725.52000,908
2026.05.29,07:00,65723.03000,65835.53000,65683.52000,65780.53000,465
2026.05.29,09:00,65774.91000,65784.91000,65689.90000,65704.90000,154
2026.05.29,10:00,65704.89000,65879.41000,65539.90000,65744.91000,1052
2026.05.29,11:00,65779.90000,66034.41000,65579.89000,65694.89000,6350
2026.05.29,12:00,65699.91000,66049.41000,65674.89000,65874.91000,4397
2026.05.29,13:00,65879.40000,66134.41000,65804.89000,66029.41000,2122
2026.05.29,14:00,66031.91000,66209.40000,66014.91000,66149.41000,2192
2026.05.29,15:00,66144.89000,66414.41000,66129.90000,66314.40000,2062
2026.05.29,16:00,66309.90000,66479.40000,66299.89000,66429.90000,2103
2026.05.29,17:00,66439.39000,66521.89000,66231.89000,66464.39000,2802
2026.05.29,18:00,66461.89000,66551.90000,66219.40000,66379.41000,1252
2026.05.29,19:00,66369.90000,66429.41000,66099.91000,66381.90000,2362
2026.05.29,20:00,66376.91000,66646.90000,66366.90000,66431.91000,2629
2026.05.29,21:00,66434.39000,66434.39000,66259.39000,66376.89000,1905
2026.05.29,22:00,66374.40000,66404.41000,66176.90000,66331.89000,2155
2026.05.29,23:00,66334.40000,66444.39000,66169.39000,66376.90000,1651
2026.05.30,00:00,66379.40000,66389.40000,66176.89000,66234.41000,2767
2026.05.30,01:00,66236.89000,66359.40000,66046.89000,66214.41000,5412
2026.05.30,02:00,66211.89000,66429.41000,66141.91000,66164.40000,3724
2026.05.30,03:00,66166.89000,66324.41000,66154.39000,66231.89000,1486
2026.05.30,04:00,66234.41000,66319.41000,66069.91000,66076.90000,1488
2026.05.30,05:00,66079.39000,66269.40000,66069.40000,66154.41000,1684
2026.05.30,06:00,66149.40000,66304.40000,66136.91000,66184.91000,1396
2026.05.30,07:00,66186.91000,66294.41000,66179.91000,66209.90000,435
2026.06.01,09:00,66203.45000,66748.46000,66038.45000,66487.95000,621
2026.06.01,10:00,66493.46000,66513.46000,66218.44000,66303.44000,1248
2026.06.01,11:00,66313.46000,66962.95000,66298.45000,66803.46000,6342
2026.06.01,12:00,66808.45000,67225.44000,66773.44000,67033.45000,3936
2026.06.01,13:00,67035.44000,67082.96000,66858.45000,66903.44000,2476
2026.06.01,14:00,66912.95000,67132.96000,66673.44000,66723.46000,2821
2026.06.01,15:00,66727.95000,66967.96000,66698.44000,66890.45000,2663
2026.06.01,16:00,66887.94000,66995.46000,66633.45000,66953.44000,2618
2026.06.01,17:00,66962.95000,67152.94000,66917.94000,67042.96000,2258
2026.06.01,18:00,67045.46000,67257.96000,66943.44000,67115.45000,1530
2026.06.01,19:00,67112.96000,67180.45000,66925.45000,67052.95000,2226
2026.06.01,20:00,67062.94000,67102.95000,66827.94000,66860.46000,1700
2026.06.01,21:00,66862.94000,66997.96000,66845.45000,66965.46000,1414
2026.06.01,22:00,66967.96000,67040.45000,66903.45000,66995.45000,1573
2026.06.01,23:00,66997.96000,67282.96000,66920.45000,67180.45000,2259
2026.06.02,00:00,67182.95000,67187.96000,66528.45000,66528.46000,7874
2026.06.02,01:00,66533.44000,66772.95000,66508.44000,66612.95000,5135
2026.06.02,02:00,66615.44000,67102.96000,66568.44000,66923.44000,2931
2026.06.02,03:00,66932.96000,67145.44000,66843.45000,67127.94000,1859
2026.06.02,04:00,67123.45000,67610.46000,67083.44000,67487.96000,2459
2026.06.02,05:00,67483.46000,67500.44000,67400.45000,67415.44000,584
2026.06.02,06:00,67412.96000,67417.96000,67263.44000,67287.95000,873
2026.06.02,07:00,67278.45000,67357.96000,67198.44000,67230.44000,520
2026.06.02,09:00,67264.65000,67284.64000,67109.64000,67139.66000,496
2026.06.02,10:00,67129.66000,67224.14000,66869.65000,67144.64000,1268
2026.06.02,11:00,67159.64000,67159.66000,65994.64000,66049.64000,8044
2026.06.02,12:00,66049.66000,66434.16000,65779.64000,65789.64000,6834
2026.06.02,13:00,65794.14000,65944.16000,65654.64000,65849.65000,4057
2026.06.02,14:00,65854.15000,65941.66000,65564.65000,65899.66000,4936
2026.06.02,15:00,65894.65000,66289.16000,65854.65000,66284.14000,3187
2026.06.02,16:00,66286.66000,66706.64000,66286.66000,66609.65000,2746
2026.06.02,17:00,66619.14000,66799.65000,66529.66000,66756.66000,2934
2026.06.02,18:00,66754.14000,66929.15000,66754.14000,66919.16000,1335
2026.06.02,19:00,66924.14000,66966.66000,66776.65000,66846.66000,2330
2026.06.02,20:00,66849.15000,66871.65000,66696.66000,66866.66000,1813
2026.06.02,21:00,66861.64000,66866.65000,66771.65000,66771.65000,1171
2026.06.02,22:00,66771.66000,66826.64000,66691.65000,66761.66000,1364
2026.06.02,23:00,66759.15000,66936.65000,66759.15000,66834.14000,1999
2026.06.03,00:00,66839.16000,66949.16000,66689.14000,66894.64000,3769
2026.06.03,01:00,66894.65000,67239.16000,66864.66000,67224.14000,3331
2026.06.03,02:00,67226.65000,67394.15000,67196.64000,67374.15000,1785
2026.06.03,03:00,67379.14000,67436.66000,67226.64000,67311.65000,1591
2026.06.03,04:00,67314.16000,67349.14000,67246.64000,67286.66000,1200
2026.06.03,05:00,67289.15000,67376.65000,67276.64000,67361.64000,854
2026.06.03,06:00,67364.14000,67526.65000,67364.14000,67524.16000,714
2026.06.03,07:00,67519.15000,67594.16000,67469.65000,67494.14000,502
2026.06.03,09:00,67426.01000,67473.03000,67366.01000,67386.01000,445
2026.06.03,10:00,67386.03000,67741.03000,66841.03000,67716.02000,2352
2026.06.03,11:00,67750.53000,68235.51000,67406.01000,68226.03000,7255
2026.06.03,12:00,68235.52000,68285.52000,68066.03000,68261.03000,4566
2026.06.03,13:00,68270.53000,68578.02000,68246.02000,68510.51000,1989
2026.06.03,14:00,68510.52000,68735.53000,68431.02000,68591.03000,1723
2026.06.03,15:00,68595.53000,68775.52000,68516.01000,68565.53000,1732
2026.06.03,16:00,68561.03000,68750.52000,68521.01000,68675.51000,1660
2026.06.03,17:00,68678.03000,68778.02000,68403.03000,68565.51000,2618
2026.06.03,18:00,68560.53000,68700.52000,68433.01000,68588.02000,1299
2026.06.03,19:00,68590.53000,68613.01000,68320.51000,68435.52000,3226
2026.06.03,20:00,68426.01000,68670.51000,68386.01000,68506.01000,2119
2026.06.03,21:00,68510.53000,68730.51000,68421.02000,68476.03000,2578
2026.06.03,22:00,68476.02000,68535.52000,68401.01000,68490.52000,1309
2026.06.03,23:00,68488.02000,68515.53000,68221.01000,68301.01000,1687
2026.06.04,00:00,68305.53000,68425.52000,67956.02000,68091.02000,3687
2026.06.04,01:00,68091.02000,68290.52000,68076.02000,68223.03000,4940
2026.06.04,02:00,68228.02000,68313.02000,68098.01000,68135.51000,4247
2026.06.04,03:00,68143.02000,68210.52000,67990.53000,68210.52000,2993
2026.06.04,04:00,68213.03000,68305.53000,68078.01000,68293.02000,1957
2026.06.04,05:00,68290.51000,68408.03000,68280.53000,68303.03000,1634
2026.06.04,06:00,68300.51000,68353.03000,68206.02000,68230.52000,2153
2026.06.04,07:00,68225.53000,68258.01000,67986.01000,68098.03000,2194
2026.06.04,09:00,68002.08000,68034.10000,67287.09000,67392.08000,1146
2026.06.04,10:00,67402.08000,67852.09000,67152.10000,67612.10000,2893
2026.06.04,11:00,67607.10000,67886.60000,67227.09000,67262.09000,8454
2026.06.04,12:00,67252.09000,67456.60000,67087.08000,67171.60000,4886
2026.06.04,13:00,67167.10000,67191.60000,66927.10000,67186.58000,2851
2026.06.04,14:00,67189.08000,67476.60000,67182.08000,67261.60000,2895
2026.06.04,15:00,67257.10000,67491.60000,67192.08000,67392.10000,3946
2026.06.04,16:00,67401.60000,67506.60000,67252.10000,67377.09000,4370
2026.06.04,17:00,67386.60000,67736.60000,67269.08000,67664.08000,3021
2026.06.04,18:00,67669.09000,67774.09000,67636.59000,67691.60000,1374
2026.06.04,19:00,67686.58000,67741.59000,67262.08000,67279.10000,3562
2026.06.04,20:00,67267.09000,67521.60000,67054.09000,67504.09000,3326
2026.06.04,21:00,67501.58000,67511.58000,67131.60000,67254.08000,2466
2026.06.04,22:00,67254.10000,67389.10000,67114.10000,67369.09000,4153
2026.06.04,23:00,67366.60000,67441.60000,67212.10000,67381.59000,3041
2026.06.05,00:00,67379.10000,67422.08000,67091.59000,67151.59000,5799
2026.06.05,01:00,67149.10000,67239.10000,66911.59000,67114.10000,6956
2026.06.05,02:00,67116.60000,67374.10000,67089.09000,67304.08000,3868
2026.06.05,03:00,67306.59000,67541.60000,67281.59000,67509.08000,2120
2026.06.05,04:00,67506.59000,67636.59000,67476.58000,67626.60000,1326
2026.06.05,05:00,67629.10000,67784.10000,67611.58000,67759.09000,1264
2026.06.05,06:00,67761.58000,67889.09000,67711.60000,67746.58000,1519
2026.06.05,07:00,67749.09000,67756.58000,67582.09000,67611.58000,920
2026.06.05,09:00,67613.58000,67653.57000,67448.56000,67533.56000,506
2026.06.05,10:00,67533.57000,67578.08000,66943.56000,66973.57000,1573
2026.06.05,11:00,66973.58000,66973.58000,66153.58000,66293.56000,6824
2026.06.05,12:00,66303.07000,66523.08000,65863.56000,66503.56000,5896
2026.06.05,13:00,66513.07000,66708.08000,66368.58000,66518.08000,3411
2026.06.05,14:00,66513.56000,66598.08000,66298.57000,66398.56000,3879
2026.06.05,15:00,66408.06000,66738.08000,66313.58000,66688.57000,3078
2026.06.05,16:00,66683.57000,66823.08000,66508.56000,66553.56000,3163
2026.06.05,17:00,66548.58000,66750.58000,66530.56000,66635.57000,3204
2026.06.05,18:00,66630.56000,66693.06000,66440.56000,66658.06000,2450
2026.06.05,19:00,66660.56000,66978.08000,66470.57000,66925.58000,3989
2026.06.05,20:00,66928.08000,67153.57000,66898.07000,66910.57000,3191
2026.06.05,21:00,66908.06000,67053.08000,66880.58000,66880.58000,1387
2026.06.05,22:00,66878.08000,66918.08000,66673.56000,66745.57000,2105
2026.06.05,23:00,66743.06000,66778.58000,66438.07000,66448.08000,3843
2026.06.06,00:00,66450.57000,66450.57000,65833.08000,65840.56000,7266
2026.06.06,01:00,65843.07000,66065.57000,65708.06000,65915.56000,8024
2026.06.06,02:00,65918.08000,65940.57000,65378.58000,65408.07000,5538
2026.06.06,03:00,65398.57000,65403.06000,65008.58000,65253.06000,5253
2026.06.06,04:00,65248.56000,65260.57000,64973.57000,65175.58000,4635
2026.06.06,05:00,65178.07000,65193.07000,64398.57000,64455.56000,5564
2026.06.06,06:00,64453.06000,64458.08000,63788.57000,64003.08000,9242
2026.06.06,07:00,64003.07000,64038.07000,63473.56000,63705.57000,3585
2026.06.08,09:00,63792.68000,64152.69000,63392.68000,63602.69000,1683
2026.06.08,10:00,63602.69000,64219.70000,63537.69000,63802.68000,3529
2026.06.08,11:00,63797.69000,64732.18000,63542.68000,64247.70000,11232
2026.06.08,12:00,64247.68000,64282.18000,63392.70000,63917.70000,14005
2026.06.08,13:00,63922.70000,64327.20000,63762.68000,64162.69000,9400
2026.06.08,14:00,64172.70000,64257.20000,64027.68000,64192.20000,6119
2026.06.08,15:00,64192.69000,64237.70000,63797.68000,63832.69000,6819
2026.06.08,16:00,63827.68000,64037.20000,63437.68000,63702.18000,8080
2026.06.08,17:00,63702.20000,64109.68000,63577.68000,63912.20000,5827
2026.06.08,18:00,63902.70000,64472.20000,63862.68000,64384.70000,3847
2026.06.08,19:00,64382.19000,64414.70000,64102.70000,64242.18000,6068
2026.06.08,20:00,64242.68000,64477.20000,64097.68000,64457.69000,4511
2026.06.08,21:00,64467.18000,64622.68000,64227.70000,64432.20000,3634
2026.06.08,22:00,64422.68000,65102.18000,64342.68000,64887.69000,5503
2026.06.08,23:00,64882.70000,65474.70000,64872.68000,65407.69000,3919
2026.06.09,00:00,65407.68000,65692.20000,65317.68000,65387.20000,7848
2026.06.09,01:00,65384.70000,65737.20000,65297.68000,65732.69000,8058
2026.06.09,02:00,65737.18000,65899.70000,65607.68000,65709.70000,4827
2026.06.09,03:00,65707.19000,65869.69000,65612.68000,65672.19000,4089
2026.06.09,04:00,65662.69000,65674.70000,65382.68000,65562.70000,6034
2026.06.09,05:00,65572.20000,65777.20000,65567.69000,65657.20000,4672
2026.06.09,06:00,65662.19000,65687.18000,65397.69000,65562.19000,5283
2026.06.09,07:00,65547.70000,65577.20000,65417.68000,65454.70000,1125
2026.06.09,09:00,65494.16000,65494.18000,65229.16000,65384.16000,822
2026.06.09,10:00,65408.68000,65594.17000,64689.17000,65144.18000,2536
2026.06.09,11:00,65144.18000,65144.18000,63909.16000,64064.18000,11693
2026.06.09,12:00,64079.18000,64793.68000,63949.16000,64474.18000,11040
2026.06.09,13:00,64483.66000,64718.68000,64444.16000,64659.18000,7032
2026.06.09,14:00,64664.16000,65258.66000,64604.16000,65204.17000,6083
2026.06.09,15:00,65204.18000,65428.67000,65119.16000,65269.18000,4836
2026.06.09,16:00,65279.18000,65471.18000,65169.16000,65274.17000,5250
2026.06.09,17:00,65269.18000,65594.18000,65103.66000,65579.16000,4200
2026.06.09,18:00,65588.67000,65748.67000,65384.16000,65499.18000,3291
2026.06.09,19:00,65499.16000,65793.68000,65449.16000,65606.17000,4278
2026.06.09,20:00,65603.67000,65688.68000,65479.16000,65639.16000,2554
2026.06.09,21:00,65648.66000,65736.18000,65474.17000,65618.67000,2372
2026.06.09,22:00,65621.17000,65728.68000,65518.67000,65538.66000,1875
2026.06.09,23:00,65541.16000,65781.18000,65519.18000,65776.16000,2267
2026.06.10,00:00,65781.18000,66101.17000,65708.68000,65909.18000,5988
2026.06.10,01:00,65909.16000,65978.67000,64789.18000,65183.66000,12090
2026.06.10,02:00,65179.16000,65248.68000,64284.17000,64301.18000,12672
2026.06.10,03:00,64303.68000,64443.68000,63089.17000,63491.16000,14838
2026.06.10,04:00,63499.18000,64373.68000,63489.16000,64194.18000,11457
2026.06.10,05:00,64199.16000,64668.68000,64109.16000,64619.18000,9174
2026.06.10,06:00,64619.16000,64724.17000,64174.17000,64494.17000,10294
2026.06.10,07:00,64508.67000,64568.68000,64354.17000,64438.67000,2779
2026.06.10,09:00,64355.28000,64374.76000,63950.26000,64125.28000,993
2026.06.10,10:00,64135.28000,64460.28000,63995.26000,64450.26000,2132
2026.06.10,11:00,64460.27000,65080.26000,64355.26000,64840.28000,11365
2026.06.10,12:00,64845.28000,65070.26000,64625.28000,64664.77000,8892
2026.06.10,13:00,64665.28000,64814.76000,64550.26000,64595.26000,6311
2026.06.10,14:00,64600.27000,64804.77000,64365.27000,64485.27000,6689
2026.06.10,15:00,64490.28000,64519.77000,63765.27000,63899.77000,7221
2026.06.10,16:00,63904.78000,64210.27000,63735.26000,64165.28000,8133
2026.06.10,17:00,64170.27000,64384.76000,64145.27000,64317.26000,3780
2026.06.10,18:00,64319.78000,64410.28000,64175.27000,64297.26000,2842
2026.06.10,19:00,64304.77000,64304.78000,63579.77000,63629.76000,6600
2026.06.10,20:00,63634.77000,63827.27000,63407.28000,63769.76000,5852
2026.06.10,21:00,63772.28000,63899.78000,63494.76000,63829.77000,5209
2026.06.10,22:00,63834.77000,63857.27000,63165.27000,63422.26000,7507
2026.06.10,23:00,63424.78000,64412.27000,63397.27000,64004.78000,8231
2026.06.11,00:00,63997.28000,64659.78000,63874.76000,64469.77000,11446
2026.06.11,01:00,64465.27000,64832.27000,64080.28000,64194.78000,12109
2026.06.11,02:00,64190.26000,64354.78000,63295.26000,63759.76000,12148
2026.06.11,03:00,63750.26000,63949.77000,63590.26000,63675.28000,9622
2026.06.11,04:00,63685.26000,63829.78000,63430.28000,63784.77000,8761
2026.06.11,05:00,63775.28000,63954.77000,63495.26000,63565.28000,7053
2026.06.11,06:00,63570.27000,63649.76000,63300.28000,63310.26000,7331
2026.06.11,07:00,63310.28000,63322.27000,63110.27000,63199.76000,1445
2026.06.11,09:00,63038.00000,63108.01000,62798.01000,62798.01000,734
2026.06.11,10:00,62798.01000,63158.01000,62473.00000,62613.00000,2590
2026.06.11,11:00,62592.99000,63648.00000,62328.01000,63422.99000,13450
2026.06.11,12:00,63422.99000,64178.00000,63422.99000,63607.99000,10692
2026.06.11,13:00,63608.01000,63912.50000,63192.99000,63628.00000,9016
2026.06.11,14:00,63633.00000,64227.51000,63507.99000,64217.99000,7271
2026.06.11,15:00,64232.50000,64400.01000,63953.01000,64297.99000,6101
2026.06.11,16:00,64302.99000,64318.01000,64043.00000,64142.99000,5553
2026.06.11,17:00,64138.00000,64377.50000,63987.99000,64352.49000,4432
2026.06.11,18:00,64343.00000,64597.51000,64317.99000,64462.50000,2833
2026.06.11,19:00,64464.99000,64895.01000,64453.00000,64665.00000,3806
2026.06.11,20:00,64667.51000,64730.00000,64499.99000,64642.50000,2996
2026.06.11,21:00,64637.49000,64714.99000,64545.01000,64590.01000,2711
2026.06.11,22:00,64587.49000,64672.49000,64413.00000,64610.00000,3292
2026.06.11,23:00,64617.51000,64690.01000,63938.01000,64372.51000,6825
2026.06.12,00:00,64372.99000,65007.50000,64222.99000,64899.99000,8410
2026.06.12,01:00,64897.51000,65077.51000,64335.00000,64392.50000,11075
2026.06.12,02:00,64395.01000,64837.51000,64277.51000,64739.99000,9321
2026.06.12,03:00,64742.51000,64927.49000,64602.49000,64605.00000,7068
2026.06.12,04:00,64607.51000,65942.50000,64382.51000,65774.99000,10751
2026.06.12,05:00,65777.50000,65842.50000,65448.00000,65752.51000,8302
2026.06.12,06:00,65757.50000,66302.51000,65733.01000,66242.51000,7067
2026.06.12,07:00,66245.01000,66592.99000,66203.01000,66377.50000,2346
2026.06.12,09:00,66373.00000,66662.99000,66358.00000,66572.99000,837
2026.06.12,10:00,66572.99000,66967.99000,66322.51000,66793.00000,2832
2026.06.12,11:00,66808.00000,67062.51000,66367.99000,66763.01000,9583
2026.06.12,12:00,66762.99000,66762.99000,65838.00000,66648.01000,7358
2026.06.12,13:00,66653.00000,66757.51000,66382.99000,66517.99000,5495
2026.06.12,14:00,66517.99000,66557.49000,66173.01000,66512.99000,5966
2026.06.12,15:00,66507.99000,66652.51000,66328.00000,66578.01000,5283
2026.06.12,16:00,66583.01000,66672.50000,65972.99000,65993.01000,8189
2026.06.12,17:00,65987.99000,66187.51000,65888.01000,66017.99000,4359
2026.06.12,18:00,66027.50000,66448.01000,65845.00000,66288.01000,2962
2026.06.12,19:00,66302.99000,66688.01000,66242.99000,66593.01000,6014
2026.06.12,20:00,66602.51000,66957.51000,66592.99000,66832.49000,4519
2026.06.12,21:00,66832.51000,66897.51000,66572.99000,66802.50000,3822
2026.06.12,22:00,66803.00000,67137.51000,66802.99000,67002.51000,3676
2026.06.12,23:00,66993.00000,67022.50000,66588.00000,66642.99000,4618
2026.06.13,00:00,66638.00000,66837.49000,66332.99000,66582.99000,7992
2026.06.13,01:00,66602.99000,67148.01000,66542.99000,67132.50000,10423
2026.06.13,02:00,67128.00000,67345.01000,66832.99000,66867.49000,8098
2026.06.13,03:00,66863.01000,67262.49000,66763.00000,67218.01000,7340
2026.06.13,04:00,67217.99000,67410.01000,67102.99000,67167.49000,5062
2026.06.13,05:00,67162.99000,67292.51000,67092.99000,67182.50000,5028
2026.06.13,06:00,67180.01000,67280.00000,67068.00000,67127.99000,5654
2026.06.13,07:00,67123.01000,67267.49000,67112.99000,67260.00000,684
2026.06.15,09:00,67983.01000,68693.01000,67983.01000,68222.99000,1073
2026.06.15,10:00,68227.99000,68482.49000,68082.99000,68478.01000,2583
2026.06.15,11:00,68472.99000,69437.50000,68403.00000,69402.99000,9474
2026.06.15,12:00,69417.50000,69700.01000,69217.51000,69617.99000,8652
2026.06.15,13:00,69622.51000,69682.51000,69512.99000,69608.00000,5147
2026.06.15,14:00,69613.01000,69717.51000,69272.99000,69288.01000,4953
2026.06.15,15:00,69282.99000,69377.51000,69172.99000,69248.01000,4712
2026.06.15,16:00,69247.99000,69357.51000,69082.99000,69327.99000,4927
2026.06.15,17:00,69328.00000,69487.49000,69158.01000,69300.01000,3150
2026.06.15,18:00,69302.49000,69357.49000,69182.99000,69257.49000,2123
2026.06.15,19:00,69252.50000,69575.01000,69187.99000,69325.01000,3187
2026.06.15,20:00,69327.49000,69402.51000,69118.01000,69212.51000,2154
2026.06.15,21:00,69208.01000,69252.51000,69128.00000,69222.49000,1794
2026.06.15,22:00,69230.00000,69322.50000,69162.49000,69277.49000,2144
2026.06.15,23:00,69280.00000,69325.00000,69172.51000,69322.49000,2365
2026.06.16,00:00,69325.00000,69364.99000,69072.99000,69072.99000,5411
2026.06.16,01:00,69085.00000,69327.49000,69042.49000,69247.51000,6205
2026.06.16,02:00,69249.99000,69592.51000,69132.49000,69562.51000,2936
2026.06.16,03:00,69565.01000,69652.51000,69525.01000,69640.00000,2123
2026.06.16,04:00,69637.51000,69682.51000,69590.00000,69657.51000,1950
2026.06.16,05:00,69660.00000,69782.50000,69594.99000,69717.49000,1988
2026.06.16,06:00,69715.01000,69735.00000,69599.99000,69700.01000,2334
2026.06.16,07:00,69688.00000,69702.51000,69597.99000,69652.51000,976
2026.06.16,09:00,69642.99000,69658.01000,69293.00000,69383.01000,496
2026.06.16,10:00,69382.99000,69643.01000,69363.01000,69442.99000,1103
2026.06.16,11:00,69443.00000,69627.50000,69132.99000,69243.00000,8424
2026.06.16,12:00,69233.01000,69372.49000,69142.99000,69232.51000,6164
2026.06.16,13:00,69222.99000,69333.00000,69118.00000,69233.00000,2952
2026.06.16,14:00,69238.00000,70032.51000,69162.99000,69693.00000,4439
2026.06.16,15:00,69687.99000,69827.50000,69487.99000,69512.51000,5017
2026.06.16,16:00,69508.01000,69762.49000,69327.99000,69378.00000,4694
2026.06.16,17:00,69372.99000,69512.49000,69253.00000,69417.51000,2992
2026.06.16,18:00,69420.00000,69717.50000,69420.00000,69677.50000,1527
2026.06.16,19:00,69685.00000,69760.01000,69527.99000,69705.00000,2277
2026.06.16,20:00,69707.49000,69767.51000,69457.99000,69490.00000,1656
2026.06.16,21:00,69492.51000,69722.51000,69488.01000,69697.50000,1035
2026.06.16,22:00,69694.99000,69784.99000,69610.00000,69745.01000,1737
2026.06.16,23:00,69740.00000,69830.01000,69642.99000,69662.51000,2394
2026.06.17,00:00,69664.99000,69965.01000,69567.49000,69822.50000,4054
2026.06.17,01:00,69829.99000,70002.51000,69410.01000,69460.01000,6947
2026.06.17,02:00,69462.50000,69612.51000,69169.99000,69332.51000,6702
2026.06.17,03:00,69337.49000,69507.50000,69313.01000,69370.01000,5034
2026.06.17,04:00,69372.50000,69417.51000,69212.51000,69387.50000,3226
2026.06.17,05:00,69389.99000,69422.51000,69244.99000,69270.00000,2272
2026.06.17,06:00,69265.00000,69317.51000,69068.00000,69097.50000,4421
2026.06.17,07:00,69087.99000,69097.99000,69002.99000,69027.49000,732
2026.06.17,09:00,69048.01000,69143.00000,69048.01000,69068.01000,333
2026.06.17,10:00,69067.99000,69087.51000,68782.99000,68802.99000,1056
2026.06.17,11:00,68798.00000,69678.01000,68798.00000,69617.99000,7043
2026.06.17,12:00,69623.00000,69957.51000,69493.01000,69893.01000,3395
2026.06.17,13:00,69887.99000,69962.51000,69772.99000,69883.00000,1761
2026.06.17,14:00,69892.50000,70174.99000,69757.99000,70167.51000,2203
2026.06.17,15:00,70158.01000,70174.99000,69662.99000,69882.99000,2907
2026.06.17,16:00,69888.00000,70077.51000,69867.99000,69978.00000,2564
2026.06.17,17:00,69990.00000,70065.00000,69812.51000,69997.50000,1881
2026.06.17,18:00,69994.99000,70112.49000,69943.00000,69972.51000,1194
2026.06.17,19:00,69962.99000,70022.51000,69692.49000,69855.01000,2508
2026.06.17,20:00,69855.00000,69917.50000,69780.00000,69854.99000,1756
2026.06.17,21:00,69857.50000,70037.51000,69768.01000,69940.01000,1982
2026.06.17,22:00,69940.00000,70037.50000,69912.49000,69987.51000,1562
2026.06.17,23:00,69990.01000,70285.00000,69982.50000,70235.00000,1969
2026.06.18,00:00,70232.50000,70405.00000,70102.49000,70107.51000,4964
2026.06.18,01:00,70104.99000,70605.00000,70062.99000,70383.01000,7934
2026.06.18,02:00,70392.49000,70672.51000,70337.49000,70655.01000,4128
2026.06.18,03:00,70657.51000,70770.01000,70632.49000,70700.00000,2487
2026.06.18,04:00,70697.49000,70818.00000,70552.99000,70808.01000,2938
2026.06.18,05:00,70628.01000,70918.01000,70002.99000,70558.00000,13281
2026.06.18,06:00,70548.01000,70732.49000,69727.99000,69818.01000,13719
2026.06.18,07:00,69837.50000,70007.51000,69698.00000,69887.50000,2519
2026.06.18,09:00,69848.01000,70327.99000,69708.01000,70218.00000,728
2026.06.18,10:00,70227.51000,70862.49000,70168.01000,70518.01000,2469
2026.06.18,11:00,70532.99000,71467.50000,70352.99000,71003.01000,13023
2026.06.18,12:00,71008.00000,71457.51000,70982.99000,71163.01000,10698
2026.06.18,13:00,71163.00000,71292.51000,70868.00000,70908.01000,5300
2026.06.18,14:00,70908.00000,71292.51000,70787.99000,71278.01000,4496
2026.06.18,15:00,71282.49000,71407.49000,71088.01000,71173.00000,4955
2026.06.18,16:00,71167.99000,71372.50000,71118.00000,71218.00000,3890
2026.06.18,17:00,71212.99000,71355.01000,71048.00000,71355.01000,3768
2026.06.18,18:00,71352.50000,71504.99000,71277.99000,71499.99000,1654
2026.06.18,19:00,71505.01000,71652.49000,71232.51000,71237.49000,3249
2026.06.18,20:00,71242.50000,71567.51000,71187.49000,71567.51000,2310
2026.06.18,21:00,71569.99000,71597.49000,71297.50000,71370.00000,1992
2026.06.18,22:00,71372.49000,71392.50000,71112.51000,71280.00000,3441
2026.06.18,23:00,71282.51000,71617.49000,71244.99000,71570.00000,2385
2026.06.19,00:00,71567.51000,71767.51000,71447.51000,71673.01000,6534
2026.06.19,01:00,71673.01000,71872.51000,71607.99000,71725.01000,7259
2026.06.19,02:00,71729.99000,71855.01000,71535.00000,71804.99000,6700
2026.06.19,03:00,71810.00000,72075.00000,71795.01000,71972.50000,3950
2026.06.19,04:00,71975.01000,72117.50000,71917.49000,72059.99000,2422
2026.06.19,05:00,72062.50000,72145.01000,72015.00000,72115.01000,2472
2026.06.19,06:00,72117.49000,72135.00000,71897.50000,71975.01000,3243
2026.06.19,07:00,71963.00000,72032.50000,71837.99000,71900.00000,767
2026.06.19,09:00,71862.99000,71878.01000,71708.00000,71807.99000,250
2026.06.19,10:00,71797.99000,72243.01000,71718.01000,72183.00000,1363
2026.06.19,11:00,72168.01000,72168.01000,71342.99000,71678.00000,9924
2026.06.19,12:00,71677.99000,71832.49000,71363.00000,71382.50000,6404
2026.06.19,13:00,71393.01000,71672.50000,71322.99000,71503.00000,2888
2026.06.19,14:00,71512.49000,71557.50000,71073.01000,71208.01000,4607
2026.06.19,15:00,71212.99000,71313.00000,70733.01000,70863.00000,4889
2026.06.19,16:00,70873.01000,71068.00000,70822.99000,71068.00000,5336
2026.06.19,17:00,71073.01000,71612.49000,71042.99000,71563.00000,3718
2026.06.19,18:00,71567.50000,71752.51000,71548.00000,71732.50000,1416
2026.06.19,19:00,71727.99000,71900.00000,71677.99000,71819.99000,2218
2026.06.19,20:00,71822.50000,71942.51000,71772.51000,71892.49000,1886
2026.06.19,21:00,71895.01000,71942.50000,71637.51000,71682.51000,2087
2026.06.19,22:00,71679.99000,71797.50000,71563.01000,71752.51000,2311
2026.06.19,23:00,71754.99000,72115.00000,71637.99000,72084.99000,2631
2026.06.20,00:00,72092.49000,72140.00000,71980.00000,72030.00000,2673
2026.06.20,01:00,72024.99000,72107.51000,71955.00000,72062.51000,1888
2026.06.20,02:00,72065.01000,72095.01000,71944.99000,72000.01000,1549
2026.06.20,03:00,72002.50000,72065.01000,71902.99000,71928.00000,1081
2026.06.22,09:00,71867.99000,71867.99000,71158.00000,71598.00000,903
2026.06.22,10:00,71598.00000,71774.99000,71252.99000,71327.99000,1993
2026.06.22,11:00,71328.01000,72577.50000,71292.99000,72493.00000,9967
2026.06.22,12:00,72498.00000,72918.01000,72472.99000,72843.01000,6410
2026.06.22,13:00,72852.49000,72967.50000,72693.00000,72712.50000,2464
2026.06.22,14:00,72717.49000,73037.50000,72627.99000,72817.99000,2135
2026.06.22,15:00,72823.01000,72852.50000,72498.00000,72733.01000,3399
2026.06.22,16:00,72738.00000,72807.99000,72517.99000,72538.01000,2714
2026.06.22,17:00,72542.99000,72862.51000,72492.99000,72822.51000,2568
2026.06.22,18:00,72827.50000,72957.50000,72732.99000,72768.01000,1580
2026.06.22,19:00,72777.51000,72935.00000,72557.99000,72932.50000,3005
2026.06.22,20:00,72929.99000,73229.99000,72902.99000,73090.01000,2709
2026.06.22,21:00,73090.00000,73352.50000,73072.99000,73205.01000,2086
2026.06.22,22:00,73204.99000,73482.50000,73204.99000,73317.49000,2776
2026.06.22,23:00,73320.01000,73475.00000,73272.49000,73275.01000,1814
2026.06.23,00:00,73277.50000,73617.51000,73277.50000,73559.99000,5414
2026.06.23,01:00,73562.49000,73715.01000,73058.01000,73202.51000,7616
2026.06.23,02:00,73197.99000,73285.01000,72972.49000,72992.51000,6425
2026.06.23,03:00,72994.99000,73167.51000,72887.99000,73122.50000,4703
2026.06.23,04:00,73125.00000,73127.49000,72937.49000,73042.49000,2606
2026.06.23,05:00,73044.99000,73117.50000,72927.49000,72940.00000,2163
2026.06.23,06:00,72942.50000,73125.00000,72895.01000,73088.00000,3274
2026.06.23,07:00,73087.49000,73142.50000,73032.99000,73057.51000,751
2026.06.23,09:00,73078.00000,73187.99000,72922.99000,72942.99000,493
2026.06.23,10:00,72943.00000,73047.50000,72662.99000,72778.00000,1578
2026.06.23,11:00,72773.01000,72803.00000,71893.00000,72218.00000,11469
2026.06.23,12:00,72213.00000,72448.01000,71677.99000,71683.01000,9871
2026.06.23,13:00,71698.01000,71867.50000,71537.99000,71643.01000,6790
2026.06.23,14:00,71647.99000,71668.01000,71192.99000,71597.49000,7081
2026.06.23,15:00,71602.50000,71697.50000,70983.01000,71042.99000,7262
2026.06.23,16:00,71052.51000,71205.01000,70223.00000,70323.01000,8503
2026.06.23,17:00,70323.01000,70482.49000,69738.00000,69814.99000,7169
2026.06.23,18:00,69797.99000,70144.99000,69497.99000,69568.00000,4064
2026.06.23,19:00,69573.00000,69598.00000,68918.01000,69163.00000,8380
2026.06.23,20:00,69163.00000,69660.01000,69152.99000,69487.99000,5268
2026.06.23,21:00,69492.99000,69602.99000,69097.99000,69212.51000,4213
2026.06.23,22:00,69209.99000,69402.51000,69077.99000,69368.00000,4133
2026.06.23,23:00,69372.51000,69417.51000,68853.00000,68990.00000,4436
2026.06.24,00:00,68987.99000,69137.50000,68397.99000,69132.49000,9742
2026.06.24,01:00,69127.51000,69582.50000,69023.00000,69172.50000,10732
2026.06.24,02:00,69177.49000,69317.51000,68952.99000,69272.99000,7595
2026.06.24,03:00,69282.49000,69462.51000,69252.99000,69353.00000,5130
2026.06.24,04:00,69362.49000,69510.01000,69153.00000,69153.00000,5073
2026.06.24,05:00,69167.49000,69302.50000,68963.00000,69127.51000,4920
2026.06.24,06:00,69127.49000,69382.49000,69097.51000,69122.49000,7110
2026.06.24,07:00,69132.49000,69287.51000,69082.99000,69285.00000,1573
2026.06.24,09:00,69263.00000,69398.01000,69127.99000,69242.99000,950
2026.06.24,10:00,69247.99000,69803.01000,69052.99000,69702.99000,2591
2026.06.24,11:00,69698.01000,70313.01000,69377.99000,69657.50000,15025
2026.06.24,12:00,69677.51000,69820.01000,69232.99000,69703.01000,13282
2026.06.24,13:00,69703.00000,69903.01000,69052.99000,69067.51000,9633
2026.06.24,14:00,69062.51000,69502.51000,69003.00000,69218.01000,9950
2026.06.24,15:00,69222.99000,69267.51000,68567.99000,69203.01000,10477
2026.06.24,16:00,69198.01000,69797.51000,69198.01000,69467.49000,9084
2026.06.24,17:00,69463.00000,69622.49000,69227.99000,69507.99000,4777
2026.06.24,18:00,69507.99000,69517.51000,69182.99000,69283.01000,3503
2026.06.24,19:00,69288.00000,69608.01000,69212.99000,69533.01000,5720
2026.06.24,20:00,69532.99000,69585.01000,69268.00000,69413.00000,4365
2026.06.24,21:00,69408.01000,69762.50000,69302.99000,69487.99000,3700
2026.06.24,22:00,69497.51000,69807.51000,69363.00000,69747.99000,4566
2026.06.24,23:00,69757.51000,69817.51000,69467.49000,69495.01000,3885
2026.06.25,00:00,69487.99000,69630.01000,69037.99000,69458.01000,9230
2026.06.25,01:00,69467.49000,69815.01000,69127.99000,69754.99000,10736
2026.06.25,02:00,69760.01000,69789.99000,69497.99000,69628.00000,6646
2026.06.25,03:00,69628.01000,69730.01000,69377.99000,69403.01000,5925
2026.06.25,04:00,69408.00000,69512.51000,68898.01000,69063.00000,7774
2026.06.25,05:00,69072.49000,69412.51000,69033.00000,69112.49000,6765
2026.06.25,06:00,69112.50000,69492.51000,68932.99000,69470.01000,7548
2026.06.25,07:00,69477.99000,71094.99000,69422.99000,71075.01000,6946
2026.06.25,09:00,71058.01000,71378.01000,70987.99000,71262.99000,817
2026.06.25,10:00,71267.99000,71463.01000,71073.00000,71413.01000,2700
2026.06.25,11:00,71412.99000,71473.00000,70762.99000,71162.99000,14500
2026.06.25,12:00,71172.99000,71880.00000,71088.00000,71852.51000,9734
2026.06.25,13:00,71848.00000,72032.51000,71592.99000,71972.50000,6797
2026.06.25,14:00,71972.51000,72182.50000,71913.01000,72137.99000,5291
2026.06.25,15:00,72138.01000,72227.51000,71892.99000,72167.99000,4455
2026.06.25,16:00,72168.01000,72532.49000,72168.01000,72473.00000,5026
2026.06.25,17:00,72473.01000,72697.49000,72372.51000,72397.51000,3423
2026.06.25,18:00,72393.00000,72602.51000,72393.00000,72602.51000,1486
2026.06.25,19:00,72597.49000,72637.49000,72302.99000,72347.50000,3081
2026.06.25,20:00,72343.00000,72585.00000,72343.00000,72455.00000,2203
2026.06.25,21:00,72460.00000,72532.49000,72417.99000,72485.01000,1702
2026.06.25,22:00,72490.01000,72577.51000,72288.00000,72362.51000,2576
2026.06.25,23:00,72367.51000,72707.51000,72307.99000,72613.00000,4487
2026.06.26,00:00,72622.51000,72642.51000,70787.99000,70827.50000,8867
2026.06.26,01:00,70828.00000,71727.49000,70828.00000,71472.50000,15043
2026.06.26,02:00,71468.01000,71622.51000,70952.99000,71343.00000,11331
2026.06.26,03:00,71352.99000,71792.51000,71152.99000,71287.99000,7608
2026.06.26,04:00,71297.51000,71522.51000,71267.99000,71383.00000,6608
2026.06.26,05:00,71392.50000,71542.51000,71113.00000,71272.51000,6868
2026.06.26,06:00,71277.51000,71277.51000,70983.00000,71272.99000,7159
2026.06.26,07:00,71275.00000,71507.99000,71228.00000,71250.00000,2073
2026.06.26,09:00,71203.01000,71208.01000,70952.99000,71167.99000,843
2026.06.26,10:00,71167.99000,71713.01000,70798.00000,70978.01000,2747
2026.06.26,11:00,70983.00000,71428.00000,70172.99000,70352.99000,15121
2026.06.26,12:00,70358.01000,70713.01000,69887.99000,70027.99000,13179
2026.06.26,13:00,70043.01000,70107.50000,69272.99000,69403.01000,9754
2026.06.26,14:00,69403.00000,69433.00000,68777.99000,69333.01000,10717
2026.06.26,15:00,69333.00000,69637.49000,68842.99000,69018.00000,11983
2026.06.26,16:00,69023.00000,69493.01000,68942.99000,69228.01000,10073
2026.06.26,17:00,69228.00000,69852.51000,69143.01000,69762.99000,5467
2026.06.26,18:00,69767.50000,69915.01000,69482.99000,69882.50000,2766
2026.06.26,19:00,69887.50000,70117.99000,69163.01000,69207.51000,5109
2026.06.26,20:00,69202.99000,69520.00000,69160.01000,69377.51000,4758
2026.06.26,21:00,69380.00000,69417.50000,69163.00000,69302.50000,4234
2026.06.26,22:00,69298.00000,69417.51000,69098.00000,69203.00000,4366
2026.06.26,23:00,69207.49000,69552.50000,69127.99000,69238.01000,4982
2026.06.27,00:00,69242.51000,69542.51000,68932.99000,69533.00000,10811
2026.06.27,01:00,69542.50000,70047.49000,69503.01000,69765.00000,10791
2026.06.27,02:00,69758.01000,70208.00000,69528.00000,69978.00000,8811
2026.06.27,03:00,69983.01000,70047.49000,69692.99000,69978.00000,6395
2026.06.27,04:00,69992.51000,70132.51000,69812.99000,69812.99000,4688
2026.06.27,05:00,69827.51000,69872.51000,69557.99000,69608.01000,4277
2026.06.27,06:00,69608.00000,69857.49000,69547.99000,69703.00000,5916
2026.06.27,07:00,69722.99000,69762.99000,69512.99000,69544.99000,3353
