2026.05.29,13:05,30201.46000,30212.59000,30190.96000,30211.21000,712
2026.05.29,13:10,30211.09000,30221.96000,30203.46000,30216.21000,613
2026.05.29,13:15,30216.09000,30218.21000,30206.34000,30212.46000,525
2026.05.29,13:20,30212.84000,30212.96000,30195.21000,30196.59000,542
2026.05.29,13:25,30196.46000,30200.46000,30179.21000,30185.84000,598
2026.05.29,13:30,30185.59000,30200.34000,30180.46000,30196.09000,786
2026.05.29,13:35,30195.96000,30200.09000,30190.46000,30197.84000,537
2026.05.29,13:40,30197.71000,30206.09000,30196.46000,30199.34000,483
2026.05.29,13:45,30199.46000,30203.96000,30190.59000,30195.34000,488
2026.05.29,13:50,30195.21000,30195.59000,30187.34000,30189.59000,778
2026.05.29,13:55,30189.84000,30198.46000,30184.09000,30189.46000,766
2026.05.29,14:00,30189.71000,30203.96000,30188.21000,30201.59000,801
2026.05.29,14:05,30201.84000,30212.71000,30199.34000,30209.96000,783
2026.05.29,14:10,30210.59000,30215.84000,30205.09000,30208.96000,731
2026.05.29,14:15,30208.71000,30213.09000,30204.46000,30208.96000,692
2026.05.29,14:20,30208.84000,30217.59000,30208.46000,30212.71000,682
2026.05.29,14:25,30212.59000,30212.59000,30204.59000,30211.21000,734
2026.05.29,14:30,30211.46000,30212.71000,30203.46000,30208.34000,749
2026.05.29,14:35,30207.84000,30212.59000,30202.34000,30210.59000,692
2026.05.29,14:40,30210.46000,30215.34000,30207.84000,30211.59000,733
2026.05.29,14:45,30211.34000,30224.21000,30208.96000,30223.09000,623
2026.05.29,14:50,30222.59000,30225.84000,30198.21000,30215.59000,798
2026.05.29,14:55,30215.71000,30219.96000,30205.46000,30212.34000,765
2026.05.29,15:00,30212.46000,30220.84000,30211.59000,30214.71000,719
2026.05.29,15:05,30214.84000,30224.59000,30211.84000,30224.59000,627
2026.05.29,15:10,30224.84000,30227.59000,30221.71000,30223.71000,682
2026.05.29,15:15,30223.34000,30235.71000,30223.34000,30230.59000,698
2026.05.29,15:20,30230.34000,30236.59000,30230.21000,30232.96000,589
2026.05.29,15:25,30233.21000,30237.84000,30231.71000,30234.46000,722
2026.05.29,15:30,30234.34000,30245.71000,30231.21000,30241.09000,636
2026.05.29,15:35,30241.46000,30250.84000,30237.96000,30249.96000,448
2026.05.29,15:40,30249.59000,30256.21000,30247.71000,30255.84000,499
2026.05.29,15:45,30255.96000,30257.84000,30246.71000,30255.46000,515
2026.05.29,15:50,30255.09000,30255.21000,30243.84000,30250.46000,513
2026.05.29,15:55,30250.59000,30251.09000,30242.96000,30249.34000,588
2026.05.29,16:00,30249.46000,30268.09000,30247.46000,30262.46000,626
2026.05.29,16:05,30262.34000,30263.21000,30255.21000,30259.46000,582
2026.05.29,16:10,30259.21000,30269.46000,30252.96000,30263.84000,596
2026.05.29,16:15,30263.59000,30265.09000,30255.71000,30256.34000,607
2026.05.29,16:20,30256.84000,30263.46000,30256.71000,30259.21000,487
2026.05.29,16:25,30259.46000,30268.84000,30256.71000,30263.59000,555
2026.05.29,16:30,30263.34000,30265.21000,30249.09000,30264.09000,755
2026.05.29,16:35,30264.21000,30265.96000,30243.59000,30246.09000,734
2026.05.29,16:40,30246.71000,30258.46000,30245.46000,30255.84000,695
2026.05.29,16:45,30256.09000,30266.59000,30255.59000,30262.59000,539
2026.05.29,16:50,30262.71000,30263.21000,30254.34000,30257.21000,600
2026.05.29,16:55,30256.96000,30257.59000,30246.21000,30251.96000,504
2026.05.29,17:00,30252.09000,30267.84000,30251.71000,30263.21000,755
2026.05.29,17:05,30262.96000,30275.34000,30261.46000,30273.96000,575
2026.05.29,17:10,30274.21000,30276.96000,30267.71000,30274.09000,537
2026.05.29,17:15,30273.71000,30281.21000,30270.96000,30281.21000,608
2026.05.29,17:20,30281.71000,30293.21000,30279.46000,30284.71000,716
2026.05.29,17:25,30284.84000,30289.96000,30265.21000,30267.96000,870
2026.05.29,17:30,30268.34000,30283.34000,30263.96000,30273.34000,946
2026.05.29,17:35,30273.59000,30286.21000,30272.59000,30278.46000,674
2026.05.29,17:40,30278.34000,30284.46000,30274.09000,30279.59000,627
2026.05.29,17:45,30279.71000,30290.09000,30277.71000,30287.71000,546
2026.05.29,17:50,30287.84000,30298.84000,30286.84000,30296.96000,481
2026.05.29,17:55,30296.71000,30301.84000,30294.46000,30300.21000,463
2026.05.29,18:00,30299.84000,30299.96000,30286.59000,30286.59000,851
2026.05.29,18:05,30287.09000,30293.96000,30278.59000,30291.71000,610
2026.05.29,18:10,30291.96000,30293.84000,30273.84000,30276.34000,717
2026.05.29,18:15,30276.09000,30278.09000,30267.21000,30267.46000,805
2026.05.29,18:20,30267.84000,30271.34000,30253.34000,30254.34000,861
2026.05.29,18:25,30254.09000,30256.34000,30245.96000,30251.46000,884
2026.05.29,18:30,30251.21000,30254.46000,30234.59000,30245.34000,973
2026.05.29,18:35,30245.09000,30245.34000,30218.21000,30230.09000,987
2026.05.29,18:40,30229.84000,30235.96000,30224.84000,30228.96000,906
2026.05.29,18:45,30228.46000,30244.96000,30227.71000,30240.96000,733
2026.05.29,18:50,30241.09000,30250.84000,30240.84000,30241.96000,685
2026.05.29,18:55,30242.09000,30253.34000,30242.09000,30251.59000,712
2026.05.29,19:00,30251.46000,30269.59000,30247.21000,30247.84000,1084
2026.05.29,19:05,30247.34000,30257.96000,30239.09000,30248.96000,1015
2026.05.29,19:10,30248.46000,30264.96000,30246.84000,30262.84000,900
2026.05.29,19:15,30263.09000,30268.21000,30257.21000,30259.46000,853
2026.05.29,19:20,30259.71000,30269.96000,30252.59000,30255.09000,805
2026.05.29,19:25,30254.71000,30265.21000,30243.84000,30264.09000,948
2026.05.29,19:30,30263.84000,30273.46000,30261.84000,30269.21000,697
2026.05.29,19:35,30269.34000,30274.09000,30257.84000,30274.09000,800
2026.05.29,19:40,30273.96000,30276.84000,30259.21000,30260.34000,677
2026.05.29,19:45,30260.71000,30260.84000,30242.21000,30243.71000,716
2026.05.29,19:50,30244.21000,30258.96000,30244.09000,30257.96000,772
2026.05.29,19:55,30258.09000,30270.21000,30256.59000,30266.96000,588
2026.05.29,20:00,30267.09000,30289.46000,30260.96000,30281.46000,922
2026.05.29,20:05,30281.71000,30294.96000,30278.34000,30291.71000,680
2026.05.29,20:10,30291.96000,30312.21000,30289.84000,30311.96000,877
2026.05.29,20:15,30311.84000,30317.84000,30300.96000,30316.21000,989
2026.05.29,20:20,30315.96000,30320.09000,30295.21000,30296.71000,878
2026.05.29,20:25,30297.09000,30309.71000,30288.71000,30304.21000,901
2026.05.29,20:30,30304.71000,30306.21000,30292.96000,30298.21000,804
2026.05.29,20:35,30298.09000,30298.59000,30286.46000,30290.46000,673
2026.05.29,20:40,30290.59000,30295.71000,30280.46000,30281.84000,667
2026.05.29,20:45,30281.96000,30300.84000,30280.96000,30293.71000,688
2026.05.29,20:50,30293.96000,30295.71000,30280.09000,30283.46000,666
2026.05.29,20:55,30283.59000,30289.96000,30279.96000,30282.71000,682
2026.05.29,21:00,30283.59000,30284.96000,30256.09000,30258.09000,826
2026.05.29,21:05,30258.21000,30264.21000,30252.34000,30255.59000,815
2026.05.29,21:10,30255.34000,30271.21000,30254.71000,30267.59000,682
2026.05.29,21:15,30267.46000,30270.96000,30254.71000,30258.84000,697
2026.05.29,21:20,30258.71000,30276.71000,30258.71000,30276.59000,735
2026.05.29,21:25,30276.46000,30284.09000,30270.46000,30280.21000,660
2026.05.29,21:30,30280.59000,30285.21000,30273.34000,30283.46000,709
2026.05.29,21:35,30283.84000,30297.96000,30280.71000,30291.84000,737
2026.05.29,21:40,30292.09000,30293.96000,30282.71000,30290.59000,728
2026.05.29,21:45,30290.84000,30300.96000,30287.84000,30294.96000,759
2026.05.29,21:50,30294.84000,30299.34000,30288.84000,30288.84000,577
2026.05.29,21:55,30289.34000,30294.21000,30285.34000,30291.59000,669
2026.05.29,22:00,30290.46000,30309.59000,30290.46000,30303.71000,829
2026.05.29,22:05,30304.09000,30313.71000,30303.21000,30306.46000,686
2026.05.29,22:10,30306.96000,30314.96000,30301.21000,30313.59000,626
2026.05.29,22:15,30313.46000,30323.21000,30310.96000,30315.71000,629
2026.05.29,22:20,30315.21000,30320.46000,30305.84000,30311.84000,842
2026.05.29,22:25,30311.96000,30317.46000,30283.71000,30284.71000,887
2026.05.29,22:30,30284.84000,30289.96000,30263.96000,30266.34000,1047
2026.05.29,22:35,30266.09000,30281.96000,30260.96000,30279.09000,891
2026.05.29,22:40,30279.21000,30303.59000,30278.21000,30295.34000,789
2026.05.29,22:45,30294.59000,30305.84000,30286.71000,30289.34000,715
2026.05.29,22:50,30288.96000,30293.09000,30251.21000,30282.09000,1215
2026.05.29,22:55,30282.34000,30301.84000,30280.09000,30301.34000,806
2026.05.29,23:00,30300.84000,30301.96000,30278.59000,30280.71000,868
2026.05.29,23:05,30281.34000,30281.34000,30265.96000,30272.59000,972
2026.05.29,23:10,30272.09000,30282.71000,30266.96000,30272.09000,828
2026.05.29,23:15,30272.21000,30284.96000,30264.71000,30282.34000,776
2026.05.29,23:20,30282.21000,30282.96000,30264.21000,30269.21000,767
2026.05.29,23:25,30268.46000,30278.71000,30263.84000,30278.46000,745
2026.05.29,23:30,30278.59000,30283.21000,30249.59000,30264.59000,1020
2026.05.29,23:35,30264.09000,30264.09000,30251.21000,30259.09000,987
2026.05.29,23:40,30259.21000,30275.09000,30257.34000,30273.59000,826
2026.05.29,23:45,30273.34000,30279.21000,30262.71000,30278.59000,707
2026.05.29,23:50,30278.71000,30299.46000,30277.71000,30296.46000,899
2026.05.29,23:55,30296.59000,30301.21000,30289.96000,30300.59000,749
2026.05.30,00:00,30301.59000,30313.84000,30292.84000,30310.84000,1007
2026.05.30,00:05,30310.96000,30314.84000,30303.46000,30303.46000,941
2026.05.30,00:10,30303.59000,30308.21000,30294.71000,30296.21000,961
2026.05.30,00:15,30296.46000,30299.59000,30287.71000,30290.96000,941
2026.05.30,00:20,30291.09000,30300.09000,30289.71000,30298.59000,949
2026.05.30,00:25,30307.21000,30335.59000,30304.21000,30335.59000,1277
2026.05.30,00:30,30333.84000,30377.36000,30317.74000,30327.24000,2501
2026.05.30,00:35,30327.11000,30390.24000,30322.99000,30380.61000,2357
2026.05.30,00:40,30380.49000,30412.99000,30376.61000,30412.61000,2157
2026.05.30,00:45,30413.36000,30443.74000,30404.49000,30437.99000,2245
2026.05.30,00:50,30437.49000,30464.49000,30428.86000,30448.74000,2184
2026.05.30,00:55,30448.49000,30471.49000,30442.49000,30470.86000,2090
2026.05.30,01:00,30472.99000,30487.24000,30450.74000,30466.11000,2126
2026.05.30,01:05,30466.49000,30471.36000,30426.86000,30427.61000,2086
2026.05.30,01:10,30427.99000,30453.74000,30396.74000,30412.11000,2250
2026.05.30,01:15,30411.49000,30413.86000,30345.74000,30366.86000,2185
2026.05.30,01:20,30365.86000,30394.61000,30339.11000,30339.11000,2209
2026.05.30,01:25,30338.61000,30359.36000,30298.61000,30357.61000,2250
2026.05.30,01:30,30357.74000,30388.99000,30339.86000,30388.99000,2172
2026.05.30,01:35,30387.86000,30389.11000,30300.11000,30300.11000,2239
2026.05.30,01:40,30300.99000,30316.86000,30241.24000,30245.49000,2258
2026.05.30,01:45,30244.99000,30274.49000,30222.36000,30254.74000,2297
2026.05.30,01:50,30253.24000,30346.11000,30246.99000,30292.74000,2346
2026.05.30,01:55,30291.99000,30339.86000,30291.24000,30312.24000,2223
2026.05.30,02:00,30311.24000,30329.24000,30293.36000,30318.86000,2127
2026.05.30,02:05,30318.61000,30346.74000,30289.11000,30342.11000,1974
2026.05.30,02:10,30342.99000,30380.86000,30339.99000,30378.24000,1906
2026.05.30,02:15,30378.61000,30391.11000,30347.36000,30349.11000,1921
2026.05.30,02:20,30348.24000,30356.74000,30312.49000,30350.11000,1946
2026.05.30,02:25,30349.61000,30373.49000,30326.24000,30348.74000,1802
2026.05.30,02:30,30349.61000,30370.11000,30347.86000,30353.61000,1789
2026.05.30,02:35,30352.74000,30371.11000,30337.49000,30362.86000,1851
2026.05.30,02:40,30362.49000,30367.36000,30317.11000,30328.86000,1907
2026.05.30,02:45,30328.74000,30337.36000,30308.11000,30333.61000,1884
2026.05.30,02:50,30333.49000,30348.11000,30318.11000,30332.61000,1707
2026.05.30,02:55,30332.36000,30337.49000,30307.41000,30314.36000,1684
2026.05.30,03:00,30314.11000,30361.24000,30310.24000,30357.74000,1624
2026.05.30,03:05,30358.11000,30389.24000,30349.11000,30388.24000,1593
2026.05.30,03:10,30388.49000,30399.24000,30379.86000,30387.24000,1595
2026.05.30,03:15,30386.99000,30399.49000,30362.99000,30365.36000,1690
2026.05.30,03:20,30365.49000,30393.11000,30362.24000,30378.61000,1592
2026.05.30,03:25,30378.49000,30378.49000,30352.74000,30355.74000,1557
2026.05.30,03:30,30355.99000,30381.74000,30338.11000,30373.86000,1759
2026.05.30,03:35,30373.74000,30395.61000,30368.36000,30392.49000,1524
2026.05.30,03:40,30392.99000,30399.11000,30370.99000,30374.11000,1509
2026.05.30,03:45,30374.36000,30378.74000,30360.61000,30366.36000,1492
2026.05.30,03:50,30366.24000,30367.49000,30339.36000,30350.11000,1532
2026.05.30,03:55,30350.24000,30353.36000,30327.36000,30349.49000,1594
2026.05.30,04:00,30349.61000,30362.36000,30340.99000,30343.11000,1449
2026.05.30,04:05,30343.74000,30353.49000,30334.36000,30346.24000,1415
2026.05.30,04:10,30345.99000,30355.49000,30333.74000,30344.24000,1464
2026.05.30,04:15,30343.99000,30350.74000,30334.24000,30339.24000,1418
2026.05.30,04:20,30339.61000,30343.11000,30308.49000,30329.86000,1696
2026.05.30,04:25,30329.99000,30334.74000,30307.36000,30319.24000,1527
2026.05.30,04:30,30319.11000,30324.11000,30299.49000,30318.74000,1564
2026.05.30,04:35,30319.11000,30328.24000,30309.11000,30316.99000,1470
2026.05.30,04:40,30317.24000,30322.24000,30293.49000,30299.61000,1573
2026.05.30,04:45,30299.36000,30306.11000,30290.11000,30297.49000,1434
2026.05.30,04:50,30297.36000,30312.49000,30281.86000,30282.36000,1547
2026.05.30,04:55,30281.99000,30282.24000,30247.86000,30254.11000,1768
2026.05.30,05:00,30254.36000,30282.74000,30243.24000,30282.11000,1688
2026.05.30,05:05,30282.99000,30304.99000,30282.36000,30303.99000,1457
2026.05.30,05:10,30304.11000,30317.86000,30287.61000,30294.24000,1372
2026.05.30,05:15,30294.49000,30304.24000,30280.61000,30302.74000,1506
2026.05.30,05:20,30302.86000,30316.74000,30296.86000,30316.49000,1380
2026.05.30,05:25,30316.36000,30336.99000,30311.86000,30331.11000,1264
2026.05.30,05:30,30331.99000,30353.86000,30331.61000,30346.99000,1211
2026.05.30,05:35,30346.86000,30348.61000,30319.36000,30328.99000,1389
2026.05.30,05:40,30329.11000,30339.99000,30327.49000,30336.74000,1385
2026.05.30,05:45,30336.99000,30337.24000,30286.36000,30299.49000,1729
2026.05.30,05:50,30299.86000,30307.99000,30273.99000,30295.24000,1635
2026.05.30,05:55,30295.11000,30298.11000,30268.36000,30276.61000,1629
2026.05.30,06:00,30276.11000,30304.24000,30267.49000,30295.86000,1645
2026.05.30,06:05,30296.49000,30320.61000,30295.61000,30315.24000,1440
2026.05.30,06:10,30315.11000,30320.49000,30309.86000,30316.99000,1423
2026.05.30,06:15,30316.74000,30320.99000,30296.86000,30310.74000,1436
2026.05.30,06:20,30311.36000,30325.24000,30305.74000,30319.74000,1275
2026.05.30,06:25,30318.11000,30335.99000,30307.24000,30333.99000,1355
2026.05.30,06:30,30333.74000,30354.49000,30333.74000,30354.49000,1407
2026.05.30,06:35,30355.99000,30383.99000,30353.74000,30380.74000,1397
2026.05.30,06:40,30380.49000,30391.49000,30373.74000,30381.36000,1429
2026.05.30,06:45,30381.61000,30390.49000,30364.24000,30387.11000,1400
2026.05.30,06:50,30391.86000,30396.86000,30352.36000,30360.49000,2129
2026.05.30,06:55,30356.99000,30375.86000,30346.99000,30347.99000,1997
2026.05.30,07:00,30346.21000,30361.59000,30340.96000,30358.09000,1482
2026.05.30,07:05,30357.96000,30361.59000,30345.59000,30352.21000,948
2026.05.30,07:10,30352.59000,30355.46000,30341.71000,30347.09000,961
2026.05.30,07:15,30348.21000,30348.21000,30332.84000,30335.71000,751
2026.05.30,07:20,30336.21000,30347.84000,30333.09000,30345.21000,630
2026.05.30,07:25,30345.46000,30345.46000,30330.46000,30337.96000,814
2026.05.30,07:30,30338.09000,30341.71000,30334.71000,30341.59000,601
2026.05.30,07:35,30341.34000,30343.71000,30337.59000,30338.21000,556
2026.05.30,07:40,30338.34000,30338.34000,30327.96000,30333.91000,570
2026.06.01,09:00,30376.60000,30400.03000,30321.85000,30332.15000,1308
2026.06.01,09:05,30334.53000,30352.53000,30327.03000,30338.90000,988
2026.06.01,09:10,30338.78000,30380.15000,30334.15000,30379.53000,929
2026.06.01,09:15,30379.78000,30380.65000,30368.78000,30371.90000,752
2026.06.01,09:20,30371.65000,30393.40000,30356.53000,30388.15000,976
2026.06.01,09:25,30388.28000,30397.15000,30382.78000,30384.53000,701
2026.06.01,09:30,30384.15000,30406.03000,30384.15000,30397.78000,750
2026.06.01,09:35,30398.03000,30402.40000,30388.40000,30394.15000,563
2026.06.01,09:40,30394.28000,30413.65000,30394.03000,30413.65000,533
2026.06.01,09:45,30415.28000,30433.15000,30414.78000,30425.28000,797
2026.06.01,09:50,30425.53000,30432.40000,30423.40000,30425.40000,489
2026.06.01,09:55,30425.15000,30429.15000,30412.78000,30416.15000,562
2026.06.01,10:00,30416.78000,30439.03000,30411.28000,30433.28000,682
2026.06.01,10:05,30433.15000,30438.15000,30423.28000,30427.15000,500
2026.06.01,10:10,30427.03000,30432.53000,30421.28000,30425.78000,466
2026.06.01,10:15,30425.53000,30430.53000,30424.40000,30427.03000,408
2026.06.01,10:20,30427.15000,30431.15000,30412.65000,30418.28000,503
2026.06.01,10:25,30416.78000,30432.90000,30416.28000,30428.28000,487
2026.06.01,10:30,30428.15000,30438.28000,30421.78000,30426.53000,636
2026.06.01,10:35,30426.40000,30429.78000,30420.40000,30427.28000,434
2026.06.01,10:40,30426.65000,30428.90000,30421.53000,30426.15000,379
2026.06.01,10:45,30426.53000,30433.78000,30421.40000,30427.53000,736
2026.06.01,10:50,30427.78000,30445.28000,30424.15000,30439.90000,795
2026.06.01,10:55,30439.78000,30443.28000,30436.78000,30437.78000,596
2026.06.01,11:00,30438.65000,30472.40000,30431.90000,30468.78000,1433
2026.06.01,11:05,30469.53000,30479.65000,30465.40000,30472.90000,1130
2026.06.01,11:10,30472.65000,30483.90000,30464.78000,30473.15000,1124
2026.06.01,11:15,30472.78000,30480.65000,30455.65000,30460.53000,1212
2026.06.01,11:20,30461.28000,30489.90000,30461.28000,30488.03000,1086
2026.06.01,11:25,30487.90000,30505.90000,30482.90000,30504.40000,870
2026.06.01,11:30,30504.15000,30512.15000,30487.40000,30494.65000,1046
2026.06.01,11:35,30494.78000,30502.15000,30486.90000,30497.28000,979
2026.06.01,11:40,30497.15000,30509.78000,30493.65000,30504.65000,819
2026.06.01,11:45,30504.90000,30512.15000,30501.53000,30506.28000,935
2026.06.01,11:50,30506.15000,30514.15000,30497.15000,30506.65000,920
2026.06.01,11:55,30506.78000,30515.03000,30495.65000,30501.03000,1005
2026.06.01,12:00,30501.15000,30510.03000,30483.90000,30490.03000,1265
2026.06.01,12:05,30490.28000,30496.15000,30482.65000,30488.15000,1071
2026.06.01,12:10,30488.03000,30498.90000,30484.15000,30491.40000,975
2026.06.01,12:15,30490.90000,30502.78000,30489.53000,30496.28000,1088
2026.06.01,12:20,30496.15000,30511.28000,30492.65000,30497.65000,902
2026.06.01,12:25,30497.90000,30502.15000,30492.35000,30493.40000,865
2026.06.01,12:30,30493.65000,30504.65000,30487.78000,30504.28000,1088
2026.06.01,12:35,30504.53000,30508.78000,30496.03000,30496.40000,1006
2026.06.01,12:40,30496.65000,30500.40000,30491.10000,30500.03000,766
2026.06.01,12:45,30499.90000,30505.40000,30493.90000,30501.15000,956
2026.06.01,12:50,30502.03000,30512.65000,30497.90000,30510.28000,861
2026.06.01,12:55,30510.90000,30510.90000,30504.65000,30508.65000,856
2026.06.01,13:00,30509.28000,30525.15000,30507.03000,30510.90000,889
2026.06.01,13:05,30510.78000,30520.65000,30510.28000,30519.78000,849
2026.06.01,13:10,30519.90000,30527.03000,30516.15000,30524.28000,660
2026.06.01,13:15,30524.40000,30525.28000,30518.15000,30520.15000,629
2026.06.01,13:20,30520.28000,30529.03000,30519.65000,30523.90000,593
2026.06.01,13:25,30524.03000,30526.15000,30516.03000,30522.40000,564
2026.06.01,13:30,30522.28000,30522.40000,30511.28000,30517.40000,733
2026.06.01,13:35,30517.15000,30524.28000,30517.15000,30520.15000,640
2026.06.01,13:40,30519.90000,30519.90000,30507.90000,30509.65000,695
2026.06.01,13:45,30509.90000,30512.53000,30506.65000,30509.40000,625
2026.06.01,13:50,30509.65000,30510.65000,30503.90000,30508.03000,558
2026.06.01,13:55,30507.40000,30511.53000,30504.40000,30509.78000,601
2026.06.01,14:00,30509.65000,30521.78000,30509.65000,30518.53000,557
2026.06.01,14:05,30518.28000,30525.03000,30515.03000,30522.90000,625
2026.06.01,14:10,30522.65000,30526.28000,30520.40000,30521.40000,552
2026.06.01,14:15,30521.28000,30527.28000,30498.90000,30522.65000,831
2026.06.01,14:20,30522.28000,30536.15000,30514.53000,30533.40000,829
2026.06.01,14:25,30533.65000,30538.15000,30531.40000,30534.15000,647
2026.06.01,14:30,30534.03000,30554.40000,30534.03000,30546.15000,905
2026.06.01,14:35,30546.03000,30546.28000,30528.15000,30529.15000,708
2026.06.01,14:40,30528.78000,30529.28000,30513.65000,30514.90000,850
2026.06.01,14:45,30514.78000,30525.15000,30507.40000,30518.53000,867
2026.06.01,14:50,30518.78000,30520.15000,30497.65000,30502.03000,853
2026.06.01,14:55,30501.65000,30507.28000,30498.28000,30506.03000,756
2026.06.01,15:00,30506.53000,30519.90000,30504.28000,30518.90000,735
2026.06.01,15:05,30518.65000,30523.28000,30512.78000,30517.90000,575
2026.06.01,15:10,30518.03000,30524.53000,30514.65000,30518.53000,737
2026.06.01,15:15,30518.40000,30520.40000,30511.53000,30515.90000,648
2026.06.01,15:20,30515.78000,30523.90000,30510.90000,30523.90000,637
2026.06.01,15:25,30523.40000,30527.40000,30516.15000,30521.28000,647
2026.06.01,15:30,30521.15000,30526.15000,30511.78000,30512.15000,538
2026.06.01,15:35,30511.78000,30525.40000,30511.78000,30524.65000,525
2026.06.01,15:40,30524.90000,30541.15000,30523.65000,30540.15000,629
2026.06.01,15:45,30539.90000,30540.15000,30529.53000,30532.90000,563
2026.06.01,15:50,30532.78000,30538.78000,30532.53000,30534.40000,503
2026.06.01,15:55,30534.65000,30537.28000,30530.53000,30533.78000,412
2026.06.01,16:00,30533.65000,30536.40000,30529.15000,30535.65000,686
2026.06.01,16:05,30535.53000,30540.90000,30524.78000,30526.15000,579
2026.06.01,16:10,30525.28000,30534.78000,30520.90000,30531.65000,676
2026.06.01,16:15,30531.90000,30531.90000,30522.03000,30527.28000,601
2026.06.01,16:20,30527.40000,30538.15000,30527.03000,30528.90000,611
2026.06.01,16:25,30529.15000,30529.15000,30511.40000,30513.78000,721
2026.06.01,16:30,30513.90000,30525.28000,30513.90000,30520.78000,1005
2026.06.01,16:35,30520.90000,30532.40000,30519.65000,30526.15000,775
2026.06.01,16:40,30526.53000,30536.65000,30526.40000,30535.03000,797
2026.06.01,16:45,30534.65000,30549.78000,30531.65000,30547.90000,591
2026.06.01,16:50,30548.03000,30551.28000,30542.90000,30543.65000,648
2026.06.01,16:55,30543.78000,30546.78000,30535.85000,30539.53000,554
2026.06.01,17:00,30540.28000,30549.78000,30540.03000,30541.65000,683
2026.06.01,17:05,30541.15000,30545.40000,30537.90000,30544.40000,596
2026.06.01,17:10,30544.53000,30545.65000,30532.65000,30536.28000,585
2026.06.01,17:15,30536.15000,30538.15000,30529.90000,30537.53000,556
2026.06.01,17:20,30537.15000,30538.03000,30530.40000,30530.90000,518
2026.06.01,17:25,30530.65000,30531.65000,30515.35000,30518.90000,624
2026.06.01,17:30,30517.53000,30539.90000,30516.65000,30538.78000,692
2026.06.01,17:35,30538.90000,30540.53000,30523.40000,30525.15000,505
2026.06.01,17:40,30525.28000,30531.53000,30521.28000,30528.90000,566
2026.06.01,17:45,30528.53000,30548.90000,30527.90000,30546.90000,706
2026.06.01,17:50,30547.28000,30547.78000,30539.15000,30541.40000,593
2026.06.01,17:55,30541.53000,30546.65000,30536.40000,30539.65000,630
2026.06.01,18:00,30539.53000,30548.78000,30532.65000,30547.15000,872
2026.06.01,18:05,30547.53000,30552.28000,30536.90000,30540.90000,736
2026.06.01,18:10,30541.90000,30546.90000,30526.35000,30530.65000,701
2026.06.01,18:15,30531.15000,30533.65000,30506.65000,30514.15000,815
2026.06.01,18:20,30513.53000,30514.28000,30497.28000,30499.53000,830
2026.06.01,18:25,30499.40000,30499.40000,30474.03000,30482.78000,962
2026.06.01,18:30,30482.65000,30491.78000,30479.40000,30487.65000,912
2026.06.01,18:35,30487.53000,30490.28000,30465.78000,30466.53000,761
2026.06.01,18:40,30467.40000,30468.15000,30447.03000,30462.53000,1048
2026.06.01,18:45,30461.65000,30465.53000,30453.03000,30461.15000,879
2026.06.01,18:50,30460.78000,30471.53000,30452.78000,30464.03000,851
2026.06.01,18:55,30463.78000,30474.65000,30463.78000,30471.65000,727
2026.06.01,19:00,30472.15000,30476.40000,30451.40000,30454.28000,1109
2026.06.01,19:05,30453.53000,30459.15000,30438.15000,30438.15000,1093
2026.06.01,19:10,30438.03000,30446.40000,30432.65000,30435.90000,969
2026.06.01,19:15,30436.03000,30438.53000,30427.03000,30432.90000,933
2026.06.01,19:20,30432.78000,30440.40000,30427.53000,30428.90000,762
2026.06.01,19:25,30429.03000,30429.90000,30415.03000,30415.03000,837
2026.06.01,19:30,30416.65000,30428.53000,30404.28000,30428.53000,981
2026.06.01,19:35,30429.03000,30431.03000,30415.90000,30429.90000,881
2026.06.01,19:40,30430.03000,30440.03000,30422.40000,30439.28000,793
2026.06.01,19:45,30439.03000,30443.28000,30420.15000,30441.65000,799
2026.06.01,19:50,30441.53000,30453.78000,30435.03000,30452.90000,655
2026.06.01,19:55,30453.53000,30460.78000,30448.65000,30459.65000,566
2026.06.01,20:00,30459.78000,30472.53000,30459.78000,30472.15000,685
2026.06.01,20:05,30472.28000,30472.40000,30452.90000,30458.65000,690
2026.06.01,20:10,30458.90000,30462.65000,30441.78000,30444.53000,740
2026.06.01,20:15,30444.40000,30456.28000,30439.78000,30454.15000,737
2026.06.01,20:20,30453.53000,30454.65000,30442.78000,30445.28000,651
2026.06.01,20:25,30445.15000,30447.15000,30430.90000,30432.40000,737
2026.06.01,20:30,30432.65000,30439.40000,30428.03000,30434.65000,792
2026.06.01,20:35,30434.90000,30435.65000,30424.65000,30431.28000,670
2026.06.01,20:40,30431.15000,30435.78000,30426.78000,30432.90000,646
2026.06.01,20:45,30433.40000,30435.03000,30416.90000,30417.65000,702
2026.06.01,20:50,30417.53000,30425.65000,30414.53000,30421.15000,782
2026.06.01,20:55,30421.65000,30426.65000,30415.78000,30422.65000,674
2026.06.01,21:00,30423.28000,30430.65000,30422.90000,30424.78000,744
2026.06.01,21:05,30424.65000,30430.15000,30414.60000,30429.15000,673
2026.06.01,21:10,30429.28000,30445.03000,30426.15000,30444.40000,606
2026.06.01,21:15,30443.78000,30449.15000,30436.90000,30440.15000,633
2026.06.01,21:20,30440.40000,30442.03000,30427.40000,30437.90000,714
2026.06.01,21:25,30437.78000,30449.65000,30434.03000,30447.03000,509
2026.06.01,21:30,30447.28000,30463.65000,30447.28000,30459.40000,635
2026.06.01,21:35,30458.78000,30463.03000,30454.53000,30457.40000,627
2026.06.01,21:40,30457.65000,30465.03000,30454.03000,30461.40000,605
2026.06.01,21:45,30461.15000,30464.53000,30453.28000,30464.28000,554
2026.06.01,21:50,30464.40000,30464.78000,30453.90000,30454.78000,503
2026.06.01,21:55,30454.90000,30459.40000,30451.53000,30454.40000,579
2026.06.01,22:00,30454.28000,30456.78000,30433.65000,30433.90000,1109
2026.06.01,22:05,30434.15000,30442.03000,30429.65000,30440.03000,1058
2026.06.01,22:10,30439.78000,30440.28000,30422.65000,30431.40000,833
2026.06.01,22:15,30430.53000,30431.53000,30416.65000,30430.40000,845
2026.06.01,22:20,30431.15000,30431.40000,30418.28000,30419.65000,827
2026.06.01,22:25,30419.78000,30424.65000,30413.28000,30421.15000,842
2026.06.01,22:30,30420.78000,30438.65000,30412.40000,30436.03000,954
2026.06.01,22:35,30435.90000,30458.90000,30435.78000,30458.90000,860
2026.06.01,22:40,30459.15000,30461.65000,30437.53000,30444.65000,871
2026.06.01,22:45,30444.53000,30451.40000,30437.90000,30444.78000,747
2026.06.01,22:50,30444.90000,30446.28000,30424.40000,30429.03000,825
2026.06.01,22:55,30428.90000,30432.53000,30421.28000,30423.15000,820
2026.06.01,23:00,30423.40000,30424.53000,30405.78000,30415.90000,967
2026.06.01,23:05,30415.65000,30423.15000,30394.40000,30395.40000,1120
2026.06.01,23:10,30394.65000,30408.40000,30379.90000,30383.65000,1149
2026.06.01,23:15,30382.78000,30395.90000,30375.90000,30393.28000,1092
2026.06.01,23:20,30392.90000,30409.90000,30390.90000,30407.40000,973
2026.06.01,23:25,30407.65000,30418.90000,30405.90000,30410.53000,891
2026.06.01,23:30,30410.40000,30415.90000,30393.90000,30405.40000,958
2026.06.01,23:35,30405.15000,30440.40000,30404.15000,30436.15000,959
2026.06.01,23:40,30435.53000,30449.28000,30426.78000,30445.53000,982
2026.06.01,23:45,30446.03000,30456.53000,30433.90000,30435.40000,1187
2026.06.01,23:50,30435.03000,30436.78000,30411.78000,30417.15000,927
2026.06.01,23:55,30416.40000,30419.90000,30406.65000,30409.53000,859
2026.06.02,00:00,30410.65000,30414.40000,30391.53000,30396.90000,1113
2026.06.02,00:05,30396.28000,30416.15000,30390.65000,30410.40000,1030
2026.06.02,00:10,30410.65000,30416.28000,30275.10000,30307.15000,2105
2026.06.02,00:15,30307.65000,30343.10000,30300.03000,30311.03000,1914
2026.06.02,00:20,30310.53000,30315.65000,30256.15000,30256.15000,2023
2026.06.02,00:25,30262.90000,30304.15000,30252.40000,30304.15000,1964
2026.06.02,00:30,30303.68000,30381.18000,30270.93000,30340.80000,2560
2026.06.02,00:35,30340.43000,30422.30000,30332.55000,30396.93000,2446
2026.06.02,00:40,30396.43000,30409.80000,30364.18000,30373.68000,2415
2026.06.02,00:45,30372.80000,30427.55000,30372.80000,30388.30000,2390
2026.06.02,00:50,30389.18000,30411.68000,30338.18000,30338.18000,2358
2026.06.02,00:55,30338.30000,30344.05000,30267.10000,30271.10000,2272
2026.06.02,01:00,30272.35000,30302.43000,30256.93000,30268.93000,2366
2026.06.02,01:05,30269.05000,30342.18000,30264.05000,30335.18000,2296
2026.06.02,01:10,30334.68000,30339.68000,30300.30000,30313.80000,2251
2026.06.02,01:15,30313.18000,30363.30000,30300.30000,30326.30000,2308
2026.06.02,01:20,30324.68000,30382.05000,30320.18000,30366.05000,2125
2026.06.02,01:25,30366.43000,30371.05000,30335.55000,30342.55000,2123
2026.06.02,01:30,30342.43000,30391.68000,30330.30000,30375.93000,2172
2026.06.02,01:35,30376.55000,30391.55000,30352.55000,30365.30000,2117
2026.06.02,01:40,30365.05000,30391.05000,30359.05000,30380.80000,1964
2026.06.02,01:45,30381.30000,30405.30000,30367.43000,30390.80000,1921
2026.06.02,01:50,30389.93000,30407.68000,30372.80000,30391.80000,1975
2026.06.02,01:55,30391.68000,30400.68000,30375.80000,30397.68000,1900
2026.06.02,02:00,30397.43000,30407.80000,30381.43000,30393.05000,1928
2026.06.02,02:05,30392.80000,30417.55000,30376.30000,30400.18000,1972
2026.06.02,02:10,30398.68000,30414.93000,30376.68000,30406.05000,1888
2026.06.02,02:15,30406.80000,30430.93000,30406.80000,30423.55000,1856
2026.06.02,02:20,30423.80000,30449.05000,30423.55000,30438.55000,1722
2026.06.02,02:25,30438.18000,30448.30000,30423.30000,30440.05000,1767
2026.06.02,02:30,30439.05000,30507.93000,30439.05000,30495.30000,2017
2026.06.02,02:35,30496.05000,30514.68000,30492.05000,30497.80000,1811
2026.06.02,02:40,30498.05000,30508.55000,30481.43000,30498.55000,1677
2026.06.02,02:45,30499.05000,30501.30000,30468.05000,30469.55000,1650
2026.06.02,02:50,30469.30000,30490.05000,30460.93000,30487.18000,1499
2026.06.02,02:55,30487.30000,30488.68000,30457.43000,30462.68000,1556
2026.06.02,03:00,30462.55000,30494.80000,30462.55000,30473.18000,1536
2026.06.02,03:05,30473.43000,30474.80000,30457.30000,30463.68000,1479
2026.06.02,03:10,30464.30000,30466.55000,30429.60000,30443.30000,1728
2026.06.02,03:15,30442.80000,30449.68000,30412.55000,30434.93000,1670
2026.06.02,03:20,30434.80000,30462.43000,30432.30000,30459.93000,1606
2026.06.02,03:25,30460.43000,30472.55000,30453.18000,30470.80000,1632
2026.06.02,03:30,30471.43000,30497.05000,30471.43000,30491.05000,1628
2026.06.02,03:35,30491.30000,30500.93000,30479.93000,30496.18000,1504
2026.06.02,03:40,30496.05000,30499.80000,30483.18000,30484.18000,1401
2026.06.02,03:45,30483.93000,30487.43000,30468.68000,30485.93000,1454
2026.06.02,03:50,30486.05000,30535.43000,30483.18000,30533.18000,1676
2026.06.02,03:55,30533.30000,30545.05000,30527.55000,30542.18000,1636
2026.06.02,04:00,30541.68000,30544.80000,30508.55000,30509.18000,1678
2026.06.02,04:05,30509.43000,30520.30000,30495.93000,30500.43000,1459
2026.06.02,04:10,30500.05000,30518.30000,30499.80000,30510.80000,1410
2026.06.02,04:15,30510.68000,30519.68000,30499.18000,30504.05000,1430
2026.06.02,04:20,30503.93000,30522.18000,30499.30000,30517.68000,1390
2026.06.02,04:25,30517.43000,30562.30000,30508.43000,30562.30000,1371
2026.06.02,04:30,30562.05000,30578.05000,30529.80000,30536.68000,1911
2026.06.02,04:35,30537.18000,30564.05000,30530.43000,30558.68000,1611
2026.06.02,04:40,30558.18000,30647.30000,30553.55000,30611.93000,1762
2026.06.02,04:45,30612.05000,30643.43000,30611.93000,30633.93000,1692
2026.06.02,04:50,30634.05000,30652.55000,30630.30000,30650.93000,1621
2026.06.02,04:55,30651.18000,30651.93000,30624.18000,30631.05000,1516
2026.06.02,05:00,30631.30000,30635.43000,30625.68000,30628.18000,1455
2026.06.02,05:05,30628.05000,30632.18000,30613.93000,30621.18000,1469
2026.06.02,05:10,30621.30000,30626.05000,30590.68000,30595.68000,1346
2026.06.02,05:15,30596.05000,30609.68000,30587.93000,30607.80000,1417
2026.06.02,05:20,30607.68000,30616.05000,30602.68000,30607.68000,1282
2026.06.02,05:25,30607.80000,30611.68000,30598.68000,30607.55000,1323
2026.06.02,05:30,30607.43000,30613.55000,30593.93000,30611.18000,1255
2026.06.02,05:35,30611.05000,30615.18000,30594.68000,30597.43000,1177
2026.06.02,05:40,30597.68000,30604.55000,30592.43000,30603.43000,1155
2026.06.02,05:45,30603.18000,30603.68000,30581.93000,30584.30000,1126
2026.06.02,05:50,30584.18000,30590.30000,30575.30000,30587.43000,1179
2026.06.02,05:55,30587.30000,30605.30000,30582.68000,30583.80000,1137
2026.06.02,06:00,30583.68000,30599.30000,30573.68000,30598.93000,1524
2026.06.02,06:05,30599.18000,30601.30000,30581.68000,30596.93000,1409
2026.06.02,06:10,30596.68000,30608.18000,30588.93000,30591.05000,1344
2026.06.02,06:15,30591.43000,30593.43000,30579.30000,30583.68000,1480
2026.06.02,06:20,30583.93000,30588.43000,30578.43000,30584.68000,1373
2026.06.02,06:25,30585.68000,30591.93000,30578.80000,30585.55000,1339
2026.06.02,06:30,30584.05000,30585.18000,30555.05000,30556.43000,1570
2026.06.02,06:35,30556.68000,30562.18000,30544.80000,30558.68000,1555
2026.06.02,06:40,30558.43000,30558.43000,30545.18000,30549.80000,1482
2026.06.02,06:45,30548.93000,30555.80000,30531.85000,30534.30000,1488
2026.06.02,06:50,30533.93000,30546.43000,30521.30000,30531.05000,1742
2026.06.02,06:55,30526.43000,30534.18000,30516.68000,30532.30000,1530
2026.06.02,07:00,30531.78000,30535.03000,30516.03000,30527.40000,1107
2026.06.02,07:05,30526.65000,30529.03000,30508.78000,30511.40000,842
2026.06.02,07:10,30511.53000,30521.03000,30509.53000,30516.78000,632
2026.06.02,07:15,30516.03000,30516.03000,30500.03000,30510.03000,749
2026.06.02,07:20,30509.90000,30514.03000,30505.53000,30508.78000,490
2026.06.02,07:25,30508.90000,30510.65000,30501.15000,30506.03000,562
2026.06.02,07:30,30506.28000,30515.65000,30500.40000,30514.90000,526
2026.06.02,07:35,30515.28000,30519.65000,30505.03000,30505.28000,562
2026.06.02,07:40,30504.90000,30533.65000,30500.40000,30515.03000,1172
2026.06.02,07:45,30514.90000,30515.65000,30488.03000,30503.53000,984
2026.06.02,07:50,30503.40000,30504.78000,30484.40000,30487.15000,985
2026.06.02,07:55,30487.40000,30491.40000,30467.90000,30483.48000,1012
2026.06.02,09:00,30505.41000,30507.91000,30446.41000,30448.09000,1091
2026.06.02,09:05,30449.84000,30455.59000,30418.09000,30444.21000,993
2026.06.02,09:10,30443.46000,30446.59000,30437.96000,30438.96000,633
2026.06.02,09:15,30438.21000,30450.84000,30433.09000,30438.21000,598
2026.06.02,09:20,30437.34000,30441.21000,30416.71000,30434.34000,726
2026.06.02,09:25,30434.21000,30438.46000,30413.84000,30417.34000,608
2026.06.02,09:30,30417.21000,30425.71000,30413.96000,30420.21000,576
2026.06.02,09:35,30420.59000,30424.84000,30404.41000,30412.84000,619
2026.06.02,09:40,30412.46000,30416.21000,30400.34000,30407.46000,628
2026.06.02,09:45,30407.71000,30417.59000,30406.09000,30408.59000,588
2026.06.02,09:50,30406.84000,30415.84000,30400.59000,30402.34000,507
2026.06.02,09:55,30402.46000,30422.59000,30394.59000,30420.84000,631
2026.06.02,10:00,30420.71000,30427.84000,30416.96000,30424.34000,550
2026.06.02,10:05,30423.84000,30427.59000,30409.46000,30425.09000,510
2026.06.02,10:10,30424.84000,30425.84000,30416.46000,30416.84000,332
2026.06.02,10:15,30416.59000,30427.71000,30412.96000,30424.71000,418
2026.06.02,10:20,30424.84000,30426.46000,30422.34000,30426.46000,284
2026.06.02,10:25,30425.84000,30426.46000,30417.34000,30419.84000,380
2026.06.02,10:30,30420.34000,30426.09000,30409.46000,30424.84000,527
2026.06.02,10:35,30424.96000,30441.84000,30416.96000,30429.71000,524
2026.06.02,10:40,30429.96000,30435.84000,30417.71000,30421.71000,731
2026.06.02,10:45,30421.46000,30426.96000,30406.34000,30411.84000,864
2026.06.02,10:50,30411.96000,30423.34000,30410.46000,30422.34000,632
2026.06.02,10:55,30422.21000,30432.34000,30419.59000,30431.59000,586
2026.06.02,11:00,30431.84000,30431.84000,30415.46000,30419.34000,1168
2026.06.02,11:05,30419.59000,30426.34000,30380.96000,30385.21000,1275
2026.06.02,11:10,30384.09000,30393.71000,30369.09000,30376.34000,1395
2026.06.02,11:15,30376.21000,30397.96000,30352.96000,30361.96000,1407
2026.06.02,11:20,30361.84000,30371.84000,30348.71000,30353.21000,1170
2026.06.02,11:25,30353.59000,30366.21000,30340.21000,30364.96000,1174
2026.06.02,11:30,30364.71000,30381.59000,30363.84000,30374.46000,1237
2026.06.02,11:35,30374.59000,30384.84000,30355.09000,30361.84000,1109
2026.06.02,11:40,30362.09000,30364.34000,30342.84000,30359.34000,1125
2026.06.02,11:45,30358.59000,30358.84000,30344.96000,30351.21000,1072
2026.06.02,11:50,30350.84000,30353.09000,30338.59000,30340.84000,1032
2026.06.02,11:55,30340.96000,30344.59000,30325.96000,30335.46000,1157
2026.06.02,12:00,30335.34000,30345.59000,30320.09000,30330.84000,1542
2026.06.02,12:05,30330.71000,30345.34000,30326.34000,30329.09000,1299
2026.06.02,12:10,30329.34000,30363.84000,30328.96000,30358.84000,1337
2026.06.02,12:15,30359.09000,30360.59000,30347.21000,30355.34000,1099
2026.06.02,12:20,30354.96000,30358.59000,30336.34000,30345.34000,1017
2026.06.02,12:25,30345.09000,30347.34000,30314.91000,30338.46000,1014
2026.06.02,12:30,30338.59000,30349.59000,30335.34000,30347.96000,1069
2026.06.02,12:35,30348.09000,30351.21000,30323.59000,30327.59000,1113
2026.06.02,12:40,30327.46000,30350.59000,30318.59000,30331.96000,1182
2026.06.02,12:45,30332.21000,30332.21000,30307.71000,30309.96000,1205
2026.06.02,12:50,30309.84000,30315.71000,30300.71000,30310.71000,1146
2026.06.02,12:55,30310.96000,30316.71000,30296.09000,30296.09000,1048
2026.06.02,13:00,30296.34000,30310.09000,30290.09000,30295.09000,1212
2026.06.02,13:05,30295.96000,30302.84000,30285.96000,30286.46000,1128
2026.06.02,13:10,30286.09000,30307.21000,30284.34000,30300.59000,1085
2026.06.02,13:15,30300.46000,30321.71000,30294.21000,30320.96000,1058
2026.06.02,13:20,30321.34000,30330.71000,30311.96000,30318.09000,1011
2026.06.02,13:25,30318.21000,30323.34000,30306.96000,30318.71000,936
2026.06.02,13:30,30318.59000,30333.71000,30318.59000,30332.34000,947
2026.06.02,13:35,30332.21000,30343.59000,30329.71000,30341.84000,802
2026.06.02,13:40,30341.71000,30346.96000,30328.96000,30337.09000,838
2026.06.02,13:45,30337.34000,30340.59000,30324.96000,30331.34000,749
2026.06.02,13:50,30330.84000,30337.96000,30327.71000,30328.46000,660
2026.06.02,13:55,30328.34000,30343.59000,30328.34000,30336.46000,747
2026.06.02,14:00,30336.34000,30345.84000,30327.71000,30328.96000,847
2026.06.02,14:05,30329.09000,30334.59000,30312.96000,30315.34000,742
2026.06.02,14:10,30315.96000,30317.59000,30303.59000,30308.59000,809
2026.06.02,14:15,30308.34000,30317.21000,30289.46000,30292.71000,942
2026.06.02,14:20,30291.71000,30296.59000,30280.21000,30293.34000,1046
2026.06.02,14:25,30293.21000,30302.71000,30282.34000,30287.21000,1002
2026.06.02,14:30,30287.46000,30299.59000,30281.09000,30283.84000,1216
2026.06.02,14:35,30283.96000,30310.59000,30282.84000,30303.34000,1045
2026.06.02,14:40,30303.46000,30308.71000,30289.84000,30306.34000,901
2026.06.02,14:45,30304.96000,30322.09000,30304.96000,30322.09000,879
2026.06.02,14:50,30321.84000,30325.59000,30317.59000,30321.34000,726
2026.06.02,14:55,30321.46000,30327.34000,30316.46000,30326.21000,726
2026.06.02,15:00,30325.96000,30334.96000,30321.59000,30331.59000,846
2026.06.02,15:05,30331.71000,30353.09000,30331.59000,30349.59000,844
2026.06.02,15:10,30350.09000,30351.09000,30337.96000,30339.46000,768
2026.06.02,15:15,30337.84000,30346.96000,30333.46000,30336.09000,674
2026.06.02,15:20,30335.84000,30354.21000,30335.71000,30348.71000,573
2026.06.02,15:25,30348.84000,30374.59000,30346.09000,30367.21000,673
2026.06.02,15:30,30367.09000,30369.21000,30359.21000,30364.59000,759
2026.06.02,15:35,30364.46000,30368.59000,30356.34000,30368.59000,694
2026.06.02,15:40,30368.34000,30376.71000,30364.59000,30373.96000,541
2026.06.02,15:45,30374.21000,30394.34000,30371.46000,30389.71000,661
2026.06.02,15:50,30389.84000,30400.59000,30387.71000,30394.71000,724
2026.06.02,15:55,30394.59000,30407.21000,30392.34000,30405.96000,686
2026.06.02,16:00,30406.34000,30412.09000,30393.84000,30396.96000,965
2026.06.02,16:05,30397.09000,30416.34000,30393.34000,30415.34000,807
2026.06.02,16:10,30414.71000,30430.96000,30411.21000,30430.21000,748
2026.06.02,16:15,30430.09000,30431.09000,30418.96000,30426.09000,753
2026.06.02,16:20,30425.96000,30432.21000,30424.59000,30431.71000,711
2026.06.02,16:25,30432.84000,30437.84000,30423.71000,30433.46000,756
2026.06.02,16:30,30433.71000,30448.21000,30433.46000,30448.21000,760
2026.06.02,16:35,30448.84000,30455.71000,30434.71000,30437.84000,915
2026.06.02,16:40,30437.96000,30445.34000,30435.71000,30444.71000,677
2026.06.02,16:45,30444.84000,30446.84000,30429.59000,30433.71000,819
2026.06.02,16:50,30433.96000,30435.59000,30422.59000,30425.96000,820
2026.06.02,16:55,30425.84000,30441.34000,30421.21000,30439.21000,716
2026.06.02,17:00,30438.96000,30449.09000,30435.09000,30443.84000,883
2026.06.02,17:05,30444.21000,30455.09000,30440.96000,30441.09000,879
2026.06.02,17:10,30440.96000,30446.96000,30431.84000,30444.96000,799
2026.06.02,17:15,30445.09000,30456.09000,30443.59000,30452.59000,813
2026.06.02,17:20,30452.71000,30465.09000,30452.59000,30458.84000,720
2026.06.02,17:25,30459.09000,30459.09000,30447.21000,30449.96000,684
2026.06.02,17:30,30449.09000,30451.34000,30431.96000,30448.71000,984
2026.06.02,17:35,30448.59000,30470.96000,30444.09000,30463.21000,775
2026.06.02,17:40,30463.46000,30469.09000,30457.46000,30459.46000,653
2026.06.02,17:45,30459.34000,30475.96000,30457.09000,30471.84000,662
2026.06.02,17:50,30471.71000,30471.71000,30466.21000,30470.96000,587
2026.06.02,17:55,30470.84000,30477.96000,30466.84000,30477.09000,657
2026.06.02,18:00,30476.59000,30490.46000,30472.09000,30487.96000,1030
2026.06.02,18:05,30487.71000,30504.59000,30487.71000,30501.71000,889
2026.06.02,18:10,30501.46000,30505.09000,30494.59000,30498.46000,719
2026.06.02,18:15,30497.71000,30499.59000,30491.96000,30495.46000,717
2026.06.02,18:20,30495.34000,30509.59000,30494.21000,30504.71000,672
2026.06.02,18:25,30504.96000,30506.34000,30488.59000,30493.71000,686
2026.06.02,18:30,30493.46000,30497.21000,30484.09000,30489.09000,742
2026.06.02,18:35,30488.71000,30501.46000,30483.71000,30487.71000,666
2026.06.02,18:40,30488.09000,30496.21000,30485.34000,30491.84000,626
2026.06.02,18:45,30491.71000,30493.21000,30474.09000,30478.21000,749
2026.06.02,18:50,30478.59000,30492.96000,30474.34000,30489.84000,722
2026.06.02,18:55,30489.71000,30492.96000,30483.21000,30492.09000,814
2026.06.02,19:00,30494.09000,30529.96000,30493.71000,30527.96000,1195
2026.06.02,19:05,30527.84000,30528.59000,30510.96000,30521.34000,1037
2026.06.02,19:10,30521.09000,30530.96000,30505.34000,30518.84000,985
2026.06.02,19:15,30518.46000,30529.21000,30512.96000,30514.34000,962
2026.06.02,19:20,30514.09000,30520.09000,30495.41000,30505.21000,952
2026.06.02,19:25,30505.34000,30514.21000,30499.96000,30508.09000,1093
2026.06.02,19:30,30508.71000,30527.59000,30506.46000,30519.09000,975
2026.06.02,19:35,30518.59000,30528.09000,30515.84000,30521.21000,827
2026.06.02,19:40,30520.96000,30528.46000,30510.21000,30510.59000,747
2026.06.02,19:45,30510.46000,30525.34000,30509.09000,30520.84000,672
2026.06.02,19:50,30521.96000,30526.59000,30507.21000,30512.09000,728
2026.06.02,19:55,30512.21000,30514.21000,30503.34000,30510.96000,709
2026.06.02,20:00,30510.84000,30511.71000,30488.09000,30490.71000,811
2026.06.02,20:05,30490.96000,30509.84000,30490.96000,30509.34000,788
2026.06.02,20:10,30508.84000,30511.09000,30498.21000,30501.96000,657
2026.06.02,20:15,30502.21000,30515.09000,30500.71000,30511.09000,717
2026.06.02,20:20,30510.96000,30511.59000,30490.46000,30499.46000,725
2026.06.02,20:25,30499.84000,30501.71000,30489.21000,30497.84000,660
2026.06.02,20:30,30498.09000,30510.71000,30496.34000,30508.59000,744
2026.06.02,20:35,30508.46000,30511.84000,30500.59000,30511.59000,697
2026.06.02,20:40,30511.71000,30544.34000,30499.96000,30539.21000,927
2026.06.02,20:45,30539.46000,30547.09000,30530.34000,30541.96000,848
2026.06.02,20:50,30542.21000,30547.46000,30526.16000,30530.09000,731
2026.06.02,20:55,30529.84000,30538.96000,30527.71000,30527.71000,737
2026.06.02,21:00,30527.46000,30528.84000,30515.96000,30521.96000,816
2026.06.02,21:05,30522.21000,30529.59000,30520.46000,30524.96000,657
2026.06.02,21:10,30525.21000,30533.84000,30522.09000,30522.71000,619
2026.06.02,21:15,30522.21000,30529.59000,30519.46000,30526.84000,680
2026.06.02,21:20,30526.34000,30528.84000,30515.96000,30527.09000,624
2026.06.02,21:25,30526.84000,30528.59000,30510.59000,30517.34000,646
2026.06.02,21:30,30517.59000,30519.59000,30501.71000,30502.21000,661
2026.06.02,21:35,30502.09000,30508.34000,30494.96000,30506.21000,710
2026.06.02,21:40,30506.34000,30506.59000,30496.34000,30498.21000,694
2026.06.02,21:45,30498.09000,30501.96000,30490.96000,30494.59000,693
2026.06.02,21:50,30495.09000,30506.09000,30495.09000,30503.59000,652
2026.06.02,21:55,30503.71000,30504.34000,30491.21000,30491.59000,617
2026.06.02,22:00,30490.96000,30494.96000,30466.21000,30469.84000,1054
2026.06.02,22:05,30469.96000,30497.84000,30469.71000,30497.71000,855
2026.06.02,22:10,30497.84000,30506.84000,30493.21000,30506.21000,771
2026.06.02,22:15,30505.96000,30510.59000,30498.96000,30503.34000,846
2026.06.02,22:20,30503.21000,30503.34000,30488.59000,30490.84000,743
2026.06.02,22:25,30490.96000,30512.34000,30488.84000,30511.09000,809
2026.06.02,22:30,30510.96000,30536.21000,30509.84000,30528.96000,1024
2026.06.02,22:35,30528.46000,30531.46000,30521.21000,30527.71000,757
2026.06.02,22:40,30528.59000,30529.21000,30511.59000,30513.71000,746
2026.06.02,22:45,30513.84000,30516.34000,30504.21000,30509.59000,765
2026.06.02,22:50,30509.21000,30516.84000,30504.96000,30511.34000,760
2026.06.02,22:55,30511.46000,30513.59000,30492.71000,30493.46000,773
2026.06.02,23:00,30493.71000,30503.59000,30491.09000,30502.09000,902
2026.06.02,23:05,30502.21000,30505.46000,30491.34000,30503.46000,816
2026.06.02,23:10,30503.34000,30507.46000,30491.09000,30493.46000,729
2026.06.02,23:15,30492.96000,30500.46000,30485.71000,30489.71000,848
2026.06.02,23:20,30489.46000,30518.59000,30486.84000,30518.46000,821
2026.06.02,23:25,30518.71000,30521.46000,30507.46000,30510.96000,795
2026.06.02,23:30,30511.09000,30512.96000,30489.84000,30495.71000,1019
2026.06.02,23:35,30494.96000,30505.59000,30494.96000,30504.34000,924
2026.06.02,23:40,30504.96000,30522.21000,30504.96000,30517.21000,927
2026.06.02,23:45,30517.34000,30518.09000,30504.46000,30510.09000,818
2026.06.02,23:50,30510.46000,30516.59000,30495.46000,30497.21000,776
2026.06.02,23:55,30497.09000,30501.71000,30488.84000,30491.59000,743
2026.06.03,00:00,30492.96000,30498.71000,30483.09000,30489.84000,1105
2026.06.03,00:05,30490.09000,30495.21000,30444.34000,30455.46000,1270
2026.06.03,00:10,30455.59000,30470.34000,30449.96000,30454.46000,1369
2026.06.03,00:15,30455.09000,30480.21000,30451.59000,30474.09000,1186
2026.06.03,00:20,30474.21000,30507.34000,30472.84000,30506.46000,1150
2026.06.03,00:25,30504.84000,30520.84000,30498.46000,30518.84000,1453
2026.06.03,00:30,30518.36000,30527.61000,30430.61000,30438.86000,2503
2026.06.03,00:35,30439.74000,30451.99000,30416.11000,30427.49000,2417
2026.06.03,00:40,30427.11000,30466.99000,30386.74000,30465.49000,2357
2026.06.03,00:45,30465.24000,30513.49000,30460.49000,30512.74000,2311
2026.06.03,00:50,30512.61000,30546.24000,30503.24000,30522.11000,2259
2026.06.03,00:55,30522.36000,30566.61000,30497.86000,30564.36000,2215
2026.06.03,01:00,30569.49000,30571.61000,30533.49000,30567.61000,2259
2026.06.03,01:05,30568.24000,30585.86000,30556.61000,30575.24000,2115
2026.06.03,01:10,30576.24000,30609.99000,30560.74000,30596.74000,2081
2026.06.03,01:15,30597.49000,30598.74000,30565.49000,30589.11000,2055
2026.06.03,01:20,30588.49000,30600.74000,30535.36000,30541.86000,2163
2026.06.03,01:25,30540.86000,30546.41000,30500.86000,30522.49000,2189
2026.06.03,01:30,30522.86000,30568.86000,30518.49000,30558.11000,2113
2026.06.03,01:35,30558.24000,30575.99000,30549.61000,30568.11000,2044
2026.06.03,01:40,30567.86000,30587.61000,30540.74000,30586.61000,1955
2026.06.03,01:45,30586.36000,30587.61000,30564.74000,30580.86000,1958
2026.06.03,01:50,30580.36000,30597.49000,30572.49000,30591.36000,1870
2026.06.03,01:55,30591.24000,30605.99000,30584.36000,30605.49000,1792
2026.06.03,02:00,30605.99000,30611.61000,30580.99000,30589.61000,1887
2026.06.03,02:05,30589.74000,30619.74000,30574.99000,30616.74000,1842
2026.06.03,02:10,30616.61000,30628.74000,30601.99000,30628.49000,1715
2026.06.03,02:15,30628.86000,30635.86000,30624.24000,30632.74000,1609
2026.06.03,02:20,30633.36000,30639.36000,30624.74000,30633.24000,1538
2026.06.03,02:25,30632.74000,30638.74000,30615.74000,30628.61000,1623
2026.06.03,02:30,30628.99000,30636.74000,30613.16000,30635.24000,1652
2026.06.03,02:35,30634.36000,30648.49000,30632.11000,30639.49000,1458
2026.06.03,02:40,30639.24000,30645.24000,30627.36000,30630.74000,1509
2026.06.03,02:45,30631.11000,30643.99000,30621.11000,30630.11000,1541
2026.06.03,02:50,30630.99000,30652.49000,30623.49000,30648.99000,1455
2026.06.03,02:55,30649.11000,30660.24000,30644.11000,30652.49000,1319
2026.06.03,03:00,30652.74000,30657.11000,30631.11000,30638.74000,1503
2026.06.03,03:05,30639.49000,30674.49000,30639.24000,30666.36000,1622
2026.06.03,03:10,30666.24000,30670.74000,30657.36000,30662.74000,1472
2026.06.03,03:15,30663.11000,30663.11000,30631.49000,30637.99000,1495
2026.06.03,03:20,30637.24000,30642.24000,30614.49000,30634.86000,1685
2026.06.03,03:25,30634.74000,30636.74000,30618.49000,30621.49000,1535
2026.06.03,03:30,30621.11000,30637.86000,30616.86000,30620.49000,1519
2026.06.03,03:35,30620.61000,30622.24000,30604.11000,30609.36000,1588
2026.06.03,03:40,30609.11000,30619.99000,30608.74000,30610.61000,1487
2026.06.03,03:45,30610.36000,30637.11000,30605.11000,30635.49000,1411
2026.06.03,03:50,30635.61000,30649.86000,30635.49000,30640.99000,1314
2026.06.03,03:55,30641.24000,30656.74000,30636.36000,30654.24000,1155
2026.06.03,04:00,30654.11000,30665.36000,30640.99000,30661.74000,1327
2026.06.03,04:05,30661.49000,30664.24000,30647.74000,30654.99000,1275
2026.06.03,04:10,30655.11000,30661.49000,30648.49000,30658.49000,1285
2026.06.03,04:15,30658.61000,30659.24000,30615.61000,30615.86000,1508
2026.06.03,04:20,30616.24000,30628.24000,30603.11000,30608.36000,1491
2026.06.03,04:25,30608.61000,30610.99000,30595.24000,30605.86000,1578
2026.06.03,04:30,30606.74000,30612.11000,30588.86000,30589.61000,1502
2026.06.03,04:35,30588.99000,30592.49000,30571.99000,30575.49000,1587
2026.06.03,04:40,30575.86000,30602.49000,30574.11000,30598.11000,1364
2026.06.03,04:45,30597.61000,30611.49000,30593.11000,30608.49000,1231
2026.06.03,04:50,30608.61000,30612.36000,30596.49000,30604.24000,1226
2026.06.03,04:55,30603.99000,30603.99000,30587.99000,30590.61000,1251
2026.06.03,05:00,30591.61000,30594.49000,30577.24000,30583.49000,1491
2026.06.03,05:05,30584.11000,30610.99000,30583.86000,30606.74000,1222
2026.06.03,05:10,30606.49000,30624.86000,30605.99000,30610.49000,1210
2026.06.03,05:15,30610.99000,30611.11000,30595.24000,30596.99000,1304
2026.06.03,05:20,30596.74000,30603.74000,30592.99000,30598.24000,1228
2026.06.03,05:25,30597.86000,30607.74000,30595.11000,30600.74000,1342
2026.06.03,05:30,30600.86000,30616.99000,30600.49000,30602.11000,1236
2026.06.03,05:35,30601.99000,30601.99000,30571.49000,30572.36000,1353
2026.06.03,05:40,30571.86000,30584.74000,30561.74000,30581.11000,1318
2026.06.03,05:45,30580.61000,30596.36000,30577.11000,30592.49000,1146
2026.06.03,05:50,30592.74000,30596.24000,30577.99000,30588.24000,1158
2026.06.03,05:55,30587.49000,30603.86000,30581.99000,30601.24000,1176
2026.06.03,06:00,30601.61000,30631.49000,30600.49000,30630.49000,1191
2026.06.03,06:05,30630.24000,30634.11000,30618.99000,30629.86000,1188
2026.06.03,06:10,30629.74000,30645.11000,30628.99000,30635.49000,1089
2026.06.03,06:15,30635.86000,30640.61000,30625.36000,30632.99000,1083
2026.06.03,06:20,30633.24000,30649.24000,30631.11000,30645.74000,1018
2026.06.03,06:25,30645.36000,30648.11000,30625.24000,30626.86000,1137
2026.06.03,06:30,30626.99000,30642.61000,30625.36000,30638.49000,1199
2026.06.03,06:35,30637.86000,30646.74000,30633.99000,30634.24000,1129
2026.06.03,06:40,30634.11000,30648.86000,30630.49000,30644.49000,1217
2026.06.03,06:45,30644.74000,30668.49000,30641.24000,30665.61000,1225
2026.06.03,06:50,30665.49000,30675.74000,30653.86000,30662.11000,1504
2026.06.03,06:55,30665.36000,30682.61000,30656.11000,30669.74000,1521
2026.06.03,07:00,30669.71000,30697.84000,30660.71000,30695.71000,1113
2026.06.03,07:05,30696.41000,30725.34000,30696.41000,30704.96000,1219
2026.06.03,07:10,30705.09000,30716.71000,30696.96000,30700.46000,859
2026.06.03,07:15,30700.96000,30720.34000,30699.84000,30719.84000,732
2026.06.03,07:20,30719.96000,30724.71000,30707.84000,30709.96000,644
2026.06.03,07:25,30709.84000,30709.96000,30699.34000,30699.84000,550
2026.06.03,07:30,30699.96000,30705.71000,30699.59000,30703.09000,455
2026.06.03,07:35,30703.21000,30707.96000,30701.21000,30702.96000,474
2026.06.03,07:40,30702.71000,30705.09000,30700.59000,30704.84000,428
2026.06.03,07:45,30704.59000,30708.34000,30700.96000,30706.46000,410
2026.06.03,07:50,30706.34000,30710.84000,30698.59000,30702.34000,467
2026.06.03,07:55,30702.59000,30711.34000,30702.34000,30705.16000,376
2026.06.03,09:00,30707.49000,30707.49000,30682.99000,30683.74000,1064
2026.06.03,09:05,30684.12000,30704.24000,30684.12000,30699.74000,655
2026.06.03,09:10,30700.37000,30714.62000,30686.62000,30695.37000,750
2026.06.03,09:15,30695.62000,30699.24000,30687.99000,30694.99000,560
2026.06.03,09:20,30694.87000,30704.49000,30694.24000,30699.37000,520
2026.06.03,09:25,30699.49000,30707.37000,30692.12000,30705.37000,469
2026.06.03,09:30,30705.12000,30721.87000,30703.62000,30714.62000,555
2026.06.03,09:35,30714.37000,30714.99000,30701.74000,30706.87000,340
2026.06.03,09:40,30707.12000,30710.62000,30702.12000,30702.62000,365
2026.06.03,09:45,30702.99000,30705.87000,30682.69000,30692.62000,560
2026.06.03,09:50,30692.74000,30693.62000,30668.49000,30675.74000,868
2026.06.03,09:55,30675.49000,30681.37000,30663.49000,30669.24000,758
2026.06.03,10:00,30669.37000,30674.37000,30640.62000,30641.37000,967
2026.06.03,10:05,30641.12000,30654.12000,30636.49000,30636.49000,801
2026.06.03,10:10,30636.74000,30646.12000,30633.12000,30641.12000,726
2026.06.03,10:15,30641.37000,30643.12000,30590.74000,30594.49000,973
2026.06.03,10:20,30594.62000,30594.87000,30553.74000,30558.49000,1331
2026.06.03,10:25,30557.99000,30576.24000,30527.19000,30575.74000,1279
2026.06.03,10:30,30576.12000,30588.62000,30560.74000,30571.12000,1076
2026.06.03,10:35,30571.37000,30613.49000,30569.99000,30612.74000,1157
2026.06.03,10:40,30612.37000,30653.99000,30606.74000,30647.12000,1130
2026.06.03,10:45,30646.87000,30654.49000,30636.74000,30643.12000,1198
2026.06.03,10:50,30643.37000,30666.74000,30633.19000,30663.12000,1068
2026.06.03,10:55,30662.99000,30678.87000,30653.87000,30672.62000,1101
2026.06.03,11:00,30674.49000,30683.24000,30668.74000,30676.12000,1333
2026.06.03,11:05,30675.87000,30680.37000,30657.87000,30663.87000,1244
2026.06.03,11:10,30664.37000,30665.74000,30642.62000,30643.62000,1158
2026.06.03,11:15,30643.87000,30662.87000,30636.49000,30660.37000,1276
2026.06.03,11:20,30660.12000,30666.87000,30643.87000,30645.62000,1046
2026.06.03,11:25,30645.87000,30658.87000,30642.62000,30657.12000,953
2026.06.03,11:30,30657.24000,30668.74000,30652.49000,30664.62000,965
2026.06.03,11:35,30664.37000,30674.49000,30658.87000,30670.49000,875
2026.06.03,11:40,30670.37000,30679.49000,30668.49000,30679.37000,654
2026.06.03,11:45,30679.24000,30683.74000,30673.69000,30677.62000,718
2026.06.03,11:50,30677.24000,30690.62000,30677.12000,30683.87000,770
2026.06.03,11:55,30683.74000,30687.99000,30680.37000,30685.12000,778
2026.06.03,12:00,30685.24000,30688.49000,30651.62000,30655.99000,1293
2026.06.03,12:05,30655.87000,30661.62000,30640.49000,30649.49000,1132
2026.06.03,12:10,30649.62000,30653.37000,30640.62000,30640.87000,984
2026.06.03,12:15,30640.99000,30652.37000,30637.37000,30649.74000,1014
2026.06.03,12:20,30650.12000,30650.87000,30640.74000,30644.74000,864
2026.06.03,12:25,30644.12000,30653.62000,30643.74000,30650.12000,814
2026.06.03,12:30,30650.37000,30664.74000,30643.37000,30661.49000,1100
2026.06.03,12:35,30661.24000,30664.74000,30631.37000,30636.62000,1078
2026.06.03,12:40,30636.74000,30640.74000,30622.99000,30631.99000,1006
2026.06.03,12:45,30632.49000,30633.62000,30618.37000,30631.74000,1035
2026.06.03,12:50,30631.62000,30648.37000,30623.62000,30642.74000,894
2026.06.03,12:55,30642.62000,30649.99000,30639.87000,30648.24000,804
2026.06.03,13:00,30648.99000,30652.87000,30637.37000,30650.37000,941
2026.06.03,13:05,30650.62000,30653.62000,30642.12000,30648.37000,774
2026.06.03,13:10,30648.62000,30656.24000,30646.62000,30655.24000,685
2026.06.03,13:15,30654.87000,30658.87000,30649.99000,30651.99000,595
2026.06.03,13:20,30652.12000,30653.24000,30632.12000,30633.37000,745
2026.06.03,13:25,30633.49000,30658.24000,30628.94000,30643.99000,809
2026.06.03,13:30,30644.37000,30648.74000,30638.62000,30643.74000,618
2026.06.03,13:35,30643.87000,30650.87000,30636.37000,30649.37000,589
2026.06.03,13:40,30649.87000,30653.49000,30643.37000,30645.74000,622
2026.06.03,13:45,30645.62000,30645.62000,30635.99000,30638.24000,689
2026.06.03,13:50,30638.37000,30642.62000,30634.12000,30636.99000,607
2026.06.03,13:55,30636.87000,30645.99000,30633.87000,30644.62000,526
2026.06.03,14:00,30644.49000,30646.49000,30638.62000,30644.37000,600
2026.06.03,14:05,30644.24000,30647.37000,30637.49000,30641.37000,579
2026.06.03,14:10,30641.24000,30652.87000,30640.87000,30652.87000,480
2026.06.03,14:15,30652.74000,30653.62000,30648.49000,30651.87000,413
2026.06.03,14:20,30651.74000,30670.12000,30651.74000,30665.99000,526
2026.06.03,14:25,30666.12000,30666.49000,30646.62000,30649.74000,632
2026.06.03,14:30,30649.87000,30659.87000,30649.87000,30658.87000,492
2026.06.03,15:25,30688.12000,30688.24000,30688.12000,30688.24000,2
2026.06.09,06:55,29424.96000,29439.34000,29408.09000,29424.31000,2004
2026.06.09,07:00,29422.06000,29438.44000,29398.69000,29433.56000,1597
2026.06.09,07:05,29433.19000,29441.19000,29413.94000,29424.69000,1154
2026.06.09,07:10,29425.06000,29432.81000,29410.31000,29415.69000,1104
2026.06.09,07:15,29416.19000,29421.94000,29393.06000,29393.81000,995
2026.06.09,07:20,29393.44000,29395.31000,29372.94000,29393.19000,1001
2026.06.09,07:25,29393.56000,29406.94000,29375.56000,29402.69000,879
2026.06.09,07:30,29402.56000,29405.56000,29392.81000,29401.94000,728
2026.06.09,07:35,29401.81000,29404.56000,29392.31000,29400.94000,564
2026.06.09,07:40,29401.06000,29408.81000,29397.06000,29400.81000,525
2026.06.09,07:45,29400.31000,29403.06000,29388.56000,29401.44000,579
2026.06.09,07:50,29401.31000,29420.31000,29396.19000,29415.69000,603
2026.06.09,07:55,29415.94000,29415.94000,29404.69000,29407.64000,605
2026.06.09,09:00,29406.06000,29440.74000,29378.31000,29379.06000,1046
2026.06.09,09:05,29380.56000,29393.86000,29334.56000,29358.56000,1121
2026.06.09,09:10,29359.11000,29363.36000,29323.56000,29332.06000,1050
2026.06.09,09:15,29332.86000,29335.99000,29295.24000,29312.61000,952
2026.06.09,09:20,29312.36000,29337.11000,29312.24000,29332.99000,763
2026.06.09,09:25,29333.49000,29342.86000,29297.31000,29302.74000,911
2026.06.09,09:30,29301.86000,29338.24000,29301.36000,29335.74000,905
2026.06.09,09:35,29335.61000,29347.86000,29329.86000,29340.24000,666
2026.06.09,09:40,29341.74000,29349.74000,29336.74000,29343.24000,573
2026.06.09,09:45,29343.11000,29360.24000,29334.11000,29359.06000,649
2026.06.09,09:50,29359.49000,29364.61000,29351.61000,29363.86000,542
2026.06.09,09:55,29363.99000,29402.11000,29363.36000,29398.11000,798
2026.06.09,10:00,29399.24000,29400.99000,29381.61000,29387.61000,567
2026.06.09,10:05,29388.36000,29398.86000,29380.11000,29393.61000,572
2026.06.09,10:10,29393.24000,29436.11000,29388.61000,29428.11000,842
2026.06.09,10:15,29427.86000,29432.36000,29400.11000,29406.11000,584
2026.06.09,10:20,29406.61000,29426.49000,29403.31000,29419.11000,644
2026.06.09,10:25,29417.99000,29427.36000,29405.06000,29406.61000,572
2026.06.09,10:30,29406.36000,29425.49000,29394.99000,29408.31000,738
2026.06.09,10:35,29409.36000,29451.36000,29409.31000,29450.99000,886
2026.06.09,10:40,29450.86000,29454.86000,29416.81000,29417.24000,683
2026.06.09,10:45,29417.06000,29418.74000,29380.31000,29386.56000,1129
2026.06.09,10:50,29386.86000,29394.36000,29365.56000,29372.31000,1097
2026.06.09,10:55,29372.56000,29400.81000,29358.06000,29397.81000,952
2026.06.09,11:00,29398.06000,29414.56000,29344.36000,29354.86000,1833
2026.06.09,11:05,29353.56000,29366.49000,29315.99000,29320.24000,1986
2026.06.09,11:10,29321.11000,29363.74000,29320.36000,29334.11000,1937
2026.06.09,11:15,29334.49000,29357.81000,29321.11000,29325.61000,1713
2026.06.09,11:20,29325.24000,29336.24000,29302.99000,29315.11000,1787
2026.06.09,11:25,29315.24000,29342.99000,29306.24000,29342.49000,1579
2026.06.09,11:30,29342.24000,29350.24000,29285.99000,29301.61000,1675
2026.06.09,11:35,29302.49000,29309.11000,29281.61000,29292.74000,1666
2026.06.09,11:40,29292.24000,29322.24000,29291.36000,29320.36000,1636
2026.06.09,11:45,29319.86000,29328.36000,29299.11000,29316.99000,1622
2026.06.09,11:50,29316.86000,29330.36000,29284.86000,29294.24000,1592
2026.06.09,11:55,29293.36000,29321.11000,29278.49000,29311.11000,1588
2026.06.09,12:00,29311.49000,29343.86000,29310.99000,29315.11000,1797
2026.06.09,12:05,29313.74000,29343.61000,29303.49000,29315.36000,1660
2026.06.09,12:10,29315.61000,29358.49000,29310.86000,29344.86000,1621
2026.06.09,12:15,29345.24000,29366.74000,29338.11000,29355.99000,1703
2026.06.09,12:20,29356.49000,29446.24000,29355.11000,29427.86000,1704
2026.06.09,12:25,29426.86000,29449.49000,29416.49000,29429.86000,1743
2026.06.09,12:30,29430.11000,29445.49000,29422.11000,29438.11000,1769
2026.06.09,12:35,29438.74000,29472.61000,29429.49000,29470.99000,1641
2026.06.09,12:40,29471.24000,29495.24000,29456.99000,29476.11000,1652
2026.06.09,12:45,29475.36000,29519.99000,29475.36000,29502.36000,1587
2026.06.09,12:50,29502.11000,29515.36000,29486.49000,29489.86000,1521
2026.06.09,12:55,29489.99000,29492.86000,29456.99000,29465.49000,1504
2026.06.09,13:00,29465.74000,29487.49000,29464.11000,29472.61000,1540
2026.06.09,13:05,29471.99000,29485.49000,29456.81000,29484.49000,1540
2026.06.09,13:10,29484.61000,29489.24000,29468.11000,29471.99000,1416
2026.06.09,13:15,29471.49000,29475.61000,29452.74000,29456.99000,1378
2026.06.09,13:20,29457.11000,29468.74000,29445.11000,29452.86000,1313
2026.06.09,13:25,29451.99000,29464.86000,29434.24000,29464.49000,1422
2026.06.09,13:30,29465.24000,29484.49000,29463.24000,29473.36000,1451
2026.06.09,13:35,29473.11000,29475.11000,29446.86000,29460.49000,1474
2026.06.09,13:40,29461.36000,29482.99000,29459.49000,29482.99000,1315
2026.06.09,13:45,29482.61000,29497.61000,29475.86000,29475.86000,1331
2026.06.09,13:50,29476.11000,29486.49000,29462.24000,29476.11000,1295
2026.06.09,13:55,29476.49000,29494.24000,29473.61000,29487.86000,1122
2026.06.09,14:00,29486.36000,29491.36000,29477.49000,29485.49000,1251
2026.06.09,14:05,29485.61000,29507.36000,29474.61000,29493.61000,1247
2026.06.09,14:10,29493.49000,29515.11000,29487.99000,29507.61000,1015
2026.06.09,14:15,29507.86000,29525.49000,29505.36000,29513.61000,1199
2026.06.09,14:20,29513.24000,29519.86000,29490.61000,29497.99000,1181
2026.06.09,14:25,29498.11000,29516.11000,29496.36000,29512.49000,1050
2026.06.09,14:30,29512.61000,29534.99000,29507.24000,29534.24000,1444
2026.06.09,14:35,29534.36000,29554.61000,29532.11000,29551.86000,1157
2026.06.09,14:40,29552.36000,29565.61000,29549.24000,29558.61000,1119
2026.06.09,14:45,29557.99000,29565.86000,29546.49000,29548.49000,1131
2026.06.09,14:50,29547.99000,29549.49000,29538.61000,29548.86000,1016
2026.06.09,14:55,29548.49000,29554.86000,29540.36000,29554.86000,986
2026.06.09,15:00,29554.61000,29560.74000,29543.99000,29548.99000,983
2026.06.09,15:05,29547.86000,29581.86000,29542.61000,29580.24000,1054
2026.06.09,15:10,29580.36000,29584.99000,29575.36000,29575.86000,904
2026.06.09,15:15,29576.11000,29596.49000,29571.24000,29595.74000,1022
2026.06.09,15:20,29595.49000,29595.49000,29579.24000,29584.49000,990
2026.06.09,15:25,29584.61000,29595.74000,29575.24000,29584.61000,950
2026.06.09,15:30,29584.86000,29595.86000,29572.61000,29594.86000,1114
2026.06.09,15:35,29594.99000,29602.74000,29587.74000,29599.86000,1014
2026.06.09,15:40,29600.11000,29604.11000,29589.24000,29591.99000,1004
2026.06.09,15:45,29591.74000,29597.74000,29587.36000,29591.49000,975
2026.06.09,15:50,29591.74000,29592.86000,29578.36000,29583.61000,903
2026.06.09,15:55,29583.36000,29588.74000,29574.49000,29577.36000,862
2026.06.09,16:00,29579.24000,29599.24000,29566.81000,29597.74000,971
2026.06.09,16:05,29597.49000,29598.11000,29570.49000,29570.61000,1007
2026.06.09,16:10,29570.86000,29585.36000,29570.11000,29580.49000,1076
2026.06.09,16:15,29580.11000,29588.11000,29572.49000,29582.74000,997
2026.06.09,16:20,29582.49000,29589.99000,29567.61000,29587.61000,1194
2026.06.09,16:25,29588.11000,29592.24000,29563.86000,29565.36000,1062
2026.06.09,16:30,29566.36000,29611.49000,29565.74000,29605.24000,1435
2026.06.09,16:35,29605.49000,29607.74000,29587.36000,29598.49000,1185
2026.06.09,16:40,29598.61000,29620.74000,29593.36000,29601.86000,1168
2026.06.09,16:45,29602.11000,29624.74000,29600.49000,29621.24000,971
2026.06.09,16:50,29620.74000,29620.74000,29602.24000,29606.36000,1066
2026.06.09,16:55,29605.99000,29611.36000,29590.36000,29607.49000,1251
2026.06.09,17:00,29607.86000,29622.11000,29599.24000,29615.24000,1372
2026.06.09,17:05,29614.86000,29629.86000,29614.74000,29623.11000,1262
2026.06.09,17:10,29622.86000,29632.86000,29618.86000,29630.11000,1069
2026.06.09,17:15,29629.74000,29648.24000,29626.99000,29629.36000,1077
2026.06.09,17:20,29629.61000,29642.61000,29627.36000,29633.49000,956
2026.06.09,17:25,29633.36000,29636.11000,29607.11000,29608.86000,1219
2026.06.09,17:30,29608.99000,29616.99000,29597.99000,29612.11000,1202
2026.06.09,17:35,29611.86000,29623.36000,29607.61000,29618.74000,1039
2026.06.09,17:40,29618.86000,29625.74000,29602.74000,29610.61000,883
2026.06.09,17:45,29610.49000,29617.11000,29598.74000,29600.61000,866
2026.06.09,17:50,29600.36000,29602.74000,29574.99000,29580.11000,927
2026.06.09,17:55,29580.86000,29597.74000,29576.61000,29596.24000,855
2026.06.09,18:00,29597.99000,29650.86000,29589.74000,29647.74000,1386
2026.06.09,18:05,29647.49000,29662.99000,29641.86000,29653.36000,1175
2026.06.09,18:10,29653.24000,29660.86000,29620.24000,29621.24000,1144
2026.06.09,18:15,29621.74000,29627.36000,29607.49000,29616.61000,1286
2026.06.09,18:20,29616.86000,29635.11000,29605.11000,29606.74000,1106
2026.06.09,18:25,29607.61000,29610.49000,29574.86000,29586.24000,1312
2026.06.09,18:30,29585.86000,29600.11000,29583.74000,29585.74000,1281
2026.06.09,18:35,29585.61000,29586.86000,29562.11000,29581.61000,1204
2026.06.09,18:40,29580.99000,29597.99000,29572.36000,29597.99000,1172
2026.06.09,18:45,29598.24000,29612.36000,29594.99000,29598.61000,1051
2026.06.09,18:50,29598.24000,29600.36000,29566.36000,29569.74000,1186
2026.06.09,18:55,29569.61000,29571.61000,29557.49000,29566.24000,1062
2026.06.09,19:00,29565.36000,29585.49000,29540.24000,29573.24000,1461
2026.06.09,19:05,29573.61000,29605.11000,29552.56000,29601.86000,1319
2026.06.09,19:10,29603.49000,29641.86000,29595.86000,29640.61000,1494
2026.06.09,19:15,29640.36000,29643.61000,29619.61000,29624.11000,1300
2026.06.09,19:20,29623.11000,29636.49000,29612.74000,29629.74000,1233
2026.06.09,19:25,29630.36000,29647.11000,29625.36000,29635.99000,1121
2026.06.09,19:30,29636.24000,29648.36000,29633.24000,29635.74000,1044
2026.06.09,19:35,29636.24000,29655.36000,29618.36000,29652.74000,1017
2026.06.09,19:40,29652.86000,29658.86000,29639.99000,29652.49000,1072
2026.06.09,19:45,29652.36000,29660.11000,29638.24000,29640.49000,916
2026.06.09,19:50,29640.86000,29640.99000,29615.56000,29620.49000,914
2026.06.09,19:55,29620.61000,29620.61000,29611.24000,29615.49000,801
2026.06.09,20:00,29615.74000,29638.24000,29609.99000,29628.74000,936
2026.06.09,20:05,29628.86000,29634.61000,29615.86000,29633.61000,814
2026.06.09,20:10,29633.74000,29644.24000,29632.49000,29640.86000,802
2026.06.09,20:15,29640.99000,29647.11000,29635.49000,29642.74000,838
2026.06.09,20:20,29642.61000,29647.11000,29635.99000,29640.99000,818
2026.06.09,20:25,29640.61000,29664.61000,29634.24000,29659.99000,777
2026.06.09,20:30,29660.11000,29661.36000,29630.49000,29630.99000,925
2026.06.09,20:35,29630.74000,29653.86000,29630.61000,29648.99000,760
2026.06.09,20:40,29648.61000,29656.86000,29646.36000,29651.11000,722
2026.06.09,20:45,29651.36000,29660.74000,29650.49000,29658.99000,698
2026.06.09,20:50,29659.36000,29669.86000,29659.24000,29661.86000,722
2026.06.09,20:55,29661.99000,29668.24000,29653.11000,29653.74000,667
2026.06.09,21:00,29652.36000,29669.86000,29652.36000,29667.24000,782
2026.06.09,21:05,29667.11000,29670.99000,29595.11000,29609.86000,1222
2026.06.09,21:10,29608.49000,29653.99000,29602.36000,29651.61000,1169
2026.06.09,21:15,29652.11000,29653.61000,29625.86000,29627.24000,936
2026.06.09,21:20,29627.49000,29636.61000,29625.74000,29630.49000,762
2026.06.09,21:25,29630.61000,29651.86000,29630.61000,29646.36000,778
2026.06.09,21:30,29646.24000,29649.99000,29629.74000,29630.99000,706
2026.06.09,21:35,29630.86000,29636.11000,29624.31000,29624.36000,728
2026.06.09,21:40,29624.49000,29634.49000,29620.86000,29630.99000,741
2026.06.09,21:45,29630.49000,29636.86000,29626.74000,29632.49000,677
2026.06.09,21:50,29631.99000,29672.24000,29631.99000,29655.11000,889
2026.06.09,21:55,29654.56000,29663.86000,29649.49000,29658.61000,922
2026.06.09,22:00,29658.74000,29676.61000,29654.36000,29663.99000,1075
2026.06.09,22:05,29664.24000,29677.49000,29654.49000,29674.99000,1007
2026.06.09,22:10,29674.86000,29675.11000,29662.49000,29672.11000,903
2026.06.09,22:15,29672.49000,29675.49000,29652.36000,29668.11000,821
2026.06.09,22:20,29667.86000,29668.99000,29645.24000,29646.86000,898
2026.06.09,22:25,29646.61000,29668.24000,29645.61000,29662.99000,763
2026.06.09,22:30,29663.61000,29681.11000,29658.36000,29676.74000,802
2026.06.09,22:35,29677.24000,29678.49000,29658.24000,29664.86000,731
2026.06.09,22:40,29664.36000,29700.61000,29662.74000,29692.11000,924
2026.06.09,22:45,29691.74000,29697.36000,29667.11000,29669.49000,876
2026.06.09,22:50,29668.86000,29678.11000,29665.11000,29665.86000,849
2026.06.09,22:55,29665.99000,29665.99000,29652.74000,29654.74000,913
2026.06.09,23:00,29655.11000,29674.36000,29649.49000,29667.11000,1006
2026.06.09,23:05,29667.24000,29672.99000,29650.11000,29669.86000,948
2026.06.09,23:10,29669.74000,29669.86000,29646.49000,29648.36000,816
2026.06.09,23:15,29647.74000,29653.99000,29637.49000,29647.11000,1022
2026.06.09,23:20,29646.99000,29654.99000,29627.49000,29634.24000,1063
2026.06.09,23:25,29633.61000,29648.86000,29626.24000,29643.24000,1091
2026.06.09,23:30,29643.36000,29698.24000,29642.56000,29694.24000,1305
2026.06.09,23:35,29693.99000,29703.61000,29680.74000,29685.11000,1134
2026.06.09,23:40,29684.99000,29688.86000,29664.24000,29669.61000,1200
2026.06.09,23:45,29669.74000,29669.74000,29643.74000,29653.49000,1106
2026.06.09,23:50,29653.99000,29663.36000,29648.49000,29662.11000,1020
2026.06.09,23:55,29661.86000,29711.11000,29660.36000,29708.86000,955
2026.06.10,00:00,29710.24000,29710.61000,29684.61000,29699.49000,1382
2026.06.10,00:05,29699.61000,29720.49000,29698.36000,29713.11000,1292
2026.06.10,00:10,29712.61000,29713.11000,29681.11000,29687.11000,1233
2026.06.10,00:15,29686.86000,29689.36000,29666.36000,29671.49000,1172
2026.06.10,00:20,29671.74000,29693.61000,29671.61000,29686.49000,1143
2026.06.10,00:25,29685.49000,29713.74000,29672.74000,29710.99000,1540
2026.06.10,00:30,29709.31000,29709.31000,29608.01000,29624.01000,2495
2026.06.10,00:35,29627.89000,29704.76000,29622.64000,29659.51000,2443
2026.06.10,00:40,29660.01000,29743.51000,29634.26000,29741.51000,2410
2026.06.10,00:45,29740.26000,29820.64000,29734.76000,29817.64000,2297
2026.06.10,00:50,29817.51000,29819.14000,29700.31000,29705.89000,2366
2026.06.10,00:55,29706.14000,29720.51000,29640.01000,29647.76000,2373
2026.06.10,01:00,29644.06000,29685.39000,29602.39000,29638.39000,2418
2026.06.10,01:05,29637.51000,29675.51000,29599.39000,29605.39000,2439
2026.06.10,01:10,29605.14000,29606.26000,29459.01000,29465.76000,2504
2026.06.10,01:15,29463.64000,29487.51000,29341.01000,29385.64000,2557
2026.06.10,01:20,29384.64000,29480.26000,29340.64000,29478.39000,2561
2026.06.10,01:25,29476.89000,29499.39000,29400.64000,29417.76000,2493
2026.06.10,01:30,29417.01000,29437.14000,29356.26000,29412.26000,2492
2026.06.10,01:35,29412.64000,29461.39000,29371.39000,29413.51000,2479
2026.06.10,01:40,29413.39000,29442.51000,29246.01000,29261.01000,2446
2026.06.10,01:45,29261.51000,29287.14000,29071.06000,29090.26000,2545
2026.06.10,01:50,29087.89000,29176.01000,29058.89000,29174.39000,2547
2026.06.10,01:55,29176.51000,29215.01000,29108.14000,29213.64000,2475
2026.06.10,02:00,29214.14000,29230.14000,29150.89000,29158.26000,2431
2026.06.10,02:05,29157.01000,29246.64000,29118.26000,29243.14000,2449
2026.06.10,02:10,29243.39000,29275.14000,29179.14000,29217.01000,2379
2026.06.10,02:15,29216.51000,29228.76000,29134.64000,29138.76000,2371
2026.06.10,02:20,29138.39000,29167.76000,28990.26000,28992.14000,2415
2026.06.10,02:25,28992.26000,29007.64000,28822.76000,28833.89000,2503
2026.06.10,02:30,28833.01000,28883.14000,28802.76000,28827.64000,2508
2026.06.10,02:35,28827.39000,28859.06000,28787.39000,28847.39000,2493
2026.06.10,02:40,28845.51000,28918.01000,28836.89000,28877.14000,2478
2026.06.10,02:45,28877.01000,28905.89000,28863.39000,28896.26000,2378
2026.06.10,02:50,28893.76000,28944.89000,28822.26000,28825.89000,2414
2026.06.10,02:55,28825.76000,28835.89000,28655.76000,28669.76000,2473
2026.06.10,03:00,28669.64000,28760.39000,28668.01000,28694.76000,2448
2026.06.10,03:05,28693.14000,28700.89000,28549.14000,28583.14000,2440
2026.06.10,03:10,28581.26000,28642.39000,28556.01000,28596.26000,2455
2026.06.10,03:15,28594.89000,28600.01000,28405.14000,28422.14000,2465
2026.06.10,03:20,28424.01000,28514.76000,28378.26000,28511.39000,2512
2026.06.10,03:25,28511.51000,28554.89000,28465.26000,28499.76000,2441
2026.06.10,03:30,28498.64000,28545.39000,28420.39000,28459.39000,2459
2026.06.10,03:35,28461.01000,28526.51000,28223.06000,28240.51000,2399
2026.06.10,03:40,28243.26000,28365.14000,28201.89000,28351.14000,2536
2026.06.10,03:45,28348.64000,28407.51000,28293.26000,28342.26000,2460
2026.06.10,03:50,28342.76000,28357.31000,28257.76000,28260.01000,2411
2026.06.10,03:55,28259.64000,28461.76000,28253.64000,28454.89000,2389
2026.06.10,04:00,28453.89000,28614.01000,28444.51000,28598.14000,2398
2026.06.10,04:05,28598.64000,28616.89000,28531.01000,28586.89000,2392
2026.06.10,04:10,28585.39000,28648.64000,28524.51000,28625.26000,2377
2026.06.10,04:15,28623.89000,28704.01000,28580.89000,28697.51000,2378
2026.06.10,04:20,28697.26000,28760.76000,28647.01000,28702.51000,2413
2026.06.10,04:25,28701.51000,28751.89000,28664.26000,28718.64000,2311
2026.06.10,04:30,28717.26000,28778.89000,28682.01000,28774.51000,2304
2026.06.10,04:35,28775.89000,28821.89000,28732.14000,28795.14000,2240
2026.06.10,04:40,28796.14000,28898.26000,28781.51000,28840.14000,2246
2026.06.10,04:45,28840.51000,28858.14000,28688.56000,28706.14000,2403
2026.06.10,04:50,28707.51000,28826.14000,28705.89000,28783.01000,2377
2026.06.10,04:55,28782.89000,28839.26000,28777.14000,28803.14000,2265
2026.06.10,05:00,28806.26000,28839.51000,28759.39000,28793.26000,2284
2026.06.10,05:05,28792.39000,28861.26000,28778.76000,28850.76000,2277
2026.06.10,05:10,28851.01000,28852.64000,28792.64000,28836.51000,2205
2026.06.10,05:15,28834.39000,28914.39000,28796.39000,28909.76000,2274
2026.06.10,05:20,28910.14000,28953.76000,28873.51000,28943.64000,2108
2026.06.10,05:25,28943.76000,28947.76000,28871.89000,28946.14000,2133
2026.06.10,05:30,28947.01000,29020.14000,28940.51000,28977.64000,2216
2026.06.10,05:35,28978.64000,29011.39000,28958.39000,28987.01000,2061
2026.06.10,05:40,28987.64000,28989.89000,28886.31000,28896.26000,2194
2026.06.10,05:45,28897.01000,28955.76000,28891.14000,28952.39000,2157
2026.06.10,05:50,28953.26000,28994.64000,28925.14000,28956.26000,2130
2026.06.10,05:55,28957.39000,29064.76000,28953.51000,29040.39000,2048
2026.06.10,06:00,29040.01000,29097.89000,28995.89000,29095.64000,2136
2026.06.10,06:05,29094.01000,29119.14000,29020.39000,29026.01000,2154
2026.06.10,06:10,29025.64000,29025.64000,28930.64000,28938.26000,2226
2026.06.10,06:15,28939.51000,28945.76000,28827.51000,28838.51000,2382
2026.06.10,06:20,28838.14000,28896.64000,28813.64000,28864.39000,2413
2026.06.10,06:25,28863.64000,28944.14000,28846.31000,28927.26000,2340
2026.06.10,06:30,28926.76000,28961.64000,28903.64000,28952.76000,2327
2026.06.10,06:35,28951.76000,28958.01000,28893.14000,28896.39000,2273
2026.06.10,06:40,28896.51000,28922.89000,28827.64000,28896.89000,2418
2026.06.10,06:45,28897.39000,28913.76000,28824.76000,28854.26000,2331
2026.06.10,06:50,28867.06000,29011.76000,28867.06000,29006.26000,2399
2026.06.10,06:55,29014.64000,29107.26000,29005.26000,29090.51000,2365
2026.06.10,07:00,29090.86000,29169.11000,29063.49000,29168.24000,2126
2026.06.10,07:05,29166.24000,29166.61000,29083.61000,29096.11000,1802
2026.06.10,07:10,29095.49000,29102.49000,29059.99000,29076.36000,1663
2026.06.10,07:15,29077.36000,29099.99000,29063.31000,29063.86000,1421
2026.06.10,07:20,29063.49000,29087.49000,29056.49000,29072.36000,1247
2026.06.10,07:25,29072.11000,29102.99000,29069.56000,29093.81000,1171
2026.06.10,07:30,29094.11000,29099.24000,29075.24000,29096.56000,1068
2026.06.10,07:35,29096.74000,29112.74000,29090.74000,29108.74000,1003
2026.06.10,07:40,29108.36000,29133.11000,29104.61000,29118.61000,1001
2026.06.10,07:45,29119.56000,29132.24000,29110.49000,29128.11000,850
2026.06.10,07:50,29127.49000,29129.74000,29098.06000,29100.61000,788
2026.06.10,07:55,29100.74000,29116.74000,29094.24000,29113.19000,742
2026.06.10,09:00,29067.77000,29074.52000,29005.52000,29045.02000,1379
2026.06.10,09:05,29042.02000,29066.27000,29032.02000,29058.52000,768
2026.06.10,09:10,29059.02000,29067.32000,29045.02000,29061.77000,582
2026.06.10,09:15,29061.77000,29091.57000,29047.52000,29071.77000,659
2026.06.10,09:20,29072.02000,29075.27000,29049.27000,29056.57000,388
2026.06.10,09:25,29056.32000,29063.82000,29033.52000,29046.02000,545
2026.06.10,09:30,29046.32000,29049.82000,29021.77000,29024.02000,664
2026.06.10,09:35,29024.27000,29030.57000,28977.77000,29010.27000,796
2026.06.10,09:40,29008.57000,29023.20000,28974.02000,29001.52000,1004
2026.06.10,09:45,29001.02000,29010.77000,28969.27000,28982.20000,882
2026.06.10,09:50,28983.57000,29000.27000,28963.82000,28992.95000,887
2026.06.10,09:55,28993.32000,29017.95000,28983.07000,29003.57000,897
2026.06.10,10:00,29003.27000,29059.07000,28996.77000,29045.27000,854
2026.06.10,10:05,29045.02000,29075.20000,29031.52000,29048.02000,812
2026.06.10,10:10,29048.52000,29056.02000,29003.52000,29005.52000,703
2026.06.10,10:15,29005.77000,29018.77000,28980.52000,28992.52000,763
2026.06.10,10:20,28992.52000,29005.27000,28980.52000,28992.52000,689
2026.06.10,10:25,28992.02000,28993.02000,28976.77000,28982.82000,551
2026.06.10,10:30,28981.02000,28993.77000,28962.45000,28988.45000,743
2026.06.10,10:35,28987.82000,28995.77000,28957.70000,28983.52000,735
2026.06.10,10:40,28985.52000,28993.77000,28972.52000,28992.52000,695
2026.06.10,10:45,28992.77000,29018.32000,28987.02000,29007.52000,1158
2026.06.10,10:50,29008.07000,29032.07000,28998.70000,29028.95000,1055
2026.06.10,10:55,29029.70000,29048.57000,29018.32000,29041.02000,1158
2026.06.10,11:00,29041.82000,29112.82000,29041.82000,29102.95000,1721
2026.06.10,11:05,29103.32000,29145.20000,29094.45000,29132.70000,1620
2026.06.10,11:10,29133.57000,29134.82000,29066.45000,29097.20000,1594
2026.06.10,11:15,29097.45000,29108.32000,29047.82000,29085.20000,1681
2026.06.10,11:20,29083.70000,29090.82000,29059.57000,29079.07000,1726
2026.06.10,11:25,29080.20000,29104.07000,29059.20000,29094.45000,1645
2026.06.10,11:30,29094.57000,29100.20000,29005.45000,29007.70000,1739
2026.06.10,11:35,29007.20000,29037.57000,28973.27000,29003.02000,1637
2026.06.10,11:40,29003.02000,29006.32000,28948.45000,28974.45000,1426
2026.06.10,11:45,28974.07000,29024.45000,28968.57000,29024.02000,1637
2026.06.10,11:50,29023.77000,29049.20000,28982.02000,29040.77000,1688
2026.06.10,11:55,29041.82000,29072.70000,29011.82000,29051.52000,1583
2026.06.10,12:00,29053.52000,29074.07000,29028.52000,29070.27000,1694
2026.06.10,12:05,29071.52000,29071.52000,29030.77000,29033.70000,1588
2026.06.10,12:10,29033.82000,29084.27000,29020.52000,29054.82000,1375
2026.06.10,12:15,29052.77000,29089.45000,29040.77000,29080.77000,1363
2026.06.10,12:20,29081.57000,29082.77000,29042.20000,29047.32000,1481
2026.06.10,12:25,29047.82000,29068.32000,29027.52000,29048.02000,1365
2026.06.10,12:30,29048.52000,29074.20000,29000.77000,29069.82000,1616
2026.06.10,12:35,29070.07000,29074.82000,29026.20000,29047.07000,1476
2026.06.10,12:40,29046.95000,29050.82000,29003.82000,29003.82000,1496
2026.06.10,12:45,29004.20000,29045.07000,28996.32000,29037.45000,1667
2026.06.10,12:50,29037.32000,29043.20000,28987.77000,29007.02000,1648
2026.06.10,12:55,29006.77000,29038.07000,29000.77000,29010.82000,1435
2026.06.10,13:00,29011.52000,29018.20000,28984.32000,28989.77000,1470
2026.06.10,13:05,28990.02000,28991.32000,28958.77000,28964.82000,1444
2026.06.10,13:10,28964.95000,28992.82000,28956.45000,28974.27000,1305
2026.06.10,13:15,28974.77000,28986.32000,28964.27000,28979.57000,1285
2026.06.10,13:20,28980.07000,29003.45000,28961.45000,28972.57000,1376
2026.06.10,13:25,28971.95000,28993.57000,28951.32000,28992.70000,1450
2026.06.10,13:30,28993.02000,29011.07000,28974.07000,28978.52000,1414
2026.06.10,13:35,28978.57000,28993.82000,28961.57000,28962.57000,1173
2026.06.10,13:40,28961.82000,28982.95000,28959.57000,28982.57000,1349
2026.06.10,13:45,28982.45000,29011.70000,28980.57000,29011.70000,1165
2026.06.10,13:50,29011.57000,29011.82000,28939.70000,28945.57000,1256
2026.06.10,13:55,28945.70000,28966.82000,28937.57000,28947.32000,1128
2026.06.10,14:00,28947.57000,28978.82000,28943.45000,28976.07000,1171
2026.06.10,14:05,28975.95000,29005.82000,28975.82000,28991.07000,1191
2026.06.10,14:10,28990.82000,28998.57000,28981.82000,28989.82000,1256
2026.06.10,14:15,28990.57000,29022.07000,28985.82000,28992.82000,1161
2026.06.10,14:20,28992.52000,28999.20000,28972.52000,28994.70000,1245
2026.06.10,14:25,28994.57000,29000.95000,28975.20000,28986.45000,1164
2026.06.10,14:30,28985.70000,29001.07000,28976.32000,28987.32000,1373
2026.06.10,14:35,28986.77000,28986.77000,28957.70000,28968.45000,1297
2026.06.10,14:40,28968.20000,28968.32000,28952.32000,28953.82000,1083
2026.06.10,14:45,28954.07000,28974.20000,28951.32000,28958.82000,1114
2026.06.10,14:50,28958.70000,28975.70000,28950.70000,28973.20000,1121
2026.06.10,14:55,28972.32000,28985.32000,28960.57000,28968.82000,1123
2026.06.10,15:00,28971.07000,28979.07000,28949.32000,28956.57000,1202
2026.06.10,15:05,28956.70000,28956.70000,28927.20000,28931.57000,1109
2026.06.10,15:10,28931.20000,28941.95000,28917.57000,28923.07000,811
2026.06.10,15:15,28922.95000,28945.95000,28907.45000,28941.95000,1054
2026.06.10,15:20,28942.02000,28954.07000,28920.82000,28925.82000,1406
2026.06.10,15:25,28925.70000,28941.20000,28912.52000,28917.82000,1048
2026.06.10,15:30,28915.57000,28916.52000,28881.02000,28885.20000,961
2026.06.10,15:35,28884.70000,28891.82000,28865.77000,28881.52000,981
2026.06.10,15:40,28883.20000,28899.82000,28852.77000,28853.52000,993
2026.06.10,15:45,28854.02000,28896.32000,28846.77000,28890.32000,1095
2026.06.10,15:50,28890.20000,28920.02000,28878.27000,28915.27000,1128
2026.06.10,15:55,28915.02000,28921.95000,28867.77000,28874.57000,787
2026.06.10,16:00,28878.20000,28906.20000,28862.77000,28903.95000,1261
2026.06.10,16:05,28903.07000,28927.07000,28882.27000,28889.02000,1277
2026.06.10,16:10,28889.77000,28894.70000,28873.77000,28883.52000,1151
2026.06.10,16:15,28882.52000,28883.77000,28832.77000,28837.77000,1096
2026.06.10,16:20,28838.20000,28862.07000,28831.77000,28848.70000,1137
2026.06.10,16:25,28848.45000,28915.57000,28838.77000,28914.82000,1362
2026.06.10,16:30,28915.82000,28920.82000,28857.02000,28891.32000,1608
2026.06.10,16:35,28891.20000,28906.32000,28880.77000,28900.52000,1531
2026.06.10,16:40,28900.82000,28919.32000,28884.45000,28895.32000,1381
2026.06.10,16:45,28895.20000,28899.57000,28870.27000,28886.20000,1196
2026.06.10,16:50,28887.45000,28923.20000,28884.52000,28920.57000,1282
2026.06.10,16:55,28919.77000,28943.77000,28910.77000,28920.45000,1257
2026.06.10,17:00,28920.57000,28947.95000,28912.32000,28942.82000,1286
2026.06.10,17:05,28942.45000,28973.82000,28938.02000,28955.95000,1326
2026.06.10,17:10,28955.82000,28958.70000,28938.57000,28953.45000,1232
2026.06.10,17:15,28953.32000,28976.20000,28948.95000,28975.45000,1084
2026.06.10,17:20,28975.57000,28976.70000,28930.32000,28933.57000,1065
2026.06.10,17:25,28933.07000,28964.07000,28929.77000,28959.82000,950
2026.06.10,17:30,28958.45000,28974.95000,28944.77000,28954.57000,1080
2026.06.10,17:35,28954.07000,28990.70000,28938.57000,28968.32000,992
2026.06.10,17:40,28968.07000,28973.82000,28952.57000,28964.70000,820
2026.06.10,17:45,28964.02000,28966.45000,28953.45000,28958.82000,809
2026.06.10,17:50,28958.95000,28965.95000,28942.70000,28956.32000,796
2026.06.10,17:55,28955.95000,28956.20000,28935.82000,28945.07000,762
2026.06.10,18:00,28941.82000,28958.32000,28933.07000,28933.95000,1290
2026.06.10,18:05,28933.57000,28955.07000,28919.57000,28952.45000,1135
2026.06.10,18:10,28952.07000,28977.45000,28938.32000,28958.82000,1179
2026.06.10,18:15,28959.07000,28970.70000,28929.95000,28931.57000,1186
2026.06.10,18:20,28930.77000,28948.20000,28915.20000,28930.20000,1166
2026.06.10,18:25,28929.82000,28929.82000,28907.70000,28920.57000,1223
2026.06.10,18:30,28920.45000,28958.70000,28907.32000,28955.07000,1170
2026.06.10,18:35,28954.95000,28960.57000,28928.70000,28930.95000,1148
2026.06.10,18:40,28931.07000,28937.57000,28912.45000,28924.07000,957
2026.06.10,18:45,28923.70000,28942.70000,28905.70000,28926.45000,1080
2026.06.10,18:50,28927.20000,28935.07000,28912.52000,28926.32000,1065
2026.06.10,18:55,28926.07000,28947.95000,28922.70000,28939.95000,1005
2026.06.10,19:00,28939.70000,28939.95000,28849.95000,28882.57000,1490
2026.06.10,19:05,28882.77000,28908.20000,28867.57000,28899.95000,1489
2026.06.10,19:10,28898.95000,28914.82000,28852.82000,28853.70000,1308
2026.06.10,19:15,28853.45000,28871.07000,28843.07000,28846.95000,1253
2026.06.10,19:20,28845.57000,28869.82000,28833.20000,28851.70000,1312
2026.06.10,19:25,28853.32000,28864.82000,28819.45000,28837.57000,1336
2026.06.10,19:30,28837.45000,28847.82000,28822.82000,28824.70000,1229
2026.06.10,19:35,28824.82000,28865.57000,28821.20000,28834.02000,1215
2026.06.10,19:40,28834.32000,28834.82000,28748.70000,28753.20000,1329
2026.06.10,19:45,28752.32000,28763.82000,28719.95000,28754.07000,1500
2026.06.10,19:50,28753.70000,28794.70000,28749.45000,28749.57000,1410
2026.06.10,19:55,28749.82000,28756.57000,28724.70000,28739.57000,1317
2026.06.10,20:00,28739.07000,28750.70000,28723.57000,28737.45000,1386
2026.06.10,20:05,28736.27000,28764.70000,28732.70000,28733.70000,1450
2026.06.10,20:10,28732.95000,28773.82000,28686.95000,28687.20000,1508
2026.06.10,20:15,28687.32000,28713.45000,28661.70000,28688.07000,1491
2026.06.10,20:20,28686.95000,28702.45000,28666.20000,28700.70000,1267
2026.06.10,20:25,28700.57000,28759.77000,28694.95000,28755.07000,1407
2026.06.10,20:30,28754.82000,28763.95000,28740.20000,28757.57000,1313
2026.06.10,20:35,28756.07000,28807.32000,28750.70000,28767.32000,1333
2026.06.10,20:40,28767.45000,28769.57000,28718.45000,28740.95000,1316
2026.06.10,20:45,28741.20000,28755.20000,28716.82000,28737.07000,1091
2026.06.10,20:50,28738.07000,28753.70000,28712.27000,28745.27000,1267
2026.06.10,20:55,28745.20000,28764.57000,28742.95000,28755.70000,1213
2026.06.10,21:00,28757.45000,28759.57000,28727.07000,28744.07000,1178
2026.06.10,21:05,28744.20000,28763.45000,28716.82000,28754.57000,1071
2026.06.10,21:10,28754.82000,28757.57000,28729.95000,28738.82000,1008
2026.06.10,21:15,28739.07000,28742.82000,28687.20000,28702.57000,1099
2026.06.10,21:20,28702.70000,28739.95000,28677.52000,28725.57000,1232
2026.06.10,21:25,28724.77000,28748.45000,28716.02000,28743.77000,1138
2026.06.10,21:30,28743.57000,28785.82000,28737.32000,28753.07000,1230
2026.06.10,21:35,28752.27000,28784.32000,28743.95000,28773.52000,1128
2026.06.10,21:40,28774.02000,28804.57000,28766.20000,28800.70000,1054
2026.06.10,21:45,28801.20000,28811.70000,28781.95000,28787.45000,1118
2026.06.10,21:50,28787.20000,28787.20000,28757.32000,28761.07000,1106
2026.06.10,21:55,28761.20000,28820.32000,28754.02000,28804.52000,1250
2026.06.10,22:00,28807.02000,28821.95000,28677.77000,28683.77000,1614
2026.06.10,22:05,28685.27000,28704.57000,28615.02000,28690.32000,2181
2026.06.10,22:10,28689.52000,28721.70000,28670.07000,28711.57000,1789
2026.06.10,22:15,28711.82000,28737.82000,28675.07000,28679.57000,1649
2026.06.10,22:20,28678.95000,28741.20000,28665.57000,28684.52000,1758
2026.06.10,22:25,28684.27000,28687.52000,28604.27000,28649.70000,2025
2026.06.10,22:30,28649.45000,28659.95000,28601.02000,28635.32000,1841
2026.06.10,22:35,28635.07000,28653.45000,28587.77000,28588.20000,1741
2026.06.10,22:40,28587.95000,28628.32000,28587.32000,28609.27000,1607
2026.06.10,22:45,28609.57000,28631.95000,28588.45000,28615.82000,1462
2026.06.10,22:50,28616.20000,28667.20000,28614.70000,28653.57000,1524
2026.06.10,22:55,28653.70000,28679.32000,28637.70000,28654.45000,1410
2026.06.10,23:00,28654.27000,28669.07000,28643.57000,28655.95000,1397
2026.06.10,23:05,28655.82000,28695.20000,28655.82000,28674.95000,1347
2026.06.10,23:10,28674.82000,28707.45000,28654.45000,28670.57000,1401
2026.06.10,23:15,28670.32000,28705.02000,28637.07000,28641.95000,1494
2026.06.10,23:20,28642.45000,28687.95000,28642.07000,28668.45000,1432
2026.06.10,23:25,28668.32000,28729.70000,28667.95000,28724.52000,1673
2026.06.10,23:30,28724.27000,28969.07000,28715.70000,28894.27000,2397
2026.06.10,23:35,28894.57000,28929.32000,28828.52000,28872.07000,2221
2026.06.10,23:40,28872.32000,28929.02000,28856.27000,28894.52000,1990
2026.06.10,23:45,28896.02000,28923.82000,28871.32000,28917.07000,2010
2026.06.10,23:50,28919.45000,28919.45000,28845.07000,28871.70000,1913
2026.06.10,23:55,28872.82000,28883.20000,28802.02000,28809.32000,1839
2026.06.11,00:00,28807.70000,28849.07000,28801.20000,28810.07000,1944
2026.06.11,00:05,28810.45000,28854.57000,28799.20000,28854.57000,1862
2026.06.11,00:10,28854.45000,28865.57000,28829.77000,28833.20000,1756
2026.06.11,00:15,28833.32000,28866.07000,28828.57000,28858.45000,1644
2026.06.11,00:20,28859.32000,28862.45000,28826.45000,28836.20000,1649
2026.06.11,00:25,28829.07000,28847.70000,28815.57000,28830.70000,1780
2026.06.11,00:30,28830.35000,28929.97000,28755.85000,28756.72000,2539
2026.06.11,00:35,28758.22000,28999.10000,28751.27000,28937.35000,2487
2026.06.11,00:40,28937.22000,29065.97000,28829.22000,29054.52000,2375
2026.06.11,00:45,29053.77000,29138.85000,29002.77000,29121.35000,2373
2026.06.11,00:50,29120.35000,29122.35000,28962.10000,29004.72000,2467
2026.06.11,00:55,29006.72000,29069.85000,28979.52000,28997.47000,2449
2026.06.11,01:00,29003.47000,29095.60000,28945.77000,29058.47000,2449
2026.06.11,01:05,29058.60000,29128.60000,29006.52000,29112.97000,2392
2026.06.11,01:10,29113.97000,29140.97000,29048.47000,29068.85000,2430
2026.06.11,01:15,29072.35000,29113.72000,29023.72000,29079.47000,2395
2026.06.11,01:20,29079.97000,29195.97000,29049.47000,29194.35000,2322
2026.06.11,01:25,29195.10000,29207.35000,29101.97000,29149.35000,2362
2026.06.11,01:30,29148.72000,29225.22000,29071.35000,29221.85000,2388
2026.06.11,01:35,29220.47000,29226.47000,29107.22000,29132.60000,2365
2026.06.11,01:40,29130.97000,29174.35000,29059.97000,29060.72000,2306
2026.06.11,01:45,29060.10000,29102.35000,28985.10000,29016.22000,2432
2026.06.11,01:50,29016.72000,29082.35000,28982.97000,29006.97000,2421
2026.06.11,01:55,29005.35000,29025.60000,28833.10000,28879.10000,2482
2026.06.11,02:00,28878.47000,28962.60000,28809.22000,28877.47000,2459
2026.06.11,02:05,28877.97000,28886.35000,28796.72000,28802.60000,2446
2026.06.11,02:10,28802.97000,28818.35000,28723.60000,28726.10000,2411
2026.06.11,02:15,28725.35000,28737.85000,28643.97000,28704.72000,2427
2026.06.11,02:20,28703.10000,28842.22000,28692.52000,28811.35000,2481
2026.06.11,02:25,28809.60000,28854.47000,28767.35000,28768.47000,2432
2026.06.11,02:30,28770.35000,28830.27000,28719.27000,28750.10000,2362
2026.06.11,02:35,28749.85000,28786.85000,28700.22000,28743.72000,2342
2026.06.11,02:40,28742.47000,28848.72000,28719.60000,28830.60000,2370
2026.06.11,02:45,28832.72000,28851.47000,28644.22000,28688.52000,2424
2026.06.11,02:50,28687.27000,28802.72000,28604.27000,28761.35000,2420
2026.06.11,02:55,28761.60000,28845.97000,28716.52000,28832.85000,2273
2026.06.11,03:00,28838.02000,28873.35000,28776.60000,28807.02000,2316
2026.06.11,03:05,28807.72000,28831.22000,28737.35000,28757.52000,2234
2026.06.11,03:10,28757.77000,28759.47000,28689.97000,28705.85000,2286
2026.06.11,03:15,28704.35000,28749.47000,28688.85000,28721.22000,2259
2026.06.11,03:20,28723.47000,28740.60000,28680.47000,28687.60000,2189
2026.06.11,03:25,28690.35000,28740.47000,28685.10000,28718.97000,2093
2026.06.11,03:30,28719.35000,28783.10000,28681.22000,28781.72000,2156
2026.06.11,03:35,28782.97000,28828.10000,28746.10000,28805.47000,2264
2026.06.11,03:40,28805.72000,28822.97000,28712.10000,28730.47000,2241
2026.06.11,03:45,28729.97000,28729.97000,28641.72000,28675.47000,2243
2026.06.11,03:50,28675.85000,28737.72000,28651.47000,28691.60000,2266
2026.06.11,03:55,28691.35000,28699.72000,28647.47000,28694.35000,2104
2026.06.11,04:00,28697.10000,28757.35000,28672.97000,28740.35000,2050
2026.06.11,04:05,28740.97000,28743.22000,28647.85000,28656.22000,2239
2026.06.11,04:10,28656.35000,28660.97000,28606.47000,28624.97000,2196
2026.06.11,04:15,28624.22000,28649.60000,28607.47000,28621.85000,2164
2026.06.11,04:20,28620.85000,28658.60000,28606.35000,28652.72000,2184
2026.06.11,04:25,28650.47000,28675.60000,28626.35000,28666.22000,2112
2026.06.11,04:30,28665.85000,28670.47000,28604.85000,28636.85000,2247
2026.06.11,04:35,28638.22000,28645.60000,28604.35000,28611.35000,2187
2026.06.11,04:40,28610.85000,28635.60000,28595.35000,28600.10000,2049
2026.06.11,04:45,28600.85000,28761.35000,28595.72000,28742.72000,2338
2026.06.11,04:50,28741.35000,28749.60000,28665.35000,28721.97000,2340
2026.06.11,04:55,28722.10000,28770.47000,28712.60000,28757.10000,2201
2026.06.11,05:00,28756.60000,28808.85000,28737.72000,28804.47000,2184
2026.06.11,05:05,28804.35000,28806.97000,28730.35000,28731.10000,2153
2026.06.11,05:10,28731.97000,28779.85000,28731.10000,28758.47000,1981
2026.06.11,05:15,28757.47000,28786.85000,28684.35000,28700.35000,2166
2026.06.11,05:20,28700.60000,28739.72000,28675.10000,28709.97000,2098
2026.06.11,05:25,28710.10000,28716.72000,28682.22000,28690.35000,2104
2026.06.11,05:30,28690.97000,28693.97000,28651.47000,28664.85000,2060
2026.06.11,05:35,28663.72000,28667.97000,28610.35000,28632.97000,2087
2026.06.11,05:40,28633.22000,28655.72000,28610.97000,28638.35000,2025
2026.06.11,05:45,28638.22000,28640.72000,28605.47000,28607.60000,2022
2026.06.11,05:50,28607.47000,28612.47000,28556.97000,28593.47000,2238
2026.06.11,05:55,28593.35000,28601.97000,28551.97000,28584.97000,2139
2026.06.11,06:00,28587.22000,28628.22000,28552.22000,28595.85000,2208
2026.06.11,06:05,28597.10000,28645.22000,28576.60000,28619.22000,2159
2026.06.11,06:10,28618.85000,28620.10000,28556.35000,28570.97000,2137
2026.06.11,06:15,28571.60000,28574.85000,28502.52000,28521.72000,2150
2026.06.11,06:20,28519.97000,28522.60000,28480.47000,28510.47000,2183
2026.06.11,06:25,28508.85000,28535.72000,28471.60000,28524.22000,2201
2026.06.11,06:30,28520.97000,28595.47000,28502.72000,28581.97000,2327
2026.06.11,06:35,28583.22000,28633.60000,28567.85000,28623.85000,2228
2026.06.11,06:40,28624.35000,28640.72000,28570.10000,28596.85000,2255
2026.06.11,06:45,28595.60000,28605.47000,28529.02000,28573.10000,2205
2026.06.11,06:50,28566.77000,28640.35000,28522.77000,28592.35000,2314
2026.06.11,06:55,28591.97000,28619.22000,28505.10000,28505.97000,2343
2026.06.11,07:00,28502.77000,28512.32000,28448.02000,28486.02000,1563
2026.06.11,07:05,28485.52000,28490.95000,28409.95000,28448.27000,1804
2026.06.11,07:10,28448.52000,28490.07000,28448.52000,28475.70000,1458
2026.06.11,07:15,28474.95000,28492.27000,28450.02000,28475.20000,1209
2026.06.11,07:20,28474.82000,28496.32000,28460.95000,28493.77000,912
2026.06.11,07:25,28493.95000,28493.95000,28458.82000,28463.70000,818
2026.06.11,07:30,28461.70000,28461.95000,28433.95000,28451.02000,874
2026.06.11,07:35,28452.45000,28472.07000,28441.77000,28470.20000,734
2026.06.11,07:40,28470.07000,28475.57000,28411.32000,28428.27000,714
2026.06.11,07:45,28428.77000,28435.32000,28391.02000,28410.32000,1048
2026.06.11,07:50,28409.57000,28435.07000,28385.77000,28433.32000,942
2026.06.11,07:55,28433.02000,28463.20000,28427.95000,28447.52000,802
2026.06.11,09:00,28435.64000,28447.84000,28356.59000,28366.34000,1431
2026.06.11,09:05,28367.27000,28372.39000,28344.09000,28347.64000,1040
2026.06.11,09:10,28347.34000,28381.39000,28338.89000,28381.39000,1119
2026.06.11,09:15,28380.84000,28388.64000,28365.59000,28384.09000,1058
2026.06.11,09:20,28382.84000,28385.27000,28365.02000,28369.52000,901
2026.06.11,09:25,28369.27000,28399.39000,28360.64000,28392.89000,914
2026.06.11,09:30,28392.52000,28428.77000,28391.84000,28400.89000,1031
2026.06.11,09:35,28400.77000,28441.64000,28395.89000,28439.34000,905
2026.06.11,09:40,28439.89000,28449.39000,28389.59000,28411.09000,1031
2026.06.11,09:45,28411.34000,28435.64000,28385.59000,28404.09000,1276
2026.06.11,09:50,28404.09000,28409.09000,28351.59000,28364.59000,1160
2026.06.11,09:55,28364.84000,28365.89000,28309.64000,28321.09000,1296
2026.06.11,10:00,28322.09000,28355.34000,28294.09000,28346.89000,1225
2026.06.11,10:05,28345.84000,28357.34000,28315.02000,28317.89000,1029
2026.06.11,10:10,28317.59000,28323.64000,28259.34000,28269.64000,1295
2026.06.11,10:15,28269.52000,28355.84000,28246.09000,28333.34000,1307
2026.06.11,10:20,28340.34000,28375.09000,28280.84000,28308.59000,1605
2026.06.11,10:25,28308.34000,28384.59000,28308.34000,28377.84000,1367
2026.06.11,10:30,28378.14000,28385.52000,28331.09000,28356.59000,1114
2026.06.11,10:35,28356.84000,28391.02000,28356.84000,28370.59000,923
2026.06.11,10:40,28370.59000,28425.64000,28363.59000,28402.84000,994
2026.06.11,10:45,28402.59000,28404.34000,28360.14000,28377.34000,1331
2026.06.11,10:50,28376.84000,28383.64000,28360.59000,28369.84000,1177
2026.06.11,10:55,28369.84000,28371.34000,28332.77000,28343.14000,1301
2026.06.11,11:00,28345.59000,28396.02000,28316.59000,28324.34000,1716
2026.06.11,11:05,28324.09000,28364.09000,28315.59000,28328.34000,1731
2026.06.11,11:10,28327.84000,28381.89000,28316.09000,28370.89000,1875
2026.06.11,11:15,28371.64000,28550.59000,28371.64000,28502.09000,2087
2026.06.11,11:20,28502.89000,28526.14000,28472.09000,28487.09000,1966
2026.06.11,11:25,28487.09000,28491.59000,28448.09000,28463.59000,1810
2026.06.11,11:30,28463.39000,28495.84000,28448.39000,28463.59000,1724
2026.06.11,11:35,28463.09000,28467.77000,28408.84000,28433.59000,1730
2026.06.11,11:40,28434.39000,28466.64000,28420.14000,28423.77000,1696
2026.06.11,11:45,28423.89000,28506.27000,28423.64000,28490.84000,1729
2026.06.11,11:50,28491.34000,28535.64000,28480.09000,28512.84000,1607
2026.06.11,11:55,28513.34000,28545.52000,28512.34000,28530.14000,1604
2026.06.11,12:00,28530.77000,28611.84000,28530.52000,28599.59000,1731
2026.06.11,12:05,28600.09000,28628.52000,28583.09000,28623.52000,1589
2026.06.11,12:10,28623.27000,28697.39000,28622.64000,28692.89000,1663
2026.06.11,12:15,28692.52000,28707.02000,28669.02000,28702.52000,1620
2026.06.11,12:20,28702.77000,28728.77000,28668.09000,28724.09000,1569
2026.06.11,12:25,28723.84000,28742.89000,28709.34000,28733.27000,1511
2026.06.11,12:30,28732.77000,28738.39000,28687.09000,28690.39000,1443
2026.06.11,12:35,28690.14000,28736.14000,28676.77000,28713.89000,1633
2026.06.11,12:40,28713.77000,28723.77000,28681.02000,28687.39000,1413
2026.06.11,12:45,28687.64000,28694.02000,28667.09000,28672.89000,1514
2026.06.11,12:50,28673.14000,28680.14000,28644.14000,28656.77000,1398
2026.06.11,12:55,28655.89000,28657.52000,28613.77000,28623.89000,1530
2026.06.11,13:00,28622.14000,28677.14000,28615.64000,28673.64000,1566
2026.06.11,13:05,28673.52000,28673.89000,28630.27000,28642.02000,1369
2026.06.11,13:10,28641.89000,28641.89000,28602.52000,28603.77000,1360
2026.06.11,13:15,28603.64000,28626.89000,28596.52000,28605.64000,1427
2026.06.11,13:20,28605.39000,28610.02000,28550.89000,28558.89000,1585
2026.06.11,13:25,28558.39000,28569.27000,28531.14000,28538.64000,1496
2026.06.11,13:30,28538.09000,28562.14000,28514.09000,28528.34000,1634
2026.06.11,13:35,28529.27000,28567.14000,28524.09000,28559.89000,1576
2026.06.11,13:40,28558.77000,28582.14000,28548.77000,28552.14000,1422
2026.06.11,13:45,28551.77000,28574.77000,28543.89000,28570.64000,1438
2026.06.11,13:50,28571.27000,28583.27000,28553.14000,28570.14000,1440
2026.06.11,13:55,28570.02000,28628.52000,28569.89000,28616.14000,1389
2026.06.11,14:00,28616.02000,28650.14000,28616.02000,28637.89000,1418
2026.06.11,14:05,28638.52000,28642.77000,28602.59000,28616.64000,1361
2026.06.11,14:10,28616.52000,28620.52000,28569.34000,28586.14000,1316
2026.06.11,14:15,28584.84000,28607.52000,28571.89000,28573.52000,1498
2026.06.11,14:20,28573.39000,28598.77000,28561.34000,28596.02000,1434
2026.06.11,14:25,28596.09000,28602.27000,28574.59000,28601.34000,1268
2026.06.11,14:30,28601.14000,28648.77000,28597.84000,28643.27000,1481
2026.06.11,14:35,28643.39000,28654.27000,28624.02000,28654.14000,1493
2026.06.11,14:40,28654.27000,28668.02000,28651.14000,28665.39000,1367
2026.06.11,14:45,28665.64000,28673.52000,28651.02000,28664.89000,1286
2026.06.11,14:50,28664.64000,28723.27000,28663.64000,28697.84000,1212
2026.06.11,14:55,28698.39000,28723.89000,28694.14000,28718.77000,1112
2026.06.11,15:00,28719.02000,28724.52000,28698.02000,28698.02000,1287
2026.06.11,15:05,28698.89000,28719.52000,28694.77000,28710.39000,1113
2026.06.11,15:10,28710.09000,28711.64000,28696.77000,28701.64000,953
2026.06.11,15:15,28701.39000,28707.27000,28684.89000,28707.02000,1256
2026.06.11,15:20,28707.14000,28737.14000,28699.39000,28707.89000,1253
2026.06.11,15:25,28709.14000,28735.27000,28706.89000,28723.64000,1119
2026.06.11,15:30,28723.39000,28740.52000,28714.64000,28714.64000,938
2026.06.11,15:35,28714.52000,28755.14000,28712.02000,28753.27000,1076
2026.06.11,15:40,28752.89000,28782.27000,28744.02000,28771.14000,1171
2026.06.11,15:45,28771.52000,28782.14000,28758.02000,28760.77000,1164
2026.06.11,15:50,28760.89000,28764.39000,28740.52000,28760.89000,909
2026.06.11,15:55,28760.77000,28763.64000,28745.02000,28756.02000,969
2026.06.11,16:00,28756.14000,28761.64000,28718.34000,28724.14000,1207
2026.06.11,16:05,28724.89000,28724.89000,28697.59000,28720.52000,1229
2026.06.11,16:10,28719.84000,28724.64000,28701.77000,28709.14000,1038
2026.06.11,16:15,28709.02000,28728.14000,28699.02000,28708.52000,1047
2026.06.11,16:20,28708.39000,28723.52000,28706.39000,28717.64000,1160
2026.06.11,16:25,28717.52000,28720.59000,28694.84000,28714.77000,1230
2026.06.11,16:30,28714.89000,28724.52000,28691.84000,28720.39000,1365
2026.06.11,16:35,28720.52000,28726.89000,28705.64000,28720.89000,1141
2026.06.11,16:40,28719.84000,28730.64000,28712.77000,28724.02000,969
2026.06.11,16:45,28723.89000,28729.89000,28710.39000,28718.89000,1012
2026.06.11,16:50,28719.14000,28729.14000,28710.34000,28714.39000,1087
2026.06.11,16:55,28713.64000,28735.27000,28708.14000,28727.14000,1202
2026.06.11,17:00,28726.89000,28728.77000,28698.84000,28699.84000,1304
2026.06.11,17:05,28699.89000,28713.89000,28667.09000,28687.14000,1403
2026.06.11,17:10,28687.39000,28737.34000,28684.09000,28727.27000,1307
2026.06.11,17:15,28726.84000,28750.39000,28725.84000,28731.64000,1192
2026.06.11,17:20,28731.39000,28753.52000,28724.39000,28732.39000,1120
2026.06.11,17:25,28732.27000,28745.39000,28725.52000,28729.89000,1192
2026.06.11,17:30,28731.34000,28735.64000,28708.14000,28710.52000,1036
2026.06.11,17:35,28710.64000,28749.64000,28708.27000,28743.64000,1040
2026.06.11,17:40,28743.52000,28758.02000,28737.84000,28742.89000,877
2026.06.11,17:45,28742.59000,28759.14000,28733.34000,28748.77000,911
2026.06.11,17:50,28748.09000,28766.39000,28743.89000,28763.39000,852
2026.06.11,17:55,28763.14000,28776.89000,28757.64000,28771.64000,769
2026.06.11,18:00,28771.59000,28796.52000,28767.39000,28783.77000,1268
2026.06.11,18:05,28784.27000,28785.64000,28747.27000,28779.09000,1196
2026.06.11,18:10,28778.34000,28787.02000,28741.84000,28767.27000,1170
2026.06.11,18:15,28767.14000,28805.77000,28760.59000,28797.39000,980
2026.06.11,18:20,28797.14000,28848.02000,28795.84000,28847.27000,1033
2026.06.11,18:25,28845.89000,28846.52000,28806.64000,28829.14000,1132
2026.06.11,18:30,28829.02000,28842.14000,28820.64000,28828.02000,1037
2026.06.11,18:35,28828.64000,28846.52000,28827.02000,28828.52000,919
2026.06.11,18:40,28827.77000,28843.59000,28816.34000,28840.14000,984
2026.06.11,18:45,28839.52000,28845.77000,28818.14000,28820.64000,961
2026.06.11,18:50,28820.77000,28832.39000,28812.14000,28820.77000,966
2026.06.11,18:55,28820.89000,28827.77000,28815.39000,28825.14000,852
2026.06.11,19:00,28823.77000,28890.59000,28823.77000,28849.39000,1265
2026.06.11,19:05,28849.52000,28896.09000,28845.52000,28894.52000,1093
2026.06.11,19:10,28894.27000,28907.52000,28883.02000,28895.64000,1061
2026.06.11,19:15,28894.77000,28896.39000,28869.09000,28895.34000,1077
2026.06.11,19:20,28894.59000,28902.64000,28874.02000,28898.27000,872
2026.06.11,19:25,28898.64000,28913.02000,28878.64000,28885.39000,1030
2026.06.11,19:30,28885.59000,28898.02000,28876.02000,28893.84000,939
2026.06.11,19:35,28894.14000,28914.52000,28890.52000,28901.77000,920
2026.06.11,19:40,28902.02000,28904.27000,28886.34000,28894.02000,818
2026.06.11,19:45,28894.14000,28899.89000,28876.84000,28876.84000,835
2026.06.11,19:50,28877.27000,28895.27000,28869.52000,28880.77000,865
2026.06.11,19:55,28880.52000,28894.27000,28878.14000,28890.27000,865
2026.06.11,20:00,28890.77000,28901.64000,28887.14000,28893.14000,786
2026.06.11,20:05,28893.39000,28899.52000,28864.84000,28866.77000,770
2026.06.11,20:10,28867.77000,28873.14000,28852.39000,28862.27000,979
2026.06.11,20:15,28861.89000,28871.27000,28849.89000,28863.52000,851
2026.06.11,20:20,28863.39000,28866.27000,28840.89000,28854.14000,783
2026.06.11,20:25,28853.39000,28866.39000,28841.52000,28853.52000,614
2026.06.11,20:30,28853.89000,28856.27000,28838.27000,28852.77000,683
2026.06.11,20:35,28852.27000,28861.89000,28843.84000,28860.77000,701
2026.06.11,20:40,28860.89000,28873.52000,28855.89000,28864.14000,655
2026.06.11,20:45,28863.34000,28887.02000,28857.14000,28867.27000,833
2026.06.11,20:50,28867.52000,28875.14000,28856.14000,28864.52000,797
2026.06.11,20:55,28862.59000,28876.89000,28856.77000,28857.64000,770
2026.06.11,21:00,28857.89000,28887.52000,28856.09000,28876.59000,796
2026.06.11,21:05,28876.89000,28896.39000,28876.34000,28880.64000,833
2026.06.11,21:10,28880.77000,28891.39000,28864.02000,28876.64000,861
2026.06.11,21:15,28876.89000,28884.02000,28857.59000,28861.14000,760
2026.06.11,21:20,28861.52000,28880.14000,28860.89000,28877.77000,685
2026.06.11,21:25,28877.52000,28878.39000,28856.02000,28858.64000,768
2026.06.11,21:30,28857.14000,28893.34000,28857.14000,28892.77000,685
2026.06.11,21:35,28892.89000,28893.02000,28870.77000,28873.89000,694
2026.06.11,21:40,28873.64000,28881.14000,28865.64000,28872.02000,644
2026.06.11,21:45,28871.64000,28874.39000,28862.64000,28871.77000,741
2026.06.11,21:50,28872.64000,28885.52000,28868.89000,28875.64000,729
2026.06.11,21:55,28875.77000,28879.27000,28856.02000,28859.02000,681
2026.06.11,22:00,28858.64000,28858.77000,28828.14000,28828.77000,1155
2026.06.11,22:05,28828.89000,28841.27000,28793.02000,28794.09000,1270
2026.06.11,22:10,28795.27000,28824.52000,28795.14000,28819.89000,1086
2026.06.11,22:15,28819.14000,28827.64000,28814.89000,28821.64000,898
2026.06.11,22:20,28822.14000,28826.27000,28811.27000,28812.89000,996
2026.06.11,22:25,28813.02000,28848.52000,28801.14000,28833.89000,1044
2026.06.11,22:30,28833.64000,28876.39000,28828.52000,28859.39000,1380
2026.06.11,22:35,28859.52000,28884.14000,28850.64000,28857.02000,1036
2026.06.11,22:40,28857.14000,28873.77000,28842.52000,28866.02000,961
2026.06.11,22:45,28866.64000,28878.89000,28863.02000,28872.52000,863
2026.06.11,22:50,28872.89000,28885.02000,28859.77000,28879.77000,947
2026.06.11,22:55,28879.89000,28888.64000,28871.14000,28881.02000,836
2026.06.11,23:00,28879.64000,28892.89000,28876.89000,28888.89000,918
2026.06.11,23:05,28889.27000,28890.14000,28868.64000,28882.64000,1010
2026.06.11,23:10,28881.77000,28882.89000,28866.64000,28878.34000,601
2026.06.11,23:15,28878.89000,28879.27000,28851.09000,28852.77000,954
2026.06.11,23:20,28852.64000,28857.64000,28694.59000,28755.89000,1852
2026.06.11,23:25,28754.84000,28785.59000,28714.09000,28727.09000,1881
2026.06.11,23:30,28727.84000,28767.09000,28617.34000,28667.59000,2080
2026.06.11,23:35,28668.89000,28714.39000,28653.09000,28707.52000,1945
2026.06.11,23:40,28709.27000,28757.34000,28689.52000,28731.84000,1875
2026.06.11,23:45,28732.34000,28782.89000,28718.14000,28766.52000,1837
2026.06.11,23:50,28765.59000,28797.77000,28756.64000,28780.02000,1639
2026.06.11,23:55,28779.39000,28806.27000,28765.64000,28792.77000,1572
2026.06.12,00:00,28794.02000,28794.02000,28753.14000,28776.27000,1729
2026.06.12,00:05,28776.64000,28776.89000,28736.77000,28743.09000,1496
2026.06.12,00:10,28743.14000,28773.14000,28737.64000,28757.14000,1475
2026.06.12,00:15,28757.39000,28766.77000,28744.14000,28751.27000,1402
2026.06.12,00:20,28752.02000,28775.89000,28748.39000,28768.39000,1335
2026.06.12,00:25,28763.52000,28764.89000,28724.64000,28733.52000,1624
2026.06.12,00:30,28733.84000,28758.79000,28652.92000,28667.04000,2382
2026.06.12,00:35,28667.67000,28763.17000,28644.09000,28680.92000,2420
2026.06.12,00:40,28680.17000,28746.04000,28632.42000,28718.92000,2402
2026.06.12,00:45,28718.17000,28870.79000,28687.79000,28795.92000,2482
2026.06.12,00:50,28797.04000,28992.54000,28797.04000,28948.42000,2445
2026.06.12,00:55,28948.92000,28989.67000,28855.84000,28880.79000,2331
2026.06.12,01:00,28883.54000,29028.92000,28875.17000,29019.29000,2332
2026.06.12,01:05,29018.29000,29018.29000,28931.67000,28949.04000,2332
2026.06.12,01:10,28949.42000,28958.17000,28810.42000,28823.17000,2371
2026.06.12,01:15,28823.29000,28861.54000,28734.04000,28741.42000,2373
2026.06.12,01:20,28741.92000,28900.54000,28735.04000,28864.54000,2363
2026.06.12,01:25,28862.67000,28909.92000,28770.84000,28850.04000,2386
2026.06.12,01:30,28850.67000,28879.34000,28779.59000,28816.79000,2381
2026.06.12,01:35,28813.84000,28919.42000,28804.79000,28850.92000,2326
2026.06.12,01:40,28850.67000,28894.92000,28797.54000,28799.67000,2279
2026.06.12,01:45,28801.42000,28823.67000,28747.42000,28771.04000,2297
2026.06.12,01:50,28767.79000,28794.79000,28724.29000,28740.54000,2278
2026.06.12,01:55,28739.92000,28740.54000,28588.54000,28629.92000,2361
2026.06.12,02:00,28631.04000,28679.17000,28558.59000,28658.92000,2321
2026.06.12,02:05,28661.92000,28739.79000,28622.67000,28701.29000,2394
2026.06.12,02:10,28701.54000,28775.67000,28691.42000,28746.17000,2315
2026.06.12,02:15,28746.29000,28818.29000,28728.67000,28760.79000,2272
2026.06.12,02:20,28761.54000,28839.54000,28751.34000,28810.42000,2275
2026.06.12,02:25,28811.54000,28833.54000,28731.34000,28739.04000,2268
2026.06.12,02:30,28739.42000,28793.67000,28722.04000,28784.29000,2216
2026.06.12,02:35,28784.17000,28862.54000,28777.54000,28835.54000,2304
2026.06.12,02:40,28837.29000,28885.67000,28772.54000,28796.04000,2206
2026.06.12,02:45,28796.92000,28851.42000,28770.92000,28808.79000,2176
2026.06.12,02:50,28809.17000,28816.04000,28764.04000,28785.17000,2158
2026.06.12,02:55,28786.04000,28856.79000,28757.17000,28838.04000,2169
2026.06.12,03:00,28841.54000,28894.17000,28807.42000,28835.67000,2164
2026.06.12,03:05,28833.84000,28894.79000,28816.29000,28878.17000,2036
2026.06.12,03:10,28877.54000,28948.79000,28869.67000,28932.04000,2152
2026.06.12,03:15,28933.29000,28955.04000,28897.17000,28922.92000,2118
2026.06.12,03:20,28922.17000,28937.17000,28854.92000,28858.54000,2128
2026.06.12,03:25,28858.42000,28872.79000,28821.84000,28826.67000,2157
2026.06.12,03:30,28826.92000,28937.67000,28805.17000,28903.04000,2172
2026.06.12,03:35,28903.67000,28947.67000,28866.79000,28876.17000,2118
2026.06.12,03:40,28876.54000,28885.54000,28845.92000,28865.92000,2017
2026.06.12,03:45,28865.79000,28882.17000,28836.92000,28850.42000,1988
2026.06.12,03:50,28852.42000,28856.79000,28779.79000,28784.92000,2068
2026.06.12,03:55,28782.79000,28794.04000,28747.54000,28750.04000,2007
2026.06.12,04:00,28751.17000,28785.09000,28694.67000,28711.67000,2156
2026.06.12,04:05,28711.92000,28774.92000,28706.92000,28765.42000,2163
2026.06.12,04:10,28767.29000,28788.79000,28717.04000,28724.54000,2155
2026.06.12,04:15,28724.29000,28743.17000,28665.79000,28682.92000,2089
2026.06.12,04:20,28682.17000,28716.42000,28659.59000,28709.67000,2113
2026.06.12,04:25,28708.29000,29070.29000,28703.54000,29068.79000,2211
2026.06.12,04:30,29067.54000,29242.34000,29067.54000,29186.84000,2514
2026.06.12,04:35,29188.09000,29201.84000,29108.09000,29160.34000,2479
2026.06.12,04:40,29160.09000,29281.17000,29141.67000,29260.92000,2393
2026.06.12,04:45,29264.29000,29280.54000,29162.09000,29181.54000,2341
2026.06.12,04:50,29180.04000,29187.54000,29099.17000,29163.92000,2325
2026.06.12,04:55,29162.54000,29200.54000,29120.17000,29195.04000,2168
2026.06.12,05:00,29194.67000,29234.29000,29079.17000,29094.54000,2363
2026.06.12,05:05,29092.29000,29126.67000,29050.04000,29090.54000,2307
2026.06.12,05:10,29090.79000,29162.79000,29084.54000,29162.67000,2209
2026.06.12,05:15,29162.04000,29245.67000,29153.42000,29236.29000,2226
2026.06.12,05:20,29235.42000,29235.54000,29131.09000,29173.54000,2199
2026.06.12,05:25,29171.79000,29187.67000,29152.92000,29168.29000,2097
2026.06.12,05:30,29168.54000,29218.17000,29159.04000,29167.67000,2065
2026.06.12,05:35,29166.54000,29193.79000,29153.79000,29165.42000,2059
2026.06.12,05:40,29164.17000,29208.29000,29158.04000,29204.92000,2002
2026.06.12,05:45,29204.67000,29261.79000,29197.29000,29256.67000,2011
2026.06.12,05:50,29256.79000,29289.42000,29246.79000,29247.79000,2051
2026.06.12,05:55,29246.29000,29263.54000,29215.04000,29249.17000,1984
2026.06.12,06:00,29249.29000,29297.29000,29246.42000,29277.17000,2051
2026.06.12,06:05,29277.04000,29287.92000,29210.42000,29285.17000,2108
2026.06.12,06:10,29283.42000,29350.29000,29280.29000,29340.54000,2148
2026.06.12,06:15,29341.17000,29371.67000,29328.42000,29368.67000,2117
2026.06.12,06:20,29368.29000,29379.54000,29353.67000,29366.79000,2071
2026.06.12,06:25,29366.17000,29424.92000,29358.17000,29404.79000,2038
2026.06.12,06:30,29405.67000,29515.79000,29401.92000,29508.54000,2270
2026.06.12,06:35,29508.79000,29521.67000,29437.04000,29448.67000,2041
2026.06.12,06:40,29449.79000,29509.54000,29439.29000,29478.79000,1836
2026.06.12,06:45,29475.92000,29475.92000,29408.17000,29411.59000,2012
2026.06.12,06:50,29415.09000,29471.67000,29384.84000,29458.42000,2077
2026.06.12,06:55,29457.42000,29478.04000,29434.67000,29438.67000,2046
2026.06.12,07:00,29441.02000,29462.89000,29396.89000,29438.14000,1722
2026.06.12,07:05,29437.39000,29485.77000,29437.39000,29470.77000,1381
2026.06.12,07:10,29470.52000,29498.27000,29456.52000,29493.64000,1244
2026.06.12,07:15,29493.52000,29502.39000,29467.77000,29468.64000,1024
2026.06.12,07:20,29468.52000,29473.39000,29448.39000,29463.64000,1035
2026.06.12,07:25,29463.89000,29479.59000,29439.27000,29454.77000,1040
2026.06.12,07:30,29455.27000,29465.27000,29438.77000,29440.02000,858
2026.06.12,07:35,29439.89000,29441.27000,29411.14000,29411.77000,936
2026.06.12,07:40,29411.34000,29414.77000,29395.27000,29395.89000,841
2026.06.12,07:45,29393.89000,29412.39000,29389.09000,29405.02000,573
2026.06.12,07:50,29404.89000,29419.39000,29403.09000,29411.39000,621
2026.06.12,07:55,29411.09000,29423.09000,29411.09000,29414.84000,594
2026.06.12,09:00,29432.13000,29483.81000,29424.38000,29463.68000,1287
2026.06.12,09:05,29463.43000,29491.43000,29452.13000,29476.38000,967
2026.06.12,09:10,29476.63000,29517.13000,29473.18000,29505.43000,804
2026.06.12,09:15,29504.68000,29527.63000,29492.13000,29497.93000,882
2026.06.12,09:20,29497.81000,29519.38000,29497.63000,29499.56000,713
2026.06.12,09:25,29499.13000,29515.93000,29496.68000,29511.06000,732
2026.06.12,09:30,29511.31000,29529.88000,29499.31000,29505.13000,551
2026.06.12,09:35,29505.88000,29513.06000,29499.13000,29508.31000,450
2026.06.12,09:40,29507.93000,29538.56000,29505.68000,29530.63000,841
2026.06.12,09:45,29530.63000,29563.18000,29530.63000,29551.38000,809
2026.06.12,09:50,29550.88000,29567.18000,29547.38000,29558.88000,639
2026.06.12,09:55,29557.63000,29560.43000,29534.38000,29539.63000,589
2026.06.12,10:00,29539.88000,29545.68000,29516.13000,29525.88000,687
2026.06.12,10:05,29524.38000,29529.56000,29507.13000,29512.38000,699
2026.06.12,10:10,29512.88000,29526.43000,29505.13000,29524.31000,647
2026.06.12,10:15,29524.56000,29541.18000,29520.63000,29529.06000,677
2026.06.12,10:20,29529.18000,29529.43000,29488.88000,29493.68000,827
2026.06.12,10:25,29493.93000,29504.88000,29475.63000,29501.63000,756
2026.06.12,10:30,29502.18000,29517.06000,29501.63000,29515.38000,726
2026.06.12,10:35,29516.18000,29535.18000,29514.13000,29523.38000,720
2026.06.12,10:40,29523.38000,29548.18000,29523.38000,29544.63000,726
2026.06.12,10:45,29545.18000,29572.56000,29545.18000,29567.43000,943
2026.06.12,10:50,29567.68000,29572.88000,29541.81000,29556.06000,841
2026.06.12,10:55,29556.43000,29564.18000,29547.13000,29558.68000,857
2026.06.12,11:00,29558.63000,29564.93000,29518.13000,29549.13000,1347
2026.06.12,11:05,29548.13000,29584.81000,29546.88000,29562.13000,1499
2026.06.12,11:10,29562.43000,29574.31000,29539.13000,29561.18000,1302
2026.06.12,11:15,29559.56000,29559.68000,29526.13000,29545.13000,1456
2026.06.12,11:20,29545.13000,29576.68000,29539.13000,29570.38000,1113
2026.06.12,11:25,29572.81000,29605.43000,29559.13000,29591.93000,1158
2026.06.12,11:30,29591.43000,29620.31000,29588.63000,29619.31000,1187
2026.06.12,11:35,29619.18000,29625.81000,29603.31000,29605.06000,1164
2026.06.12,11:40,29605.18000,29612.68000,29567.93000,29571.93000,1163
2026.06.12,11:45,29571.63000,29597.18000,29569.13000,29579.31000,1176
2026.06.12,11:50,29577.68000,29590.68000,29577.13000,29580.18000,1126
2026.06.12,11:55,29579.93000,29587.06000,29547.38000,29569.63000,1009
2026.06.12,12:00,29569.63000,29571.31000,29527.81000,29535.93000,1380
2026.06.12,12:05,29534.56000,29550.06000,29514.63000,29548.38000,1184
2026.06.12,12:10,29548.13000,29550.13000,29517.38000,29543.63000,1329
2026.06.12,12:15,29543.88000,29557.63000,29508.88000,29513.93000,1317
2026.06.12,12:20,29513.06000,29516.93000,29486.13000,29492.43000,1227
2026.06.12,12:25,29492.06000,29493.31000,29453.43000,29464.56000,1445
2026.06.12,12:30,29463.56000,29497.56000,29462.63000,29493.06000,1323
2026.06.12,12:35,29493.18000,29502.56000,29448.63000,29467.13000,1282
2026.06.12,12:40,29467.13000,29495.68000,29449.38000,29475.63000,1267
2026.06.12,12:45,29473.13000,29513.68000,29472.13000,29512.93000,1095
2026.06.12,12:50,29512.81000,29520.93000,29501.56000,29507.88000,1025
2026.06.12,12:55,29508.43000,29538.43000,29505.38000,29533.93000,974
2026.06.12,13:00,29533.68000,29568.68000,29532.38000,29547.68000,1018
2026.06.12,13:05,29547.81000,29562.81000,29535.13000,29561.93000,1188
2026.06.12,13:10,29561.38000,29565.18000,29543.63000,29548.63000,1222
2026.06.12,13:15,29548.63000,29552.81000,29525.06000,29536.31000,1062
2026.06.12,13:20,29536.56000,29546.18000,29522.38000,29525.63000,1124
2026.06.12,13:25,29525.68000,29526.93000,29493.13000,29494.68000,1193
2026.06.12,13:30,29494.56000,29510.93000,29492.81000,29494.18000,975
2026.06.12,13:35,29493.68000,29526.18000,29484.88000,29522.63000,1149
2026.06.12,13:40,29522.88000,29530.68000,29514.13000,29525.88000,992
2026.06.12,13:45,29525.88000,29552.56000,29525.38000,29543.43000,961
2026.06.12,13:50,29543.38000,29553.88000,29527.13000,29537.13000,966
2026.06.12,13:55,29537.13000,29546.43000,29526.63000,29543.63000,894
2026.06.12,14:00,29543.88000,29544.63000,29510.63000,29526.88000,881
2026.06.12,14:05,29527.13000,29527.13000,29507.13000,29524.31000,957
2026.06.12,14:10,29524.06000,29525.68000,29492.13000,29503.63000,890
2026.06.12,14:15,29503.38000,29510.88000,29491.88000,29493.38000,1067
2026.06.12,14:20,29493.63000,29497.68000,29472.88000,29476.88000,834
2026.06.12,14:25,29477.13000,29507.68000,29473.88000,29501.38000,1116
2026.06.12,14:30,29501.38000,29521.93000,29497.88000,29506.63000,1141
2026.06.12,14:35,29507.18000,29518.18000,29500.93000,29516.13000,1199
2026.06.12,14:40,29517.38000,29534.93000,29508.88000,29512.13000,951
2026.06.12,14:45,29512.88000,29512.93000,29482.38000,29503.56000,1158
2026.06.12,14:50,29503.68000,29514.31000,29495.88000,29509.88000,1165
2026.06.12,14:55,29510.13000,29521.93000,29505.31000,29510.63000,1031
2026.06.12,15:00,29510.38000,29511.81000,29487.38000,29495.63000,1067
2026.06.12,15:05,29495.63000,29495.93000,29469.93000,29484.43000,894
2026.06.12,15:10,29484.13000,29500.68000,29477.13000,29497.13000,1040
2026.06.12,15:15,29496.88000,29503.93000,29475.06000,29480.18000,907
2026.06.12,15:20,29479.93000,29504.88000,29470.31000,29498.43000,910
2026.06.12,15:25,29498.18000,29520.43000,29496.38000,29517.31000,955
2026.06.12,15:30,29516.68000,29526.93000,29506.93000,29515.93000,944
2026.06.12,15:35,29515.43000,29515.43000,29502.13000,29506.81000,882
2026.06.12,15:40,29506.68000,29524.43000,29502.13000,29517.38000,902
2026.06.12,15:45,29517.88000,29528.13000,29512.13000,29516.38000,968
2026.06.12,15:50,29516.38000,29529.93000,29513.63000,29519.93000,868
2026.06.12,15:55,29519.68000,29527.31000,29517.38000,29524.88000,722
2026.06.12,16:00,29525.18000,29535.31000,29510.13000,29510.13000,917
2026.06.12,16:05,29509.88000,29512.68000,29486.88000,29499.88000,1013
2026.06.12,16:10,29500.13000,29509.18000,29485.13000,29507.13000,1168
2026.06.12,16:15,29507.43000,29520.56000,29494.13000,29515.13000,1077
2026.06.12,16:20,29515.38000,29523.68000,29503.63000,29504.13000,761
2026.06.12,16:25,29504.63000,29517.56000,29497.13000,29515.13000,996
2026.06.12,16:30,29514.88000,29514.88000,29482.13000,29496.38000,1123
2026.06.12,16:35,29496.63000,29502.68000,29438.88000,29454.18000,1450
2026.06.12,16:40,29452.88000,29491.93000,29452.38000,29461.38000,1546
2026.06.12,16:45,29462.18000,29465.93000,29406.31000,29409.56000,1374
2026.06.12,16:50,29409.43000,29420.31000,29356.43000,29410.63000,1609
2026.06.12,16:55,29410.31000,29413.68000,29374.63000,29382.38000,1442
2026.06.12,17:00,29382.38000,29440.81000,29372.38000,29421.13000,1348
2026.06.12,17:05,29421.63000,29439.18000,29400.13000,29424.13000,1191
2026.06.12,17:10,29424.13000,29454.38000,29415.38000,29442.38000,1233
2026.06.12,17:15,29442.13000,29443.56000,29414.06000,29414.06000,1165
2026.06.12,17:20,29413.18000,29422.06000,29398.68000,29416.13000,1027
2026.06.12,17:25,29416.38000,29422.31000,29402.13000,29406.31000,1126
2026.06.12,17:30,29406.93000,29406.93000,29384.13000,29387.13000,1048
2026.06.12,17:35,29387.13000,29392.18000,29372.38000,29376.18000,1025
2026.06.12,17:40,29376.31000,29378.43000,29347.13000,29363.38000,898
2026.06.12,17:45,29363.63000,29374.68000,29350.38000,29360.18000,1009
2026.06.12,17:50,29360.06000,29365.81000,29322.06000,29322.63000,873
2026.06.12,17:55,29321.88000,29344.88000,29316.88000,29341.88000,881
2026.06.12,18:00,29344.38000,29351.31000,29293.38000,29295.68000,1273
2026.06.12,18:05,29295.81000,29306.81000,29283.06000,29302.93000,1268
2026.06.12,18:10,29302.68000,29309.93000,29252.38000,29253.88000,1306
2026.06.12,18:15,29254.63000,29271.93000,29242.13000,29270.68000,1166
2026.06.12,18:20,29270.43000,29302.81000,29265.38000,29298.63000,1187
2026.06.12,18:25,29298.68000,29298.68000,29265.63000,29279.13000,969
2026.06.12,18:30,29277.88000,29295.56000,29267.13000,29291.93000,980
2026.06.12,18:35,29292.06000,29332.43000,29292.06000,29330.43000,1247
2026.06.12,18:40,29329.88000,29366.06000,29323.63000,29358.63000,1123
2026.06.12,18:45,29358.88000,29372.63000,29344.13000,29357.18000,1001
2026.06.12,18:50,29356.88000,29375.56000,29356.88000,29365.31000,976
2026.06.12,18:55,29365.06000,29439.06000,29363.38000,29409.63000,1418
2026.06.12,19:00,29415.06000,29459.56000,29398.13000,29436.88000,1525
2026.06.12,19:05,29437.13000,29468.13000,29424.63000,29444.38000,1322
2026.06.12,19:10,29444.13000,29463.43000,29439.63000,29448.13000,1246
2026.06.12,19:15,29449.06000,29530.43000,29424.88000,29518.13000,1718
2026.06.12,19:20,29518.63000,29547.31000,29493.13000,29522.93000,1542
2026.06.12,19:25,29524.38000,29524.63000,29502.13000,29510.68000,1396
2026.06.12,19:30,29511.81000,29518.06000,29484.18000,29484.18000,1101
2026.06.12,19:35,29483.13000,29484.06000,29458.88000,29462.63000,1127
2026.06.12,19:40,29464.43000,29465.18000,29433.88000,29450.56000,1164
2026.06.12,19:45,29450.68000,29479.38000,29429.13000,29475.38000,1135
2026.06.12,19:50,29475.13000,29496.88000,29460.13000,29487.63000,1077
2026.06.12,19:55,29487.88000,29490.38000,29459.88000,29461.13000,1112
2026.06.12,20:00,29461.13000,29499.81000,29458.43000,29495.38000,1300
2026.06.12,20:05,29495.68000,29498.93000,29480.38000,29495.43000,1061
2026.06.12,20:10,29494.88000,29528.88000,29487.13000,29528.88000,1112
2026.06.12,20:15,29529.68000,29564.13000,29519.13000,29555.88000,1407
2026.06.12,20:20,29556.13000,29568.13000,29539.88000,29553.06000,1160
2026.06.12,20:25,29553.18000,29597.56000,29546.13000,29593.43000,1065
2026.06.12,20:30,29593.81000,29629.06000,29570.38000,29629.06000,1043
2026.06.12,20:35,29629.93000,29648.38000,29611.63000,29612.88000,1256
2026.06.12,20:40,29613.38000,29627.68000,29593.88000,29621.13000,1174
2026.06.12,20:45,29621.68000,29626.68000,29600.43000,29603.63000,1119
2026.06.12,20:50,29604.18000,29614.68000,29592.13000,29614.56000,1006
2026.06.12,20:55,29614.68000,29641.93000,29600.13000,29603.13000,885
2026.06.12,21:00,29602.63000,29629.56000,29597.13000,29623.93000,795
2026.06.12,21:05,29622.88000,29637.38000,29610.63000,29634.13000,844
2026.06.12,21:10,29634.38000,29638.43000,29584.38000,29606.56000,1152
2026.06.12,21:15,29606.68000,29610.31000,29564.13000,29586.13000,1078
2026.06.12,21:20,29586.43000,29586.43000,29548.88000,29568.81000,1054
2026.06.12,21:25,29568.93000,29571.68000,29499.13000,29511.63000,1439
2026.06.12,21:30,29511.63000,29551.68000,29507.88000,29523.13000,1257
2026.06.12,21:35,29523.63000,29548.63000,29523.13000,29524.88000,1063
2026.06.12,21:40,29524.88000,29550.43000,29524.88000,29542.38000,884
2026.06.12,21:45,29542.63000,29552.68000,29531.63000,29539.38000,870
2026.06.12,21:50,29538.56000,29539.38000,29522.38000,29529.43000,845
2026.06.12,21:55,29529.13000,29540.68000,29512.38000,29530.63000,1123
2026.06.12,22:00,29533.88000,29570.81000,29532.88000,29568.56000,1161
2026.06.12,22:05,29568.31000,29568.31000,29530.13000,29539.38000,1336
2026.06.12,22:10,29539.68000,29577.56000,29539.13000,29571.38000,1265
2026.06.12,22:15,29571.38000,29589.56000,29570.38000,29587.88000,1100
2026.06.12,22:20,29587.63000,29625.18000,29584.63000,29621.88000,1189
2026.06.12,22:25,29620.88000,29627.56000,29610.13000,29612.31000,1188
2026.06.12,22:30,29612.13000,29622.93000,29582.63000,29591.18000,1220
2026.06.12,22:35,29590.81000,29602.68000,29578.63000,29578.63000,1035
2026.06.12,22:40,29578.81000,29626.93000,29577.06000,29625.56000,937
2026.06.12,22:45,29626.06000,29632.81000,29596.56000,29598.18000,1089
2026.06.12,22:50,29598.06000,29640.56000,29596.93000,29639.81000,1152
2026.06.12,22:55,29639.93000,29640.31000,29615.06000,29619.31000,1209
2026.06.12,23:00,29618.43000,29626.68000,29567.13000,29575.38000,1295
2026.06.12,23:05,29574.13000,29593.43000,29561.38000,29589.31000,1222
2026.06.12,23:10,29589.56000,29595.18000,29566.13000,29573.68000,1195
2026.06.12,23:15,29573.81000,29583.31000,29552.06000,29565.93000,1345
2026.06.12,23:20,29565.81000,29568.93000,29527.38000,29529.06000,1296
2026.06.12,23:25,29528.38000,29531.81000,29510.31000,29515.06000,1344
2026.06.12,23:30,29515.13000,29528.38000,29496.68000,29513.81000,1314
2026.06.12,23:35,29513.38000,29525.43000,29457.13000,29460.63000,1279
2026.06.12,23:40,29461.31000,29494.06000,29445.38000,29454.13000,1490
2026.06.12,23:45,29455.38000,29469.13000,29432.38000,29459.13000,1500
2026.06.12,23:50,29458.63000,29466.68000,29394.88000,29403.18000,1471
2026.06.12,23:55,29403.06000,29416.18000,29369.63000,29393.38000,1500
2026.06.13,00:00,29394.18000,29399.68000,29336.31000,29399.68000,1532
2026.06.13,00:05,29399.43000,29429.93000,29390.81000,29424.81000,1490
2026.06.13,00:10,29424.93000,29440.38000,29405.68000,29437.68000,1285
2026.06.13,00:15,29437.38000,29451.43000,29425.63000,29441.06000,1110
2026.06.13,00:20,29441.43000,29454.31000,29410.13000,29426.68000,1261
2026.06.13,00:25,29426.81000,29476.63000,29426.81000,29476.63000,1569
2026.06.13,00:30,29476.38000,29476.96000,29289.83000,29320.88000,2532
2026.06.13,00:35,29321.13000,29435.96000,29313.88000,29429.58000,2535
2026.06.13,00:40,29430.08000,29453.58000,29246.88000,29265.08000,2460
2026.06.13,00:45,29262.71000,29322.21000,29214.63000,29279.88000,2496
2026.06.13,00:50,29280.83000,29343.46000,29253.63000,29294.21000,2351
2026.06.13,00:55,29296.83000,29388.96000,29280.63000,29331.38000,2264
2026.06.13,01:00,29331.63000,29486.46000,29321.13000,29461.46000,2267
2026.06.13,01:05,29462.21000,29561.33000,29423.13000,29558.13000,2196
2026.06.13,01:10,29559.13000,29579.46000,29495.46000,29526.46000,2300
2026.06.13,01:15,29525.08000,29608.96000,29515.83000,29566.71000,2318
2026.06.13,01:20,29567.08000,29600.96000,29469.83000,29478.88000,2302
2026.06.13,01:25,29480.08000,29539.08000,29479.46000,29495.21000,2250
2026.06.13,01:30,29491.08000,29546.71000,29476.33000,29508.58000,2201
2026.06.13,01:35,29507.71000,29588.83000,29504.58000,29525.63000,2172
2026.06.13,01:40,29526.13000,29530.63000,29390.21000,29392.88000,2305
2026.06.13,01:45,29393.21000,29427.96000,29334.63000,29354.63000,2305
2026.06.13,01:50,29356.63000,29586.38000,29350.13000,29581.96000,2400
2026.06.13,01:55,29579.88000,29625.08000,29545.13000,29613.96000,2387
2026.06.13,02:00,29616.58000,29652.21000,29579.83000,29604.21000,2112
2026.06.13,02:05,29605.71000,29656.46000,29596.58000,29638.71000,1975
2026.06.13,02:10,29638.46000,29684.21000,29612.83000,29677.21000,2089
2026.06.13,02:15,29678.21000,29711.21000,29647.46000,29710.33000,2019
2026.06.13,02:20,29712.08000,29738.08000,29682.58000,29726.46000,1989
2026.06.13,02:25,29726.58000,29741.08000,29702.21000,29726.33000,1894
2026.06.13,02:30,29726.96000,29729.96000,29662.88000,29667.33000,1899
2026.06.13,02:35,29667.21000,29721.38000,29600.13000,29634.08000,2033
2026.06.13,02:40,29633.96000,29638.58000,29542.58000,29550.46000,1992
2026.06.13,02:45,29551.33000,29604.21000,29458.13000,29468.21000,2110
2026.06.13,02:50,29467.96000,29574.96000,29443.21000,29553.46000,2116
2026.06.13,02:55,29552.63000,29555.83000,29390.88000,29421.46000,2193
2026.06.13,03:00,29421.33000,29471.33000,29391.38000,29446.46000,2108
2026.06.13,03:05,29447.46000,29517.58000,29426.33000,29504.33000,2115
2026.06.13,03:10,29504.71000,29629.38000,29459.88000,29577.38000,2182
2026.06.13,03:15,29578.21000,29648.96000,29552.21000,29570.46000,2134
2026.06.13,03:20,29568.83000,29597.71000,29530.13000,29568.63000,2010
2026.06.13,03:25,29569.33000,29595.96000,29538.38000,29575.58000,1877
2026.06.13,03:30,29575.83000,29609.46000,29557.08000,29604.58000,1778
2026.06.13,03:35,29604.21000,29613.21000,29567.38000,29587.33000,1869
2026.06.13,03:40,29587.08000,29622.08000,29560.38000,29574.88000,1822
2026.06.13,03:45,29576.33000,29628.58000,29569.13000,29625.96000,1671
2026.06.13,03:50,29625.33000,29648.33000,29614.38000,29623.96000,1728
2026.06.13,03:55,29624.08000,29659.83000,29573.63000,29652.63000,1708
2026.06.13,04:00,29656.46000,29686.33000,29643.13000,29682.71000,1819
2026.06.13,04:05,29683.08000,29732.13000,29673.33000,29704.08000,1829
2026.06.13,04:10,29704.21000,29711.83000,29640.21000,29683.46000,1781
2026.06.13,04:15,29686.21000,29716.83000,29670.88000,29711.58000,1729
2026.06.13,04:20,29711.33000,29726.33000,29701.71000,29715.96000,1621
2026.06.13,04:25,29716.08000,29722.83000,29675.96000,29702.46000,1714
2026.06.13,04:30,29701.96000,29708.58000,29663.38000,29668.21000,1729
2026.06.13,04:35,29668.58000,29698.08000,29665.33000,29683.96000,1695
2026.06.13,04:40,29683.83000,29707.46000,29666.33000,29680.96000,1673
2026.06.13,04:45,29681.58000,29705.33000,29673.21000,29688.58000,1656
2026.06.13,04:50,29689.33000,29697.33000,29678.88000,29686.96000,1537
2026.06.13,04:55,29686.46000,29687.58000,29629.33000,29664.58000,1713
2026.06.13,05:00,29665.58000,29672.96000,29628.46000,29638.08000,1731
2026.06.13,05:05,29638.96000,29651.08000,29609.96000,29634.83000,1783
2026.06.13,05:10,29634.71000,29686.83000,29625.08000,29632.21000,1772
2026.06.13,05:15,29631.83000,29640.71000,29589.83000,29609.83000,1801
2026.06.13,05:20,29609.33000,29621.46000,29590.96000,29608.46000,1641
2026.06.13,05:25,29608.83000,29654.08000,29597.58000,29646.71000,1713
2026.06.13,05:30,29646.46000,29678.33000,29645.71000,29668.83000,1592
2026.06.13,05:35,29669.21000,29673.46000,29656.08000,29671.46000,1492
2026.06.13,05:40,29671.58000,29699.96000,29671.58000,29692.33000,1561
2026.06.13,05:45,29692.21000,29693.96000,29672.08000,29686.58000,1620
2026.06.13,05:50,29686.96000,29689.33000,29655.33000,29681.08000,1641
2026.06.13,05:55,29680.58000,29680.58000,29619.13000,29627.96000,1715
2026.06.13,06:00,29626.08000,29681.71000,29620.96000,29675.83000,1747
2026.06.13,06:05,29676.71000,29692.33000,29654.63000,29667.21000,1555
2026.06.13,06:10,29668.21000,29670.33000,29638.08000,29645.83000,1589
2026.06.13,06:15,29646.08000,29671.21000,29625.83000,29669.08000,1632
2026.06.13,06:20,29667.96000,29669.46000,29645.08000,29659.71000,1600
2026.06.13,06:25,29659.58000,29678.08000,29638.46000,29641.96000,1634
2026.06.13,06:30,29642.21000,29649.96000,29580.63000,29586.21000,1897
2026.06.13,06:35,29585.83000,29663.38000,29562.71000,29595.96000,1909
2026.06.13,06:40,29598.71000,29639.21000,29584.71000,29618.83000,1840
2026.06.13,06:45,29618.33000,29632.96000,29593.08000,29617.13000,1749
2026.06.13,06:50,29617.13000,29640.71000,29607.83000,29638.88000,1802
2026.06.13,06:55,29638.63000,29665.21000,29633.58000,29633.96000,2045
2026.06.13,07:00,29631.96000,29668.56000,29630.38000,29662.68000,1454
2026.06.13,07:05,29661.56000,29686.06000,29655.93000,29681.13000,1034
2026.06.13,07:10,29681.43000,29700.68000,29673.13000,29696.31000,993
2026.06.13,07:15,29696.93000,29711.68000,29692.88000,29699.06000,746
2026.06.13,07:20,29698.06000,29700.43000,29677.68000,29679.31000,653
2026.06.13,07:25,29679.06000,29684.31000,29668.68000,29669.56000,585
2026.06.13,07:30,29669.68000,29673.56000,29662.81000,29671.81000,608
2026.06.13,07:35,29671.68000,29672.56000,29655.68000,29661.93000,571
2026.06.13,07:40,29662.43000,29683.06000,29658.81000,29661.38000,580
2026.06.15,09:00,29895.20000,30033.45000,29895.20000,30011.95000,1453
2026.06.15,09:05,30014.45000,30070.95000,30011.70000,30058.95000,1400
2026.06.15,09:10,30058.45000,30066.70000,30038.20000,30046.95000,916
2026.06.15,09:15,30046.95000,30061.13000,30011.45000,30060.50000,907
2026.06.15,09:20,30061.63000,30081.00000,30048.20000,30065.20000,939
2026.06.15,09:25,30064.95000,30073.20000,30023.45000,30041.70000,1135
2026.06.15,09:30,30041.20000,30061.75000,29999.70000,30028.75000,1409
2026.06.15,09:35,30028.38000,30037.75000,30017.45000,30023.20000,941
2026.06.15,09:40,30023.50000,30036.38000,30004.45000,30021.95000,1123
2026.06.15,09:45,30021.70000,30047.70000,30014.70000,30047.45000,1151
2026.06.15,09:50,30048.95000,30059.70000,30039.20000,30048.45000,850
2026.06.15,09:55,30048.20000,30056.88000,30037.45000,30037.75000,631
2026.06.15,10:00,30037.45000,30056.45000,30028.20000,30032.20000,734
2026.06.15,10:05,30031.70000,30042.95000,30008.20000,30013.70000,851
2026.06.15,10:10,30013.70000,30022.95000,30008.20000,30009.45000,766
2026.06.15,10:15,30009.20000,30016.70000,29989.45000,29994.20000,865
2026.06.15,10:20,29994.20000,30021.70000,29975.95000,30015.95000,775
2026.06.15,10:25,30016.50000,30033.95000,30003.95000,30021.45000,746
2026.06.15,10:30,30021.45000,30033.95000,30018.20000,30028.20000,714
2026.06.15,10:35,30028.20000,30041.75000,30027.63000,30037.00000,563
2026.06.15,10:40,30036.88000,30045.20000,30025.20000,30029.70000,597
2026.06.15,10:45,30029.70000,30032.20000,30003.95000,30019.25000,1062
2026.06.15,10:50,30018.70000,30035.20000,30008.70000,30026.88000,885
2026.06.15,10:55,30027.20000,30046.25000,30023.45000,30040.70000,1033
2026.06.15,11:00,30041.00000,30087.13000,30030.20000,30079.70000,1433
2026.06.15,11:05,30079.95000,30112.25000,30059.20000,30107.45000,1435
2026.06.15,11:10,30108.25000,30149.95000,30108.25000,30140.63000,1234
2026.06.15,11:15,30142.25000,30154.00000,30120.20000,30143.95000,1445
2026.06.15,11:20,30144.20000,30157.88000,30129.70000,30151.70000,1271
2026.06.15,11:25,30152.20000,30159.38000,30140.20000,30146.95000,1120
2026.06.15,11:30,30147.45000,30150.88000,30138.13000,30140.20000,1133
2026.06.15,11:35,30138.45000,30145.13000,30128.20000,30130.75000,913
2026.06.15,11:40,30130.63000,30133.25000,30118.20000,30128.20000,1102
2026.06.15,11:45,30127.95000,30140.50000,30119.95000,30128.45000,1046
2026.06.15,11:50,30128.70000,30139.25000,30118.20000,30120.25000,1070
2026.06.15,11:55,30120.38000,30127.25000,30118.20000,30125.70000,904
2026.06.15,12:00,30126.20000,30135.50000,30113.70000,30131.45000,1171
2026.06.15,12:05,30131.95000,30143.95000,30118.20000,30135.45000,1226
2026.06.15,12:10,30135.70000,30158.63000,30128.20000,30149.20000,1149
2026.06.15,12:15,30149.45000,30154.25000,30128.45000,30130.20000,1015
2026.06.15,12:20,30130.45000,30144.88000,30126.45000,30139.70000,1030
2026.06.15,12:25,30139.45000,30156.95000,30130.45000,30145.50000,1072
2026.06.15,12:30,30145.63000,30157.38000,30130.70000,30156.50000,1161
2026.06.15,12:35,30155.70000,30166.50000,30151.95000,30160.20000,968
2026.06.15,12:40,30160.88000,30171.38000,30156.45000,30170.25000,873
2026.06.15,12:45,30170.00000,30170.75000,30163.38000,30165.75000,682
2026.06.15,12:50,30165.45000,30171.50000,30156.95000,30159.20000,802
2026.06.15,12:55,30159.75000,30160.00000,30144.13000,30155.45000,1010
2026.06.15,13:00,30155.45000,30165.75000,30150.70000,30157.45000,920
2026.06.15,13:05,30157.70000,30166.50000,30153.95000,30166.00000,953
2026.06.15,13:10,30166.13000,30177.00000,30162.25000,30173.63000,833
2026.06.15,13:15,30172.95000,30176.88000,30168.70000,30173.95000,729
2026.06.15,13:20,30174.20000,30184.88000,30170.88000,30182.88000,578
2026.06.15,13:25,30183.00000,30195.25000,30178.88000,30193.63000,777
2026.06.15,13:30,30193.38000,30198.38000,30180.95000,30184.13000,688
2026.06.15,13:35,30184.25000,30192.75000,30179.20000,30188.50000,706
2026.06.15,13:40,30187.95000,30190.38000,30175.45000,30182.75000,640
2026.06.15,13:45,30182.00000,30191.75000,30179.63000,30189.38000,592
2026.06.15,13:50,30189.13000,30195.13000,30182.95000,30193.50000,720
2026.06.15,13:55,30193.38000,30195.13000,30187.45000,30189.25000,508
2026.06.15,14:00,30189.00000,30191.25000,30178.88000,30184.70000,753
2026.06.15,14:05,30185.20000,30185.75000,30173.20000,30182.50000,724
2026.06.15,14:10,30182.75000,30190.75000,30180.45000,30189.70000,703
2026.06.15,14:15,30189.45000,30203.88000,30189.20000,30197.95000,690
2026.06.15,14:20,30197.70000,30202.75000,30195.20000,30201.70000,619
2026.06.15,14:25,30201.70000,30203.88000,30191.25000,30192.50000,637
2026.06.15,14:30,30192.75000,30205.63000,30186.20000,30201.95000,845
2026.06.15,14:35,30202.45000,30205.00000,30194.38000,30196.50000,794
2026.06.15,14:40,30195.75000,30201.00000,30175.70000,30184.00000,698
2026.06.15,14:45,30183.45000,30187.75000,30170.45000,30179.00000,765
2026.06.15,14:50,30179.13000,30182.00000,30174.70000,30179.75000,657
2026.06.15,14:55,30179.63000,30180.50000,30168.95000,30174.45000,724
2026.06.15,15:00,30174.70000,30180.95000,30161.70000,30168.25000,826
2026.06.15,15:05,30168.13000,30175.25000,30163.45000,30167.20000,770
2026.06.15,15:10,30167.20000,30170.25000,30158.70000,30168.20000,647
2026.06.15,15:15,30168.20000,30186.75000,30168.20000,30186.45000,626
2026.06.15,15:20,30186.45000,30194.63000,30182.45000,30191.45000,560
2026.06.15,15:25,30191.45000,30202.70000,30189.20000,30199.45000,675
2026.06.15,15:30,30199.95000,30215.63000,30193.38000,30211.70000,709
2026.06.15,15:35,30212.00000,30216.00000,30202.95000,30209.50000,661
2026.06.15,15:40,30209.63000,30212.75000,30200.20000,30211.63000,767
2026.06.15,15:45,30211.75000,30212.88000,30203.20000,30204.20000,613
2026.06.15,15:50,30204.75000,30209.13000,30200.95000,30203.25000,625
2026.06.15,15:55,30203.13000,30220.25000,30200.63000,30218.25000,640
2026.06.15,16:00,30218.13000,30218.63000,30211.20000,30214.63000,859
2026.06.15,16:05,30214.45000,30226.63000,30209.20000,30226.13000,849
2026.06.15,16:10,30225.88000,30230.38000,30223.63000,30228.00000,749
2026.06.15,16:15,30228.38000,30230.75000,30224.13000,30230.25000,691
2026.06.15,16:20,30230.00000,30232.38000,30221.13000,30221.38000,538
2026.06.15,16:25,30221.25000,30227.75000,30213.20000,30221.50000,689
2026.06.15,16:30,30221.20000,30226.75000,30201.75000,30208.25000,880
2026.06.15,16:35,30208.13000,30216.63000,30191.95000,30215.20000,934
2026.06.15,16:40,30214.88000,30218.95000,30206.20000,30212.45000,946
2026.06.15,16:45,30212.95000,30216.38000,30205.95000,30209.45000,723
2026.06.15,16:50,30209.75000,30211.00000,30195.20000,30205.70000,684
2026.06.15,16:55,30205.20000,30223.63000,30198.45000,30222.20000,692
2026.06.15,17:00,30224.45000,30231.20000,30217.20000,30223.70000,950
2026.06.15,17:05,30223.70000,30227.45000,30217.95000,30220.20000,1006
2026.06.15,17:10,30220.20000,30225.38000,30215.20000,30222.50000,893
2026.06.15,17:15,30221.95000,30222.50000,30208.20000,30215.45000,951
2026.06.15,17:20,30215.20000,30235.75000,30209.70000,30235.75000,936
2026.06.15,17:25,30235.25000,30244.75000,30223.38000,30228.95000,872
2026.06.15,17:30,30229.00000,30237.00000,30217.20000,30217.25000,1033
2026.06.15,17:35,30217.13000,30222.25000,30210.20000,30213.70000,945
2026.06.15,17:40,30213.45000,30242.63000,30210.70000,30239.00000,673
2026.06.15,17:45,30238.88000,30243.25000,30234.75000,30236.95000,654
2026.06.15,17:50,30237.20000,30245.38000,30225.20000,30227.45000,749
2026.06.15,17:55,30227.45000,30240.25000,30223.95000,30236.70000,634
2026.06.15,18:00,30237.20000,30238.45000,30209.00000,30226.70000,1147
2026.06.15,18:05,30226.45000,30245.70000,30220.20000,30222.95000,1035
2026.06.15,18:10,30222.95000,30227.95000,30208.20000,30222.00000,965
2026.06.15,18:15,30221.88000,30252.63000,30220.20000,30244.20000,1082
2026.06.15,18:20,30244.20000,30250.50000,30221.45000,30227.20000,1023
2026.06.15,18:25,30227.45000,30249.70000,30226.00000,30240.45000,954
2026.06.15,18:30,30240.45000,30251.38000,30225.20000,30250.25000,1070
2026.06.15,18:35,30250.45000,30256.75000,30241.45000,30246.50000,835
2026.06.15,18:40,30246.63000,30255.00000,30238.70000,30240.20000,999
2026.06.15,18:45,30239.95000,30243.25000,30230.00000,30236.50000,888
2026.06.15,18:50,30236.38000,30255.00000,30231.95000,30250.38000,884
2026.06.15,18:55,30250.13000,30250.13000,30230.88000,30231.95000,924
2026.06.15,19:00,30231.70000,30275.20000,30225.45000,30261.00000,1314
2026.06.15,19:05,30260.70000,30266.45000,30241.45000,30264.25000,1221
2026.06.15,19:10,30264.88000,30273.00000,30253.95000,30265.95000,1102
2026.06.15,19:15,30266.20000,30272.38000,30250.45000,30252.45000,976
2026.06.15,19:20,30252.20000,30265.50000,30251.13000,30258.45000,1012
2026.06.15,19:25,30259.70000,30291.20000,30258.95000,30287.20000,1095
2026.06.15,19:30,30288.00000,30294.25000,30281.95000,30291.70000,955
2026.06.15,19:35,30291.95000,30297.50000,30288.25000,30297.38000,803
2026.06.15,19:40,30296.95000,30301.38000,30288.20000,30295.88000,753
2026.06.15,19:45,30295.75000,30311.75000,30290.25000,30292.88000,918
2026.06.15,19:50,30293.00000,30302.00000,30272.45000,30279.25000,825
2026.06.15,19:55,30279.00000,30286.88000,30270.13000,30274.20000,828
2026.06.15,20:00,30274.20000,30286.75000,30274.20000,30280.63000,982
2026.06.15,20:05,30280.50000,30285.75000,30271.45000,30277.95000,758
2026.06.15,20:10,30278.20000,30285.50000,30256.38000,30261.25000,819
2026.06.15,20:15,30260.75000,30260.75000,30241.45000,30242.88000,954
2026.06.15,20:20,30243.20000,30245.00000,30225.20000,30241.13000,1007
2026.06.15,20:25,30241.00000,30241.00000,30218.45000,30222.45000,937
2026.06.15,20:30,30222.63000,30223.13000,30204.20000,30206.70000,1000
2026.06.15,20:35,30207.50000,30224.88000,30204.20000,30216.13000,907
2026.06.15,20:40,30216.25000,30222.50000,30206.50000,30206.50000,896
2026.06.15,20:45,30205.95000,30219.70000,30193.70000,30219.20000,895
2026.06.15,20:50,30219.20000,30230.50000,30212.70000,30223.25000,727
2026.06.15,20:55,30223.38000,30239.00000,30218.20000,30231.70000,755
2026.06.15,21:00,30231.70000,30243.50000,30229.70000,30236.00000,800
2026.06.15,21:05,30236.38000,30239.25000,30225.95000,30239.25000,737
2026.06.15,21:10,30238.70000,30246.38000,30236.45000,30244.38000,746
2026.06.15,21:15,30244.25000,30245.75000,30228.95000,30238.25000,690
2026.06.15,21:20,30238.20000,30240.20000,30225.45000,30239.95000,741
2026.06.15,21:25,30239.70000,30254.38000,30239.45000,30251.25000,600
2026.06.15,21:30,30251.63000,30251.88000,30226.95000,30230.20000,761
2026.06.15,21:35,30230.50000,30239.38000,30216.95000,30219.50000,735
2026.06.15,21:40,30219.75000,30231.13000,30215.00000,30230.13000,632
2026.06.15,21:45,30230.38000,30247.95000,30230.38000,30247.70000,702
2026.06.15,21:50,30247.95000,30248.75000,30238.20000,30245.75000,697
2026.06.15,21:55,30245.63000,30252.75000,30238.20000,30245.25000,798
2026.06.15,22:00,30246.45000,30270.13000,30240.20000,30264.20000,1060
2026.06.15,22:05,30264.20000,30275.13000,30259.70000,30270.13000,928
2026.06.15,22:10,30269.88000,30284.88000,30268.38000,30279.88000,863
2026.06.15,22:15,30280.00000,30290.63000,30278.88000,30287.50000,906
2026.06.15,22:20,30287.20000,30297.75000,30286.88000,30296.63000,852
2026.06.15,22:25,30296.75000,30300.13000,30280.70000,30297.88000,956
2026.06.15,22:30,30298.00000,30306.25000,30277.50000,30279.70000,864
2026.06.15,22:35,30279.95000,30283.88000,30265.00000,30283.38000,1000
2026.06.15,22:40,30281.45000,30293.63000,30257.95000,30263.20000,1118
2026.06.15,22:45,30262.95000,30278.95000,30256.20000,30273.95000,1169
2026.06.15,22:50,30274.95000,30302.63000,30274.95000,30300.38000,1086
2026.06.15,22:55,30301.38000,30301.38000,30282.20000,30284.00000,1007
2026.06.15,23:00,30283.45000,30294.13000,30271.45000,30283.95000,1249
2026.06.15,23:05,30283.70000,30293.00000,30277.95000,30285.50000,1067
2026.06.15,23:10,30285.95000,30301.50000,30279.70000,30281.95000,1053
2026.06.15,23:15,30281.70000,30289.38000,30255.45000,30263.20000,1188
2026.06.15,23:20,30263.50000,30271.20000,30246.20000,30261.70000,1268
2026.06.15,23:25,30262.95000,30268.63000,30250.20000,30254.45000,1096
2026.06.15,23:30,30254.20000,30268.95000,30240.75000,30242.13000,1182
2026.06.15,23:35,30241.88000,30256.45000,30236.45000,30254.13000,1132
2026.06.15,23:40,30253.50000,30267.13000,30239.95000,30244.13000,1087
2026.06.15,23:45,30244.38000,30258.25000,30225.00000,30256.25000,1141
2026.06.15,23:50,30256.13000,30262.63000,30243.50000,30250.63000,996
2026.06.15,23:55,30250.88000,30272.38000,30249.75000,30267.25000,1005
2026.06.16,00:00,30268.00000,30273.25000,30257.75000,30260.38000,1057
2026.06.16,00:05,30260.13000,30271.88000,30251.38000,30267.75000,1011
2026.06.16,00:10,30268.00000,30286.75000,30263.63000,30285.95000,1004
2026.06.16,00:15,30284.70000,30295.38000,30284.70000,30293.25000,1070
2026.06.16,00:20,30293.13000,30299.88000,30279.38000,30295.38000,1030
2026.06.16,00:25,30303.25000,30327.38000,30302.45000,30319.45000,1551
2026.06.16,00:30,30319.70000,30379.78000,30290.95000,30344.65000,2471
2026.06.16,00:35,30345.28000,30402.90000,30344.95000,30354.70000,2401
2026.06.16,00:40,30354.20000,30417.28000,30340.70000,30388.78000,2414
2026.06.16,00:45,30389.65000,30467.40000,30387.70000,30464.90000,2312
2026.06.16,00:50,30465.28000,30484.15000,30448.15000,30448.65000,2241
2026.06.16,00:55,30447.65000,30468.15000,30382.70000,30387.70000,2213
2026.06.16,01:00,30389.53000,30446.65000,30375.45000,30425.53000,2291
2026.06.16,01:05,30425.40000,30449.65000,30397.03000,30416.90000,2213
2026.06.16,01:10,30416.78000,30438.28000,30366.78000,30415.78000,2290
2026.06.16,01:15,30415.40000,30429.65000,30379.28000,30411.90000,2289
2026.06.16,01:20,30410.40000,30410.40000,30358.90000,30386.53000,2271
2026.06.16,01:25,30385.78000,30447.78000,30381.78000,30445.03000,2195
2026.06.16,01:30,30445.28000,30454.03000,30397.15000,30416.78000,2201
2026.06.16,01:35,30416.90000,30433.65000,30404.40000,30426.53000,2112
2026.06.16,01:40,30426.78000,30427.03000,30386.65000,30401.78000,2113
2026.06.16,01:45,30403.03000,30425.40000,30394.65000,30405.28000,2043
2026.06.16,01:50,30404.78000,30445.65000,30404.78000,30435.78000,2076
2026.06.16,01:55,30435.53000,30478.15000,30433.53000,30463.28000,1907
2026.06.16,02:00,30462.28000,30500.53000,30460.45000,30490.40000,1976
2026.06.16,02:05,30490.03000,30515.40000,30484.15000,30509.90000,1859
2026.06.16,02:10,30510.40000,30510.65000,30488.65000,30506.53000,1756
2026.06.16,02:15,30506.40000,30512.03000,30488.90000,30505.78000,1699
2026.06.16,02:20,30504.90000,30525.53000,30502.90000,30520.78000,1613
2026.06.16,02:25,30521.03000,30538.90000,30515.65000,30533.65000,1555
2026.06.16,02:30,30533.90000,30541.15000,30496.90000,30498.90000,1507
2026.06.16,02:35,30499.15000,30535.53000,30490.28000,30528.65000,1801
2026.06.16,02:40,30529.15000,30537.53000,30519.45000,30522.40000,1596
2026.06.16,02:45,30523.03000,30564.15000,30523.03000,30560.28000,1669
2026.06.16,02:50,30560.15000,30574.90000,30553.15000,30565.53000,1591
2026.06.16,02:55,30565.90000,30574.15000,30556.40000,30567.15000,1466
2026.06.16,03:00,30567.03000,30589.03000,30560.45000,30575.40000,1524
2026.06.16,03:05,30575.28000,30581.40000,30565.78000,30576.65000,1474
2026.06.16,03:10,30576.90000,30582.78000,30564.78000,30575.65000,1410
2026.06.16,03:15,30575.78000,30580.78000,30555.90000,30568.28000,1477
2026.06.16,03:20,30568.03000,30593.03000,30565.65000,30590.78000,1474
2026.06.16,03:25,30590.90000,30598.03000,30576.40000,30587.15000,1416
2026.06.16,03:30,30587.40000,30599.65000,30563.15000,30563.65000,1465
2026.06.16,03:35,30563.90000,30576.65000,30548.28000,30556.40000,1446
2026.06.16,03:40,30556.65000,30579.15000,30548.90000,30565.28000,1439
2026.06.16,03:45,30565.40000,30565.65000,30537.65000,30552.15000,1592
2026.06.16,03:50,30552.28000,30563.78000,30543.53000,30547.65000,1526
2026.06.16,03:55,30547.90000,30560.65000,30539.53000,30554.40000,1507
2026.06.16,04:00,30554.53000,30567.40000,30522.78000,30560.40000,1694
2026.06.16,04:05,30560.90000,30572.65000,30521.20000,30532.03000,1780
2026.06.16,04:10,30531.40000,30551.78000,30526.40000,30540.40000,1574
2026.06.16,04:15,30540.03000,30566.53000,30534.90000,30551.90000,1547
2026.06.16,04:20,30552.15000,30563.40000,30538.78000,30561.03000,1523
2026.06.16,04:25,30561.15000,30576.03000,30551.28000,30567.40000,1393
2026.06.16,04:30,30567.28000,30576.15000,30547.40000,30560.15000,1494
2026.06.16,04:35,30560.28000,30573.40000,30559.90000,30566.65000,1252
2026.06.16,04:40,30566.78000,30569.53000,30556.03000,30559.53000,1411
2026.06.16,04:45,30559.78000,30565.65000,30545.70000,30562.65000,1359
2026.06.16,04:50,30562.53000,30569.53000,30546.90000,30551.28000,1274
2026.06.16,04:55,30551.03000,30553.78000,30539.15000,30542.90000,1423
2026.06.16,05:00,30543.78000,30549.78000,30518.40000,30522.90000,1606
2026.06.16,05:05,30523.03000,30541.78000,30518.15000,30539.65000,1563
2026.06.16,05:10,30539.28000,30555.90000,30537.15000,30552.28000,1512
2026.06.16,05:15,30552.53000,30563.28000,30546.15000,30551.65000,1556
2026.06.16,05:20,30550.65000,30554.78000,30537.40000,30539.28000,1361
2026.06.16,05:25,30540.03000,30547.40000,30522.65000,30526.40000,1428
2026.06.16,05:30,30526.28000,30547.90000,30511.28000,30539.15000,1636
2026.06.16,05:35,30540.15000,30567.03000,30536.53000,30565.15000,1477
2026.06.16,05:40,30565.03000,30571.40000,30553.78000,30567.90000,1344
2026.06.16,05:45,30567.28000,30576.78000,30554.15000,30566.40000,1340
2026.06.16,05:50,30565.40000,30569.90000,30553.90000,30559.90000,1347
2026.06.16,05:55,30559.65000,30567.78000,30540.40000,30547.78000,1253
2026.06.16,06:00,30548.15000,30557.90000,30533.15000,30535.90000,1624
2026.06.16,06:05,30535.65000,30549.03000,30528.40000,30540.90000,1557
2026.06.16,06:10,30540.15000,30555.28000,30533.40000,30545.03000,1512
2026.06.16,06:15,30544.28000,30556.65000,30535.03000,30541.40000,1547
2026.06.16,06:20,30541.90000,30545.03000,30521.53000,30526.90000,1491
2026.06.16,06:25,30526.65000,30536.90000,30518.15000,30518.15000,1397
2026.06.16,06:30,30517.40000,30539.65000,30507.65000,30525.90000,1685
2026.06.16,06:35,30526.28000,30547.15000,30521.53000,30542.28000,1539
2026.06.16,06:40,30541.78000,30551.15000,30535.70000,30541.03000,1427
2026.06.16,06:45,30540.40000,30562.03000,30532.53000,30554.40000,1620
2026.06.16,06:50,30554.28000,30554.28000,30505.90000,30525.95000,1921
2026.06.16,06:55,30527.20000,30559.65000,30501.15000,30557.65000,1963
2026.06.16,07:00,30554.75000,30575.13000,30550.00000,30551.00000,1441
2026.06.16,07:05,30550.25000,30557.50000,30543.38000,30554.75000,880
2026.06.16,07:10,30554.00000,30560.25000,30538.25000,30554.63000,857
2026.06.16,07:15,30554.50000,30557.88000,30541.70000,30552.25000,639
2026.06.16,07:20,30552.13000,30553.38000,30528.75000,30531.25000,546
2026.06.16,07:25,30531.00000,30539.25000,30528.50000,30532.25000,564
2026.06.16,07:30,30531.75000,30541.75000,30531.75000,30538.63000,514
2026.06.16,07:35,30538.75000,30539.50000,30527.75000,30529.13000,478
2026.06.16,07:40,30529.25000,30531.25000,30512.20000,30516.38000,608
2026.06.16,07:45,30516.50000,30525.38000,30514.00000,30516.38000,566
2026.06.16,07:50,30516.50000,30518.25000,30510.13000,30515.25000,502
2026.06.16,07:55,30514.88000,30523.20000,30511.45000,30517.07000,562
2026.06.16,09:00,30519.41000,30550.91000,30519.41000,30532.66000,1008
2026.06.16,09:05,30530.91000,30536.41000,30518.16000,30531.91000,591
2026.06.16,09:10,30532.16000,30533.16000,30460.66000,30480.91000,756
2026.06.16,09:15,30481.16000,30484.91000,30470.16000,30470.41000,665
2026.06.16,09:20,30470.41000,30474.66000,30450.66000,30456.91000,569
2026.06.16,09:25,30457.16000,30471.66000,30443.16000,30468.91000,614
2026.06.16,09:30,30469.41000,30477.66000,30464.66000,30471.66000,492
2026.06.16,09:35,30471.16000,30477.46000,30455.91000,30460.66000,276
2026.06.16,09:40,30460.91000,30466.84000,30457.66000,30465.91000,235
2026.06.16,09:45,30465.91000,30472.91000,30461.66000,30461.66000,207
2026.06.16,09:50,30461.41000,30497.91000,30460.91000,30476.66000,562
2026.06.16,09:55,30477.66000,30494.66000,30477.66000,30489.91000,330
2026.06.16,10:00,30488.66000,30500.41000,30479.41000,30488.41000,385
2026.06.16,10:05,30487.91000,30496.91000,30479.91000,30487.66000,302
2026.06.16,10:10,30487.66000,30496.16000,30487.66000,30490.41000,195
2026.06.16,10:15,30490.41000,30493.96000,30479.91000,30481.16000,191
2026.06.16,10:20,30481.41000,30502.66000,30480.16000,30500.66000,357
2026.06.16,10:25,30500.66000,30515.41000,30496.41000,30512.41000,404
2026.06.16,10:30,30512.41000,30513.46000,30494.41000,30500.16000,228
2026.06.16,10:35,30500.66000,30507.46000,30492.91000,30503.16000,295
2026.06.16,10:40,30503.91000,30507.66000,30495.16000,30506.16000,271
2026.06.16,10:45,30506.41000,30515.46000,30498.91000,30503.41000,516
2026.06.16,10:50,30503.66000,30524.34000,30497.16000,30522.16000,411
2026.06.16,10:55,30521.41000,30530.84000,30509.91000,30519.41000,460
2026.06.16,11:00,30518.91000,30531.41000,30481.41000,30497.91000,1092
2026.06.16,11:05,30497.16000,30529.59000,30492.16000,30524.91000,989
2026.06.16,11:10,30524.91000,30528.91000,30517.16000,30521.66000,732
2026.06.16,11:15,30521.66000,30531.16000,30510.91000,30518.16000,793
2026.06.16,11:20,30518.16000,30519.16000,30489.16000,30496.41000,802
2026.06.16,11:25,30496.41000,30518.21000,30487.91000,30517.66000,808
2026.06.16,11:30,30517.66000,30539.16000,30514.66000,30522.91000,1024
2026.06.16,11:35,30522.41000,30523.91000,30494.91000,30501.41000,1110
2026.06.16,11:40,30501.41000,30519.71000,30492.66000,30496.91000,1070
2026.06.16,11:45,30497.41000,30504.41000,30472.91000,30475.21000,1128
2026.06.16,11:50,30474.16000,30477.41000,30455.66000,30466.84000,1279
2026.06.16,11:55,30467.91000,30481.41000,30462.41000,30463.16000,1223
2026.06.16,12:00,30463.41000,30484.84000,30459.41000,30482.16000,1424
2026.06.16,12:05,30482.16000,30482.41000,30442.66000,30445.16000,1387
2026.06.16,12:10,30445.71000,30466.46000,30444.41000,30459.16000,1493
2026.06.16,12:15,30459.41000,30480.41000,30456.41000,30462.16000,1232
2026.06.16,12:20,30462.66000,30475.16000,30459.91000,30463.16000,1179
2026.06.16,12:25,30464.91000,30480.41000,30464.66000,30470.91000,1308
2026.06.16,12:30,30471.16000,30477.84000,30462.41000,30472.66000,1291
2026.06.16,12:35,30472.91000,30482.21000,30459.91000,30477.41000,957
2026.06.16,12:40,30477.66000,30478.41000,30466.16000,30475.09000,1153
2026.06.16,12:45,30474.91000,30489.21000,30473.09000,30484.16000,930
2026.06.16,12:50,30484.46000,30487.66000,30463.91000,30469.96000,1076
2026.06.16,12:55,30469.16000,30471.66000,30445.46000,30469.16000,927
2026.06.16,13:00,30469.91000,30478.84000,30458.91000,30465.71000,1108
2026.06.16,13:05,30465.41000,30485.71000,30461.16000,30473.16000,1045
2026.06.16,13:10,30473.66000,30474.16000,30456.91000,30462.66000,1045
2026.06.16,13:15,30462.91000,30478.96000,30462.16000,30469.16000,1018
2026.06.16,13:20,30469.34000,30478.34000,30468.16000,30468.84000,705
2026.06.16,13:25,30468.16000,30470.91000,30464.91000,30466.16000,670
2026.06.16,13:30,30466.16000,30483.71000,30465.91000,30481.46000,668
2026.06.16,13:35,30481.59000,30490.46000,30478.91000,30481.71000,667
2026.06.16,13:40,30481.96000,30484.71000,30475.84000,30483.46000,700
2026.06.16,13:45,30483.59000,30486.66000,30478.16000,30481.21000,791
2026.06.16,13:50,30480.91000,30481.59000,30463.66000,30465.21000,745
2026.06.16,13:55,30465.09000,30475.84000,30458.84000,30467.91000,701
2026.06.16,14:00,30468.16000,30474.59000,30463.91000,30473.46000,741
2026.06.16,14:05,30473.59000,30484.21000,30471.66000,30477.46000,788
2026.06.16,14:10,30477.71000,30479.46000,30467.16000,30468.46000,716
2026.06.16,14:15,30468.21000,30485.34000,30465.91000,30484.59000,674
2026.06.16,14:20,30484.34000,30498.16000,30479.91000,30497.16000,910
2026.06.16,14:25,30497.16000,30507.46000,30496.16000,30498.16000,945
2026.06.16,14:30,30498.16000,30525.21000,30497.66000,30521.41000,1113
2026.06.16,14:35,30521.41000,30536.09000,30520.16000,30534.66000,956
2026.06.16,14:40,30534.96000,30540.71000,30527.16000,30531.66000,1007
2026.06.16,14:45,30531.71000,30532.21000,30518.16000,30525.66000,965
2026.06.16,14:50,30526.16000,30530.16000,30508.91000,30510.96000,910
2026.06.16,14:55,30510.16000,30519.09000,30506.66000,30517.46000,918
2026.06.16,15:00,30517.21000,30522.21000,30514.66000,30515.71000,984
2026.06.16,15:05,30515.16000,30517.96000,30506.66000,30509.46000,944
2026.06.16,15:10,30508.91000,30518.46000,30507.16000,30516.41000,833
2026.06.16,15:15,30516.34000,30520.71000,30496.84000,30498.84000,733
2026.06.16,15:20,30499.09000,30517.46000,30499.09000,30512.46000,853
2026.06.16,15:25,30511.91000,30514.84000,30504.16000,30507.41000,673
2026.06.16,15:30,30508.41000,30513.21000,30501.91000,30507.41000,800
2026.06.16,15:35,30507.41000,30514.96000,30502.91000,30514.34000,688
2026.06.16,15:40,30514.59000,30515.09000,30501.96000,30502.96000,586
2026.06.16,15:45,30502.84000,30505.46000,30490.59000,30494.91000,774
2026.06.16,15:50,30495.46000,30495.71000,30481.16000,30485.66000,1047
2026.06.16,15:55,30485.41000,30504.71000,30481.91000,30500.71000,844
2026.06.16,16:00,30500.16000,30514.96000,30500.16000,30512.59000,860
2026.06.16,16:05,30512.34000,30514.96000,30505.41000,30512.59000,812
2026.06.16,16:10,30512.84000,30529.71000,30511.16000,30518.91000,747
2026.06.16,16:15,30518.66000,30531.71000,30517.66000,30527.41000,724
2026.06.16,16:20,30527.71000,30529.21000,30517.96000,30521.59000,746
2026.06.16,16:25,30521.71000,30523.46000,30516.66000,30519.41000,781
2026.06.16,16:30,30519.66000,30524.21000,30482.41000,30483.96000,929
2026.06.16,16:35,30483.34000,30502.91000,30482.66000,30496.41000,1256
2026.06.16,16:40,30496.41000,30501.21000,30486.91000,30493.66000,1084
2026.06.16,16:45,30493.41000,30510.46000,30493.41000,30496.16000,995
2026.06.16,16:50,30496.16000,30511.71000,30493.66000,30499.66000,973
2026.06.16,16:55,30499.16000,30504.41000,30487.91000,30491.66000,991
2026.06.16,17:00,30491.66000,30513.21000,30484.91000,30509.41000,1186
2026.06.16,17:05,30509.16000,30519.46000,30504.41000,30512.41000,874
2026.06.16,17:10,30513.21000,30523.66000,30507.91000,30512.09000,855
2026.06.16,17:15,30512.21000,30516.09000,30503.16000,30505.66000,835
2026.06.16,17:20,30505.66000,30510.41000,30498.16000,30510.16000,936
2026.06.16,17:25,30509.66000,30518.59000,30509.66000,30517.21000,801
2026.06.16,17:30,30517.34000,30522.46000,30507.16000,30509.91000,1036
2026.06.16,17:35,30510.16000,30520.46000,30503.41000,30507.21000,883
2026.06.16,17:40,30506.66000,30513.16000,30501.21000,30501.91000,730
2026.06.16,17:45,30501.66000,30508.21000,30496.46000,30500.59000,678
2026.06.16,17:50,30500.21000,30513.34000,30499.59000,30512.16000,572
2026.06.16,17:55,30512.46000,30519.46000,30509.96000,30513.66000,609
2026.06.16,18:00,30513.16000,30528.71000,30504.16000,30506.96000,1034
2026.06.16,18:05,30506.91000,30531.09000,30501.91000,30526.96000,993
2026.06.16,18:10,30527.09000,30534.21000,30506.66000,30507.91000,1039
2026.06.16,18:15,30508.21000,30524.59000,30504.41000,30521.96000,909
2026.06.16,18:20,30520.66000,30522.34000,30507.16000,30509.41000,853
2026.06.16,18:25,30509.66000,30528.34000,30509.41000,30525.16000,873
2026.06.16,18:30,30525.16000,30528.34000,30517.41000,30518.91000,955
2026.06.16,18:35,30519.41000,30529.46000,30518.16000,30524.66000,825
2026.06.16,18:40,30524.66000,30528.34000,30494.91000,30495.46000,906
2026.06.16,18:45,30495.96000,30505.66000,30493.66000,30499.66000,884
2026.06.16,18:50,30499.16000,30520.46000,30498.66000,30517.41000,900
2026.06.16,18:55,30517.66000,30526.34000,30515.91000,30524.66000,944
2026.06.16,19:00,30525.46000,30547.21000,30514.66000,30545.96000,1163
2026.06.16,19:05,30545.41000,30564.21000,30539.41000,30561.66000,1128
2026.06.16,19:10,30562.16000,30572.09000,30552.46000,30556.96000,1090
2026.06.16,19:15,30557.46000,30577.21000,30557.21000,30572.66000,1049
2026.06.16,19:20,30573.46000,30576.34000,30558.66000,30566.16000,949
2026.06.16,19:25,30566.16000,30588.59000,30559.46000,30588.34000,888
2026.06.16,19:30,30588.84000,30591.21000,30567.16000,30576.16000,1013
2026.06.16,19:35,30576.41000,30581.66000,30550.71000,30562.66000,977
2026.06.16,19:40,30562.66000,30574.34000,30554.91000,30574.34000,896
2026.06.16,19:45,30574.21000,30574.71000,30557.84000,30569.71000,886
2026.06.16,19:50,30569.91000,30618.91000,30569.66000,30613.09000,1108
2026.06.16,19:55,30613.21000,30628.59000,30604.66000,30611.16000,957
2026.06.16,20:00,30611.16000,30613.84000,30599.96000,30610.16000,1043
2026.06.16,20:05,30609.91000,30615.96000,30602.16000,30610.59000,786
2026.06.16,20:10,30610.96000,30615.46000,30602.41000,30605.16000,805
2026.06.16,20:15,30605.16000,30608.21000,30566.66000,30568.66000,898
2026.06.16,20:20,30567.66000,30586.34000,30564.91000,30584.16000,937
2026.06.16,20:25,30583.91000,30586.34000,30567.41000,30569.16000,876
2026.06.16,20:30,30569.16000,30591.96000,30567.91000,30585.41000,819
2026.06.16,20:35,30585.41000,30589.84000,30569.66000,30574.91000,711
2026.06.16,20:40,30575.16000,30575.71000,30554.41000,30564.91000,871
2026.06.16,20:45,30565.16000,30568.21000,30552.91000,30559.91000,973
2026.06.16,20:50,30560.16000,30571.46000,30559.66000,30569.09000,815
2026.06.16,20:55,30568.96000,30569.66000,30546.84000,30554.84000,786
2026.06.16,21:00,30554.96000,30563.59000,30553.96000,30559.41000,766
2026.06.16,21:05,30558.91000,30577.46000,30558.91000,30577.34000,721
2026.06.16,21:10,30577.59000,30582.71000,30568.66000,30581.66000,797
2026.06.16,21:15,30581.41000,30586.09000,30571.41000,30572.41000,702
2026.06.16,21:20,30572.66000,30588.46000,30569.16000,30583.16000,793
2026.06.16,21:25,30583.16000,30598.71000,30583.16000,30590.41000,764
2026.06.16,21:30,30590.66000,30596.71000,30579.41000,30590.16000,812
2026.06.16,21:35,30589.91000,30614.71000,30584.16000,30614.09000,838
2026.06.16,21:40,30614.21000,30614.21000,30601.91000,30608.46000,616
2026.06.16,21:45,30605.34000,30612.09000,30599.16000,30606.91000,688
2026.06.16,21:50,30607.21000,30616.71000,30593.41000,30604.66000,844
2026.06.16,21:55,30605.21000,30617.34000,30601.66000,30614.41000,695
2026.06.16,22:00,30614.91000,30638.96000,30604.84000,30634.96000,1195
2026.06.16,22:05,30634.71000,30640.71000,30621.91000,30624.96000,1061
2026.06.16,22:10,30624.91000,30644.59000,30620.84000,30639.34000,991
2026.06.16,22:15,30639.84000,30654.59000,30630.66000,30650.16000,909
2026.06.16,22:20,30649.91000,30654.66000,30632.41000,30637.16000,906
2026.06.16,22:25,30637.59000,30637.71000,30618.91000,30631.71000,927
2026.06.16,22:30,30631.96000,30637.21000,30623.16000,30626.41000,889
2026.06.16,22:35,30626.66000,30630.96000,30610.71000,30626.46000,1071
2026.06.16,22:40,30626.16000,30640.34000,30622.91000,30637.46000,957
2026.06.16,22:45,30636.66000,30641.21000,30625.41000,30625.66000,937
2026.06.16,22:50,30625.66000,30636.21000,30621.91000,30625.59000,858
2026.06.16,22:55,30625.71000,30629.21000,30620.91000,30621.66000,744
2026.06.16,23:00,30621.71000,30632.21000,30615.66000,30619.21000,1047
2026.06.16,23:05,30618.66000,30634.46000,30617.66000,30627.66000,1016
2026.06.16,23:10,30627.91000,30631.91000,30601.66000,30605.16000,1013
2026.06.16,23:15,30604.41000,30604.71000,30575.66000,30585.71000,1166
2026.06.16,23:20,30585.84000,30586.16000,30527.41000,30530.41000,1395
2026.06.16,23:25,30528.41000,30546.46000,30521.91000,30544.16000,1590
2026.06.16,23:30,30541.91000,30552.41000,30515.91000,30542.21000,1583
2026.06.16,23:35,30542.71000,30546.96000,30519.59000,30529.41000,1416
2026.06.16,23:40,30528.91000,30536.84000,30506.71000,30513.66000,1241
2026.06.16,23:45,30513.84000,30524.71000,30497.41000,30510.41000,1201
2026.06.16,23:50,30510.66000,30530.46000,30508.16000,30517.21000,1361
2026.06.16,23:55,30517.09000,30528.46000,30508.96000,30509.09000,1073
2026.06.17,00:00,30508.84000,30517.21000,30494.59000,30503.71000,1325
2026.06.17,00:05,30503.21000,30504.34000,30472.46000,30475.21000,1341
2026.06.17,00:10,30475.46000,30504.09000,30467.59000,30502.84000,1341
2026.06.17,00:15,30503.09000,30520.46000,30491.71000,30516.09000,1238
2026.06.17,00:20,30516.71000,30527.59000,30513.59000,30520.96000,1122
2026.06.17,00:25,30517.09000,30521.59000,30492.84000,30493.34000,1441
2026.06.17,00:30,30488.91000,30498.99000,30433.49000,30472.66000,2500
2026.06.17,00:35,30474.86000,30521.49000,30464.41000,30465.11000,2384
2026.06.17,00:40,30465.61000,30542.49000,30464.49000,30500.16000,2393
2026.06.17,00:45,30501.49000,30565.86000,30496.36000,30543.99000,2312
2026.06.17,00:50,30544.24000,30565.99000,30527.66000,30552.11000,2215
2026.06.17,00:55,30553.24000,30570.11000,30482.99000,30489.24000,2339
2026.06.17,01:00,30491.49000,30520.24000,30477.36000,30512.11000,2241
2026.06.17,01:05,30512.86000,30537.86000,30484.41000,30533.11000,2151
2026.06.17,01:10,30532.16000,30535.99000,30483.91000,30498.24000,2068
2026.06.17,01:15,30498.49000,30506.61000,30413.99000,30422.74000,2262
2026.06.17,01:20,30423.86000,30452.49000,30356.74000,30396.99000,2425
2026.06.17,01:25,30396.74000,30434.99000,30361.16000,30366.49000,2390
2026.06.17,01:30,30365.86000,30366.49000,30275.11000,30291.36000,2430
2026.06.17,01:35,30292.11000,30363.11000,30289.99000,30356.61000,2371
2026.06.17,01:40,30356.99000,30397.74000,30338.11000,30364.24000,2309
2026.06.17,01:45,30364.61000,30364.61000,30306.91000,30310.91000,2375
2026.06.17,01:50,30313.16000,30354.24000,30306.41000,30312.49000,2302
2026.06.17,01:55,30313.24000,30317.11000,30246.11000,30283.86000,2290
2026.06.17,02:00,30285.24000,30320.24000,30274.36000,30311.86000,2260
2026.06.17,02:05,30314.11000,30334.49000,30292.24000,30319.11000,2253
2026.06.17,02:10,30319.61000,30345.24000,30293.11000,30304.86000,2166
2026.06.17,02:15,30304.61000,30330.49000,30276.24000,30276.36000,2114
2026.06.17,02:20,30278.11000,30294.74000,30218.36000,30245.36000,2253
2026.06.17,02:25,30245.61000,30255.86000,30184.61000,30221.24000,2271
2026.06.17,02:30,30223.74000,30253.49000,30217.91000,30238.24000,2058
2026.06.17,02:35,30237.74000,30258.74000,30170.24000,30188.36000,2223
2026.06.17,02:40,30187.74000,30203.49000,30149.41000,30159.36000,2210
2026.06.17,02:45,30158.61000,30173.61000,30091.66000,30117.36000,2246
2026.06.17,02:50,30116.24000,30199.99000,30095.24000,30192.11000,2178
2026.06.17,02:55,30193.11000,30212.99000,30150.49000,30151.11000,2159
2026.06.17,03:00,30152.11000,30228.86000,30148.61000,30211.74000,2175
2026.06.17,03:05,30211.99000,30240.36000,30196.36000,30223.11000,2035
2026.06.17,03:10,30222.61000,30249.74000,30207.74000,30217.24000,1949
2026.06.17,03:15,30217.11000,30239.86000,30196.91000,30228.49000,2052
2026.06.17,03:20,30228.61000,30253.86000,30215.91000,30232.74000,1928
2026.06.17,03:25,30232.36000,30237.74000,30210.36000,30220.24000,1881
2026.06.17,03:30,30219.74000,30224.61000,30152.99000,30154.49000,2130
2026.06.17,03:35,30153.74000,30177.49000,30130.61000,30154.11000,2041
2026.06.17,03:40,30154.49000,30194.36000,30141.61000,30182.61000,1949
2026.06.17,03:45,30181.61000,30205.11000,30161.36000,30176.99000,1948
2026.06.17,03:50,30177.61000,30205.99000,30156.49000,30164.36000,1864
2026.06.17,03:55,30164.61000,30178.11000,30132.24000,30176.61000,1912
2026.06.17,04:00,30176.99000,30177.99000,30135.91000,30157.11000,1615
2026.06.17,04:05,30155.91000,30160.74000,30139.11000,30149.36000,1813
2026.06.17,04:10,30148.36000,30176.86000,30142.24000,30160.24000,1775
2026.06.17,04:15,30158.61000,30169.74000,30131.99000,30135.36000,1716
2026.06.17,04:20,30137.49000,30151.61000,30108.61000,30151.36000,1862
2026.06.17,04:25,30152.11000,30155.61000,30126.99000,30136.24000,1763
2026.06.17,04:30,30136.49000,30144.11000,30111.99000,30125.99000,1829
2026.06.17,04:35,30126.11000,30130.86000,30080.36000,30092.74000,1822
2026.06.17,04:40,30092.24000,30138.74000,30080.49000,30123.74000,1791
2026.06.17,04:45,30123.49000,30150.99000,30108.24000,30150.99000,1754
2026.06.17,04:50,30151.74000,30186.11000,30139.99000,30185.99000,1747
2026.06.17,04:55,30185.11000,30195.74000,30152.49000,30153.86000,1670
2026.06.17,05:00,30153.99000,30172.74000,30148.99000,30167.49000,1739
2026.06.17,05:05,30167.24000,30171.74000,30149.49000,30159.86000,1573
2026.06.17,05:10,30159.74000,30169.99000,30149.99000,30151.61000,1478
2026.06.17,05:15,30151.49000,30152.99000,30124.24000,30132.11000,1791
2026.06.17,05:20,30132.74000,30145.86000,30125.61000,30137.99000,1581
2026.06.17,05:25,30137.61000,30162.11000,30134.86000,30148.24000,1650
2026.06.17,05:30,30148.11000,30153.61000,30119.11000,30121.49000,1572
2026.06.17,05:35,30121.24000,30141.36000,30105.74000,30135.49000,1752
2026.06.17,05:40,30135.61000,30145.74000,30127.49000,30140.36000,1595
2026.06.17,05:45,30141.49000,30146.36000,30111.49000,30115.24000,1577
2026.06.17,05:50,30115.36000,30130.49000,30109.61000,30118.11000,1602
2026.06.17,05:55,30118.74000,30131.24000,30101.41000,30119.86000,1543
2026.06.17,06:00,30120.61000,30156.49000,30100.11000,30151.11000,1775
2026.06.17,06:05,30151.24000,30154.49000,30111.91000,30114.49000,1778
2026.06.17,06:10,30114.36000,30122.36000,30067.49000,30077.61000,2025
2026.06.17,06:15,30077.99000,30079.11000,30019.61000,30077.24000,2124
2026.06.17,06:20,30076.36000,30113.36000,30072.16000,30109.74000,1962
2026.06.17,06:25,30109.99000,30126.11000,30095.49000,30120.11000,1874
2026.06.17,06:30,30119.74000,30134.61000,30096.24000,30098.86000,2054
2026.06.17,06:35,30098.99000,30117.61000,30049.24000,30054.11000,2051
2026.06.17,06:40,30053.11000,30090.11000,30042.24000,30087.74000,2057
2026.06.17,06:45,30086.74000,30090.74000,30054.61000,30065.41000,1917
2026.06.17,06:50,30065.66000,30092.41000,30023.36000,30062.41000,2128
2026.06.17,06:55,30054.91000,30054.91000,29974.74000,29980.49000,2243
2026.06.17,07:00,29981.34000,29992.71000,29967.66000,29985.34000,1748
2026.06.17,07:05,29986.21000,30002.46000,29981.34000,29981.96000,1182
2026.06.17,07:10,29981.91000,29992.71000,29975.34000,29981.09000,1108
2026.06.17,07:15,29981.34000,29981.46000,29947.71000,29954.34000,1071
2026.06.17,07:20,29954.46000,29978.59000,29953.91000,29975.09000,881
2026.06.17,07:25,29975.59000,29984.46000,29973.84000,29974.84000,677
2026.06.17,07:30,29975.46000,29981.71000,29968.91000,29975.59000,628
2026.06.17,07:35,29974.91000,29980.71000,29964.91000,29980.21000,587
2026.06.17,07:40,29980.09000,29987.21000,29977.91000,29983.84000,644
2026.06.17,07:45,29984.34000,29989.59000,29981.34000,29988.46000,467
2026.06.17,07:50,29987.84000,29988.09000,29972.41000,29976.84000,603
2026.06.17,07:55,29977.21000,29984.46000,29969.96000,29979.66000,612
2026.06.17,09:00,29980.92000,30035.67000,29980.92000,30008.67000,498
2026.06.17,09:05,30009.17000,30038.92000,30007.17000,30038.67000,373
2026.06.17,09:10,30039.67000,30045.42000,30032.17000,30035.67000,355
2026.06.17,09:15,30035.92000,30044.67000,30031.67000,30032.17000,340
2026.06.17,09:20,30033.17000,30051.42000,30019.67000,30046.92000,623
2026.06.17,09:25,30046.67000,30050.72000,30040.92000,30041.42000,393
2026.06.17,09:30,30042.42000,30056.72000,30042.42000,30054.67000,381
2026.06.17,09:35,30053.67000,30055.92000,30045.17000,30050.92000,354
2026.06.17,09:40,30051.17000,30051.35000,30015.17000,30038.92000,460
2026.06.17,09:45,30039.17000,30043.35000,30029.17000,30040.17000,400
2026.06.17,09:50,30040.67000,30060.85000,30039.17000,30059.17000,346
2026.06.17,09:55,30059.42000,30063.67000,30051.92000,30054.17000,305
2026.06.17,10:00,30054.42000,30055.92000,30029.42000,30037.67000,467
2026.06.17,10:05,30037.42000,30045.42000,30022.92000,30038.42000,383
2026.06.17,10:10,30036.67000,30039.85000,30004.42000,30028.17000,682
2026.06.17,10:15,30027.42000,30030.92000,30016.67000,30021.92000,337
2026.06.17,10:20,30022.17000,30022.92000,30003.42000,30013.42000,400
2026.06.17,10:25,30013.42000,30017.92000,30007.92000,30010.67000,422
2026.06.17,10:30,30010.42000,30023.97000,30007.92000,30020.67000,469
2026.06.17,10:35,30020.67000,30031.97000,30000.67000,30005.92000,598
2026.06.17,10:40,30005.67000,30011.47000,29998.92000,30007.92000,435
2026.06.17,10:45,30009.17000,30024.92000,29998.42000,30003.42000,820
2026.06.17,10:50,30004.67000,30013.42000,29985.17000,30013.17000,773
2026.06.17,10:55,30013.17000,30014.72000,29991.17000,30006.92000,689
2026.06.17,11:00,30008.67000,30058.67000,30008.67000,30048.42000,1354
2026.06.17,11:05,30048.92000,30051.17000,30027.42000,30047.17000,1343
2026.06.17,11:10,30047.17000,30054.42000,30032.67000,30033.17000,1224
2026.06.17,11:15,30033.92000,30061.42000,30033.42000,30049.67000,1249
2026.06.17,11:20,30049.42000,30057.22000,30033.92000,30046.67000,1198
2026.06.17,11:25,30046.67000,30057.92000,30045.67000,30055.92000,1031
2026.06.17,11:30,30055.67000,30076.17000,30047.42000,30067.67000,1088
2026.06.17,11:35,30067.92000,30079.42000,30064.67000,30070.92000,959
2026.06.17,11:40,30070.92000,30078.67000,30065.42000,30066.67000,1004
2026.06.17,11:45,30066.67000,30068.67000,30047.67000,30064.42000,1119
2026.06.17,11:50,30064.42000,30064.67000,30044.17000,30053.67000,973
2026.06.17,11:55,30053.67000,30066.17000,30049.92000,30060.67000,765
2026.06.17,12:00,30060.92000,30078.17000,30044.17000,30072.67000,1286
2026.06.17,12:05,30072.17000,30086.22000,30066.92000,30080.92000,997
2026.06.17,12:10,30081.17000,30086.60000,30075.17000,30077.92000,851
2026.06.17,12:15,30078.72000,30087.17000,30066.17000,30085.17000,1001
2026.06.17,12:20,30084.17000,30096.17000,30081.17000,30094.67000,860
2026.06.17,12:25,30095.42000,30099.22000,30091.42000,30093.42000,741
2026.06.17,12:30,30093.17000,30101.67000,30087.42000,30097.17000,931
2026.06.17,12:35,30096.92000,30109.22000,30096.67000,30108.97000,717
2026.06.17,12:40,30108.42000,30117.60000,30096.67000,30100.67000,876
2026.06.17,12:45,30100.42000,30115.47000,30100.42000,30106.17000,881
2026.06.17,12:50,30106.42000,30117.47000,30105.17000,30115.67000,680
2026.06.17,12:55,30115.92000,30126.92000,30114.67000,30124.17000,733
2026.06.17,13:00,30124.67000,30125.97000,30117.67000,30119.67000,697
2026.06.17,13:05,30118.92000,30127.42000,30115.92000,30122.92000,722
2026.06.17,13:10,30122.67000,30133.47000,30120.67000,30131.97000,654
2026.06.17,13:15,30132.22000,30132.35000,30119.42000,30123.92000,754
2026.06.17,13:20,30124.67000,30137.10000,30124.42000,30135.17000,632
2026.06.17,13:25,30135.42000,30139.60000,30126.85000,30129.47000,513
2026.06.17,13:30,30128.42000,30130.97000,30116.67000,30119.17000,783
2026.06.17,13:35,30118.67000,30124.22000,30111.17000,30112.42000,672
2026.06.17,13:40,30112.42000,30128.67000,30112.17000,30128.67000,690
2026.06.17,13:45,30128.92000,30130.35000,30113.72000,30118.67000,702
2026.06.17,13:50,30118.97000,30120.97000,30110.17000,30113.67000,654
2026.06.17,13:55,30113.92000,30125.22000,30113.42000,30117.67000,535
2026.06.17,14:00,30118.67000,30130.22000,30115.67000,30122.17000,573
2026.06.17,14:05,30120.67000,30132.97000,30118.92000,30120.92000,637
2026.06.17,14:10,30120.92000,30127.47000,30108.67000,30109.67000,664
2026.06.17,14:15,30110.42000,30113.42000,30100.67000,30106.42000,901
2026.06.17,14:20,30106.17000,30108.47000,30094.92000,30104.42000,741
2026.06.17,14:25,30104.17000,30113.72000,30102.42000,30110.42000,695
2026.06.17,14:30,30110.67000,30117.47000,30106.67000,30114.92000,996
2026.06.17,14:35,30115.42000,30124.47000,30112.42000,30124.35000,725
2026.06.17,14:40,30123.67000,30142.17000,30120.92000,30133.17000,833
2026.06.17,14:45,30132.92000,30142.10000,30130.92000,30136.92000,698
2026.06.17,14:50,30136.92000,30146.72000,30133.42000,30144.42000,659
2026.06.17,14:55,30144.17000,30147.22000,30139.92000,30143.92000,642
2026.06.17,15:00,30143.67000,30148.72000,30137.67000,30147.17000,631
2026.06.17,15:05,30146.92000,30150.47000,30137.67000,30143.97000,600
2026.06.17,15:10,30143.67000,30148.22000,30139.17000,30141.92000,603
2026.06.17,15:15,30142.17000,30155.10000,30140.67000,30154.42000,484
2026.06.17,15:20,30154.85000,30158.97000,30152.10000,30158.47000,578
2026.06.17,15:25,30157.92000,30159.85000,30151.60000,30151.85000,575
2026.06.17,15:30,30152.22000,30155.97000,30139.17000,30141.72000,777
2026.06.17,15:35,30141.22000,30145.47000,30135.67000,30136.17000,744
2026.06.17,15:40,30135.67000,30141.72000,30125.67000,30130.67000,729
2026.06.17,15:45,30130.72000,30158.97000,30129.42000,30153.42000,787
2026.06.17,15:50,30153.17000,30161.92000,30148.67000,30159.17000,656
2026.06.17,15:55,30158.92000,30164.47000,30156.67000,30164.42000,683
2026.06.17,16:00,30164.17000,30176.97000,30159.67000,30174.72000,844
2026.06.17,16:05,30174.47000,30177.85000,30164.17000,30165.42000,764
2026.06.17,16:10,30165.17000,30167.97000,30161.10000,30163.47000,559
2026.06.17,16:15,30163.22000,30175.10000,30158.92000,30172.42000,617
2026.06.17,16:20,30172.17000,30183.60000,30172.17000,30177.72000,695
2026.06.17,16:25,30177.17000,30183.10000,30167.42000,30169.42000,653
2026.06.17,16:30,30169.97000,30179.97000,30165.92000,30179.97000,754
2026.06.17,16:35,30179.42000,30198.35000,30178.92000,30196.67000,650
2026.06.17,16:40,30196.67000,30197.22000,30187.17000,30190.72000,541
2026.06.17,16:45,30190.17000,30205.47000,30188.92000,30201.72000,637
2026.06.17,16:50,30201.60000,30204.60000,30189.17000,30189.17000,694
2026.06.17,16:55,30189.60000,30191.72000,30174.42000,30178.17000,913
2026.06.17,17:00,30178.17000,30193.97000,30169.67000,30190.42000,988
2026.06.17,17:05,30191.22000,30200.22000,30180.92000,30194.42000,928
2026.06.17,17:10,30194.67000,30196.22000,30179.92000,30190.22000,832
2026.06.17,17:15,30189.42000,30193.92000,30181.92000,30187.17000,720
2026.06.17,17:20,30186.92000,30192.72000,30178.42000,30185.67000,770
2026.06.17,17:25,30185.42000,30185.67000,30167.42000,30169.17000,912
2026.06.17,17:30,30168.17000,30198.92000,30163.67000,30197.67000,984
2026.06.17,17:35,30197.92000,30200.72000,30189.42000,30200.42000,703
2026.06.17,17:40,30200.67000,30212.47000,30196.92000,30209.42000,676
2026.06.17,17:45,30209.92000,30217.10000,30208.17000,30215.42000,508
2026.06.17,17:50,30215.17000,30216.22000,30206.92000,30210.35000,481
2026.06.17,17:55,30210.47000,30222.72000,30208.67000,30221.22000,551
2026.06.17,18:00,30220.92000,30239.22000,30220.92000,30233.42000,918
2026.06.17,18:05,30233.67000,30243.10000,30231.92000,30241.35000,826
2026.06.17,18:10,30241.22000,30255.97000,30239.42000,30252.17000,774
2026.06.17,18:15,30251.67000,30256.60000,30231.17000,30235.67000,835
2026.06.17,18:20,30236.42000,30236.72000,30218.72000,30220.92000,833
2026.06.17,18:25,30221.22000,30229.17000,30215.17000,30229.17000,823
2026.06.17,18:30,30228.67000,30238.72000,30220.17000,30224.67000,784
2026.06.17,18:35,30224.42000,30246.72000,30223.17000,30246.35000,725
2026.06.17,18:40,30246.47000,30250.97000,30237.17000,30237.67000,757
2026.06.17,18:45,30237.42000,30242.17000,30227.17000,30229.92000,747
2026.06.17,18:50,30230.72000,30243.35000,30226.92000,30234.17000,755
2026.06.17,18:55,30233.67000,30243.60000,30231.67000,30237.22000,760
2026.06.17,19:00,30237.10000,30253.22000,30228.67000,30233.92000,886
2026.06.17,19:05,30234.17000,30261.17000,30233.67000,30256.42000,912
2026.06.17,19:10,30255.42000,30257.17000,30212.17000,30216.42000,1188
2026.06.17,19:15,30216.42000,30228.17000,30206.92000,30208.42000,1138
2026.06.17,19:20,30208.17000,30220.92000,30202.92000,30213.17000,1068
2026.06.17,19:25,30213.42000,30219.42000,30190.92000,30196.17000,1029
2026.06.17,19:30,30194.92000,30201.85000,30170.42000,30177.17000,1159
2026.06.17,19:35,30177.17000,30180.92000,30154.42000,30159.42000,1159
2026.06.17,19:40,30159.42000,30179.42000,30155.92000,30162.67000,1134
2026.06.17,19:45,30162.92000,30164.67000,30142.17000,30143.92000,910
2026.06.17,19:50,30144.17000,30176.17000,30141.67000,30170.67000,974
2026.06.17,19:55,30171.17000,30189.72000,30165.42000,30185.17000,837
2026.06.17,20:00,30185.42000,30200.22000,30181.17000,30193.42000,788
2026.06.17,20:05,30193.42000,30198.17000,30178.92000,30181.92000,796
2026.06.17,20:10,30181.67000,30182.67000,30164.92000,30178.92000,822
2026.06.17,20:15,30179.17000,30189.42000,30165.92000,30170.92000,933
2026.06.17,20:20,30170.42000,30186.22000,30166.67000,30179.67000,894
2026.06.17,20:25,30179.67000,30192.35000,30179.67000,30188.67000,803
2026.06.17,20:30,30189.17000,30197.67000,30168.92000,30171.17000,856
2026.06.17,20:35,30170.92000,30177.92000,30157.92000,30165.92000,859
2026.06.17,20:40,30166.17000,30173.22000,30160.42000,30170.67000,768
2026.06.17,20:45,30170.42000,30177.47000,30152.92000,30154.92000,919
2026.06.17,20:50,30153.92000,30154.97000,30122.10000,30133.92000,909
2026.06.17,20:55,30133.92000,30137.92000,30121.92000,30134.97000,1040
2026.06.17,21:00,30135.22000,30135.42000,30100.67000,30109.92000,1151
2026.06.17,21:05,30109.67000,30124.47000,30094.92000,30121.17000,1053
2026.06.17,21:10,30121.42000,30127.42000,30108.42000,30125.17000,949
2026.06.17,21:15,30125.17000,30132.42000,30113.67000,30113.67000,832
2026.06.17,21:20,30111.92000,30153.92000,30109.92000,30150.17000,796
2026.06.17,21:25,30150.42000,30152.42000,30136.42000,30137.42000,596
2026.06.17,21:30,30136.92000,30145.22000,30126.17000,30129.92000,717
2026.06.17,21:35,30129.67000,30145.35000,30125.92000,30144.17000,734
2026.06.17,21:40,30143.67000,30162.22000,30136.92000,30160.42000,647
2026.06.17,21:45,30160.67000,30162.97000,30148.42000,30158.17000,735
2026.06.17,21:50,30158.17000,30174.92000,30147.17000,30150.17000,970
2026.06.17,21:55,30150.72000,30156.97000,30131.17000,30135.17000,954
2026.06.17,22:00,30134.92000,30144.42000,30118.17000,30138.17000,1110
2026.06.17,22:05,30137.92000,30158.67000,30132.92000,30143.42000,1014
2026.06.17,22:10,30143.67000,30158.72000,30141.67000,30154.92000,737
2026.06.17,22:15,30154.67000,30166.72000,30149.42000,30165.60000,771
2026.06.17,22:20,30165.72000,30167.72000,30153.92000,30155.17000,834
2026.06.17,22:25,30154.92000,30157.67000,30137.67000,30144.67000,860
2026.06.17,22:30,30145.17000,30148.22000,30135.17000,30142.67000,951
2026.06.17,22:35,30142.92000,30144.42000,30131.92000,30138.42000,764
2026.06.17,22:40,30137.92000,30145.22000,30109.92000,30113.22000,963
2026.06.17,22:45,30112.17000,30122.42000,30091.92000,30099.92000,1058
2026.06.17,22:50,30099.67000,30105.47000,30086.17000,30088.67000,1079
2026.06.17,22:55,30088.17000,30093.97000,30066.42000,30093.67000,1294
2026.06.17,23:00,30096.42000,30114.22000,30092.42000,30110.42000,1065
2026.06.17,23:05,30109.67000,30132.17000,30103.67000,30128.17000,969
2026.06.17,23:10,30128.42000,30141.72000,30121.17000,30136.42000,980
2026.06.17,23:15,30136.67000,30138.42000,30117.67000,30131.22000,864
2026.06.17,23:20,30130.97000,30151.22000,30123.92000,30142.92000,1056
2026.06.17,23:25,30142.67000,30155.72000,30135.67000,30135.67000,965
2026.06.17,23:30,30133.92000,30176.72000,30133.92000,30164.92000,1188
2026.06.17,23:35,30164.67000,30194.97000,30159.92000,30161.92000,1211
2026.06.17,23:40,30161.67000,30187.42000,30151.17000,30180.17000,1136
2026.06.17,23:45,30181.17000,30188.72000,30169.17000,30176.85000,954
2026.06.17,23:50,30176.72000,30185.97000,30170.72000,30177.60000,920
2026.06.17,23:55,30177.47000,30177.97000,30158.97000,30165.72000,918
2026.06.18,00:00,30166.17000,30169.47000,30150.72000,30165.67000,1121
2026.06.18,00:05,30165.60000,30166.47000,30140.22000,30149.42000,1111
2026.06.18,00:10,30148.92000,30166.97000,30143.42000,30156.72000,1032
2026.06.18,00:15,30156.85000,30185.35000,30155.72000,30179.85000,968
2026.06.18,00:20,30180.97000,30182.10000,30164.35000,30176.72000,1048
2026.06.18,00:25,30178.67000,30204.42000,30167.92000,30201.67000,1449
2026.06.18,00:30,30199.67000,30199.67000,30098.25000,30116.67000,2511
2026.06.18,00:35,30117.12000,30150.12000,30075.67000,30087.12000,2443
2026.06.18,00:40,30086.75000,30200.62000,30078.17000,30195.92000,2399
2026.06.18,00:45,30196.17000,30217.12000,30128.92000,30128.92000,2305
2026.06.18,00:50,30128.42000,30160.42000,30104.17000,30150.50000,2349
2026.06.18,00:55,30149.75000,30154.37000,30024.17000,30025.37000,2317
2026.06.18,01:00,30020.92000,30079.37000,29998.92000,30066.37000,2368
2026.06.18,01:05,30065.42000,30105.00000,30027.67000,30062.42000,2321
2026.06.18,01:10,30063.37000,30125.62000,30035.92000,30122.00000,2289
2026.06.18,01:15,30122.50000,30165.00000,30112.42000,30147.37000,2226
2026.06.18,01:20,30146.17000,30221.37000,30135.50000,30217.62000,2176
2026.06.18,01:25,30218.00000,30219.25000,30164.42000,30186.62000,2207
2026.06.18,01:30,30185.75000,30191.37000,30107.62000,30138.12000,2243
2026.06.18,01:35,30136.42000,30155.50000,30087.87000,30100.50000,2273
2026.06.18,01:40,30101.92000,30124.37000,30052.50000,30110.75000,2306
2026.06.18,01:45,30109.50000,30140.00000,29965.92000,30047.62000,2344
2026.06.18,01:50,30047.17000,30110.67000,30032.42000,30103.67000,2290
2026.06.18,01:55,30102.67000,30103.67000,30027.17000,30035.92000,2214
2026.06.18,02:00,30035.42000,30079.87000,30029.42000,30059.92000,2168
2026.06.18,02:05,30060.92000,30090.12000,30023.92000,30035.17000,2173
2026.06.18,02:10,30035.17000,30095.17000,30031.92000,30086.17000,2036
2026.06.18,02:15,30086.42000,30134.87000,30074.67000,30098.92000,2197
2026.06.18,02:20,30100.17000,30118.87000,30073.92000,30089.92000,2097
2026.06.18,02:25,30089.67000,30099.92000,30069.92000,30093.17000,2014
2026.06.18,02:30,30093.92000,30125.62000,30076.92000,30107.67000,1823
2026.06.18,02:35,30107.17000,30126.37000,30093.67000,30120.42000,1808
2026.06.18,02:40,30120.42000,30124.62000,30079.92000,30091.17000,1705
2026.06.18,02:45,30091.42000,30120.92000,30088.92000,30119.42000,1624
2026.06.18,02:50,30120.87000,30129.50000,30103.42000,30105.92000,1645
2026.06.18,02:55,30105.92000,30134.37000,30098.42000,30125.17000,1527
2026.06.18,03:00,30125.17000,30147.12000,30122.17000,30124.67000,1284
2026.06.18,03:05,30124.92000,30139.67000,30116.17000,30129.12000,1199
2026.06.18,03:10,30129.37000,30129.67000,30098.92000,30118.37000,1168
2026.06.18,03:15,30118.62000,30133.17000,30104.17000,30133.17000,1133
2026.06.18,03:20,30132.42000,30142.42000,30121.17000,30136.67000,1043
2026.06.18,03:25,30136.92000,30148.50000,30123.42000,30134.92000,1005
2026.06.18,03:30,30133.92000,30147.42000,30110.42000,30115.67000,1151
2026.06.18,03:35,30114.92000,30139.37000,30112.42000,30135.17000,1103
2026.06.18,03:40,30135.42000,30135.92000,30098.42000,30107.42000,1237
2026.06.18,03:45,30106.92000,30108.87000,30075.92000,30083.67000,1097
2026.06.18,03:50,30082.67000,30097.92000,30074.67000,30075.42000,1005
2026.06.18,03:55,30076.42000,30091.92000,30074.92000,30086.67000,1000
2026.06.18,04:00,30086.42000,30087.17000,30039.92000,30048.50000,1236
2026.06.18,04:05,30048.25000,30072.12000,29997.92000,30058.17000,1330
2026.06.18,04:10,30058.17000,30073.37000,30054.67000,30055.17000,1325
2026.06.18,04:15,30056.37000,30066.87000,30030.67000,30065.92000,1255
2026.06.18,04:20,30065.92000,30093.12000,30053.92000,30082.92000,1290
2026.06.18,04:25,30083.62000,30104.37000,30076.17000,30096.42000,1421
2026.06.18,04:30,30097.62000,30097.75000,30064.67000,30068.42000,1460
2026.06.18,04:35,30069.37000,30100.62000,30061.42000,30094.67000,1315
2026.06.18,04:40,30094.17000,30096.87000,30072.17000,30076.25000,1223
2026.06.18,04:45,30077.25000,30098.37000,30066.67000,30093.75000,1197
2026.06.18,04:50,30093.42000,30141.62000,30080.42000,30127.92000,1323
2026.06.18,04:55,30126.92000,30146.67000,30113.92000,30146.67000,676
2026.06.18,05:00,30140.17000,30142.67000,29856.67000,29860.92000,2247
2026.06.18,05:05,29859.42000,29953.67000,29759.17000,29943.42000,2401
2026.06.18,05:10,29943.17000,29977.92000,29906.92000,29942.42000,2260
2026.06.18,05:15,29944.67000,30026.42000,29941.67000,30008.17000,2132
2026.06.18,05:20,30008.67000,30014.67000,29906.67000,29919.17000,2120
2026.06.18,05:25,29919.17000,29946.42000,29867.92000,29926.17000,2236
2026.06.18,05:30,29927.17000,30019.67000,29893.17000,29913.67000,2386
2026.06.18,05:35,29918.42000,30080.42000,29915.67000,30043.17000,2155
2026.06.18,05:40,30047.67000,30201.17000,30045.17000,30187.42000,1945
2026.06.18,05:45,30186.42000,30189.42000,30111.67000,30134.42000,1946
2026.06.18,05:50,30134.42000,30159.67000,30090.67000,30101.67000,1837
2026.06.18,05:55,30100.17000,30100.17000,29902.42000,29955.17000,2318
2026.06.18,06:00,29954.67000,30034.67000,29937.17000,29975.92000,2428
2026.06.18,06:05,29976.67000,30018.67000,29956.67000,29970.42000,2323
2026.06.18,06:10,29972.42000,30050.92000,29881.92000,30034.92000,2425
2026.06.18,06:15,30034.67000,30042.42000,29900.67000,29900.67000,2366
2026.06.18,06:20,29903.17000,29903.17000,29782.67000,29786.17000,2434
2026.06.18,06:25,29785.92000,29883.92000,29784.17000,29811.42000,2403
2026.06.18,06:30,29810.92000,29843.42000,29741.42000,29741.42000,2443
2026.06.18,06:35,29741.67000,29804.37000,29618.17000,29644.42000,2427
2026.06.18,06:40,29643.67000,29670.92000,29616.17000,29646.17000,2434
2026.06.18,06:45,29646.92000,29737.42000,29628.92000,29698.42000,2377
2026.06.18,06:50,29696.92000,29696.92000,29605.17000,29631.17000,2319
2026.06.18,06:55,29628.92000,29725.67000,29628.92000,29671.92000,2344
2026.06.18,07:00,29674.67000,29770.42000,29674.67000,29725.92000,1762
2026.06.18,07:05,29726.17000,29735.67000,29698.67000,29732.42000,1250
2026.06.18,07:10,29732.67000,29756.42000,29704.92000,29708.42000,1028
2026.06.18,07:15,29706.17000,29773.17000,29699.42000,29771.92000,895
2026.06.18,07:20,29772.17000,29814.17000,29771.92000,29789.17000,1017
2026.06.18,07:25,29789.17000,29813.67000,29785.67000,29805.17000,599
2026.06.18,07:30,29805.42000,29815.42000,29793.42000,29810.67000,545
2026.06.18,07:35,29809.42000,29842.42000,29807.67000,29837.42000,557
2026.06.18,07:40,29836.17000,29837.17000,29812.92000,29815.17000,574
2026.06.18,07:45,29814.92000,29815.17000,29795.92000,29795.92000,369
2026.06.18,07:50,29795.92000,29813.92000,29792.42000,29810.42000,395
2026.06.18,07:55,29811.17000,29825.67000,29806.92000,29825.67000,252
2026.06.18,09:00,29829.15000,29844.40000,29782.65000,29800.08000,1289
2026.06.18,09:05,29800.45000,29869.45000,29800.45000,29868.45000,917
2026.06.18,09:10,29868.15000,29890.70000,29865.58000,29875.70000,969
2026.06.18,09:15,29876.58000,29889.58000,29869.33000,29875.95000,771
2026.06.18,09:20,29875.70000,29937.45000,29874.45000,29930.20000,1016
2026.06.18,09:25,29930.33000,29941.58000,29907.95000,29914.70000,840
2026.06.18,09:30,29914.33000,29921.70000,29906.83000,29912.08000,594
2026.06.18,09:35,29911.83000,29933.95000,29911.83000,29921.33000,619
2026.06.18,09:40,29921.65000,29923.33000,29910.95000,29916.58000,504
2026.06.18,09:45,29916.33000,29938.70000,29915.95000,29935.95000,526
2026.06.18,09:50,29936.08000,29945.70000,29929.95000,29940.15000,547
2026.06.18,09:55,29940.08000,29941.58000,29919.33000,29922.08000,538
2026.06.18,10:00,29922.20000,29939.33000,29920.20000,29938.45000,504
2026.06.18,10:05,29938.83000,29939.08000,29912.90000,29935.83000,636
2026.06.18,10:10,29935.20000,29950.45000,29929.45000,29950.08000,625
2026.06.18,10:15,29949.45000,29961.45000,29946.08000,29960.20000,730
2026.06.18,10:20,29961.45000,29982.33000,29961.45000,29977.45000,763
2026.06.18,10:25,29978.58000,29986.45000,29976.15000,29977.45000,577
2026.06.18,10:30,29978.33000,29990.83000,29973.33000,29984.20000,736
2026.06.18,10:35,29984.45000,29984.45000,29959.65000,29970.33000,669
2026.06.18,10:40,29970.70000,29971.20000,29955.83000,29962.33000,629
2026.06.18,10:45,29962.45000,29977.08000,29956.45000,29971.70000,958
2026.06.18,10:50,29971.45000,29983.83000,29964.33000,29978.58000,843
2026.06.18,10:55,29978.70000,29999.83000,29971.70000,29999.83000,680
2026.06.18,11:00,29999.95000,30057.33000,29993.58000,30048.58000,1643
2026.06.18,11:05,30048.08000,30099.08000,30047.33000,30087.95000,1519
2026.06.18,11:10,30088.08000,30111.20000,30077.20000,30105.08000,1582
2026.06.18,11:15,30105.20000,30117.45000,30083.45000,30084.45000,1645
2026.06.18,11:20,30084.08000,30092.45000,30064.65000,30070.08000,1349
2026.06.18,11:25,30069.95000,30071.58000,30043.33000,30071.08000,1529
2026.06.18,11:30,30069.58000,30094.33000,30069.58000,30085.95000,1391
2026.06.18,11:35,30086.08000,30100.70000,30065.65000,30099.58000,1289
2026.06.18,11:40,30099.95000,30102.58000,30075.20000,30096.58000,1205
2026.06.18,11:45,30096.45000,30101.40000,30081.33000,30084.83000,1365
2026.06.18,11:50,30085.08000,30085.20000,30041.58000,30070.58000,1483
2026.06.18,11:55,30070.70000,30071.83000,30049.58000,30053.70000,1383
2026.06.18,12:00,30053.83000,30111.08000,30050.45000,30102.20000,1624
2026.06.18,12:05,30102.58000,30114.83000,30090.08000,30105.45000,1453
2026.06.18,12:10,30105.33000,30125.20000,30102.95000,30116.83000,1311
2026.06.18,12:15,30117.08000,30120.70000,30083.58000,30092.58000,1359
2026.06.18,12:20,30092.95000,30114.95000,30090.33000,30097.95000,1287
2026.06.18,12:25,30098.20000,30119.95000,30091.20000,30094.70000,1237
2026.06.18,12:30,30096.58000,30112.20000,30092.70000,30095.95000,1353
2026.06.18,12:35,30095.58000,30098.70000,30082.45000,30086.20000,1305
2026.06.18,12:40,30085.70000,30097.58000,30078.20000,30085.08000,1263
2026.06.18,12:45,30084.70000,30084.70000,30055.08000,30067.20000,1343
2026.06.18,12:50,30067.40000,30087.45000,30062.70000,30076.08000,1313
2026.06.18,12:55,30076.20000,30080.33000,30056.08000,30068.33000,1223
2026.06.18,13:00,30068.58000,30092.08000,30060.95000,30089.83000,1296
2026.06.18,13:05,30090.08000,30109.70000,30089.45000,30105.08000,1146
2026.06.18,13:10,30105.70000,30117.33000,30095.20000,30104.70000,1077
2026.06.18,13:15,30104.45000,30108.08000,30087.70000,30089.20000,1028
2026.06.18,13:20,30090.33000,30096.45000,30082.20000,30094.70000,957
2026.06.18,13:25,30094.33000,30095.45000,30082.70000,30088.70000,1033
2026.06.18,13:30,30088.08000,30097.70000,30072.58000,30094.70000,1038
2026.06.18,13:35,30094.08000,30095.83000,30079.33000,30091.95000,888
2026.06.18,13:40,30092.83000,30097.08000,30087.95000,30092.58000,845
2026.06.18,13:45,30092.70000,30099.45000,30079.95000,30087.95000,840
2026.06.18,13:50,30088.08000,30100.95000,30084.08000,30093.95000,701
2026.06.18,13:55,30093.83000,30094.70000,30082.83000,30087.70000,689
2026.06.18,14:00,30087.95000,30099.08000,30086.83000,30089.70000,744
2026.06.18,14:05,30089.83000,30094.33000,30075.08000,30075.20000,827
2026.06.18,14:10,30075.45000,30079.33000,30063.33000,30067.83000,944
2026.06.18,14:15,30067.70000,30076.58000,30064.70000,30075.70000,839
2026.06.18,14:20,30075.20000,30092.58000,30071.70000,30087.95000,765
2026.06.18,14:25,30087.70000,30096.70000,30083.45000,30090.70000,797
2026.06.18,14:30,30092.58000,30105.45000,30083.33000,30085.08000,1042
2026.06.18,14:35,30085.45000,30087.70000,30058.58000,30061.08000,1104
2026.06.18,14:40,30062.33000,30068.33000,30057.33000,30065.45000,947
2026.06.18,14:45,30065.83000,30081.58000,30064.70000,30081.45000,961
2026.06.18,14:50,30081.58000,30088.83000,30077.95000,30086.33000,780
2026.06.18,14:55,30086.08000,30095.20000,30083.20000,30087.08000,696
2026.06.18,15:00,30087.20000,30092.20000,30073.33000,30073.95000,892
2026.06.18,15:05,30073.70000,30074.70000,30057.45000,30065.33000,875
2026.06.18,15:10,30065.58000,30067.40000,30041.33000,30044.45000,962
2026.06.18,15:15,30044.70000,30057.33000,30030.45000,30030.45000,1043
2026.06.18,15:20,30030.08000,30033.20000,30016.95000,30019.45000,1013
2026.06.18,15:25,30019.33000,30024.95000,30009.15000,30018.70000,984
2026.06.18,15:30,30018.20000,30021.83000,29999.20000,30006.83000,1001
2026.06.18,15:35,30007.33000,30016.58000,29993.45000,29993.45000,968
2026.06.18,15:40,29993.70000,30001.83000,29980.70000,29983.70000,1146
2026.06.18,15:45,29983.33000,30000.58000,29971.08000,29999.20000,1199
2026.06.18,15:50,29998.95000,30031.65000,29998.20000,30026.95000,957
2026.06.18,15:55,30026.83000,30034.70000,30014.58000,30028.33000,875
2026.06.18,16:00,30028.20000,30042.95000,30012.20000,30039.45000,1187
2026.06.18,16:05,30039.20000,30046.45000,30031.95000,30039.95000,880
2026.06.18,16:10,30040.33000,30046.20000,30022.45000,30027.20000,971
2026.06.18,16:15,30026.95000,30058.08000,30024.08000,30051.83000,1050
2026.06.18,16:20,30052.58000,30059.08000,30045.33000,30048.20000,851
2026.06.18,16:25,30048.08000,30057.58000,30040.08000,30049.20000,939
2026.06.18,16:30,30049.45000,30064.83000,30047.33000,30054.45000,1080
2026.06.18,16:35,30054.70000,30056.95000,30025.20000,30040.95000,987
2026.06.18,16:40,30041.08000,30055.20000,30035.95000,30039.70000,1010
2026.06.18,16:45,30039.45000,30042.45000,30028.08000,30034.83000,1088
2026.06.18,16:50,30034.58000,30036.70000,30023.45000,30031.83000,1007
2026.06.18,16:55,30031.95000,30044.20000,30028.58000,30041.45000,981
2026.06.18,17:00,30041.33000,30056.08000,30020.58000,30047.70000,1221
2026.06.18,17:05,30048.08000,30048.95000,30009.58000,30014.20000,1336
2026.06.18,17:10,30013.83000,30032.58000,30009.58000,30030.95000,1318
2026.06.18,17:15,30030.33000,30039.70000,30010.20000,30014.95000,1192
2026.06.18,17:20,30015.20000,30038.45000,30012.83000,30029.95000,1126
2026.06.18,17:25,30030.08000,30070.95000,30021.95000,30068.33000,1088
2026.06.18,17:30,30067.70000,30067.70000,30047.70000,30053.83000,1054
2026.06.18,17:35,30054.20000,30055.08000,30031.70000,30040.70000,982
2026.06.18,17:40,30040.45000,30040.45000,30022.45000,30038.58000,852
2026.06.18,17:45,30038.70000,30066.83000,30037.58000,30066.20000,840
2026.06.18,17:50,30066.70000,30067.45000,30056.20000,30060.83000,600
2026.06.18,17:55,30060.95000,30112.90000,30060.20000,30107.20000,866
2026.06.18,18:00,30106.95000,30115.33000,30093.58000,30114.70000,1206
2026.06.18,18:05,30115.08000,30123.20000,30099.45000,30111.83000,988
2026.06.18,18:10,30111.95000,30114.08000,30074.70000,30080.45000,1052
2026.06.18,18:15,30081.33000,30092.95000,30070.08000,30087.70000,1000
2026.06.18,18:20,30087.20000,30105.70000,30086.08000,30102.08000,952
2026.06.18,18:25,30101.70000,30120.58000,30097.15000,30115.95000,810
2026.06.18,18:30,30114.20000,30114.58000,30087.58000,30106.95000,1015
2026.06.18,18:35,30106.70000,30115.70000,30099.20000,30104.70000,942
2026.06.18,18:40,30105.83000,30111.33000,30097.83000,30111.33000,815
2026.06.18,18:45,30110.83000,30114.08000,30097.08000,30110.20000,869
2026.06.18,18:50,30110.33000,30110.95000,30095.83000,30098.70000,793
2026.06.18,18:55,30098.83000,30131.33000,30096.95000,30131.33000,836
2026.06.18,19:00,30132.45000,30148.95000,30127.20000,30140.20000,1146
2026.06.18,19:05,30139.70000,30180.45000,30135.95000,30176.83000,1148
2026.06.18,19:10,30176.45000,30186.08000,30164.08000,30168.33000,1011
2026.06.18,19:15,30168.20000,30172.58000,30150.90000,30154.95000,977
2026.06.18,19:20,30154.45000,30157.58000,30116.20000,30124.08000,1025
2026.06.18,19:25,30124.20000,30124.58000,30106.40000,30116.83000,992
2026.06.18,19:30,30117.20000,30135.33000,30109.45000,30124.08000,1099
2026.06.18,19:35,30123.70000,30136.70000,30111.58000,30135.83000,964
2026.06.18,19:40,30135.70000,30154.33000,30130.20000,30138.95000,985
2026.06.18,19:45,30138.70000,30142.70000,30119.20000,30140.83000,891
2026.06.18,19:50,30140.70000,30140.83000,30108.58000,30117.45000,869
2026.06.18,19:55,30117.95000,30123.33000,30075.83000,30083.33000,1059
2026.06.18,20:00,30084.70000,30108.33000,30074.40000,30108.33000,1247
2026.06.18,20:05,30108.45000,30118.70000,30104.08000,30108.08000,861
2026.06.18,20:10,30107.83000,30120.08000,30093.45000,30114.95000,934
2026.06.18,20:15,30114.70000,30136.20000,30114.33000,30124.70000,815
2026.06.18,20:20,30125.08000,30125.08000,30110.33000,30116.58000,827
2026.06.18,20:25,30116.70000,30123.95000,30112.20000,30121.83000,871
2026.06.18,20:30,30121.95000,30128.08000,30112.08000,30117.95000,869
2026.06.18,20:35,30118.08000,30145.33000,30114.08000,30142.83000,822
2026.06.18,20:40,30142.95000,30150.58000,30137.83000,30145.70000,757
2026.06.18,20:45,30145.95000,30177.45000,30145.45000,30168.08000,736
2026.06.18,20:50,30168.33000,30176.70000,30167.83000,30169.83000,714
2026.06.18,20:55,30169.95000,30181.83000,30167.95000,30175.33000,788
2026.06.18,21:00,30176.58000,30177.70000,30158.45000,30162.08000,864
2026.06.18,21:05,30161.95000,30171.95000,30150.20000,30156.20000,915
2026.06.18,21:10,30156.58000,30172.83000,30148.95000,30169.83000,875
2026.06.18,21:15,30169.95000,30175.58000,30164.65000,30175.20000,684
2026.06.18,21:20,30175.58000,30180.83000,30158.83000,30158.95000,719
2026.06.18,21:25,30159.08000,30177.95000,30156.08000,30161.33000,760
2026.06.18,21:30,30161.83000,30173.33000,30139.20000,30143.58000,955
2026.06.18,21:35,30143.83000,30149.95000,30138.65000,30142.45000,811
2026.06.18,21:40,30142.33000,30145.45000,30114.58000,30115.83000,931
2026.06.18,21:45,30115.70000,30127.95000,30109.58000,30120.20000,889
2026.06.18,21:50,30119.45000,30129.20000,30117.08000,30119.33000,708
2026.06.18,21:55,30119.45000,30127.45000,30117.40000,30122.08000,553
2026.06.18,22:00,30122.83000,30144.33000,30115.40000,30133.33000,1059
2026.06.18,22:05,30133.70000,30139.33000,30083.20000,30090.20000,1301
2026.06.18,22:10,30089.58000,30096.45000,30070.33000,30094.95000,1355
2026.06.18,22:15,30095.20000,30100.08000,30064.33000,30070.70000,1235
2026.06.18,22:20,30070.45000,30085.58000,30054.70000,30072.70000,1331
2026.06.18,22:25,30072.83000,30098.95000,30070.58000,30090.08000,1231
2026.06.18,22:30,30090.20000,30104.45000,30079.70000,30095.45000,1140
2026.06.18,22:35,30096.95000,30102.08000,30064.45000,30071.95000,1099
2026.06.18,22:40,30071.83000,30084.58000,30047.20000,30079.33000,1356
2026.06.18,22:45,30080.08000,30087.20000,30073.58000,30080.70000,1028
2026.06.18,22:50,30080.83000,30107.95000,30072.20000,30104.20000,1182
2026.06.18,22:55,30104.33000,30110.70000,30096.58000,30110.08000,967
2026.06.18,23:00,30110.20000,30114.83000,30098.95000,30107.70000,1167
2026.06.18,23:05,30107.83000,30108.45000,30083.95000,30086.70000,1094
2026.06.18,23:10,30086.45000,30126.58000,30085.70000,30120.20000,1288
2026.06.18,23:15,30120.08000,30128.45000,30107.83000,30126.33000,1143
2026.06.18,23:20,30127.20000,30150.20000,30125.83000,30149.70000,1245
2026.06.18,23:25,30150.45000,30160.33000,30147.20000,30157.33000,1174
2026.06.18,23:30,30157.08000,30164.70000,30145.08000,30148.33000,1240
2026.06.18,23:35,30148.20000,30174.33000,30145.70000,30156.58000,1138
2026.06.18,23:40,30156.83000,30178.45000,30150.45000,30163.83000,1175
2026.06.18,23:45,30163.33000,30188.83000,30160.58000,30188.20000,1115
2026.06.18,23:50,30188.08000,30192.58000,30174.33000,30187.45000,1109
2026.06.18,23:55,30187.20000,30223.08000,30185.45000,30202.08000,1274
2026.06.19,00:00,30201.20000,30201.58000,30155.95000,30160.83000,1482
2026.06.19,00:05,30160.58000,30186.08000,30156.15000,30177.95000,1449
2026.06.19,00:10,30177.83000,30209.95000,30169.95000,30203.08000,1380
2026.06.19,00:15,30202.95000,30229.20000,30201.08000,30213.83000,1376
2026.06.19,00:20,30213.20000,30242.95000,30213.08000,30227.45000,1248
2026.06.19,00:25,30231.90000,30298.58000,30231.90000,30281.58000,1911
2026.06.19,00:30,30269.73000,30301.60000,30170.35000,30172.85000,2551
2026.06.19,00:35,30170.23000,30188.35000,30096.98000,30139.23000,2521
2026.06.19,00:40,30138.85000,30169.48000,30081.35000,30089.60000,2494
2026.06.19,00:45,30090.73000,30189.35000,30090.73000,30184.10000,2497
2026.06.19,00:50,30183.60000,30227.48000,30144.10000,30149.23000,2457
2026.06.19,00:55,30151.10000,30172.35000,30090.98000,30154.98000,2465
2026.06.19,01:00,30157.85000,30217.35000,30137.60000,30201.73000,2412
2026.06.19,01:05,30201.10000,30278.10000,30194.48000,30251.60000,2293
2026.06.19,01:10,30250.98000,30257.48000,30188.85000,30211.60000,2327
2026.06.19,01:15,30210.23000,30300.48000,30187.98000,30286.85000,2320
2026.06.19,01:20,30286.73000,30330.35000,30254.23000,30310.85000,2293
2026.06.19,01:25,30311.73000,30314.60000,30192.48000,30208.35000,2339
2026.06.19,01:30,30206.98000,30234.10000,30152.10000,30234.10000,2444
2026.06.19,01:35,30232.85000,30293.98000,30211.35000,30283.85000,2294
2026.06.19,01:40,30284.85000,30296.85000,30238.73000,30259.98000,2310
2026.06.19,01:45,30260.60000,30347.35000,30257.35000,30333.85000,2234
2026.06.19,01:50,30333.35000,30334.73000,30282.98000,30303.60000,2224
2026.06.19,01:55,30301.85000,30337.85000,30290.60000,30309.73000,2170
2026.06.19,02:00,30311.35000,30320.23000,30273.23000,30310.23000,2279
2026.06.19,02:05,30308.60000,30339.10000,30297.73000,30323.73000,2193
2026.06.19,02:10,30323.98000,30362.85000,30314.98000,30316.23000,2169
2026.06.19,02:15,30317.23000,30333.35000,30282.90000,30296.10000,2177
2026.06.19,02:20,30295.98000,30318.60000,30269.60000,30282.10000,2205
2026.06.19,02:25,30281.98000,30317.10000,30258.48000,30270.23000,2265
2026.06.19,02:30,30272.98000,30303.60000,30253.98000,30276.98000,2185
2026.06.19,02:35,30277.85000,30277.85000,30189.23000,30229.73000,2269
2026.06.19,02:40,30229.98000,30263.23000,30205.35000,30224.35000,2207
2026.06.19,02:45,30224.48000,30247.98000,30184.10000,30237.10000,2242
2026.06.19,02:50,30236.10000,30311.85000,30236.10000,30288.98000,2107
2026.06.19,02:55,30289.48000,30338.35000,30289.10000,30327.98000,1993
2026.06.19,03:00,30327.23000,30353.23000,30319.98000,30326.23000,2011
2026.06.19,03:05,30325.35000,30360.35000,30316.85000,30339.23000,1988
2026.06.19,03:10,30340.10000,30351.35000,30326.60000,30340.35000,1880
2026.06.19,03:15,30340.60000,30343.10000,30317.48000,30339.48000,1897
2026.06.19,03:20,30338.85000,30378.10000,30336.48000,30359.10000,1893
2026.06.19,03:25,30358.98000,30375.85000,30346.73000,30369.60000,1771
2026.06.19,03:30,30370.10000,30373.60000,30351.23000,30364.85000,1804
2026.06.19,03:35,30364.73000,30393.98000,30350.98000,30383.48000,1835
2026.06.19,03:40,30383.10000,30394.98000,30372.48000,30379.23000,1668
2026.06.19,03:45,30379.35000,30385.60000,30368.10000,30378.60000,1679
2026.06.19,03:50,30378.73000,30378.85000,30346.85000,30351.73000,1771
2026.06.19,03:55,30354.23000,30372.85000,30339.73000,30372.60000,1746
2026.06.19,04:00,30373.85000,30386.48000,30344.73000,30385.73000,1615
2026.06.19,04:05,30385.48000,30411.73000,30382.98000,30394.35000,1709
2026.06.19,04:10,30393.85000,30409.60000,30386.23000,30399.73000,1629
2026.06.19,04:15,30398.98000,30421.73000,30391.23000,30412.60000,1605
2026.06.19,04:20,30412.73000,30421.23000,30392.23000,30392.60000,1577
2026.06.19,04:25,30392.85000,30397.10000,30379.98000,30396.73000,1561
2026.06.19,04:30,30397.10000,30423.73000,30396.48000,30413.35000,1668
2026.06.19,04:35,30413.60000,30417.73000,30398.73000,30400.60000,1466
2026.06.19,04:40,30400.35000,30419.23000,30396.60000,30410.98000,1438
2026.06.19,04:45,30411.73000,30419.10000,30402.98000,30409.35000,1378
2026.06.19,04:50,30409.60000,30421.23000,30402.48000,30403.73000,1349
2026.06.19,04:55,30403.35000,30404.73000,30390.48000,30395.35000,1451
2026.06.19,05:00,30396.98000,30403.60000,30380.10000,30384.98000,1665
2026.06.19,05:05,30385.10000,30403.85000,30380.98000,30390.10000,1536
2026.06.19,05:10,30390.35000,30405.60000,30385.73000,30385.85000,1522
2026.06.19,05:15,30385.48000,30387.60000,30368.23000,30377.10000,1562
2026.06.19,05:20,30377.23000,30397.10000,30370.35000,30383.85000,1491
2026.06.19,05:25,30383.98000,30395.35000,30377.23000,30380.73000,1481
2026.06.19,05:30,30380.35000,30381.48000,30358.98000,30364.98000,1592
2026.06.19,05:35,30365.48000,30371.98000,30353.73000,30358.60000,1517
2026.06.19,05:40,30358.48000,30371.60000,30354.60000,30363.48000,1413
2026.06.19,05:45,30363.60000,30391.10000,30360.10000,30390.23000,1538
2026.06.19,05:50,30390.48000,30405.35000,30377.10000,30391.10000,1480
2026.06.19,05:55,30391.73000,30398.60000,30367.10000,30377.98000,1580
2026.06.19,06:00,30377.60000,30389.23000,30347.60000,30362.35000,1826
2026.06.19,06:05,30362.23000,30370.60000,30352.90000,30359.10000,1652
2026.06.19,06:10,30358.85000,30359.48000,30332.73000,30340.48000,1862
2026.06.19,06:15,30339.73000,30368.85000,30334.73000,30368.35000,1709
2026.06.19,06:20,30368.23000,30383.10000,30362.60000,30364.60000,1649
2026.06.19,06:25,30364.48000,30385.98000,30361.85000,30375.60000,1556
2026.06.19,06:30,30375.35000,30377.98000,30346.85000,30370.35000,1781
2026.06.19,06:35,30369.48000,30408.85000,30368.98000,30408.10000,1710
2026.06.19,06:40,30408.60000,30436.23000,30399.85000,30434.23000,1705
2026.06.19,06:45,30433.10000,30470.48000,30429.85000,30450.98000,1806
2026.06.19,06:50,30459.35000,30459.35000,30404.48000,30436.10000,2240
2026.06.19,06:55,30436.90000,30461.10000,30381.35000,30381.35000,2224
2026.06.19,07:00,30376.83000,30406.33000,30370.33000,30404.70000,1663
2026.06.19,07:05,30404.58000,30409.08000,30384.20000,30386.33000,1388
2026.06.19,07:10,30385.95000,30413.45000,30381.33000,30401.58000,1200
2026.06.19,07:15,30401.45000,30415.83000,30393.08000,30415.33000,870
2026.06.19,07:20,30415.45000,30430.08000,30414.08000,30417.08000,879
2026.06.19,07:25,30416.95000,30422.70000,30410.33000,30417.58000,585
2026.06.19,07:30,30417.95000,30434.70000,30416.33000,30421.08000,668
2026.06.19,07:35,30420.83000,30427.33000,30416.08000,30417.58000,521
2026.06.19,07:40,30417.83000,30418.95000,30400.83000,30405.83000,547
2026.06.19,07:45,30407.83000,30408.45000,30397.20000,30399.83000,566
2026.06.19,07:50,30400.08000,30402.83000,30393.58000,30399.95000,519
2026.06.19,07:55,30400.33000,30414.45000,30397.83000,30413.78000,530
2026.06.19,09:00,30436.58000,30467.20000,30423.70000,30433.33000,903
2026.06.19,09:05,30432.83000,30434.08000,30409.15000,30416.45000,720
2026.06.19,09:10,30415.65000,30426.08000,30412.70000,30422.65000,562
2026.06.19,09:15,30422.58000,30423.83000,30389.15000,30391.58000,524
2026.06.19,09:20,30391.83000,30393.95000,30373.08000,30380.70000,675
2026.06.19,09:25,30380.83000,30389.70000,30372.15000,30384.33000,557
2026.06.19,09:30,30384.08000,30385.33000,30370.83000,30373.33000,518
2026.06.19,09:35,30373.58000,30374.08000,30352.33000,30352.58000,543
2026.06.19,09:40,30352.83000,30360.58000,30348.58000,30357.95000,497
2026.06.19,09:45,30357.90000,30374.33000,30348.33000,30374.08000,532
2026.06.19,09:50,30373.95000,30375.83000,30364.33000,30371.58000,434
2026.06.19,09:55,30371.70000,30371.70000,30357.83000,30359.58000,360
2026.06.19,10:00,30358.90000,30379.58000,30354.33000,30372.20000,561
2026.06.19,10:05,30372.08000,30373.70000,30358.08000,30371.45000,362
2026.06.19,10:10,30372.20000,30385.58000,30364.70000,30365.33000,502
2026.06.19,10:15,30365.45000,30376.33000,30364.33000,30370.08000,374
2026.06.19,10:20,30369.95000,30395.20000,30369.83000,30381.20000,544
2026.06.19,10:25,30381.58000,30385.95000,30371.70000,30380.45000,439
2026.06.19,10:30,30379.20000,30388.08000,30367.90000,30378.95000,497
2026.06.19,10:35,30379.45000,30394.95000,30374.45000,30386.83000,439
2026.06.19,10:40,30386.90000,30389.83000,30374.83000,30383.70000,450
2026.06.19,10:45,30383.08000,30398.95000,30377.45000,30385.33000,819
2026.06.19,10:50,30385.45000,30395.45000,30384.08000,30393.20000,677
2026.06.19,10:55,30393.08000,30400.08000,30387.83000,30388.33000,691
2026.06.19,11:00,30386.45000,30391.08000,30359.33000,30372.33000,1493
2026.06.19,11:05,30372.45000,30381.70000,30351.33000,30360.40000,1387
2026.06.19,11:10,30361.45000,30369.20000,30331.95000,30342.83000,1351
2026.06.19,11:15,30342.33000,30351.83000,30333.95000,30345.95000,1467
2026.06.19,11:20,30346.33000,30349.08000,30325.33000,30346.20000,1386
2026.06.19,11:25,30346.33000,30359.45000,30340.08000,30342.95000,1312
2026.06.19,11:30,30343.20000,30359.58000,30341.45000,30355.58000,1087
2026.06.19,11:35,30355.33000,30355.45000,30334.45000,30345.08000,1180
2026.06.19,11:40,30345.20000,30352.45000,30339.20000,30343.83000,1069
2026.06.19,11:45,30343.70000,30355.95000,30342.58000,30348.70000,1098
2026.06.19,11:50,30348.45000,30352.58000,30343.70000,30349.95000,928
2026.06.19,11:55,30349.33000,30349.45000,30335.70000,30339.58000,789
2026.06.19,12:00,30340.20000,30360.70000,30328.58000,30352.83000,1026
2026.06.19,12:05,30352.95000,30353.58000,30319.95000,30320.70000,1012
2026.06.19,12:10,30320.58000,30326.33000,30309.20000,30317.95000,1106
2026.06.19,12:15,30318.08000,30328.58000,30317.95000,30327.33000,822
2026.06.19,12:20,30327.45000,30334.33000,30319.70000,30326.08000,759
2026.06.19,12:25,30325.58000,30333.33000,30321.58000,30326.95000,725
2026.06.19,12:30,30326.70000,30326.95000,30307.58000,30317.83000,927
2026.06.19,12:35,30317.95000,30321.08000,30308.58000,30310.83000,737
2026.06.19,12:40,30311.08000,30311.33000,30298.58000,30307.58000,894
2026.06.19,12:45,30307.45000,30314.08000,30297.58000,30304.08000,718
2026.06.19,12:50,30303.95000,30309.20000,30292.83000,30294.70000,813
2026.06.19,12:55,30295.08000,30298.58000,30289.33000,30292.08000,756
2026.06.19,13:00,30292.33000,30295.20000,30283.70000,30291.33000,846
2026.06.19,13:05,30290.70000,30292.45000,30275.83000,30285.95000,814
2026.06.19,13:10,30286.20000,30292.58000,30275.70000,30285.20000,816
2026.06.19,13:15,30285.08000,30288.20000,30272.33000,30278.33000,764
2026.06.19,13:20,30278.58000,30302.83000,30278.58000,30298.08000,912
2026.06.19,13:25,30298.20000,30305.83000,30296.08000,30302.20000,644
2026.06.19,13:30,30302.70000,30309.58000,30299.58000,30300.08000,627
2026.06.19,13:35,30300.20000,30307.08000,30297.33000,30303.70000,596
2026.06.19,13:40,30303.83000,30316.45000,30301.45000,30314.83000,629
2026.06.19,13:45,30315.08000,30315.45000,30300.33000,30301.45000,545
2026.06.19,13:50,30301.33000,30303.08000,30282.83000,30294.58000,621
2026.06.19,13:55,30295.08000,30297.58000,30289.45000,30290.33000,508
2026.06.19,14:00,30290.58000,30302.33000,30283.45000,30284.70000,585
2026.06.19,14:05,30283.95000,30290.33000,30281.58000,30283.08000,572
2026.06.19,14:10,30283.20000,30286.70000,30273.58000,30273.83000,470
2026.06.19,14:15,30274.08000,30276.33000,30242.90000,30252.45000,939
2026.06.19,14:20,30252.20000,30261.20000,30240.15000,30244.90000,985
2026.06.19,14:25,30245.45000,30247.33000,30233.08000,30236.70000,1121
2026.06.19,14:30,30236.45000,30242.45000,30219.58000,30219.95000,1249
2026.06.19,14:35,30219.70000,30240.83000,30209.08000,30236.33000,1274
2026.06.19,14:40,30239.95000,30242.33000,30216.90000,30225.20000,1226
2026.06.19,14:45,30225.08000,30229.45000,30218.15000,30223.95000,1081
2026.06.19,14:50,30223.70000,30232.33000,30215.83000,30222.83000,984
2026.06.19,14:55,30223.70000,30226.58000,30202.58000,30215.58000,1029
2026.06.19,15:00,30216.90000,30223.58000,30164.90000,30170.70000,1218
2026.06.19,15:05,30170.58000,30198.20000,30170.15000,30189.83000,1143
2026.06.19,15:10,30189.95000,30210.95000,30189.95000,30209.45000,1047
2026.06.19,15:15,30209.33000,30215.83000,30182.90000,30198.40000,1134
2026.06.19,15:20,30198.20000,30209.45000,30182.70000,30198.08000,991
2026.06.19,15:25,30197.95000,30202.83000,30183.90000,30199.58000,912
2026.06.19,15:30,30199.45000,30202.08000,30168.40000,30173.33000,1055
2026.06.19,15:35,30173.58000,30181.83000,30157.83000,30177.70000,1054
2026.06.19,15:40,30176.95000,30182.58000,30165.83000,30175.58000,924
2026.06.19,15:45,30175.45000,30175.95000,30144.83000,30163.45000,1119
2026.06.19,15:50,30163.58000,30168.83000,30124.90000,30135.45000,1098
2026.06.19,15:55,30135.83000,30144.83000,30102.65000,30130.70000,1212
2026.06.19,16:00,30130.95000,30148.70000,30126.90000,30142.58000,1112
2026.06.19,16:05,30142.45000,30145.33000,30126.20000,30130.95000,1063
2026.06.19,16:10,30130.83000,30136.20000,30109.70000,30133.83000,1173
2026.06.19,16:15,30134.15000,30146.70000,30115.83000,30119.58000,945
2026.06.19,16:20,30119.70000,30124.70000,30103.15000,30117.45000,996
2026.06.19,16:25,30117.70000,30132.33000,30110.65000,30128.15000,1008
2026.06.19,16:30,30128.70000,30139.45000,30116.08000,30116.20000,1049
2026.06.19,16:35,30116.08000,30126.20000,30099.90000,30105.08000,1137
2026.06.19,16:40,30103.65000,30123.08000,30086.15000,30105.20000,1136
2026.06.19,16:45,30105.40000,30138.20000,30104.90000,30133.45000,972
2026.06.19,16:50,30133.95000,30167.45000,30130.95000,30166.95000,982
2026.06.19,16:55,30167.20000,30180.33000,30162.70000,30179.45000,879
2026.06.19,17:00,30178.70000,30206.33000,30175.58000,30200.83000,945
2026.06.19,17:05,30201.20000,30210.45000,30194.70000,30206.08000,906
2026.06.19,17:10,30205.95000,30216.08000,30196.20000,30209.70000,829
2026.06.19,17:15,30209.58000,30214.70000,30198.08000,30202.83000,783
2026.06.19,17:20,30203.20000,30216.33000,30193.83000,30210.83000,829
2026.06.19,17:25,30211.08000,30232.08000,30210.15000,30221.20000,866
2026.06.19,17:30,30219.70000,30229.45000,30215.08000,30221.33000,827
2026.06.19,17:35,30221.45000,30225.20000,30200.58000,30204.15000,671
2026.06.19,17:40,30204.70000,30217.95000,30198.90000,30212.83000,647
2026.06.19,17:45,30212.95000,30228.08000,30202.95000,30219.33000,588
2026.06.19,17:50,30221.20000,30243.20000,30219.65000,30242.58000,507
2026.06.19,17:55,30242.45000,30258.20000,30242.45000,30251.58000,570
2026.06.19,18:00,30251.45000,30267.83000,30249.33000,30264.33000,798
2026.06.19,18:05,30264.58000,30273.33000,30260.90000,30270.58000,575
2026.06.19,18:10,30269.70000,30283.45000,30262.08000,30283.45000,586
2026.06.19,18:15,30283.58000,30298.95000,30279.20000,30282.33000,637
2026.06.19,18:20,30282.58000,30296.08000,30280.33000,30285.45000,510
2026.06.19,18:25,30285.33000,30300.95000,30283.45000,30300.95000,510
2026.06.19,18:30,30301.58000,30324.45000,30290.15000,30307.95000,701
2026.06.19,18:35,30307.70000,30310.45000,30294.65000,30308.58000,541
2026.06.19,18:40,30308.45000,30313.20000,30296.40000,30302.58000,595
2026.06.19,18:45,30302.70000,30309.58000,30295.58000,30297.45000,571
2026.06.19,18:50,30297.83000,30327.83000,30291.70000,30314.45000,630
2026.06.19,18:55,30314.58000,30329.33000,30311.95000,30326.58000,521
2026.06.19,19:00,30326.70000,30328.45000,30304.45000,30321.70000,772
2026.06.19,19:05,30321.83000,30325.70000,30313.95000,30315.58000,538
2026.06.19,19:10,30316.33000,30341.33000,30315.65000,30328.33000,673
2026.06.19,19:15,30327.90000,30340.70000,30322.65000,30337.33000,690
2026.06.19,19:20,30336.95000,30344.95000,30333.33000,30337.20000,542
2026.06.19,19:25,30337.70000,30340.95000,30327.83000,30340.95000,690
2026.06.19,19:30,30340.70000,30343.45000,30320.83000,30326.70000,653
2026.06.19,19:35,30326.83000,30343.45000,30324.15000,30339.95000,474
2026.06.19,19:40,30339.70000,30355.08000,30336.40000,30346.58000,573
2026.06.19,19:45,30345.83000,30354.83000,30327.58000,30354.20000,484
2026.06.19,19:50,30354.33000,30356.58000,30342.83000,30345.15000,447
2026.06.19,19:55,30345.95000,30351.20000,30342.33000,30345.95000,445
2026.06.19,20:00,30346.33000,30362.45000,30333.90000,30334.70000,670
2026.06.19,20:05,30334.58000,30341.58000,30323.58000,30325.70000,754
2026.06.19,20:10,30326.08000,30336.33000,30319.33000,30321.45000,717
2026.06.19,20:15,30321.33000,30336.08000,30321.20000,30331.08000,616
2026.06.19,20:20,30331.70000,30335.33000,30308.40000,30316.83000,606
2026.06.19,20:25,30316.95000,30320.95000,30310.70000,30311.70000,556
2026.06.19,20:30,30311.58000,30332.45000,30310.95000,30332.20000,522
2026.06.19,20:35,30332.45000,30338.95000,30326.40000,30335.33000,593
2026.06.19,20:40,30335.45000,30342.70000,30324.15000,30325.08000,584
2026.06.19,20:45,30324.15000,30338.70000,30316.95000,30318.70000,598
2026.06.19,20:50,30318.83000,30344.58000,30318.83000,30333.20000,802
2026.06.19,20:55,30333.08000,30339.20000,30320.90000,30323.45000,731
2026.06.19,21:00,30322.70000,30329.70000,30309.15000,30312.08000,766
2026.06.19,21:05,30312.15000,30320.20000,30295.15000,30316.90000,754
2026.06.19,21:10,30317.45000,30323.20000,30309.95000,30311.15000,646
2026.06.19,21:15,30311.33000,30313.83000,30299.90000,30304.20000,603
2026.06.19,21:20,30303.65000,30306.20000,30277.58000,30278.70000,728
2026.06.19,21:25,30279.20000,30283.45000,30267.15000,30274.33000,657
2026.06.19,21:30,30274.08000,30275.83000,30250.70000,30263.08000,849
2026.06.19,21:35,30262.45000,30268.45000,30236.08000,30244.45000,884
2026.06.19,21:40,30243.33000,30267.90000,30242.83000,30262.08000,814
2026.06.19,21:45,30261.15000,30282.40000,30248.83000,30267.20000,836
2026.06.19,21:50,30266.90000,30286.70000,30264.45000,30271.20000,716
2026.06.19,21:55,30271.33000,30277.33000,30266.83000,30270.70000,632
2026.06.19,22:00,30270.08000,30271.08000,30250.90000,30268.20000,826
2026.06.19,22:05,30268.08000,30274.70000,30233.40000,30253.90000,866
2026.06.19,22:10,30254.58000,30261.83000,30247.90000,30255.70000,680
2026.06.19,22:15,30255.83000,30276.45000,30254.83000,30271.58000,681
2026.06.19,22:20,30271.90000,30276.45000,30256.83000,30259.20000,590
2026.06.19,22:25,30259.70000,30261.83000,30248.45000,30255.40000,576
2026.06.19,22:30,30255.83000,30282.20000,30254.58000,30276.65000,622
2026.06.19,22:35,30277.15000,30284.83000,30274.33000,30283.70000,450
2026.06.19,22:40,30283.58000,30297.45000,30283.40000,30290.20000,586
2026.06.19,22:45,30290.33000,30292.08000,30280.20000,30283.33000,421
2026.06.19,22:50,30283.45000,30292.20000,30271.90000,30272.65000,659
2026.06.19,22:55,30273.33000,30288.08000,30263.65000,30287.95000,656
2026.06.19,23:00,30288.58000,30290.58000,30278.33000,30288.45000,576
2026.06.19,23:05,30288.33000,30290.08000,30267.45000,30281.20000,681
2026.06.19,23:10,30281.33000,30283.33000,30269.65000,30269.90000,557
2026.06.19,23:15,30270.20000,30273.45000,30259.08000,30272.83000,658
2026.06.19,23:20,30272.70000,30273.83000,30263.65000,30269.08000,594
2026.06.19,23:25,30268.58000,30275.58000,30259.33000,30260.33000,635
2026.06.19,23:30,30260.20000,30260.20000,30246.90000,30253.33000,736
2026.06.19,23:35,30253.45000,30256.83000,30223.15000,30246.08000,935
2026.06.19,23:40,30246.45000,30258.83000,30237.45000,30256.08000,856
2026.06.19,23:45,30255.45000,30263.45000,30241.08000,30243.33000,699
2026.06.19,23:50,30243.45000,30357.70000,30243.08000,30333.45000,1853
2026.06.19,23:55,30333.33000,30366.20000,30323.95000,30349.45000,1540
2026.06.20,00:00,30349.95000,30357.08000,30325.08000,30331.33000,1282
2026.06.20,00:05,30331.58000,30356.70000,30331.58000,30355.45000,1047
2026.06.20,00:10,30355.20000,30360.95000,30338.33000,30339.95000,997
2026.06.20,00:15,30339.58000,30351.08000,30323.70000,30330.95000,999
2026.06.20,00:20,30330.83000,30341.33000,30326.70000,30341.20000,834
2026.06.20,00:25,30341.33000,30345.20000,30334.33000,30342.83000,723
2026.06.20,00:30,30341.60000,30375.10000,30329.15000,30343.23000,1486
2026.06.20,00:35,30343.60000,30372.60000,30342.23000,30360.60000,1208
2026.06.20,00:40,30360.85000,30369.73000,30344.48000,30347.85000,1060
2026.06.20,00:45,30347.73000,30374.73000,30340.15000,30367.98000,1189
2026.06.20,00:50,30367.60000,30376.60000,30361.98000,30368.35000,1184
2026.06.20,00:55,30368.98000,30390.85000,30367.35000,30379.60000,1111
2026.06.20,01:00,30378.85000,30381.35000,30350.85000,30375.60000,1270
2026.06.20,01:05,30375.73000,30379.48000,30359.35000,30368.23000,990
2026.06.20,01:10,30368.48000,30370.60000,30353.85000,30361.10000,941
2026.06.20,01:15,30361.60000,30374.73000,30345.73000,30370.48000,1002
2026.06.20,01:20,30370.73000,30374.48000,30357.60000,30359.10000,926
2026.06.20,01:25,30358.85000,30369.98000,30357.35000,30366.35000,887
2026.06.20,01:30,30365.98000,30366.48000,30354.73000,30361.10000,812
2026.06.20,01:35,30360.73000,30371.60000,30356.60000,30366.35000,876
2026.06.20,01:40,30366.48000,30376.60000,30359.10000,30374.10000,765
2026.06.20,01:45,30374.23000,30381.60000,30372.48000,30376.60000,695
2026.06.20,01:50,30376.85000,30386.60000,30373.10000,30384.35000,757
2026.06.20,01:55,30384.85000,30395.10000,30382.35000,30387.60000,747
2026.06.20,02:00,30387.73000,30393.73000,30380.98000,30389.85000,799
2026.06.20,02:05,30390.23000,30401.85000,30383.35000,30398.85000,672
2026.06.20,02:10,30398.60000,30401.35000,30390.35000,30391.85000,676
2026.06.20,02:15,30391.73000,30393.23000,30377.60000,30382.73000,739
2026.06.20,02:20,30382.35000,30390.85000,30381.73000,30386.98000,720
2026.06.20,02:25,30386.85000,30395.23000,30384.85000,30394.73000,791
2026.06.20,02:30,30395.23000,30397.35000,30366.23000,30368.85000,1133
2026.06.20,02:35,30368.73000,30372.60000,30350.85000,30359.85000,1137
2026.06.20,02:40,30360.10000,30367.98000,30355.60000,30356.60000,813
2026.06.20,02:45,30356.35000,30380.10000,30356.35000,30378.85000,711
2026.06.20,02:50,30379.10000,30389.10000,30374.85000,30380.98000,629
2026.06.20,02:55,30381.10000,30388.48000,30379.85000,30381.35000,480
2026.06.20,03:00,30381.48000,30382.60000,30372.35000,30374.98000,586
2026.06.20,03:05,30374.85000,30375.48000,30362.48000,30362.48000,410
2026.06.20,03:10,30362.60000,30370.73000,30356.23000,30366.35000,401
2026.06.20,03:15,30367.35000,30372.60000,30363.73000,30370.35000,327
2026.06.20,03:20,30370.73000,30379.60000,30364.15000,30377.35000,366
2026.06.20,03:25,30378.10000,30382.85000,30375.23000,30380.48000,288
2026.06.20,03:30,30380.60000,30398.98000,30374.35000,30394.98000,356
2026.06.20,03:35,30395.23000,30395.85000,30387.15000,30392.60000,385
2026.06.20,03:40,30393.23000,30396.98000,30383.65000,30385.73000,367
2026.06.20,03:45,30385.60000,30397.85000,30377.98000,30382.60000,466
2026.06.20,03:50,30382.73000,30383.10000,30351.40000,30356.73000,473
2026.06.20,03:55,30356.15000,30366.35000,30337.65000,30344.85000,859
2026.06.22,09:00,30285.16000,30318.66000,30241.16000,30306.59000,1543
2026.06.22,09:05,30313.34000,30323.71000,30223.91000,30243.91000,1376
2026.06.22,09:10,30244.46000,30260.71000,30184.41000,30212.41000,1453
2026.06.22,09:15,30212.66000,30223.71000,30171.16000,30223.34000,1254
2026.06.22,09:20,30223.21000,30262.71000,30217.96000,30255.34000,1072
2026.06.22,09:25,30255.09000,30268.34000,30252.96000,30260.34000,841
2026.06.22,09:30,30260.71000,30260.71000,30220.41000,30231.41000,1103
2026.06.22,09:35,30232.21000,30238.66000,30219.34000,30229.46000,786
2026.06.22,09:40,30229.71000,30263.34000,30227.41000,30259.34000,816
2026.06.22,09:45,30259.21000,30277.09000,30254.66000,30276.96000,787
2026.06.22,09:50,30276.71000,30278.21000,30268.41000,30276.21000,531
2026.06.22,09:55,30276.34000,30278.96000,30206.71000,30229.71000,865
2026.06.22,10:00,30230.34000,30231.34000,30163.16000,30186.16000,1388
2026.06.22,10:05,30186.71000,30208.21000,30167.84000,30193.16000,1066
2026.06.22,10:10,30193.46000,30196.71000,30148.41000,30163.41000,1034
2026.06.22,10:15,30163.16000,30172.41000,30133.41000,30137.46000,1137
2026.06.22,10:20,30136.96000,30164.84000,30129.41000,30161.96000,948
2026.06.22,10:25,30161.71000,30165.84000,30135.34000,30146.96000,848
2026.06.22,10:30,30147.21000,30155.09000,30113.34000,30115.96000,1106
2026.06.22,10:35,30116.21000,30119.09000,30060.46000,30086.46000,1195
2026.06.22,10:40,30086.34000,30095.71000,30072.71000,30090.34000,1056
2026.06.22,10:45,30088.96000,30104.46000,30060.96000,30068.34000,1408
2026.06.22,10:50,30067.84000,30078.09000,30058.16000,30064.71000,1153
2026.06.22,10:55,30064.46000,30068.71000,30044.96000,30061.59000,1080
2026.06.22,11:00,30061.46000,30199.71000,30055.71000,30197.71000,1910
2026.06.22,11:05,30197.41000,30240.46000,30195.21000,30212.16000,1771
2026.06.22,11:10,30212.41000,30224.34000,30180.34000,30204.16000,1693
2026.06.22,11:15,30203.66000,30249.21000,30183.34000,30231.41000,1687
2026.06.22,11:20,30232.09000,30239.21000,30212.71000,30232.71000,1618
2026.06.22,11:25,30232.84000,30273.21000,30225.16000,30272.96000,1436
2026.06.22,11:30,30272.84000,30279.96000,30257.59000,30266.84000,1352
2026.06.22,11:35,30267.09000,30277.46000,30259.21000,30265.21000,1294
2026.06.22,11:40,30265.46000,30287.46000,30261.46000,30285.21000,1321
2026.06.22,11:45,30285.46000,30311.71000,30284.84000,30310.46000,1289
2026.06.22,11:50,30310.71000,30314.34000,30297.59000,30313.96000,1166
2026.06.22,11:55,30314.46000,30330.71000,30311.71000,30324.46000,1200
2026.06.22,12:00,30324.59000,30343.34000,30321.21000,30343.34000,1575
2026.06.22,12:05,30343.46000,30355.84000,30339.46000,30340.34000,1366
2026.06.22,12:10,30340.84000,30344.21000,30328.21000,30336.96000,1245
2026.06.22,12:15,30337.21000,30354.71000,30329.34000,30339.71000,1196
2026.06.22,12:20,30339.59000,30361.96000,30332.21000,30360.09000,1210
2026.06.22,12:25,30359.84000,30365.96000,30357.34000,30358.46000,1080
2026.06.22,12:30,30358.59000,30361.71000,30340.96000,30358.84000,1295
2026.06.22,12:35,30358.96000,30365.96000,30350.46000,30363.46000,986
2026.06.22,12:40,30363.96000,30364.46000,30348.71000,30357.84000,1029
2026.06.22,12:45,30357.71000,30361.84000,30319.41000,30336.71000,1204
2026.06.22,12:50,30336.96000,30349.59000,30314.59000,30320.21000,1260
2026.06.22,12:55,30320.09000,30330.59000,30312.46000,30314.46000,1187
2026.06.22,13:00,30314.84000,30321.96000,30302.66000,30312.34000,1315
2026.06.22,13:05,30311.34000,30333.21000,30310.21000,30328.34000,1108
2026.06.22,13:10,30328.21000,30329.71000,30299.96000,30300.71000,1037
2026.06.22,13:15,30301.59000,30318.71000,30299.59000,30314.09000,1040
2026.06.22,13:20,30313.84000,30328.71000,30304.46000,30325.96000,987
2026.06.22,13:25,30326.34000,30328.46000,30296.09000,30296.09000,1102
2026.06.22,13:30,30296.34000,30305.46000,30290.09000,30296.96000,1152
2026.06.22,13:35,30297.21000,30302.09000,30293.09000,30299.96000,904
2026.06.22,13:40,30299.84000,30308.71000,30292.96000,30304.34000,936
2026.06.22,13:45,30303.84000,30304.96000,30286.84000,30289.59000,912
2026.06.22,13:50,30290.09000,30305.34000,30285.09000,30298.09000,869
2026.06.22,13:55,30298.21000,30301.46000,30289.59000,30291.96000,831
2026.06.22,14:00,30292.09000,30294.71000,30259.34000,30280.46000,1216
2026.06.22,14:05,30280.34000,30283.84000,30261.46000,30268.96000,919
2026.06.22,14:10,30268.59000,30274.46000,30257.34000,30262.59000,887
2026.06.22,14:15,30262.84000,30300.96000,30262.59000,30297.59000,898
2026.06.22,14:20,30297.46000,30316.59000,30291.96000,30314.09000,825
2026.06.22,14:25,30313.46000,30315.96000,30306.59000,30310.46000,741
2026.06.22,14:30,30310.71000,30323.21000,30310.71000,30319.96000,886
2026.06.22,14:35,30320.46000,30322.46000,30311.71000,30317.21000,767
2026.06.22,14:40,30317.09000,30318.96000,30301.21000,30307.84000,694
2026.06.22,14:45,30307.96000,30317.84000,30305.71000,30316.09000,772
2026.06.22,14:50,30315.96000,30317.59000,30271.46000,30271.46000,859
2026.06.22,14:55,30273.71000,30276.84000,30253.34000,30263.09000,1094
2026.06.22,15:00,30263.34000,30267.84000,30256.46000,30266.34000,931
2026.06.22,15:05,30266.09000,30287.84000,30265.21000,30285.46000,856
2026.06.22,15:10,30285.71000,30291.21000,30266.84000,30267.59000,855
2026.06.22,15:15,30267.71000,30275.21000,30261.96000,30268.96000,952
2026.06.22,15:20,30269.09000,30282.96000,30266.21000,30270.21000,851
2026.06.22,15:25,30270.71000,30271.09000,30250.91000,30254.71000,876
2026.06.22,15:30,30254.46000,30272.21000,30250.84000,30269.46000,1040
2026.06.22,15:35,30269.21000,30270.21000,30240.46000,30253.59000,1030
2026.06.22,15:40,30253.46000,30258.21000,30231.96000,30239.09000,1077
2026.06.22,15:45,30239.46000,30281.21000,30237.84000,30280.09000,1246
2026.06.22,15:50,30279.84000,30293.84000,30275.59000,30278.46000,921
2026.06.22,15:55,30277.96000,30298.71000,30272.34000,30290.21000,799
2026.06.22,16:00,30290.71000,30296.46000,30279.34000,30291.09000,990
2026.06.22,16:05,30291.34000,30346.96000,30290.84000,30344.96000,1041
2026.06.22,16:10,30344.71000,30369.34000,30340.71000,30361.09000,976
2026.06.22,16:15,30360.96000,30370.59000,30350.59000,30354.71000,1010
2026.06.22,16:20,30354.59000,30367.59000,30350.96000,30365.09000,933
2026.06.22,16:25,30365.21000,30368.46000,30358.59000,30366.46000,872
2026.06.22,16:30,30366.71000,30368.96000,30337.21000,30346.34000,1202
2026.06.22,16:35,30346.21000,30363.41000,30345.71000,30347.34000,1129
2026.06.22,16:40,30348.09000,30354.59000,30341.71000,30345.71000,1144
2026.06.22,16:45,30345.84000,30351.71000,30336.71000,30347.59000,1062
2026.06.22,16:50,30347.96000,30357.96000,30341.46000,30347.71000,912
2026.06.22,16:55,30348.59000,30359.96000,30345.21000,30348.09000,912
2026.06.22,17:00,30348.46000,30372.84000,30345.21000,30371.46000,1126
2026.06.22,17:05,30371.21000,30391.09000,30368.59000,30389.09000,983
2026.06.22,17:10,30388.96000,30391.21000,30375.09000,30389.96000,970
2026.06.22,17:15,30389.71000,30401.71000,30383.71000,30395.21000,897
2026.06.22,17:20,30395.46000,30421.71000,30390.46000,30417.46000,871
2026.06.22,17:25,30417.34000,30445.46000,30416.46000,30436.96000,1160
2026.06.22,17:30,30437.09000,30437.09000,30412.21000,30420.59000,995
2026.06.22,17:35,30420.21000,30433.21000,30416.34000,30427.09000,687
2026.06.22,17:40,30426.96000,30442.21000,30425.09000,30431.84000,628
2026.06.22,17:45,30431.09000,30446.84000,30428.59000,30430.21000,668
2026.06.22,17:50,30430.09000,30443.59000,30428.46000,30442.71000,530
2026.06.22,17:55,30442.96000,30449.71000,30439.84000,30444.09000,598
2026.06.22,18:00,30447.21000,30478.59000,30440.96000,30478.59000,1166
2026.06.22,18:05,30478.34000,30483.09000,30462.59000,30464.46000,959
2026.06.22,18:10,30464.59000,30472.09000,30462.46000,30471.21000,949
2026.06.22,18:15,30471.59000,30488.46000,30470.96000,30486.09000,834
2026.06.22,18:20,30486.21000,30488.59000,30467.34000,30470.21000,848
2026.06.22,18:25,30470.09000,30482.34000,30467.09000,30481.59000,784
2026.06.22,18:30,30481.84000,30483.71000,30470.34000,30478.34000,833
2026.06.22,18:35,30478.59000,30486.84000,30473.71000,30475.84000,735
2026.06.22,18:40,30476.34000,30476.84000,30452.91000,30457.21000,782
2026.06.22,18:45,30457.09000,30474.59000,30453.34000,30469.21000,748
2026.06.22,18:50,30469.09000,30473.34000,30457.59000,30458.09000,784
2026.06.22,18:55,30458.46000,30467.09000,30453.84000,30466.09000,670
2026.06.22,19:00,30465.71000,30472.46000,30432.84000,30437.96000,1099
2026.06.22,19:05,30437.59000,30441.21000,30424.21000,30426.84000,963
2026.06.22,19:10,30426.59000,30441.84000,30405.84000,30434.21000,1093
2026.06.22,19:15,30434.09000,30437.09000,30408.34000,30413.21000,1061
2026.06.22,19:20,30412.59000,30422.59000,30395.46000,30419.09000,994
2026.06.22,19:25,30418.84000,30421.84000,30404.09000,30407.96000,1096
2026.06.22,19:30,30407.71000,30423.96000,30399.96000,30421.71000,945
2026.06.22,19:35,30422.09000,30437.59000,30420.96000,30433.71000,893
2026.06.22,19:40,30434.09000,30447.09000,30425.96000,30446.59000,866
2026.06.22,19:45,30446.34000,30448.84000,30420.09000,30428.71000,894
2026.06.22,19:50,30428.59000,30435.59000,30421.21000,30435.46000,743
2026.06.22,19:55,30436.59000,30442.09000,30429.09000,30437.59000,841
2026.06.22,20:00,30438.34000,30454.84000,30417.59000,30454.59000,933
2026.06.22,20:05,30454.46000,30463.59000,30447.84000,30460.71000,953
2026.06.22,20:10,30460.84000,30461.84000,30438.34000,30450.84000,953
2026.06.22,20:15,30451.34000,30453.21000,30436.46000,30439.96000,870
2026.06.22,20:20,30439.84000,30448.21000,30433.84000,30441.59000,843
2026.06.22,20:25,30441.46000,30450.59000,30432.34000,30439.09000,788
2026.06.22,20:30,30439.21000,30441.71000,30421.21000,30433.96000,871
2026.06.22,20:35,30434.21000,30436.46000,30420.21000,30420.59000,802
2026.06.22,20:40,30420.34000,30427.34000,30411.59000,30415.84000,747
2026.06.22,20:45,30415.59000,30422.96000,30411.84000,30415.84000,719
2026.06.22,20:50,30415.96000,30423.71000,30408.21000,30417.59000,847
2026.06.22,20:55,30417.46000,30421.21000,30406.21000,30406.96000,716
2026.06.22,21:00,30406.84000,30445.71000,30406.84000,30445.71000,862
2026.06.22,21:05,30445.46000,30467.34000,30441.84000,30460.46000,954
2026.06.22,21:10,30460.59000,30472.71000,30457.84000,30457.84000,867
2026.06.22,21:15,30457.96000,30467.84000,30453.34000,30455.34000,805
2026.06.22,21:20,30455.59000,30460.59000,30448.16000,30456.84000,634
2026.06.22,21:25,30456.96000,30457.59000,30442.71000,30448.59000,629
2026.06.22,21:30,30448.46000,30448.46000,30421.84000,30429.71000,744
2026.06.22,21:35,30429.96000,30434.71000,30414.96000,30416.59000,700
2026.06.22,21:40,30416.46000,30429.84000,30410.59000,30425.21000,819
2026.06.22,21:45,30424.96000,30443.46000,30424.84000,30439.96000,751
2026.06.22,21:50,30440.46000,30442.09000,30424.71000,30431.59000,763
2026.06.22,21:55,30431.34000,30434.34000,30423.09000,30427.46000,690
2026.06.22,22:00,30429.84000,30480.34000,30426.84000,30474.96000,1080
2026.06.22,22:05,30475.34000,30534.96000,30475.09000,30489.96000,1691
2026.06.22,22:10,30489.21000,30489.34000,30418.84000,30437.59000,1308
2026.06.22,22:15,30437.21000,30449.34000,30429.46000,30447.96000,962
2026.06.22,22:20,30447.34000,30451.09000,30436.21000,30449.59000,872
2026.06.22,22:25,30449.46000,30457.46000,30441.46000,30445.71000,825
2026.06.22,22:30,30445.34000,30469.59000,30444.59000,30459.21000,946
2026.06.22,22:35,30459.46000,30478.09000,30459.21000,30476.71000,803
2026.06.22,22:40,30476.84000,30478.34000,30454.96000,30456.96000,882
2026.06.22,22:45,30457.21000,30465.34000,30436.09000,30464.96000,948
2026.06.22,22:50,30464.71000,30468.09000,30443.09000,30449.96000,796
2026.06.22,22:55,30450.09000,30468.96000,30448.96000,30463.71000,758
2026.06.22,23:00,30465.96000,30476.84000,30459.59000,30475.96000,1008
2026.06.22,23:05,30476.34000,30482.09000,30470.96000,30480.71000,898
2026.06.22,23:10,30480.46000,30493.96000,30475.34000,30488.09000,881
2026.06.22,23:15,30488.34000,30492.21000,30478.71000,30485.46000,824
2026.06.22,23:20,30485.34000,30520.34000,30485.34000,30517.09000,1080
2026.06.22,23:25,30516.71000,30533.96000,30509.59000,30531.09000,1020
2026.06.22,23:30,30531.96000,30551.96000,30522.09000,30551.21000,1173
2026.06.22,23:35,30550.46000,30552.09000,30530.46000,30531.59000,1135
2026.06.22,23:40,30531.71000,30541.46000,30512.34000,30514.59000,1090
2026.06.22,23:45,30514.96000,30523.84000,30504.09000,30520.59000,975
2026.06.22,23:50,30520.84000,30526.84000,30512.09000,30513.21000,984
2026.06.22,23:55,30512.96000,30523.21000,30508.34000,30508.59000,944
2026.06.23,00:00,30513.71000,30576.84000,30513.71000,30559.84000,1707
2026.06.23,00:05,30559.71000,30562.34000,30528.96000,30541.46000,1338
2026.06.23,00:10,30540.84000,30567.34000,30535.96000,30566.59000,1196
2026.06.23,00:15,30566.09000,30573.59000,30554.71000,30565.71000,1189
2026.06.23,00:20,30565.96000,30578.34000,30560.96000,30577.59000,1046
2026.06.23,00:25,30570.59000,30573.59000,30523.34000,30528.59000,1422
2026.06.23,00:30,30532.24000,30609.61000,30465.49000,30491.24000,2538
2026.06.23,00:35,30493.86000,30631.49000,30488.99000,30627.24000,2464
2026.06.23,00:40,30629.11000,30634.49000,30471.49000,30498.74000,2494
2026.06.23,00:45,30497.24000,30610.36000,30496.11000,30588.24000,2479
2026.06.23,00:50,30587.61000,30616.36000,30552.61000,30559.49000,2434
2026.06.23,00:55,30561.36000,30644.11000,30550.74000,30644.11000,2319
2026.06.23,01:00,30641.86000,30660.86000,30618.11000,30630.61000,2354
2026.06.23,01:05,30630.24000,30673.49000,30614.41000,30658.11000,2294
2026.06.23,01:10,30658.36000,30673.61000,30605.99000,30617.36000,2277
2026.06.23,01:15,30615.61000,30619.11000,30556.61000,30583.99000,2301
2026.06.23,01:20,30582.74000,30584.86000,30495.74000,30511.74000,2362
2026.06.23,01:25,30510.36000,30527.86000,30452.74000,30464.11000,2474
2026.06.23,01:30,30464.36000,30468.86000,30358.11000,30398.74000,2482
2026.06.23,01:35,30398.11000,30439.24000,30369.74000,30402.11000,2420
2026.06.23,01:40,30402.86000,30422.24000,30321.74000,30332.36000,2393
2026.06.23,01:45,30334.24000,30389.24000,30322.99000,30338.49000,2461
2026.06.23,01:50,30339.74000,30363.11000,30266.86000,30287.36000,2357
2026.06.23,01:55,30287.86000,30360.99000,30253.61000,30347.61000,2330
2026.06.23,02:00,30349.24000,30386.99000,30336.36000,30374.49000,2255
2026.06.23,02:05,30374.36000,30376.74000,30311.24000,30346.86000,2309
2026.06.23,02:10,30347.36000,30369.86000,30325.49000,30336.49000,2291
2026.06.23,02:15,30336.61000,30362.49000,30299.74000,30313.74000,2265
2026.06.23,02:20,30313.99000,30351.86000,30295.11000,30339.61000,2269
2026.06.23,02:25,30339.36000,30355.99000,30291.49000,30304.86000,2262
2026.06.23,02:30,30307.24000,30338.99000,30294.74000,30303.99000,2116
2026.06.23,02:35,30306.99000,30325.49000,30283.74000,30315.11000,2147
2026.06.23,02:40,30315.99000,30380.61000,30315.74000,30355.99000,1944
2026.06.23,02:45,30356.99000,30381.24000,30249.36000,30261.36000,2112
2026.06.23,02:50,30263.11000,30308.99000,30258.74000,30260.86000,2172
2026.06.23,02:55,30260.61000,30298.36000,30251.74000,30264.99000,2137
2026.06.23,03:00,30266.99000,30276.11000,30211.11000,30226.36000,2199
2026.06.23,03:05,30225.49000,30261.86000,30213.86000,30258.49000,2157
2026.06.23,03:10,30257.36000,30294.24000,30255.49000,30287.99000,2034
2026.06.23,03:15,30288.24000,30293.49000,30261.24000,30291.61000,1936
2026.06.23,03:20,30291.36000,30322.86000,30267.99000,30279.74000,2039
2026.06.23,03:25,30279.36000,30299.61000,30261.74000,30297.11000,2002
2026.06.23,03:30,30296.99000,30297.86000,30256.11000,30257.74000,1941
2026.06.23,03:35,30257.86000,30267.86000,30239.11000,30256.36000,1958
2026.06.23,03:40,30256.24000,30265.36000,30234.36000,30251.24000,1887
2026.06.23,03:45,30251.49000,30285.49000,30230.86000,30285.24000,1996
2026.06.23,03:50,30284.61000,30303.36000,30278.49000,30300.36000,1768
2026.06.23,03:55,30300.61000,30310.66000,30274.86000,30296.24000,1853
2026.06.23,04:00,30297.49000,30310.36000,30281.36000,30299.36000,1738
2026.06.23,04:05,30296.61000,30297.61000,30241.11000,30247.86000,1864
2026.06.23,04:10,30248.11000,30275.74000,30245.36000,30275.74000,1765
2026.06.23,04:15,30275.61000,30308.36000,30275.11000,30307.61000,1582
2026.06.23,04:20,30307.36000,30318.61000,30292.86000,30309.61000,1538
2026.06.23,04:25,30309.36000,30317.99000,30297.86000,30304.24000,1578
2026.06.23,04:30,30304.74000,30313.24000,30281.49000,30293.86000,1722
2026.06.23,04:35,30293.49000,30299.49000,30267.11000,30297.11000,1691
2026.06.23,04:40,30296.61000,30306.11000,30282.86000,30289.36000,1669
2026.06.23,04:45,30288.86000,30323.86000,30281.99000,30321.11000,1622
2026.06.23,04:50,30320.74000,30357.49000,30316.61000,30350.24000,1547
2026.06.23,04:55,30350.11000,30356.24000,30321.86000,30322.61000,1510
2026.06.23,05:00,30324.49000,30336.74000,30309.11000,30322.61000,1665
2026.06.23,05:05,30322.36000,30342.49000,30321.86000,30338.61000,1460
2026.06.23,05:10,30339.11000,30346.11000,30322.61000,30333.49000,1348
2026.06.23,05:15,30334.24000,30358.49000,30334.24000,30348.11000,1401
2026.06.23,05:20,30348.86000,30370.61000,30346.99000,30351.86000,1463
2026.06.23,05:25,30351.74000,30354.49000,30324.36000,30335.36000,1537
2026.06.23,05:30,30336.74000,30354.36000,30326.11000,30333.36000,1413
2026.06.23,05:35,30333.11000,30342.24000,30318.99000,30321.36000,1390
2026.06.23,05:40,30320.24000,30324.74000,30288.49000,30290.49000,1548
2026.06.23,05:45,30291.61000,30312.11000,30282.86000,30308.74000,1572
2026.06.23,05:50,30308.86000,30312.61000,30264.24000,30282.99000,1748
2026.06.23,05:55,30282.74000,30283.36000,30258.86000,30266.36000,1730
2026.06.23,06:00,30268.74000,30304.36000,30261.36000,30294.24000,1767
2026.06.23,06:05,30293.24000,30296.99000,30242.36000,30267.36000,1693
2026.06.23,06:10,30267.49000,30294.11000,30256.74000,30281.86000,1674
2026.06.23,06:15,30281.99000,30295.61000,30269.11000,30290.36000,1723
2026.06.23,06:20,30289.61000,30294.61000,30258.11000,30269.86000,1726
2026.06.23,06:25,30270.11000,30276.99000,30257.86000,30259.86000,1628
2026.06.23,06:30,30260.11000,30305.74000,30260.11000,30293.11000,1791
2026.06.23,06:35,30292.86000,30298.11000,30278.99000,30288.36000,1578
2026.06.23,06:40,30288.24000,30296.36000,30268.74000,30271.86000,1664
2026.06.23,06:45,30272.11000,30306.61000,30269.99000,30297.49000,1711
2026.06.23,06:50,30291.11000,30355.99000,30291.11000,30334.49000,2025
2026.06.23,06:55,30337.41000,30379.24000,30321.36000,30361.24000,2105
2026.06.23,07:00,30361.34000,30385.09000,30350.84000,30369.21000,1516
2026.06.23,07:05,30369.46000,30371.84000,30349.09000,30351.96000,954
2026.06.23,07:10,30351.84000,30363.09000,30347.34000,30359.96000,903
2026.06.23,07:15,30360.96000,30380.96000,30355.96000,30378.46000,825
2026.06.23,07:20,30378.96000,30378.96000,30364.96000,30365.46000,717
2026.06.23,07:25,30366.09000,30366.21000,30352.09000,30355.96000,630
2026.06.23,07:30,30356.21000,30363.96000,30354.84000,30358.21000,532
2026.06.23,07:35,30358.09000,30364.09000,30357.34000,30360.21000,466
2026.06.23,07:40,30360.84000,30365.21000,30359.96000,30364.46000,440
2026.06.23,07:45,30364.34000,30366.84000,30360.09000,30365.09000,447
2026.06.23,07:50,30365.34000,30365.71000,30355.96000,30359.21000,453
2026.06.23,07:55,30359.46000,30379.71000,30358.34000,30371.16000,495
2026.06.23,09:00,30379.71000,30416.34000,30362.91000,30394.09000,909
2026.06.23,09:05,30392.71000,30402.84000,30366.84000,30386.96000,679
2026.06.23,09:10,30387.34000,30387.46000,30373.71000,30381.21000,401
2026.06.23,09:15,30381.59000,30386.59000,30377.96000,30382.34000,311
2026.06.23,09:20,30381.71000,30391.21000,30374.34000,30387.09000,397
2026.06.23,09:25,30386.46000,30386.71000,30351.66000,30358.46000,453
2026.06.23,09:30,30358.34000,30361.09000,30319.21000,30321.09000,822
2026.06.23,09:35,30321.46000,30324.84000,30290.21000,30313.59000,792
2026.06.23,09:40,30313.21000,30315.59000,30286.71000,30291.46000,577
2026.06.23,09:45,30291.59000,30305.96000,30284.59000,30304.09000,543
2026.06.23,09:50,30304.96000,30309.59000,30297.46000,30308.21000,451
2026.06.23,09:55,30307.84000,30310.84000,30298.09000,30299.71000,458
2026.06.23,10:00,30299.59000,30304.84000,30282.21000,30291.34000,576
2026.06.23,10:05,30291.21000,30297.09000,30286.59000,30296.34000,378
2026.06.23,10:10,30296.59000,30296.96000,30274.09000,30277.09000,411
2026.06.23,10:15,30276.59000,30277.09000,30264.21000,30266.46000,426
2026.06.23,10:20,30266.34000,30281.84000,30263.09000,30276.46000,419
2026.06.23,10:25,30276.59000,30290.84000,30271.91000,30288.84000,446
2026.06.23,10:30,30289.96000,30292.71000,30282.84000,30285.09000,337
2026.06.23,10:35,30284.96000,30293.21000,30277.16000,30280.09000,365
2026.06.23,10:40,30281.71000,30291.34000,30278.21000,30290.46000,271
2026.06.23,10:45,30290.59000,30295.34000,30264.34000,30271.46000,786
2026.06.23,10:50,30271.59000,30280.46000,30258.46000,30276.71000,693
2026.06.23,10:55,30275.71000,30295.34000,30272.59000,30292.84000,707
2026.06.23,11:00,30290.71000,30319.46000,30289.16000,30307.71000,1438
2026.06.23,11:05,30307.34000,30313.84000,30277.34000,30279.34000,1420
2026.06.23,11:10,30276.96000,30279.96000,30235.96000,30237.59000,1347
2026.06.23,11:15,30237.71000,30262.46000,30223.46000,30225.09000,1273
2026.06.23,11:20,30225.96000,30227.34000,30178.71000,30183.71000,1346
2026.06.23,11:25,30184.84000,30228.71000,30182.71000,30212.21000,1455
2026.06.23,11:30,30212.46000,30251.09000,30199.59000,30243.34000,1508
2026.06.23,11:35,30242.84000,30275.09000,30227.84000,30270.59000,1420
2026.06.23,11:40,30270.46000,30323.84000,30265.21000,30323.21000,1473
2026.06.23,11:45,30323.71000,30352.21000,30312.46000,30331.34000,1797
2026.06.23,11:50,30331.71000,30334.59000,30312.16000,30316.59000,1429
2026.06.23,11:55,30316.09000,30325.59000,30304.21000,30318.59000,1306
2026.06.23,12:00,30318.84000,30333.09000,30303.96000,30328.09000,1683
2026.06.23,12:05,30327.71000,30331.84000,30298.84000,30320.71000,1511
2026.06.23,12:10,30320.34000,30333.21000,30300.96000,30301.21000,1520
2026.06.23,12:15,30301.46000,30310.84000,30274.46000,30284.59000,1637
2026.06.23,12:20,30284.21000,30293.71000,30267.96000,30269.34000,1473
2026.06.23,12:25,30270.09000,30298.46000,30269.21000,30282.96000,1522
2026.06.23,12:30,30283.21000,30290.09000,30234.66000,30236.46000,1561
2026.06.23,12:35,30236.71000,30239.96000,30194.21000,30217.71000,1671
2026.06.23,12:40,30217.46000,30235.21000,30183.59000,30189.21000,1684
2026.06.23,12:45,30187.96000,30189.84000,30152.96000,30158.96000,1587
2026.06.23,12:50,30159.71000,30180.46000,30124.46000,30174.21000,1810
2026.06.23,12:55,30173.59000,30198.09000,30164.84000,30177.46000,1739
2026.06.23,13:00,30178.96000,30191.09000,30153.91000,30179.34000,1725
2026.06.23,13:05,30179.21000,30180.09000,30118.96000,30134.46000,1672
2026.06.23,13:10,30134.59000,30156.59000,30120.71000,30151.96000,1601
2026.06.23,13:15,30152.09000,30175.96000,30148.09000,30169.46000,1558
2026.06.23,13:20,30169.71000,30178.96000,30161.34000,30166.46000,1350
2026.06.23,13:25,30167.21000,30182.84000,30159.59000,30172.84000,1436
2026.06.23,13:30,30173.21000,30175.09000,30150.21000,30150.34000,1297
2026.06.23,13:35,30150.46000,30162.46000,30142.71000,30149.59000,1137
2026.06.23,13:40,30149.96000,30160.46000,30139.46000,30152.09000,1194
2026.06.23,13:45,30152.96000,30156.71000,30118.84000,30132.59000,1468
2026.06.23,13:50,30132.84000,30149.84000,30127.46000,30132.71000,1262
2026.06.23,13:55,30132.96000,30150.46000,30108.21000,30122.34000,1172
2026.06.23,14:00,30122.59000,30130.21000,30105.96000,30113.84000,1437
2026.06.23,14:05,30113.96000,30113.96000,30085.46000,30085.59000,1261
2026.06.23,14:10,30085.46000,30092.96000,30074.66000,30083.96000,1203
2026.06.23,14:15,30084.09000,30096.46000,30074.84000,30078.21000,1149
2026.06.23,14:20,30078.09000,30086.84000,30069.84000,30075.21000,1142
2026.06.23,14:25,30075.09000,30091.84000,30069.84000,30083.71000,1144
2026.06.23,14:30,30083.46000,30083.46000,30053.46000,30058.21000,1389
2026.06.23,14:35,30057.09000,30062.09000,30030.46000,30039.09000,1487
2026.06.23,14:40,30038.71000,30049.09000,30019.09000,30047.84000,1491
2026.06.23,14:45,30047.96000,30059.09000,30029.96000,30054.71000,1463
2026.06.23,14:50,30053.34000,30095.96000,30053.34000,30093.34000,1303
2026.06.23,14:55,30092.84000,30119.21000,30085.34000,30117.46000,1344
2026.06.23,15:00,30118.84000,30132.21000,30108.59000,30116.09000,1229
2026.06.23,15:05,30116.21000,30116.96000,30078.34000,30079.71000,1134
2026.06.23,15:10,30079.96000,30082.71000,30053.46000,30071.59000,1308
2026.06.23,15:15,30071.34000,30071.84000,30034.59000,30038.46000,1236
2026.06.23,15:20,30038.34000,30043.71000,30023.71000,30039.34000,1192
2026.06.23,15:25,30039.21000,30054.59000,30034.84000,30047.96000,1153
2026.06.23,15:30,30047.84000,30047.84000,30029.46000,30032.59000,1185
2026.06.23,15:35,30032.21000,30040.21000,30019.96000,30026.59000,1149
2026.06.23,15:40,30026.46000,30028.09000,29998.16000,30013.09000,1106
2026.06.23,15:45,30013.46000,30021.71000,30003.21000,30004.46000,1114
2026.06.23,15:50,30005.09000,30007.34000,29961.71000,29973.09000,1217
2026.06.23,15:55,29973.34000,29973.84000,29948.71000,29959.09000,1310
2026.06.23,16:00,29961.59000,29981.96000,29953.71000,29979.59000,1616
2026.06.23,16:05,29980.21000,29985.46000,29947.71000,29955.34000,1366
2026.06.23,16:10,29954.96000,29979.09000,29946.34000,29948.71000,1407
2026.06.23,16:15,29948.84000,29960.09000,29937.21000,29940.09000,1282
2026.06.23,16:20,29940.21000,29957.71000,29928.59000,29931.46000,1190
2026.06.23,16:25,29931.34000,29935.21000,29898.71000,29904.21000,1318
2026.06.23,16:30,29904.84000,29906.96000,29864.21000,29872.71000,1595
2026.06.23,16:35,29872.46000,29877.59000,29845.59000,29856.46000,1479
2026.06.23,16:40,29856.84000,29883.21000,29838.66000,29879.34000,1533
2026.06.23,16:45,29879.46000,29886.59000,29862.34000,29875.34000,1302
2026.06.23,16:50,29873.84000,29882.46000,29849.84000,29853.21000,1284
2026.06.23,16:55,29852.96000,29853.09000,29810.71000,29825.84000,1358
2026.06.23,17:00,29825.59000,29849.21000,29808.71000,29839.46000,1674
2026.06.23,17:05,29838.96000,29850.96000,29791.59000,29804.34000,1693
2026.06.23,17:10,29804.71000,29810.84000,29785.71000,29804.71000,1676
2026.06.23,17:15,29804.96000,29826.09000,29771.16000,29779.21000,1665
2026.06.23,17:20,29778.96000,29782.09000,29746.59000,29759.46000,1464
2026.06.23,17:25,29759.21000,29763.84000,29721.59000,29739.21000,1713
2026.06.23,17:30,29738.96000,29771.09000,29730.21000,29749.46000,1654
2026.06.23,17:35,29750.21000,29757.84000,29723.84000,29741.84000,1439
2026.06.23,17:40,29742.09000,29761.84000,29697.16000,29721.84000,1309
2026.06.23,17:45,29721.21000,29755.34000,29711.59000,29724.84000,1309
2026.06.23,17:50,29724.59000,29739.34000,29706.34000,29711.46000,1135
2026.06.23,17:55,29711.59000,29723.59000,29667.96000,29688.21000,1212
2026.06.23,18:00,29686.59000,29698.46000,29661.41000,29693.09000,1750
2026.06.23,18:05,29693.34000,29763.59000,29683.46000,29760.59000,1566
2026.06.23,18:10,29760.96000,29771.21000,29749.21000,29763.46000,1434
2026.06.23,18:15,29764.09000,29768.59000,29723.46000,29726.34000,1357
2026.06.23,18:20,29726.59000,29751.96000,29710.09000,29715.96000,1390
2026.06.23,18:25,29715.59000,29728.46000,29698.09000,29727.21000,1242
2026.06.23,18:30,29724.41000,29726.96000,29673.09000,29710.09000,1406
2026.06.23,18:35,29709.71000,29714.46000,29671.84000,29706.66000,1477
2026.06.23,18:40,29707.09000,29721.71000,29656.84000,29668.84000,1408
2026.06.23,18:45,29667.96000,29687.71000,29654.41000,29670.59000,1404
2026.06.23,18:50,29670.34000,29672.21000,29636.09000,29652.21000,1337
2026.06.23,18:55,29652.71000,29653.84000,29606.84000,29625.46000,1417
2026.06.23,19:00,29625.34000,29635.66000,29532.66000,29566.09000,1920
2026.06.23,19:05,29568.71000,29620.96000,29565.21000,29608.09000,1692
2026.06.23,19:10,29608.91000,29614.71000,29567.59000,29569.96000,1563
2026.06.23,19:15,29569.84000,29576.46000,29524.91000,29525.59000,1763
2026.06.23,19:20,29527.66000,29551.34000,29499.21000,29514.46000,1606
2026.06.23,19:25,29512.46000,29531.96000,29494.59000,29516.71000,1610
2026.06.23,19:30,29516.66000,29571.34000,29516.41000,29555.96000,1676
2026.06.23,19:35,29554.34000,29572.34000,29535.09000,29543.09000,1446
2026.06.23,19:40,29542.46000,29594.71000,29540.96000,29571.34000,1451
2026.06.23,19:45,29571.09000,29571.59000,29498.34000,29524.34000,1482
2026.06.23,19:50,29523.71000,29561.21000,29518.96000,29551.21000,1339
2026.06.23,19:55,29549.84000,29557.71000,29528.84000,29545.59000,1278
2026.06.23,20:00,29546.71000,29588.09000,29541.96000,29577.09000,1362
2026.06.23,20:05,29576.46000,29604.21000,29564.34000,29567.84000,1310
2026.06.23,20:10,29568.09000,29625.84000,29559.84000,29618.71000,1258
2026.06.23,20:15,29618.21000,29628.59000,29599.59000,29627.34000,1176
2026.06.23,20:20,29627.59000,29648.21000,29618.46000,29640.34000,1225
2026.06.23,20:25,29639.21000,29649.96000,29618.21000,29634.21000,1162
2026.06.23,20:30,29633.71000,29635.84000,29607.96000,29614.59000,1194
2026.06.23,20:35,29614.71000,29624.59000,29603.21000,29603.21000,1133
2026.06.23,20:40,29603.09000,29607.59000,29580.34000,29580.71000,1173
2026.06.23,20:45,29580.41000,29597.96000,29575.21000,29596.96000,1140
2026.06.23,20:50,29596.84000,29607.96000,29584.34000,29601.21000,1082
2026.06.23,20:55,29601.09000,29611.09000,29591.96000,29603.84000,976
2026.06.23,21:00,29598.09000,29633.34000,29593.84000,29620.46000,1109
2026.06.23,21:05,29620.84000,29623.96000,29584.21000,29596.46000,1061
2026.06.23,21:10,29596.71000,29602.21000,29571.46000,29581.59000,1078
2026.06.23,21:15,29581.71000,29592.96000,29573.34000,29588.84000,1095
2026.06.23,21:20,29589.09000,29598.09000,29559.09000,29564.59000,1110
2026.06.23,21:25,29565.59000,29565.84000,29534.66000,29542.09000,1184
2026.06.23,21:30,29541.21000,29543.21000,29506.46000,29509.21000,1217
2026.06.23,21:35,29509.46000,29523.21000,29500.21000,29517.34000,1189
2026.06.23,21:40,29517.21000,29517.59000,29469.91000,29498.21000,1349
2026.06.23,21:45,29498.34000,29530.09000,29497.21000,29512.21000,1220
2026.06.23,21:50,29513.71000,29527.96000,29497.96000,29521.21000,1181
2026.06.23,21:55,29522.34000,29541.59000,29510.41000,29534.59000,1123
2026.06.23,22:00,29534.84000,29559.34000,29518.96000,29519.21000,1478
2026.06.23,22:05,29519.09000,29550.09000,29505.46000,29531.96000,1297
2026.06.23,22:10,29532.09000,29569.21000,29532.09000,29565.84000,1213
2026.06.23,22:15,29564.59000,29564.59000,29543.34000,29555.21000,1210
2026.06.23,22:20,29555.34000,29584.91000,29528.46000,29559.71000,1524
2026.06.23,22:25,29559.46000,29562.21000,29524.09000,29530.34000,1253
2026.06.23,22:30,29530.21000,29563.84000,29519.34000,29545.96000,1318
2026.06.23,22:35,29546.09000,29575.46000,29530.71000,29570.59000,1337
2026.06.23,22:40,29568.96000,29589.84000,29566.96000,29585.71000,1273
2026.06.23,22:45,29585.09000,29598.84000,29565.71000,29583.84000,1327
2026.06.23,22:50,29582.96000,29600.59000,29571.09000,29599.09000,1297
2026.06.23,22:55,29599.34000,29601.21000,29587.66000,29590.09000,1099
2026.06.23,23:00,29590.34000,29617.84000,29582.34000,29596.46000,1271
2026.06.23,23:05,29597.21000,29597.84000,29568.09000,29574.96000,1241
2026.06.23,23:10,29575.71000,29585.46000,29531.09000,29539.34000,1374
2026.06.23,23:15,29539.09000,29543.59000,29506.09000,29521.84000,1312
2026.06.23,23:20,29522.59000,29522.96000,29484.09000,29499.09000,1421
2026.06.23,23:25,29499.21000,29499.34000,29462.09000,29493.09000,1384
2026.06.23,23:30,29492.96000,29508.96000,29428.09000,29428.09000,1563
2026.06.23,23:35,29428.71000,29460.09000,29425.46000,29455.71000,1450
2026.06.23,23:40,29455.84000,29487.96000,29450.71000,29458.71000,1458
2026.06.23,23:45,29456.84000,29470.84000,29442.59000,29457.96000,1364
2026.06.23,23:50,29458.09000,29479.59000,29442.09000,29442.21000,1423
2026.06.23,23:55,29441.59000,29469.21000,29434.96000,29451.96000,1443
2026.06.24,00:00,29453.84000,29462.71000,29425.96000,29436.09000,1665
2026.06.24,00:05,29436.46000,29446.84000,29419.96000,29430.09000,1670
2026.06.24,00:10,29429.84000,29462.59000,29410.21000,29452.46000,1639
2026.06.24,00:15,29452.71000,29454.09000,29416.34000,29448.21000,1536
2026.06.24,00:20,29446.96000,29472.09000,29443.34000,29462.46000,1508
2026.06.24,00:25,29462.59000,29462.59000,29393.71000,29434.41000,1890
2026.06.24,00:30,29434.66000,29489.49000,29335.74000,29486.36000,2631
2026.06.24,00:35,29482.36000,29514.11000,29389.74000,29497.74000,2554
2026.06.24,00:40,29498.36000,29523.49000,29458.11000,29468.91000,2434
2026.06.24,00:45,29467.41000,29574.36000,29443.11000,29535.36000,2535
2026.06.24,00:50,29536.86000,29632.86000,29535.24000,29594.61000,2444
2026.06.24,00:55,29594.36000,29650.61000,29562.49000,29644.36000,2471
2026.06.24,01:00,29645.61000,29720.86000,29640.49000,29703.74000,2443
2026.06.24,01:05,29703.24000,29715.11000,29652.86000,29693.49000,2400
2026.06.24,01:10,29692.49000,29732.24000,29667.24000,29719.99000,2411
2026.06.24,01:15,29719.74000,29740.11000,29695.91000,29730.49000,2370
2026.06.24,01:20,29730.74000,29764.24000,29695.49000,29709.61000,2399
2026.06.24,01:25,29710.11000,29719.99000,29658.36000,29700.49000,2388
2026.06.24,01:30,29701.86000,29715.11000,29621.24000,29656.36000,2329
2026.06.24,01:35,29657.99000,29715.24000,29612.36000,29619.36000,2400
2026.06.24,01:40,29619.49000,29661.99000,29590.74000,29602.24000,2374
2026.06.24,01:45,29604.36000,29617.61000,29550.99000,29587.11000,2312
2026.06.24,01:50,29586.24000,29646.49000,29546.99000,29568.49000,2385
2026.06.24,01:55,29567.74000,29582.74000,29531.86000,29571.86000,2333
2026.06.24,02:00,29574.99000,29603.49000,29534.36000,29547.11000,2395
2026.06.24,02:05,29546.61000,29557.61000,29483.86000,29514.74000,2250
2026.06.24,02:10,29515.24000,29530.24000,29492.11000,29510.36000,2267
2026.06.24,02:15,29509.36000,29520.61000,29463.49000,29464.24000,2177
2026.06.24,02:20,29464.11000,29494.24000,29440.74000,29447.24000,2135
2026.06.24,02:25,29447.36000,29468.36000,29429.11000,29444.86000,2215
2026.06.24,02:30,29442.36000,29495.74000,29432.11000,29475.36000,2148
2026.06.24,02:35,29477.61000,29505.61000,29417.61000,29431.24000,2222
2026.06.24,02:40,29432.11000,29462.99000,29413.74000,29451.49000,2167
2026.06.24,02:45,29451.74000,29476.61000,29439.49000,29442.74000,2096
2026.06.24,02:50,29444.99000,29538.86000,29438.24000,29515.74000,2198
2026.06.24,02:55,29516.36000,29531.61000,29478.61000,29515.61000,2116
2026.06.24,03:00,29518.74000,29577.99000,29508.11000,29575.74000,2112
2026.06.24,03:05,29574.74000,29607.36000,29556.36000,29589.99000,2088
2026.06.24,03:10,29590.36000,29632.36000,29589.99000,29622.24000,2064
2026.06.24,03:15,29623.61000,29633.24000,29575.86000,29582.74000,2054
2026.06.24,03:20,29582.86000,29621.74000,29552.24000,29611.24000,2035
2026.06.24,03:25,29610.11000,29614.61000,29576.86000,29595.61000,1934
2026.06.24,03:30,29595.49000,29607.24000,29560.91000,29567.24000,1917
2026.06.24,03:35,29566.49000,29589.61000,29556.24000,29586.49000,1904
2026.06.24,03:40,29586.86000,29621.61000,29585.24000,29618.99000,1905
2026.06.24,03:45,29620.24000,29624.49000,29562.61000,29581.61000,2020
2026.06.24,03:50,29580.86000,29582.36000,29549.11000,29573.24000,1861
2026.06.24,03:55,29573.36000,29597.74000,29554.99000,29581.86000,1954
2026.06.24,04:00,29581.24000,29583.49000,29525.36000,29533.24000,1826
2026.06.24,04:05,29531.99000,29543.11000,29509.99000,29536.74000,1934
2026.06.24,04:10,29536.11000,29599.99000,29534.11000,29568.61000,2040
2026.06.24,04:15,29570.24000,29586.61000,29539.24000,29549.86000,1904
2026.06.24,04:20,29549.99000,29607.99000,29543.99000,29596.36000,1980
2026.06.24,04:25,29595.61000,29609.61000,29577.61000,29583.49000,1817
2026.06.24,04:30,29583.86000,29590.74000,29549.61000,29590.74000,1944
2026.06.24,04:35,29590.86000,29613.99000,29565.99000,29568.11000,1818
2026.06.24,04:40,29567.86000,29574.61000,29543.11000,29547.49000,1820
2026.06.24,04:45,29547.61000,29562.86000,29533.49000,29545.74000,1766
2026.06.24,04:50,29545.24000,29546.36000,29469.74000,29474.49000,1904
2026.06.24,04:55,29474.11000,29483.36000,29450.11000,29450.24000,1977
2026.06.24,05:00,29454.24000,29499.74000,29444.49000,29469.74000,2040
2026.06.24,05:05,29469.36000,29475.49000,29428.11000,29449.99000,1851
2026.06.24,05:10,29450.49000,29468.36000,29446.11000,29463.36000,1826
2026.06.24,05:15,29463.49000,29480.61000,29441.49000,29452.61000,1777
2026.06.24,05:20,29452.49000,29474.74000,29437.36000,29462.49000,1725
2026.06.24,05:25,29462.61000,29464.11000,29443.11000,29452.49000,1635
2026.06.24,05:30,29452.36000,29459.49000,29430.24000,29432.36000,1522
2026.06.24,05:35,29432.61000,29441.24000,29411.99000,29416.49000,1539
2026.06.24,05:40,29416.86000,29416.86000,29344.61000,29346.61000,1904
2026.06.24,05:45,29346.99000,29352.49000,29306.49000,29341.16000,2082
2026.06.24,05:50,29341.99000,29374.86000,29295.24000,29322.99000,2016
2026.06.24,05:55,29323.11000,29358.49000,29302.49000,29347.74000,2003
2026.06.24,06:00,29347.49000,29433.49000,29330.74000,29427.99000,2148
2026.06.24,06:05,29428.61000,29470.61000,29363.24000,29374.99000,2214
2026.06.24,06:10,29374.49000,29405.99000,29354.74000,29391.61000,2127
2026.06.24,06:15,29389.24000,29404.24000,29346.86000,29348.11000,2128
2026.06.24,06:20,29347.74000,29433.61000,29334.24000,29406.61000,2113
2026.06.24,06:25,29407.74000,29451.24000,29395.86000,29429.74000,2118
2026.06.24,06:30,29428.86000,29462.49000,29399.49000,29454.24000,2129
2026.06.24,06:35,29455.74000,29462.36000,29432.49000,29433.11000,2115
2026.06.24,06:40,29433.49000,29441.99000,29393.61000,29414.24000,2085
2026.06.24,06:45,29415.99000,29428.36000,29361.49000,29400.74000,2113
2026.06.24,06:50,29403.91000,29450.24000,29378.36000,29445.11000,2304
2026.06.24,06:55,29445.36000,29445.36000,29361.24000,29367.49000,2306
2026.06.24,07:00,29367.84000,29398.46000,29350.59000,29391.96000,1723
2026.06.24,07:05,29391.84000,29434.84000,29390.59000,29421.34000,1234
2026.06.24,07:10,29421.21000,29434.96000,29414.71000,29425.34000,1055
2026.06.24,07:15,29425.09000,29433.96000,29415.84000,29432.34000,817
2026.06.24,07:20,29431.84000,29449.84000,29427.71000,29446.21000,683
2026.06.24,07:25,29446.59000,29461.21000,29444.59000,29452.84000,719
2026.06.24,07:30,29452.59000,29463.84000,29444.84000,29460.46000,615
2026.06.24,07:35,29460.21000,29465.96000,29445.59000,29446.09000,539
2026.06.24,07:40,29445.71000,29452.46000,29434.96000,29446.71000,658
2026.06.24,07:45,29446.59000,29450.34000,29433.84000,29434.46000,638
2026.06.24,07:50,29437.46000,29445.71000,29435.84000,29442.96000,609
2026.06.24,07:55,29442.71000,29474.21000,29438.84000,29468.54000,723
2026.06.24,09:00,29487.61000,29517.61000,29472.36000,29482.61000,1017
2026.06.24,09:05,29479.86000,29515.41000,29475.61000,29509.91000,685
2026.06.24,09:10,29510.16000,29528.91000,29502.66000,29509.04000,676
2026.06.24,09:15,29508.04000,29529.91000,29488.41000,29497.66000,716
2026.06.24,09:20,29497.41000,29501.41000,29437.41000,29438.04000,936
2026.06.24,09:25,29437.66000,29447.41000,29428.16000,29432.41000,925
2026.06.24,09:30,29432.66000,29454.66000,29395.04000,29404.66000,994
2026.06.24,09:35,29404.54000,29410.91000,29380.61000,29399.16000,955
2026.06.24,09:40,29398.79000,29405.91000,29359.41000,29367.61000,930
2026.06.24,09:45,29367.11000,29394.04000,29365.41000,29393.91000,735
2026.06.24,09:50,29393.79000,29406.79000,29379.16000,29402.04000,765
2026.06.24,09:55,29400.54000,29415.16000,29398.61000,29406.16000,681
2026.06.24,10:00,29406.29000,29409.66000,29358.36000,29360.91000,905
2026.06.24,10:05,29360.86000,29363.91000,29314.61000,29344.79000,1146
2026.06.24,10:10,29345.04000,29392.04000,29340.86000,29378.29000,955
2026.06.24,10:15,29379.16000,29400.41000,29376.54000,29395.11000,741
2026.06.24,10:20,29395.41000,29416.41000,29389.11000,29415.54000,610
2026.06.24,10:25,29415.41000,29420.41000,29398.41000,29407.91000,704
2026.06.24,10:30,29408.41000,29413.16000,29368.66000,29372.16000,778
2026.06.24,10:35,29371.66000,29379.29000,29351.79000,29354.91000,897
2026.06.24,10:40,29354.41000,29383.41000,29347.91000,29382.29000,892
2026.06.24,10:45,29382.16000,29490.91000,29380.04000,29460.11000,1665
2026.06.24,10:50,29459.86000,29478.91000,29449.36000,29459.41000,1226
2026.06.24,10:55,29458.91000,29476.66000,29457.36000,29474.11000,1041
2026.06.24,11:00,29473.66000,29534.29000,29465.66000,29475.66000,1899
2026.06.24,11:05,29475.11000,29555.79000,29463.79000,29548.41000,1843
2026.06.24,11:10,29548.16000,29576.79000,29534.16000,29550.54000,1761
2026.06.24,11:15,29549.61000,29584.41000,29546.04000,29578.16000,1699
2026.06.24,11:20,29577.91000,29581.41000,29538.29000,29541.54000,1696
2026.06.24,11:25,29542.04000,29578.16000,29534.91000,29575.29000,1730
2026.06.24,11:30,29575.41000,29600.54000,29564.61000,29598.66000,1629
2026.06.24,11:35,29598.54000,29609.91000,29581.54000,29601.91000,1550
2026.06.24,11:40,29601.66000,29618.29000,29585.36000,29604.91000,1514
2026.06.24,11:45,29604.79000,29614.16000,29586.79000,29592.79000,1585
2026.06.24,11:50,29592.16000,29604.54000,29560.61000,29565.54000,1620
2026.06.24,11:55,29565.16000,29574.16000,29542.54000,29572.54000,1607
2026.06.24,12:00,29576.16000,29578.66000,29512.11000,29517.04000,1796
2026.06.24,12:05,29516.91000,29552.91000,29507.79000,29514.66000,1737
2026.06.24,12:10,29515.66000,29547.54000,29510.41000,29545.29000,1678
2026.06.24,12:15,29544.91000,29549.16000,29488.61000,29498.54000,1689
2026.06.24,12:20,29498.79000,29546.04000,29489.04000,29542.41000,1656
2026.06.24,12:25,29542.91000,29553.79000,29525.79000,29543.66000,1583
2026.06.24,12:30,29542.61000,29567.79000,29539.16000,29559.29000,1650
2026.06.24,12:35,29559.16000,29559.16000,29536.04000,29550.79000,1560
2026.06.24,12:40,29550.54000,29571.79000,29537.04000,29558.79000,1632
2026.06.24,12:45,29559.16000,29566.91000,29532.61000,29548.16000,1469
2026.06.24,12:50,29548.04000,29578.29000,29541.04000,29573.29000,1456
2026.06.24,12:55,29572.91000,29572.91000,29545.79000,29554.29000,1321
2026.06.24,13:00,29553.11000,29564.79000,29536.66000,29555.29000,1335
2026.06.24,13:05,29555.41000,29556.66000,29527.54000,29550.04000,1400
2026.06.24,13:10,29550.41000,29564.91000,29539.79000,29545.16000,1214
2026.06.24,13:15,29544.79000,29545.54000,29509.04000,29529.29000,1318
2026.06.24,13:20,29528.41000,29533.91000,29489.79000,29500.54000,1264
2026.06.24,13:25,29500.16000,29526.29000,29498.04000,29522.91000,1202
2026.06.24,13:30,29523.04000,29537.16000,29502.91000,29503.66000,1164
2026.06.24,13:35,29503.79000,29507.41000,29458.86000,29465.16000,1225
2026.06.24,13:40,29465.54000,29474.91000,29444.66000,29450.04000,1371
2026.06.24,13:45,29449.79000,29456.41000,29408.79000,29416.91000,1394
2026.06.24,13:50,29416.36000,29421.04000,29389.54000,29401.16000,1393
2026.06.24,13:55,29401.04000,29410.54000,29363.29000,29365.54000,1383
2026.06.24,14:00,29364.66000,29390.66000,29359.04000,29362.91000,1442
2026.06.24,14:05,29363.29000,29403.29000,29342.91000,29397.79000,1544
2026.06.24,14:10,29397.54000,29461.54000,29395.66000,29453.04000,1562
2026.06.24,14:15,29452.91000,29453.29000,29406.91000,29410.04000,1425
2026.06.24,14:20,29410.79000,29430.66000,29399.91000,29407.54000,1367
2026.06.24,14:25,29407.16000,29477.04000,29406.41000,29475.79000,1467
2026.06.24,14:30,29473.91000,29497.54000,29470.54000,29485.66000,1565
2026.06.24,14:35,29485.41000,29505.91000,29466.91000,29478.04000,1417
2026.06.24,14:40,29477.41000,29487.29000,29463.04000,29468.66000,1364
2026.06.24,14:45,29468.79000,29473.79000,29451.41000,29454.41000,1213
2026.06.24,14:50,29453.79000,29464.41000,29437.66000,29447.91000,1368
2026.06.24,14:55,29448.04000,29474.91000,29440.79000,29472.91000,1240
2026.06.24,15:00,29472.66000,29476.79000,29423.91000,29424.54000,1284
2026.06.24,15:05,29423.91000,29433.41000,29410.41000,29426.16000,1331
2026.06.24,15:10,29425.79000,29436.16000,29402.54000,29414.91000,1192
2026.06.24,15:15,29414.41000,29426.29000,29390.91000,29391.29000,1206
2026.06.24,15:20,29391.04000,29406.79000,29381.54000,29388.16000,1205
2026.06.24,15:25,29388.04000,29409.29000,29387.29000,29395.41000,1310
2026.06.24,15:30,29395.54000,29440.66000,29394.79000,29438.04000,1370
2026.06.24,15:35,29438.16000,29472.29000,29423.16000,29469.04000,1481
2026.06.24,15:40,29469.66000,29495.79000,29461.66000,29479.79000,1389
2026.06.24,15:45,29480.04000,29498.16000,29477.54000,29497.41000,1301
2026.06.24,15:50,29497.79000,29512.54000,29493.91000,29504.54000,1192
2026.06.24,15:55,29504.66000,29517.54000,29495.16000,29512.16000,1260
2026.06.24,16:00,29511.79000,29535.79000,29506.66000,29531.91000,1410
2026.06.24,16:05,29531.54000,29547.79000,29509.41000,29543.79000,1425
2026.06.24,16:10,29544.29000,29560.16000,29535.91000,29544.41000,1339
2026.06.24,16:15,29543.91000,29581.29000,29534.04000,29578.54000,1275
2026.06.24,16:20,29580.04000,29588.16000,29563.79000,29582.66000,1380
2026.06.24,16:25,29582.29000,29589.16000,29559.66000,29562.16000,1368
2026.06.24,16:30,29562.41000,29600.41000,29562.29000,29571.54000,1285
2026.06.24,16:35,29571.66000,29611.04000,29570.29000,29605.41000,1144
2026.06.24,16:40,29604.66000,29604.91000,29569.04000,29572.66000,1385
2026.06.24,16:45,29572.16000,29584.29000,29560.66000,29564.54000,1185
2026.06.24,16:50,29564.66000,29564.79000,29542.41000,29549.79000,1063
2026.06.24,16:55,29549.29000,29554.29000,29540.16000,29546.91000,1031
2026.06.24,17:00,29547.04000,29549.54000,29524.79000,29528.66000,1347
2026.06.24,17:05,29528.79000,29562.54000,29527.79000,29559.91000,1289
2026.06.24,17:10,29559.66000,29578.79000,29556.29000,29570.04000,1197
2026.06.24,17:15,29570.16000,29574.41000,29541.79000,29555.41000,1183
2026.06.24,17:20,29554.79000,29555.29000,29534.79000,29549.29000,987
2026.06.24,17:25,29548.41000,29550.54000,29529.79000,29542.16000,1114
2026.06.24,17:30,29543.04000,29576.54000,29538.41000,29572.91000,1106
2026.06.24,17:35,29572.79000,29592.16000,29560.79000,29563.54000,986
2026.06.24,17:40,29563.29000,29573.66000,29559.54000,29562.04000,853
2026.06.24,17:45,29561.79000,29561.79000,29544.91000,29547.16000,744
2026.06.24,17:50,29547.29000,29567.29000,29546.16000,29559.54000,665
2026.06.24,17:55,29559.91000,29564.16000,29548.91000,29550.54000,812
2026.06.24,18:00,29550.66000,29567.66000,29512.79000,29531.29000,1464
2026.06.24,18:05,29532.54000,29551.04000,29518.54000,29530.29000,1385
2026.06.24,18:10,29531.16000,29552.54000,29526.61000,29539.04000,1096
2026.06.24,18:15,29539.16000,29548.29000,29521.29000,29530.54000,1134
2026.06.24,18:20,29530.66000,29554.29000,29518.16000,29540.66000,1076
2026.06.24,18:25,29540.29000,29540.29000,29517.29000,29520.66000,1025
2026.06.24,18:30,29520.41000,29539.66000,29519.29000,29528.79000,1092
2026.06.24,18:35,29529.16000,29531.16000,29492.16000,29519.91000,1235
2026.06.24,18:40,29519.66000,29547.91000,29506.54000,29542.91000,1234
2026.06.24,18:45,29543.04000,29562.66000,29538.29000,29555.29000,995
2026.06.24,18:50,29554.29000,29555.16000,29512.61000,29522.91000,1000
2026.06.24,18:55,29522.66000,29530.79000,29490.54000,29497.29000,898
2026.06.24,19:00,29497.54000,29552.29000,29490.41000,29551.79000,1349
2026.06.24,19:05,29551.66000,29570.29000,29544.91000,29552.91000,1361
2026.06.24,19:10,29552.41000,29587.29000,29547.04000,29585.29000,1213
2026.06.24,19:15,29584.41000,29590.79000,29560.91000,29565.29000,1165
2026.06.24,19:20,29565.41000,29572.16000,29552.91000,29559.66000,1110
2026.06.24,19:25,29559.91000,29565.79000,29544.41000,29565.79000,1187
2026.06.24,19:30,29565.66000,29593.79000,29555.54000,29579.66000,1147
2026.06.24,19:35,29579.54000,29584.79000,29547.29000,29549.79000,1015
2026.06.24,19:40,29549.66000,29570.29000,29547.41000,29562.41000,849
2026.06.24,19:45,29562.29000,29565.04000,29535.29000,29535.41000,947
2026.06.24,19:50,29535.16000,29552.16000,29531.29000,29540.66000,869
2026.06.24,19:55,29540.54000,29548.29000,29536.41000,29545.79000,870
2026.06.24,20:00,29545.41000,29559.54000,29521.91000,29526.54000,1100
2026.06.24,20:05,29526.66000,29547.54000,29520.61000,29539.29000,1075
2026.06.24,20:10,29539.41000,29570.41000,29533.04000,29562.66000,992
2026.06.24,20:15,29563.91000,29566.91000,29521.16000,29537.91000,1011
2026.06.24,20:20,29538.91000,29548.16000,29531.29000,29541.79000,887
2026.06.24,20:25,29542.04000,29556.04000,29527.66000,29534.16000,897
2026.06.24,20:30,29534.91000,29541.41000,29521.16000,29530.79000,933
2026.06.24,20:35,29531.16000,29531.66000,29510.04000,29514.54000,918
2026.06.24,20:40,29514.41000,29515.04000,29493.16000,29494.16000,1009
2026.06.24,20:45,29493.91000,29512.91000,29481.41000,29509.54000,1000
2026.06.24,20:50,29509.41000,29537.04000,29508.91000,29524.41000,987
2026.06.24,20:55,29524.29000,29539.91000,29523.29000,29536.04000,845
2026.06.24,21:00,29535.29000,29536.79000,29501.91000,29518.41000,1046
2026.06.24,21:05,29518.66000,29534.41000,29511.91000,29523.54000,872
2026.06.24,21:10,29523.41000,29536.16000,29511.36000,29535.41000,847
2026.06.24,21:15,29535.29000,29548.04000,29531.54000,29533.79000,838
2026.06.24,21:20,29533.91000,29541.29000,29521.61000,29524.66000,848
2026.06.24,21:25,29524.41000,29544.79000,29522.41000,29544.29000,707
2026.06.24,21:30,29544.04000,29559.16000,29539.16000,29554.54000,818
2026.06.24,21:35,29554.66000,29561.41000,29548.16000,29549.29000,788
2026.06.24,21:40,29549.54000,29578.79000,29545.29000,29561.04000,985
2026.06.24,21:45,29560.91000,29561.91000,29542.29000,29549.66000,838
2026.06.24,21:50,29549.04000,29549.29000,29525.79000,29528.91000,780
2026.06.24,21:55,29529.54000,29532.16000,29515.91000,29520.79000,826
2026.06.24,22:00,29520.91000,29552.04000,29518.66000,29538.66000,1118
2026.06.24,22:05,29538.54000,29540.29000,29499.04000,29502.41000,1093
2026.06.24,22:10,29502.29000,29513.41000,29490.36000,29491.79000,865
2026.06.24,22:15,29491.66000,29497.79000,29477.16000,29482.91000,1126
2026.06.24,22:20,29484.16000,29493.79000,29461.61000,29492.54000,942
2026.06.24,22:25,29491.91000,29493.41000,29478.04000,29481.54000,1088
2026.06.24,22:30,29481.79000,29517.04000,29478.91000,29511.91000,1078
2026.06.24,22:35,29512.29000,29555.04000,29511.41000,29537.04000,1160
2026.06.24,22:40,29537.29000,29543.29000,29522.66000,29541.04000,857
2026.06.24,22:45,29541.16000,29582.54000,29529.04000,29576.04000,1154
2026.06.24,22:50,29576.29000,29592.29000,29566.54000,29584.04000,1316
2026.06.24,22:55,29583.66000,29588.91000,29561.04000,29588.41000,1164
2026.06.24,23:00,29588.04000,29591.16000,29552.91000,29565.41000,1191
2026.06.24,23:05,29563.91000,29579.16000,29559.91000,29573.79000,1057
2026.06.24,23:10,29574.79000,29589.29000,29561.16000,29572.66000,1167
2026.06.24,23:15,29572.79000,29597.04000,29550.41000,29595.41000,1191
2026.06.24,23:20,29595.16000,29599.66000,29574.41000,29584.91000,1197
2026.06.24,23:25,29584.54000,29587.29000,29569.04000,29579.04000,1062
2026.06.24,23:30,29578.79000,29592.04000,29548.29000,29549.29000,1024
2026.06.24,23:35,29549.41000,29551.66000,29523.66000,29537.04000,1148
2026.06.24,23:40,29536.54000,29539.29000,29511.16000,29519.16000,1122
2026.06.24,23:45,29520.16000,29524.79000,29499.29000,29504.91000,1105
2026.06.24,23:50,29504.79000,29506.54000,29487.04000,29495.29000,1106
2026.06.24,23:55,29496.04000,29500.16000,29479.54000,29490.04000,1089
2026.06.25,00:00,29490.54000,29517.04000,29474.54000,29475.54000,1674
2026.06.25,00:05,29475.16000,29489.29000,29450.79000,29458.54000,1473
2026.06.25,00:10,29458.16000,29462.04000,29425.79000,29431.41000,1492
2026.06.25,00:15,29433.29000,29463.79000,29426.79000,29460.41000,1484
2026.06.25,00:20,29461.66000,29479.91000,29419.54000,29462.04000,1552
2026.06.25,00:25,29462.54000,29482.54000,29430.61000,29439.16000,1769
2026.06.25,00:30,29431.86000,29566.56000,29364.31000,29537.19000,2548
2026.06.25,00:35,29535.06000,29568.19000,29448.19000,29456.69000,2503
2026.06.25,00:40,29455.61000,29466.94000,29331.69000,29389.44000,2500
2026.06.25,00:45,29390.44000,29441.31000,29292.06000,29386.81000,2501
2026.06.25,00:50,29388.19000,29516.56000,29385.94000,29494.06000,2473
2026.06.25,00:55,29494.31000,29495.81000,29395.31000,29412.86000,2356
2026.06.25,01:00,29411.44000,29444.19000,29353.36000,29392.81000,2400
2026.06.25,01:05,29392.56000,29451.69000,29372.61000,29402.56000,2389
2026.06.25,01:10,29402.69000,29449.31000,29362.44000,29393.19000,2344
2026.06.25,01:15,29391.94000,29421.81000,29303.31000,29310.19000,2350
2026.06.25,01:20,29310.31000,29403.56000,29253.06000,29391.31000,2430
2026.06.25,01:25,29391.94000,29458.44000,29378.81000,29433.19000,2355
2026.06.25,01:30,29432.06000,29503.56000,29431.06000,29489.81000,2296
2026.06.25,01:35,29489.56000,29516.81000,29449.56000,29452.44000,2288
2026.06.25,01:40,29452.94000,29519.31000,29438.06000,29514.06000,2273
2026.06.25,01:45,29513.94000,29604.56000,29508.81000,29559.31000,2310
2026.06.25,01:50,29559.94000,29593.19000,29538.44000,29539.06000,2207
2026.06.25,01:55,29540.44000,29619.94000,29518.56000,29618.19000,2288
2026.06.25,02:00,29621.06000,29633.69000,29568.44000,29585.81000,2250
2026.06.25,02:05,29584.56000,29593.19000,29500.31000,29511.69000,2202
2026.06.25,02:10,29511.94000,29532.44000,29476.31000,29510.06000,2253
2026.06.25,02:15,29508.94000,29548.44000,29489.81000,29516.56000,2198
2026.06.25,02:20,29517.94000,29527.56000,29460.19000,29466.56000,2153
2026.06.25,02:25,29467.56000,29529.44000,29432.31000,29528.19000,2227
2026.06.25,02:30,29527.81000,29554.81000,29482.56000,29507.44000,2153
2026.06.25,02:35,29505.94000,29536.69000,29471.81000,29489.81000,2079
2026.06.25,02:40,29489.69000,29499.81000,29440.19000,29471.69000,2073
2026.06.25,02:45,29471.31000,29496.06000,29427.56000,29487.94000,2155
2026.06.25,02:50,29488.94000,29536.81000,29488.06000,29514.44000,2118
2026.06.25,02:55,29514.19000,29532.69000,29475.81000,29483.19000,2002
2026.06.25,03:00,29485.44000,29511.94000,29468.31000,29489.56000,2031
2026.06.25,03:05,29489.94000,29504.19000,29456.36000,29486.81000,2034
2026.06.25,03:10,29486.69000,29531.81000,29473.19000,29501.06000,2010
2026.06.25,03:15,29500.94000,29519.81000,29487.81000,29502.56000,1967
2026.06.25,03:20,29502.19000,29527.56000,29483.06000,29508.94000,1974
2026.06.25,03:25,29509.06000,29510.81000,29468.69000,29480.81000,1895
2026.06.25,03:30,29480.56000,29480.69000,29433.44000,29440.69000,2048
2026.06.25,03:35,29439.44000,29461.44000,29377.56000,29381.06000,2080
2026.06.25,03:40,29380.56000,29381.19000,29338.69000,29367.94000,2182
2026.06.25,03:45,29367.69000,29381.31000,29338.81000,29365.69000,2023
2026.06.25,03:50,29366.31000,29396.31000,29340.19000,29340.94000,2029
2026.06.25,03:55,29343.06000,29354.19000,29323.31000,29333.44000,1931
2026.06.25,04:00,29336.31000,29388.44000,29320.31000,29386.06000,1858
2026.06.25,04:05,29386.19000,29387.94000,29272.81000,29291.94000,2085
2026.06.25,04:10,29291.56000,29315.19000,29266.19000,29275.31000,1999
2026.06.25,04:15,29275.06000,29298.44000,29208.06000,29218.69000,2192
2026.06.25,04:20,29219.69000,29222.19000,29174.94000,29184.06000,2213
2026.06.25,04:25,29183.56000,29191.31000,29130.81000,29137.81000,2270
2026.06.25,04:30,29137.94000,29169.19000,29093.06000,29153.19000,2272
2026.06.25,04:35,29154.06000,29192.06000,29119.69000,29166.94000,2261
2026.06.25,04:40,29168.06000,29188.31000,29128.19000,29139.06000,2253
2026.06.25,04:45,29138.06000,29189.44000,29115.31000,29168.81000,2161
2026.06.25,04:50,29170.19000,29178.44000,29138.19000,29156.06000,2157
2026.06.25,04:55,29155.56000,29190.31000,29101.69000,29116.06000,2150
2026.06.25,05:00,29116.44000,29178.56000,29104.56000,29135.56000,2219
2026.06.25,05:05,29135.94000,29190.44000,29131.81000,29176.94000,2168
2026.06.25,05:10,29176.69000,29181.06000,29144.06000,29168.06000,2092
2026.06.25,05:15,29169.69000,29243.56000,29168.06000,29237.94000,2196
2026.06.25,05:20,29237.69000,29265.81000,29224.19000,29265.81000,2057
2026.06.25,05:25,29264.94000,29290.44000,29256.94000,29266.94000,2139
2026.06.25,05:30,29267.44000,29282.81000,29224.94000,29238.69000,2100
2026.06.25,05:35,29237.44000,29243.44000,29189.81000,29196.81000,2060
2026.06.25,05:40,29197.94000,29206.69000,29153.06000,29175.44000,2121
2026.06.25,05:45,29174.94000,29175.69000,29063.94000,29083.06000,2116
2026.06.25,05:50,29084.31000,29101.81000,29052.44000,29093.56000,2146
2026.06.25,05:55,29092.94000,29137.69000,29057.31000,29072.56000,2158
2026.06.25,06:00,29077.06000,29141.06000,29039.06000,29120.31000,2186
2026.06.25,06:05,29120.56000,29122.44000,29006.94000,29027.19000,2252
2026.06.25,06:10,29025.44000,29044.69000,28993.44000,29037.69000,2177
2026.06.25,06:15,29038.56000,29049.56000,29012.36000,29040.31000,2166
2026.06.25,06:20,29039.56000,29077.19000,29022.56000,29076.81000,2136
2026.06.25,06:25,29077.56000,29122.44000,29072.69000,29111.94000,2139
2026.06.25,06:30,29110.81000,29139.19000,29099.69000,29126.19000,2221
2026.06.25,06:35,29126.56000,29169.19000,29103.69000,29156.06000,2138
2026.06.25,06:40,29155.81000,29173.81000,29084.81000,29114.94000,2173
2026.06.25,06:45,29117.19000,29153.19000,29101.06000,29149.94000,2201
2026.06.25,06:50,29148.61000,29217.44000,29135.86000,29210.31000,2290
2026.06.25,06:55,29210.56000,29255.06000,29162.94000,29242.31000,2243
2026.06.25,07:00,29245.66000,29471.16000,29216.11000,29471.16000,2058
2026.06.25,07:05,29471.61000,29611.66000,29454.11000,29594.04000,2161
2026.06.25,07:10,29591.79000,29616.41000,29556.66000,29611.04000,2039
2026.06.25,07:15,29610.79000,29616.54000,29584.04000,29607.29000,1616
2026.06.25,07:20,29607.16000,29718.91000,29605.54000,29717.91000,1782
2026.06.25,07:25,29718.41000,29756.54000,29703.16000,29736.91000,1802
2026.06.25,07:30,29736.79000,29757.16000,29694.29000,29694.29000,1634
2026.06.25,07:35,29694.79000,29761.29000,29693.66000,29761.29000,1510
2026.06.25,07:40,29760.04000,29827.29000,29753.91000,29820.91000,1536
2026.06.25,07:45,29821.79000,29884.04000,29810.91000,29857.66000,1672
2026.06.25,07:50,29856.91000,29859.41000,29819.29000,29834.54000,1364
2026.06.25,07:55,29834.79000,29834.91000,29806.91000,29823.11000,1125
2026.06.25,09:00,29820.61000,29904.79000,29820.61000,29827.61000,1349
2026.06.25,09:05,29827.86000,29833.36000,29800.04000,29808.66000,1072
2026.06.25,09:10,29808.91000,29843.16000,29807.91000,29810.29000,924
2026.06.25,09:15,29810.16000,29813.54000,29793.86000,29799.29000,818
2026.06.25,09:20,29798.91000,29827.16000,29793.86000,29800.91000,841
2026.06.25,09:25,29801.16000,29813.16000,29789.86000,29794.54000,779
2026.06.25,09:30,29794.79000,29813.66000,29794.41000,29801.79000,862
2026.06.25,09:35,29801.36000,29808.54000,29797.16000,29802.04000,663
2026.06.25,09:40,29801.86000,29817.16000,29790.86000,29809.54000,725
2026.06.25,09:45,29809.41000,29812.16000,29786.91000,29788.91000,604
2026.06.25,09:50,29788.66000,29805.16000,29788.66000,29793.41000,597
2026.06.25,09:55,29793.54000,29795.54000,29783.91000,29788.54000,504
2026.06.25,10:00,29788.41000,29808.79000,29784.66000,29801.66000,655
2026.06.25,10:05,29800.86000,29810.16000,29794.61000,29801.36000,619
2026.06.25,10:10,29801.29000,29817.29000,29788.54000,29796.86000,642
2026.06.25,10:15,29796.61000,29804.29000,29792.41000,29795.11000,540
2026.06.25,10:20,29795.79000,29818.04000,29795.11000,29814.86000,535
2026.06.25,10:25,29814.61000,29833.29000,29812.61000,29814.04000,579
2026.06.25,10:30,29814.29000,29831.29000,29812.61000,29830.29000,580
2026.06.25,10:35,29830.16000,29854.41000,29828.36000,29844.16000,710
2026.06.25,10:40,29843.79000,29859.04000,29836.29000,29852.54000,685
2026.06.25,10:45,29852.41000,29871.41000,29832.79000,29840.91000,1237
2026.06.25,10:50,29840.79000,29846.04000,29822.54000,29846.04000,859
2026.06.25,10:55,29845.54000,29850.79000,29826.04000,29833.04000,850
2026.06.25,11:00,29832.91000,29838.66000,29792.66000,29801.91000,1474
2026.06.25,11:05,29802.29000,29817.36000,29783.91000,29803.91000,1630
2026.06.25,11:10,29804.16000,29836.91000,29794.54000,29830.04000,1485
2026.06.25,11:15,29830.16000,29835.29000,29799.41000,29807.41000,1562
2026.06.25,11:20,29806.86000,29817.41000,29790.36000,29800.41000,1452
2026.06.25,11:25,29798.91000,29799.16000,29763.54000,29772.91000,1531
2026.06.25,11:30,29771.54000,29778.04000,29724.91000,29729.91000,1588
2026.06.25,11:35,29730.66000,29735.29000,29710.54000,29715.29000,1443
2026.06.25,11:40,29716.04000,29719.54000,29680.29000,29699.79000,1418
2026.06.25,11:45,29699.91000,29707.79000,29673.79000,29678.66000,1572
2026.06.25,11:50,29678.54000,29728.54000,29676.91000,29724.41000,1558
2026.06.25,11:55,29723.79000,29725.66000,29689.16000,29703.04000,1406
2026.06.25,12:00,29703.54000,29732.29000,29689.91000,29690.41000,1721
2026.06.25,12:05,29690.66000,29708.29000,29687.66000,29702.54000,1605
2026.06.25,12:10,29702.41000,29715.41000,29696.04000,29706.91000,1433
2026.06.25,12:15,29706.79000,29718.66000,29688.41000,29709.91000,1504
2026.06.25,12:20,29710.04000,29727.66000,29708.29000,29714.16000,1443
2026.06.25,12:25,29714.79000,29718.91000,29696.86000,29701.66000,1309
2026.06.25,12:30,29702.16000,29730.91000,29697.16000,29729.29000,1526
2026.06.25,12:35,29728.16000,29765.29000,29726.54000,29750.04000,1465
2026.06.25,12:40,29749.29000,29755.79000,29729.04000,29733.16000,1396
2026.06.25,12:45,29733.04000,29751.41000,29724.54000,29751.04000,1309
2026.06.25,12:50,29751.29000,29763.29000,29740.04000,29759.04000,1290
2026.06.25,12:55,29759.29000,29767.91000,29734.41000,29735.04000,1246
2026.06.25,13:00,29734.91000,29755.41000,29725.54000,29750.04000,1308
2026.06.25,13:05,29750.16000,29757.41000,29723.04000,29731.91000,1118
2026.06.25,13:10,29731.41000,29731.41000,29679.79000,29681.54000,1414
2026.06.25,13:15,29682.41000,29709.41000,29661.91000,29707.54000,1402
2026.06.25,13:20,29707.41000,29726.29000,29696.29000,29703.66000,1245
2026.06.25,13:25,29705.04000,29732.41000,29699.79000,29722.29000,1022
2026.06.25,13:30,29722.41000,29733.41000,29713.66000,29726.66000,1021
2026.06.25,13:35,29726.79000,29734.16000,29715.41000,29723.91000,923
2026.06.25,13:40,29724.16000,29726.79000,29704.04000,29711.41000,921
2026.06.25,13:45,29711.66000,29721.16000,29702.79000,29717.79000,918
2026.06.25,13:50,29717.91000,29730.91000,29707.41000,29728.29000,976
2026.06.25,13:55,29727.91000,29739.16000,29720.66000,29735.29000,894
2026.06.25,14:00,29736.66000,29757.41000,29729.54000,29747.91000,1053
2026.06.25,14:05,29748.29000,29759.16000,29742.54000,29743.41000,964
2026.06.25,14:10,29743.54000,29751.04000,29735.41000,29744.04000,991
2026.06.25,14:15,29744.66000,29764.41000,29719.36000,29761.54000,1098
2026.06.25,14:20,29761.66000,29775.29000,29753.91000,29767.41000,918
2026.06.25,14:25,29767.54000,29771.79000,29753.66000,29761.91000,878
2026.06.25,14:30,29761.41000,29781.29000,29756.16000,29760.41000,1071
2026.06.25,14:35,29760.16000,29761.91000,29741.66000,29754.04000,999
2026.06.25,14:40,29754.16000,29755.29000,29736.36000,29745.11000,922
2026.06.25,14:45,29747.16000,29770.04000,29741.16000,29767.41000,955
2026.06.25,14:50,29767.29000,29780.54000,29758.04000,29777.16000,769
2026.06.25,14:55,29777.29000,29780.54000,29767.79000,29770.54000,664
2026.06.25,15:00,29770.79000,29776.66000,29764.61000,29769.91000,774
2026.06.25,15:05,29769.79000,29779.66000,29768.04000,29778.66000,748
2026.06.25,15:10,29778.79000,29781.04000,29765.91000,29765.91000,802
2026.06.25,15:15,29766.16000,29773.04000,29749.41000,29763.54000,883
2026.06.25,15:20,29763.79000,29780.66000,29762.91000,29768.41000,829
2026.06.25,15:25,29767.91000,29768.29000,29754.66000,29756.16000,817
2026.06.25,15:30,29756.41000,29759.54000,29735.41000,29748.79000,936
2026.06.25,15:35,29748.66000,29766.91000,29737.41000,29763.29000,948
2026.06.25,15:40,29763.04000,29776.04000,29751.11000,29775.29000,859
2026.06.25,15:45,29775.41000,29786.79000,29770.16000,29777.16000,768
2026.06.25,15:50,29777.04000,29800.16000,29777.04000,29789.66000,642
2026.06.25,15:55,29789.79000,29790.91000,29770.61000,29777.41000,771
2026.06.25,16:00,29777.79000,29803.41000,29776.91000,29799.79000,935
2026.06.25,16:05,29799.91000,29810.91000,29799.41000,29807.79000,898
2026.06.25,16:10,29807.66000,29808.91000,29794.79000,29806.41000,848
2026.06.25,16:15,29806.91000,29813.91000,29798.66000,29801.16000,826
2026.06.25,16:20,29801.04000,29826.16000,29799.29000,29822.29000,805
2026.06.25,16:25,29821.91000,29834.29000,29816.91000,29830.41000,861
2026.06.25,16:30,29830.16000,29843.91000,29825.29000,29843.41000,1066
2026.06.25,16:35,29844.29000,29846.79000,29831.41000,29838.91000,1077
2026.06.25,16:40,29838.79000,29858.16000,29838.66000,29842.91000,955
2026.06.25,16:45,29842.66000,29844.79000,29825.04000,29836.41000,940
2026.06.25,16:50,29836.04000,29843.54000,29825.91000,29830.91000,780
2026.06.25,16:55,29830.66000,29833.29000,29819.91000,29826.04000,951
2026.06.25,17:00,29826.54000,29846.79000,29824.79000,29825.54000,988
2026.06.25,17:05,29826.04000,29842.91000,29814.79000,29838.04000,921
2026.06.25,17:10,29838.16000,29857.29000,29831.41000,29849.66000,964
2026.06.25,17:15,29849.16000,29863.29000,29844.91000,29859.41000,938
2026.06.25,17:20,29859.66000,29868.29000,29855.16000,29867.91000,824
2026.06.25,17:25,29867.79000,29867.79000,29845.29000,29847.79000,902
2026.06.25,17:30,29846.79000,29856.41000,29841.16000,29853.04000,1043
2026.06.25,17:35,29853.29000,29857.16000,29842.04000,29848.66000,740
2026.06.25,17:40,29848.54000,29852.66000,29835.54000,29841.66000,665
2026.06.25,17:45,29841.79000,29849.54000,29838.41000,29841.54000,614
2026.06.25,17:50,29841.41000,29856.41000,29837.54000,29840.66000,651
2026.06.25,17:55,29840.54000,29849.66000,29838.41000,29842.54000,664
2026.06.25,18:00,29842.66000,29863.04000,29842.66000,29858.29000,1119
2026.06.25,18:05,29858.41000,29875.16000,29858.29000,29868.54000,984
2026.06.25,18:10,29868.41000,29870.16000,29858.91000,29863.04000,842
2026.06.25,18:15,29863.16000,29895.29000,29863.16000,29892.41000,834
2026.06.25,18:20,29892.54000,29922.41000,29892.41000,29916.41000,873
2026.06.25,18:25,29917.91000,29923.04000,29904.04000,29908.66000,777
2026.06.25,18:30,29908.29000,29913.91000,29899.29000,29905.66000,744
2026.06.25,18:35,29905.41000,29909.04000,29886.29000,29908.66000,768
2026.06.25,18:40,29908.41000,29918.29000,29905.04000,29913.41000,762
2026.06.25,18:45,29913.16000,29914.91000,29900.16000,29905.16000,829
2026.06.25,18:50,29904.79000,29906.41000,29894.04000,29898.29000,742
2026.06.25,18:55,29899.41000,29918.41000,29891.79000,29918.04000,751
2026.06.25,19:00,29917.91000,29954.79000,29901.91000,29926.91000,1166
2026.06.25,19:05,29926.66000,29945.66000,29923.91000,29941.79000,1058
2026.06.25,19:10,29942.16000,29953.29000,29920.16000,29920.16000,834
2026.06.25,19:15,29920.91000,29922.16000,29898.41000,29907.91000,955
2026.06.25,19:20,29908.41000,29914.41000,29894.66000,29907.66000,897
2026.06.25,19:25,29907.91000,29922.16000,29897.54000,29906.54000,936
2026.06.25,19:30,29907.04000,29915.04000,29897.66000,29897.66000,895
2026.06.25,19:35,29897.41000,29920.04000,29896.16000,29917.16000,738
2026.06.25,19:40,29917.29000,29917.79000,29891.29000,29891.54000,797
2026.06.25,19:45,29891.79000,29893.04000,29876.79000,29881.54000,789
2026.06.25,19:50,29882.66000,29883.29000,29856.41000,29871.29000,756
2026.06.25,19:55,29871.16000,29875.79000,29847.66000,29857.29000,806
2026.06.25,20:00,29857.54000,29876.29000,29850.16000,29873.04000,904
2026.06.25,20:05,29872.91000,29888.29000,29869.41000,29870.91000,753
2026.06.25,20:10,29871.16000,29886.66000,29867.41000,29875.16000,787
2026.06.25,20:15,29874.91000,29887.41000,29857.41000,29858.91000,937
2026.06.25,20:20,29858.66000,29871.04000,29855.29000,29869.91000,766
2026.06.25,20:25,29870.04000,29879.91000,29862.16000,29874.54000,619
2026.06.25,20:30,29874.66000,29888.79000,29869.16000,29878.54000,723
2026.06.25,20:35,29878.79000,29892.91000,29874.61000,29891.91000,724
2026.06.25,20:40,29892.04000,29894.29000,29881.66000,29886.41000,621
2026.06.25,20:45,29887.29000,29888.54000,29878.04000,29887.04000,633
2026.06.25,20:50,29886.54000,29894.54000,29881.91000,29887.66000,661
2026.06.25,20:55,29887.54000,29888.16000,29866.04000,29869.04000,622
2026.06.25,21:00,29869.29000,29879.79000,29861.91000,29877.04000,716
2026.06.25,21:05,29876.91000,29888.29000,29869.54000,29888.04000,753
2026.06.25,21:10,29888.41000,29898.54000,29882.04000,29897.04000,683
2026.06.25,21:15,29896.91000,29905.91000,29891.04000,29899.16000,680
2026.06.25,21:20,29899.04000,29899.04000,29880.04000,29894.91000,727
2026.06.25,21:25,29894.66000,29905.54000,29889.91000,29900.91000,647
2026.06.25,21:30,29901.16000,29911.29000,29897.29000,29901.41000,837
2026.06.25,21:35,29901.54000,29921.79000,29893.66000,29909.54000,735
2026.06.25,21:40,29909.79000,29911.04000,29884.79000,29890.04000,778
2026.06.25,21:45,29889.79000,29898.79000,29877.16000,29898.54000,708
2026.06.25,21:50,29898.16000,29911.91000,29893.66000,29907.54000,588
2026.06.25,21:55,29907.79000,29912.66000,29886.79000,29896.54000,721
2026.06.25,22:00,29897.04000,29929.79000,29897.04000,29923.79000,1078
2026.06.25,22:05,29923.54000,29926.16000,29892.16000,29900.79000,906
2026.06.25,22:10,29901.29000,29911.79000,29888.91000,29889.91000,928
2026.06.25,22:15,29889.66000,29895.29000,29879.41000,29880.41000,847
2026.06.25,22:20,29880.54000,29882.91000,29852.79000,29853.16000,943
2026.06.25,22:25,29852.79000,29862.79000,29846.79000,29853.66000,867
2026.06.25,22:30,29853.54000,29860.54000,29836.16000,29849.66000,1086
2026.06.25,22:35,29850.04000,29864.16000,29845.79000,29860.16000,910
2026.06.25,22:40,29860.04000,29875.16000,29856.66000,29867.79000,833
2026.06.25,22:45,29867.54000,29887.54000,29866.04000,29869.29000,870
2026.06.25,22:50,29869.16000,29877.79000,29855.41000,29857.04000,1003
2026.06.25,22:55,29856.91000,29871.29000,29851.66000,29867.79000,941
2026.06.25,23:00,29867.66000,29881.29000,29857.79000,29881.29000,1004
2026.06.25,23:05,29881.41000,29918.29000,29880.66000,29904.66000,989
2026.06.25,23:10,29905.29000,29906.79000,29870.29000,29878.04000,939
2026.06.25,23:15,29877.29000,29890.29000,29864.16000,29869.91000,925
2026.06.25,23:20,29869.66000,29875.79000,29854.16000,29873.79000,1095
2026.06.25,23:25,29873.91000,29881.16000,29863.79000,29868.61000,857
2026.06.25,23:30,29867.11000,29998.61000,29862.86000,29942.91000,1831
2026.06.25,23:35,29943.41000,29971.29000,29922.11000,29934.04000,1697
2026.06.25,23:40,29935.66000,29951.41000,29913.04000,29929.79000,1524
2026.06.25,23:45,29930.16000,29963.66000,29925.54000,29945.04000,1437
2026.06.25,23:50,29945.54000,29957.91000,29941.86000,29950.79000,1199
2026.06.25,23:55,29950.16000,29952.29000,29928.41000,29938.66000,1125
2026.06.26,00:00,29938.91000,29951.29000,29909.16000,29914.54000,1493
2026.06.26,00:05,29913.54000,29916.66000,29890.11000,29892.66000,1339
2026.06.26,00:10,29892.16000,29904.41000,29880.79000,29900.79000,1216
2026.06.26,00:15,29900.66000,29901.79000,29873.66000,29880.54000,1279
2026.06.26,00:20,29879.91000,29889.29000,29868.66000,29877.79000,1263
2026.06.26,00:25,29889.16000,29915.79000,29884.04000,29888.91000,1506
2026.06.26,00:30,29883.61000,29928.56000,29777.69000,29795.69000,2545
2026.06.26,00:35,29795.56000,29826.69000,29730.19000,29734.06000,2494
2026.06.26,00:40,29734.44000,29747.44000,29484.31000,29504.69000,2488
2026.06.26,00:45,29504.56000,29552.44000,29267.44000,29373.81000,2605
2026.06.26,00:50,29373.94000,29419.19000,29145.06000,29158.06000,2593
2026.06.26,00:55,29160.69000,29199.06000,29035.61000,29051.86000,2601
2026.06.26,01:00,29056.44000,29278.94000,29048.11000,29223.94000,2530
2026.06.26,01:05,29224.61000,29351.31000,29222.06000,29342.06000,2526
2026.06.26,01:10,29341.69000,29426.81000,29279.86000,29284.69000,2516
2026.06.26,01:15,29286.06000,29352.61000,29215.56000,29348.56000,2519
2026.06.26,01:20,29347.81000,29422.56000,29261.36000,29306.31000,2543
2026.06.26,01:25,29310.06000,29373.86000,29288.61000,29324.44000,2469
2026.06.26,01:30,29321.44000,29452.81000,29321.19000,29404.94000,2514
2026.06.26,01:35,29405.31000,29445.69000,29345.81000,29434.31000,2439
2026.06.26,01:40,29436.19000,29447.94000,29301.56000,29341.56000,2439
2026.06.26,01:45,29342.44000,29421.31000,29300.56000,29409.06000,2437
2026.06.26,01:50,29406.19000,29512.06000,29383.69000,29508.06000,2398
2026.06.26,01:55,29507.19000,29508.81000,29351.06000,29370.61000,2339
2026.06.26,02:00,29370.86000,29467.56000,29346.31000,29464.31000,2341
2026.06.26,02:05,29464.19000,29481.81000,29362.31000,29380.69000,2352
2026.06.26,02:10,29381.19000,29396.06000,29249.94000,29270.56000,2375
2026.06.26,02:15,29272.81000,29344.94000,29200.06000,29327.81000,2445
2026.06.26,02:20,29326.56000,29403.94000,29280.31000,29382.19000,2352
2026.06.26,02:25,29382.69000,29382.69000,29321.31000,29351.06000,2275
2026.06.26,02:30,29350.81000,29429.56000,29342.61000,29357.61000,2218
2026.06.26,02:35,29357.61000,29417.06000,29357.61000,29378.44000,2217
2026.06.26,02:40,29378.81000,29438.56000,29369.81000,29432.31000,2224
2026.06.26,02:45,29432.11000,29498.31000,29406.81000,29415.69000,2263
2026.06.26,02:50,29416.19000,29450.94000,29390.44000,29436.69000,2164
2026.06.26,02:55,29435.94000,29451.56000,29389.94000,29397.94000,2130
2026.06.26,03:00,29397.06000,29425.69000,29381.94000,29422.44000,2160
2026.06.26,03:05,29422.56000,29533.69000,29414.31000,29527.94000,2243
2026.06.26,03:10,29528.06000,29580.94000,29518.81000,29563.06000,2230
2026.06.26,03:15,29563.81000,29608.31000,29548.44000,29556.81000,2195
2026.06.26,03:20,29557.31000,29574.56000,29481.19000,29497.94000,2240
2026.06.26,03:25,29498.19000,29508.06000,29470.69000,29500.94000,2096
2026.06.26,03:30,29500.81000,29504.56000,29411.94000,29448.19000,2213
2026.06.26,03:35,29446.94000,29471.81000,29410.69000,29420.81000,2124
2026.06.26,03:40,29422.44000,29434.56000,29375.81000,29388.56000,2179
2026.06.26,03:45,29386.44000,29443.69000,29323.94000,29436.44000,2250
2026.06.26,03:50,29437.19000,29452.31000,29400.81000,29425.81000,2082
2026.06.26,03:55,29426.69000,29430.44000,29385.81000,29418.56000,1974
2026.06.26,04:00,29419.06000,29454.06000,29416.11000,29424.94000,1774
2026.06.26,04:05,29425.81000,29452.44000,29409.69000,29443.06000,2015
2026.06.26,04:10,29444.19000,29515.81000,29444.19000,29486.56000,2103
2026.06.26,04:15,29485.94000,29548.19000,29437.69000,29438.44000,2128
2026.06.26,04:20,29438.94000,29481.19000,29411.56000,29472.31000,2084
2026.06.26,04:25,29471.81000,29516.56000,29463.81000,29502.56000,2027
2026.06.26,04:30,29502.19000,29516.19000,29457.44000,29470.44000,2068
2026.06.26,04:35,29470.56000,29510.69000,29466.44000,29505.94000,1969
2026.06.26,04:40,29505.69000,29534.94000,29464.31000,29472.81000,2000
2026.06.26,04:45,29473.06000,29474.81000,29419.94000,29432.19000,2075
2026.06.26,04:50,29431.69000,29496.94000,29419.44000,29483.94000,2147
2026.06.26,04:55,29482.94000,29540.06000,29462.81000,29531.69000,2164
2026.06.26,05:00,29531.19000,29538.19000,29416.36000,29445.19000,2259
2026.06.26,05:05,29447.06000,29547.19000,29430.56000,29535.31000,2202
2026.06.26,05:10,29535.69000,29554.31000,29488.56000,29510.31000,2142
2026.06.26,05:15,29510.06000,29605.69000,29484.81000,29574.81000,2182
2026.06.26,05:20,29573.69000,29595.06000,29528.06000,29562.56000,2048
2026.06.26,05:25,29562.44000,29627.81000,29562.44000,29614.94000,1984
2026.06.26,05:30,29614.06000,29614.69000,29502.81000,29506.56000,2155
2026.06.26,05:35,29506.81000,29543.06000,29479.81000,29527.19000,2048
2026.06.26,05:40,29525.81000,29538.19000,29491.86000,29527.31000,1898
2026.06.26,05:45,29526.81000,29526.81000,29441.36000,29502.69000,2088
2026.06.26,05:50,29501.44000,29548.81000,29489.19000,29507.44000,2049
2026.06.26,05:55,29508.19000,29531.81000,29488.56000,29511.19000,1912
2026.06.26,06:00,29510.69000,29514.19000,29428.19000,29431.31000,1970
2026.06.26,06:05,29430.94000,29457.19000,29413.81000,29443.44000,2009
2026.06.26,06:10,29442.94000,29451.19000,29399.06000,29409.31000,2047
2026.06.26,06:15,29407.69000,29417.44000,29363.81000,29389.19000,2179
2026.06.26,06:20,29389.44000,29412.44000,29372.94000,29409.19000,2150
2026.06.26,06:25,29409.94000,29435.69000,29390.31000,29419.56000,2055
2026.06.26,06:30,29419.81000,29425.69000,29367.56000,29404.81000,2149
2026.06.26,06:35,29404.06000,29404.31000,29357.86000,29383.69000,2047
2026.06.26,06:40,29383.44000,29424.81000,29365.81000,29410.44000,2127
2026.06.26,06:45,29412.31000,29418.56000,29372.31000,29389.61000,2080
2026.06.26,06:50,29389.86000,29443.31000,29353.31000,29430.31000,2251
2026.06.26,06:55,29432.31000,29487.81000,29419.31000,29487.81000,2257
2026.06.26,07:00,29487.04000,29655.61000,29487.04000,29574.66000,2052
2026.06.26,07:05,29574.79000,29586.41000,29542.91000,29545.04000,1374
2026.06.26,07:10,29544.29000,29550.41000,29533.16000,29542.79000,1178
2026.06.26,07:15,29543.41000,29574.79000,29541.29000,29571.54000,1111
2026.06.26,07:20,29571.41000,29604.54000,29567.16000,29579.54000,1176
2026.06.26,07:25,29579.66000,29582.91000,29551.61000,29556.29000,979
2026.06.26,07:30,29556.41000,29560.29000,29516.91000,29538.91000,929
2026.06.26,07:35,29538.79000,29542.29000,29509.36000,29512.66000,692
2026.06.26,07:40,29512.79000,29525.16000,29507.61000,29515.04000,567
2026.06.26,07:45,29514.79000,29517.29000,29498.66000,29504.66000,564
2026.06.26,07:50,29503.86000,29506.29000,29490.29000,29495.79000,455
2026.06.26,07:55,29495.91000,29503.41000,29487.66000,29497.23000,500
2026.06.26,09:00,29487.50000,29506.75000,29443.50000,29446.75000,1127
2026.06.26,09:05,29445.88000,29446.25000,29412.13000,29413.13000,809
2026.06.26,09:10,29413.50000,29413.50000,29371.38000,29392.50000,927
2026.06.26,09:15,29393.38000,29430.88000,29383.20000,29390.13000,863
2026.06.26,09:20,29390.25000,29410.20000,29373.45000,29405.50000,866
2026.06.26,09:25,29404.63000,29404.63000,29362.95000,29363.25000,884
2026.06.26,09:30,29364.20000,29390.45000,29352.45000,29388.70000,815
2026.06.26,09:35,29389.20000,29412.50000,29385.95000,29395.75000,799
2026.06.26,09:40,29395.50000,29413.50000,29392.50000,29407.50000,625
2026.06.26,09:45,29406.95000,29413.88000,29387.45000,29398.13000,652
2026.06.26,09:50,29398.25000,29429.75000,29392.38000,29429.75000,616
2026.06.26,09:55,29430.63000,29433.63000,29414.45000,29425.75000,626
2026.06.26,10:00,29424.88000,29433.38000,29422.88000,29430.75000,509
2026.06.26,10:05,29430.88000,29434.00000,29417.00000,29421.75000,490
2026.06.26,10:10,29421.88000,29490.00000,29421.00000,29488.88000,817
2026.06.26,10:15,29490.13000,29592.25000,29480.25000,29580.45000,1160
2026.06.26,10:20,29581.45000,29624.70000,29577.20000,29606.75000,1215
2026.06.26,10:25,29607.20000,29637.45000,29606.95000,29612.70000,937
2026.06.26,10:30,29613.20000,29625.00000,29590.88000,29593.13000,902
2026.06.26,10:35,29592.63000,29595.63000,29557.13000,29561.00000,921
2026.06.26,10:40,29560.20000,29560.20000,29509.50000,29510.75000,914
2026.06.26,10:45,29509.70000,29509.70000,29456.20000,29458.20000,1339
2026.06.26,10:50,29457.45000,29457.45000,29426.00000,29442.95000,1106
2026.06.26,10:55,29442.45000,29453.00000,29413.50000,29453.00000,1207
2026.06.26,11:00,29452.20000,29495.88000,29429.50000,29482.95000,1877
2026.06.26,11:05,29484.70000,29517.75000,29477.00000,29512.20000,1860
2026.06.26,11:10,29513.25000,29514.75000,29467.70000,29497.25000,1819
2026.06.26,11:15,29497.95000,29513.50000,29468.63000,29469.38000,1761
2026.06.26,11:20,29469.50000,29486.50000,29450.95000,29451.25000,1765
2026.06.26,11:25,29451.38000,29457.50000,29397.25000,29455.13000,1894
2026.06.26,11:30,29455.00000,29459.75000,29395.25000,29405.70000,1902
2026.06.26,11:35,29406.00000,29428.63000,29390.88000,29421.75000,1821
2026.06.26,11:40,29420.95000,29441.88000,29408.13000,29414.13000,1740
2026.06.26,11:45,29414.50000,29442.00000,29410.20000,29416.95000,1709
2026.06.26,11:50,29416.63000,29440.50000,29393.70000,29398.13000,1641
2026.06.26,11:55,29397.25000,29407.38000,29363.75000,29381.88000,1641
2026.06.26,12:00,29382.88000,29422.75000,29355.50000,29357.63000,1852
2026.06.26,12:05,29358.25000,29367.50000,29312.25000,29358.88000,1809
2026.06.26,12:10,29359.45000,29402.13000,29359.45000,29381.50000,1693
2026.06.26,12:15,29381.38000,29420.50000,29377.38000,29408.45000,1618
2026.06.26,12:20,29408.70000,29419.25000,29390.95000,29397.45000,1271
2026.06.26,12:25,29397.20000,29399.00000,29350.70000,29359.25000,1320
2026.06.26,12:30,29359.95000,29366.75000,29289.13000,29299.70000,1635
2026.06.26,12:35,29298.70000,29312.50000,29279.45000,29297.70000,1534
2026.06.26,12:40,29297.45000,29300.50000,29252.20000,29255.20000,1394
2026.06.26,12:45,29255.20000,29282.88000,29229.70000,29277.20000,1582
2026.06.26,12:50,29278.20000,29283.13000,29238.70000,29241.20000,1423
2026.06.26,12:55,29241.20000,29250.13000,29208.70000,29238.70000,1358
2026.06.26,13:00,29240.00000,29250.45000,29216.20000,29219.20000,1417
2026.06.26,13:05,29218.20000,29251.75000,29218.20000,29224.45000,1331
2026.06.26,13:10,29223.70000,29226.95000,29190.00000,29199.25000,1433
2026.06.26,13:15,29197.95000,29213.13000,29174.75000,29176.13000,1434
2026.06.26,13:20,29176.50000,29188.50000,29147.38000,29147.50000,1424
2026.06.26,13:25,29147.63000,29170.88000,29140.70000,29162.50000,1374
2026.06.26,13:30,29162.45000,29176.63000,29122.70000,29138.13000,1375
2026.06.26,13:35,29137.00000,29143.50000,29087.95000,29116.95000,1376
2026.06.26,13:40,29116.95000,29117.88000,29077.75000,29093.95000,1326
2026.06.26,13:45,29093.45000,29094.00000,29043.25000,29050.88000,1442
2026.06.26,13:50,29052.13000,29068.95000,29007.45000,29009.25000,1432
2026.06.26,13:55,29009.38000,29018.63000,28977.20000,29011.50000,1480
2026.06.26,14:00,29011.95000,29015.45000,28966.95000,28987.38000,1421
2026.06.26,14:05,28987.88000,28994.38000,28967.45000,28973.88000,1442
2026.06.26,14:10,28974.50000,29014.75000,28966.88000,29001.00000,1419
2026.06.26,14:15,28999.00000,29013.75000,28992.70000,29009.88000,1189
2026.06.26,14:20,29009.00000,29012.50000,28975.88000,28990.38000,1165
2026.06.26,14:25,28990.13000,29009.00000,28984.63000,28995.25000,1132
2026.06.26,14:30,28994.70000,28995.75000,28961.20000,28967.70000,1466
2026.06.26,14:35,28968.25000,28968.25000,28908.70000,28953.70000,1373
2026.06.26,14:40,28955.25000,29002.13000,28944.70000,29002.13000,1589
2026.06.26,14:45,29001.75000,29013.25000,28986.75000,28991.45000,1580
2026.06.26,14:50,28991.95000,29070.75000,28990.20000,29069.38000,1552
2026.06.26,14:55,29068.38000,29115.38000,29059.70000,29112.25000,1531
2026.06.26,15:00,29116.75000,29122.63000,29092.38000,29098.00000,1572
2026.06.26,15:05,29097.95000,29119.25000,29073.45000,29102.50000,1461
2026.06.26,15:10,29101.25000,29123.00000,29098.20000,29105.70000,1459
2026.06.26,15:15,29104.95000,29132.00000,29099.70000,29105.45000,1339
2026.06.26,15:20,29105.45000,29112.50000,29057.70000,29057.70000,1214
2026.06.26,15:25,29057.45000,29072.50000,29024.20000,29069.70000,1366
2026.06.26,15:30,29070.25000,29090.50000,29036.75000,29039.25000,1161
2026.06.26,15:35,29039.13000,29048.75000,29027.45000,29032.13000,1251
2026.06.26,15:40,29032.50000,29055.50000,29025.00000,29050.75000,1245
2026.06.26,15:45,29051.50000,29052.00000,29016.38000,29020.88000,1179
2026.06.26,15:50,29021.25000,29030.75000,28999.38000,29019.70000,1210
2026.06.26,15:55,29020.25000,29020.25000,29002.88000,29016.63000,1219
2026.06.26,16:00,29018.00000,29047.70000,29006.45000,29011.45000,1457
2026.06.26,16:05,29011.70000,29049.20000,29002.50000,29031.50000,1346
2026.06.26,16:10,29030.88000,29096.95000,29029.88000,29096.50000,1205
2026.06.26,16:15,29096.63000,29110.00000,29079.45000,29087.75000,1397
2026.06.26,16:20,29087.88000,29093.63000,29062.20000,29073.95000,1230
2026.06.26,16:25,29073.70000,29127.38000,29073.45000,29115.75000,1242
2026.06.26,16:30,29115.63000,29155.75000,29115.50000,29147.50000,1326
2026.06.26,16:35,29147.38000,29155.25000,29104.45000,29108.25000,1457
2026.06.26,16:40,29108.00000,29108.75000,29058.70000,29063.50000,1309
2026.06.26,16:45,29062.45000,29079.45000,29046.75000,29078.45000,1229
2026.06.26,16:50,29078.45000,29109.88000,29075.70000,29097.75000,1183
2026.06.26,16:55,29097.50000,29099.75000,29072.38000,29072.38000,1157
2026.06.26,17:00,29072.50000,29087.88000,29062.88000,29065.50000,1285
2026.06.26,17:05,29065.75000,29067.75000,29037.25000,29040.70000,1275
2026.06.26,17:10,29040.45000,29076.63000,29036.25000,29070.75000,1437
2026.06.26,17:15,29070.95000,29097.88000,29070.00000,29070.63000,1297
2026.06.26,17:20,29070.88000,29118.25000,29069.45000,29111.70000,1327
2026.06.26,17:25,29111.45000,29144.88000,29099.25000,29140.00000,1428
2026.06.26,17:30,29141.63000,29163.75000,29126.63000,29154.88000,1415
2026.06.26,17:35,29154.38000,29173.38000,29153.50000,29164.25000,1064
2026.06.26,17:40,29163.75000,29203.75000,29149.70000,29200.88000,907
2026.06.26,17:45,29201.00000,29235.88000,29194.75000,29221.63000,942
2026.06.26,17:50,29221.00000,29269.50000,29197.20000,29264.63000,998
2026.06.26,17:55,29264.00000,29281.50000,29238.95000,29249.20000,1017
2026.06.26,18:00,29250.13000,29262.45000,29200.20000,29201.75000,1310
2026.06.26,18:05,29201.70000,29214.88000,29182.20000,29182.20000,1071
2026.06.26,18:10,29182.00000,29235.00000,29182.00000,29232.50000,1143
2026.06.26,18:15,29231.88000,29276.20000,29224.75000,29252.25000,1158
2026.06.26,18:20,29251.95000,29273.75000,29232.95000,29271.50000,982
2026.06.26,18:25,29271.45000,29284.50000,29242.20000,29282.95000,1107
2026.06.26,18:30,29282.95000,29309.13000,29281.45000,29289.25000,1021
2026.06.26,18:35,29289.38000,29299.50000,29270.70000,29293.45000,997
2026.06.26,18:40,29293.70000,29294.75000,29253.38000,29254.25000,897
2026.06.26,18:45,29254.00000,29264.13000,29242.38000,29257.75000,954
2026.06.26,18:50,29257.25000,29289.75000,29254.25000,29285.50000,940
2026.06.26,18:55,29286.13000,29288.13000,29267.70000,29273.25000,696
2026.06.26,19:00,29273.38000,29303.13000,29229.45000,29229.75000,1269
2026.06.26,19:05,29229.50000,29259.50000,29205.13000,29239.13000,1258
2026.06.26,19:10,29239.25000,29246.38000,29209.75000,29215.70000,1179
2026.06.26,19:15,29216.20000,29244.63000,29208.38000,29214.70000,1085
2026.06.26,19:20,29214.75000,29243.88000,29203.95000,29240.70000,943
2026.06.26,19:25,29241.00000,29259.00000,29232.95000,29249.50000,1201
2026.06.26,19:30,29248.70000,29251.25000,29202.88000,29211.50000,1079
2026.06.26,19:35,29211.00000,29227.38000,29200.45000,29212.50000,1065
2026.06.26,19:40,29212.13000,29229.25000,29190.70000,29192.95000,944
2026.06.26,19:45,29193.25000,29196.50000,29158.13000,29159.88000,950
2026.06.26,19:50,29160.38000,29168.75000,29130.38000,29132.13000,1020
2026.06.26,19:55,29131.50000,29150.00000,29111.00000,29146.25000,1238
2026.06.26,20:00,29145.75000,29150.50000,29118.20000,29127.38000,1179
2026.06.26,20:05,29127.25000,29151.63000,29122.45000,29130.50000,1056
2026.06.26,20:10,29129.75000,29155.25000,29110.95000,29146.50000,1003
2026.06.26,20:15,29146.38000,29157.63000,29113.20000,29130.45000,1151
2026.06.26,20:20,29130.50000,29132.00000,29091.20000,29103.75000,1123
2026.06.26,20:25,29101.45000,29129.50000,29099.20000,29124.75000,921
2026.06.26,20:30,29124.88000,29131.25000,29101.75000,29128.20000,928
2026.06.26,20:35,29129.00000,29154.13000,29124.45000,29143.63000,950
2026.06.26,20:40,29143.50000,29190.88000,29143.20000,29168.50000,956
2026.06.26,20:45,29168.63000,29190.63000,29162.38000,29175.63000,1060
2026.06.26,20:50,29176.00000,29179.75000,29136.38000,29136.75000,942
2026.06.26,20:55,29137.13000,29137.75000,29111.95000,29116.63000,990
2026.06.26,21:00,29117.25000,29122.88000,29064.70000,29079.95000,1235
2026.06.26,21:05,29080.20000,29124.75000,29075.45000,29124.75000,900
2026.06.26,21:10,29125.75000,29142.50000,29114.38000,29132.25000,791
2026.06.26,21:15,29132.38000,29145.88000,29108.50000,29108.75000,816
2026.06.26,21:20,29108.45000,29114.00000,29090.45000,29096.20000,837
2026.06.26,21:25,29096.00000,29123.70000,29092.20000,29119.45000,776
2026.06.26,21:30,29119.45000,29133.20000,29107.45000,29121.20000,865
2026.06.26,21:35,29121.20000,29122.75000,29088.20000,29090.20000,873
2026.06.26,21:40,29089.95000,29109.95000,29087.20000,29101.20000,864
2026.06.26,21:45,29101.20000,29118.63000,29093.95000,29109.70000,789
2026.06.26,21:50,29109.95000,29119.25000,29089.70000,29113.25000,892
2026.06.26,21:55,29112.70000,29120.00000,29095.70000,29108.70000,897
2026.06.26,22:00,29107.95000,29149.45000,29098.45000,29137.50000,1169
2026.06.26,22:05,29137.88000,29153.88000,29123.45000,29144.45000,984
2026.06.26,22:10,29143.95000,29172.00000,29134.45000,29149.45000,1034
2026.06.26,22:15,29149.70000,29149.70000,29124.63000,29127.50000,1056
2026.06.26,22:20,29127.38000,29138.25000,29104.00000,29120.13000,993
2026.06.26,22:25,29120.50000,29129.75000,29109.25000,29116.38000,936
2026.06.26,22:30,29116.50000,29125.75000,29106.50000,29114.63000,1030
2026.06.26,22:35,29115.00000,29144.38000,29108.13000,29126.50000,1019
2026.06.26,22:40,29126.25000,29144.00000,29109.20000,29110.75000,1041
2026.06.26,22:45,29110.50000,29125.00000,29101.38000,29114.88000,959
2026.06.26,22:50,29114.75000,29116.00000,29051.63000,29055.88000,1103
2026.06.26,22:55,29056.25000,29102.00000,29055.50000,29097.00000,1032
2026.06.26,23:00,29096.88000,29133.13000,29084.38000,29127.38000,1187
2026.06.26,23:05,29127.88000,29166.88000,29127.13000,29159.75000,1287
2026.06.26,23:10,29160.00000,29184.13000,29143.63000,29166.00000,1130
2026.06.26,23:15,29165.75000,29195.50000,29150.95000,29157.50000,1383
2026.06.26,23:20,29157.75000,29165.50000,29122.50000,29122.63000,1217
2026.06.26,23:25,29122.50000,29145.38000,29120.75000,29142.25000,1153
2026.06.26,23:30,29140.95000,29152.00000,29115.13000,29118.75000,1130
2026.06.26,23:35,29118.63000,29123.38000,29082.13000,29089.25000,1301
2026.06.26,23:40,29089.00000,29095.50000,29066.63000,29069.38000,1322
2026.06.26,23:45,29069.63000,29084.50000,29057.75000,29073.50000,1133
2026.06.26,23:50,29073.25000,29092.50000,29045.13000,29083.00000,1395
2026.06.26,23:55,29084.25000,29089.38000,29059.63000,29061.88000,1284
2026.06.27,00:00,29063.00000,29069.13000,29021.88000,29032.13000,1484
2026.06.27,00:05,29031.88000,29039.50000,29005.88000,29009.13000,1381
2026.06.27,00:10,29008.50000,29036.38000,28995.88000,29025.63000,1487
2026.06.27,00:15,29025.25000,29032.88000,28958.50000,29003.45000,1698
2026.06.27,00:20,29004.25000,29053.38000,28997.00000,29045.88000,1710
2026.06.27,00:25,29043.45000,29109.20000,29042.00000,29108.38000,1643
2026.06.27,00:30,29102.65000,29117.15000,28930.03000,28977.53000,2529
2026.06.27,00:35,28981.40000,29095.78000,28977.40000,28987.40000,2555
2026.06.27,00:40,28988.03000,29111.53000,28965.95000,29089.78000,2509
2026.06.27,00:45,29087.78000,29096.65000,28982.45000,29013.90000,2509
2026.06.27,00:50,29013.53000,29094.53000,29006.20000,29072.20000,2442
2026.06.27,00:55,29073.03000,29210.28000,29047.78000,29187.20000,2413
2026.06.27,01:00,29188.70000,29286.90000,29164.95000,29282.15000,2405
2026.06.27,01:05,29280.65000,29331.40000,29256.70000,29317.53000,2358
2026.06.27,01:10,29315.28000,29351.53000,29252.90000,29336.40000,2379
2026.06.27,01:15,29334.65000,29348.90000,29269.95000,29274.28000,2342
2026.06.27,01:20,29274.53000,29409.65000,29267.78000,29351.15000,2331
2026.06.27,01:25,29352.15000,29383.53000,29315.40000,29339.40000,2277
2026.06.27,01:30,29340.53000,29364.28000,29279.40000,29331.40000,2312
2026.06.27,01:35,29332.15000,29334.65000,29228.78000,29235.15000,2263
2026.06.27,01:40,29235.28000,29301.78000,29203.28000,29238.78000,2288
2026.06.27,01:45,29241.03000,29313.15000,29234.15000,29277.78000,2264
2026.06.27,01:50,29277.65000,29326.15000,29237.95000,29267.40000,2245
2026.06.27,01:55,29266.40000,29289.40000,29214.65000,29249.15000,2244
2026.06.27,02:00,29253.40000,29299.28000,29247.95000,29257.65000,2232
2026.06.27,02:05,29258.53000,29283.03000,29215.53000,29272.53000,2241
2026.06.27,02:10,29272.28000,29282.03000,29185.78000,29192.03000,2233
2026.06.27,02:15,29193.28000,29265.03000,29156.53000,29250.78000,2231
2026.06.27,02:20,29250.28000,29307.40000,29228.90000,29305.40000,2228
2026.06.27,02:25,29305.28000,29339.40000,29286.53000,29338.90000,2244
2026.06.27,02:30,29338.28000,29405.53000,29314.78000,29329.03000,2260
2026.06.27,02:35,29329.53000,29420.90000,29329.53000,29412.40000,2189
2026.06.27,02:40,29411.28000,29462.40000,29390.45000,29444.03000,2152
2026.06.27,02:45,29443.78000,29451.78000,29370.40000,29371.40000,2110
2026.06.27,02:50,29371.90000,29411.03000,29278.20000,29306.78000,2218
2026.06.27,02:55,29306.28000,29395.40000,29294.90000,29367.28000,2129
2026.06.27,03:00,29367.03000,29372.78000,29329.40000,29355.03000,2093
2026.06.27,03:05,29355.78000,29362.03000,29287.40000,29294.28000,2089
2026.06.27,03:10,29293.65000,29311.15000,29266.78000,29301.90000,2099
2026.06.27,03:15,29300.90000,29331.53000,29282.78000,29304.65000,2092
2026.06.27,03:20,29304.15000,29317.03000,29241.90000,29287.28000,2117
2026.06.27,03:25,29288.03000,29325.03000,29283.78000,29305.65000,2004
2026.06.27,03:30,29305.20000,29382.53000,29305.20000,29381.03000,2058
2026.06.27,03:35,29381.65000,29389.03000,29351.78000,29353.78000,1907
2026.06.27,03:40,29354.15000,29377.03000,29342.03000,29345.28000,1915
2026.06.27,03:45,29344.90000,29366.40000,29333.90000,29358.15000,2007
2026.06.27,03:50,29358.40000,29391.28000,29352.53000,29372.78000,1915
2026.06.27,03:55,29373.40000,29373.78000,29348.28000,29358.65000,1894
2026.06.27,04:00,29358.78000,29404.15000,29341.78000,29390.90000,1979
2026.06.27,04:05,29390.15000,29439.78000,29384.40000,29435.65000,1857
2026.06.27,04:10,29435.78000,29446.28000,29392.90000,29398.53000,1891
2026.06.27,04:15,29400.03000,29403.03000,29342.70000,29351.28000,1873
2026.06.27,04:20,29351.65000,29371.53000,29326.53000,29342.15000,1889
2026.06.27,04:25,29341.78000,29397.53000,29322.65000,29381.15000,1936
2026.06.27,04:30,29381.03000,29422.53000,29362.53000,29367.78000,2052
2026.06.27,04:35,29367.65000,29367.90000,29326.53000,29330.28000,1901
2026.06.27,04:40,29330.15000,29356.40000,29307.15000,29344.28000,1993
2026.06.27,04:45,29344.78000,29359.40000,29316.53000,29318.78000,1834
2026.06.27,04:50,29319.40000,29342.03000,29313.65000,29323.15000,1797
2026.06.27,04:55,29322.65000,29323.78000,29282.53000,29291.28000,1847
2026.06.27,05:00,29294.03000,29317.03000,29288.40000,29307.65000,1915
2026.06.27,05:05,29305.40000,29328.78000,29283.03000,29294.03000,1932
2026.06.27,05:10,29292.78000,29301.40000,29272.15000,29286.40000,1879
2026.06.27,05:15,29285.78000,29296.53000,29236.53000,29247.65000,1949
2026.06.27,05:20,29247.78000,29268.65000,29236.65000,29250.28000,1921
2026.06.27,05:25,29249.40000,29264.40000,29204.03000,29208.90000,1880
2026.06.27,05:30,29209.15000,29258.78000,29202.15000,29247.40000,1973
2026.06.27,05:35,29247.65000,29249.90000,29208.28000,29221.28000,1863
2026.06.27,05:40,29220.65000,29239.65000,29208.65000,29221.40000,1757
2026.06.27,05:45,29221.03000,29221.03000,29174.15000,29189.15000,1931
2026.06.27,05:50,29189.53000,29190.03000,29164.53000,29176.65000,1875
2026.06.27,05:55,29177.03000,29201.53000,29136.03000,29162.15000,2005
2026.06.27,06:00,29162.78000,29188.53000,29150.40000,29151.65000,2031
2026.06.27,06:05,29152.78000,29233.15000,29143.15000,29224.15000,2106
2026.06.27,06:10,29223.03000,29251.40000,29207.28000,29248.28000,1982
2026.06.27,06:15,29248.15000,29250.40000,29218.15000,29234.78000,1973
2026.06.27,06:20,29235.03000,29250.28000,29167.20000,29191.15000,2007
2026.06.27,06:25,29192.15000,29209.28000,29185.03000,29198.53000,2062
2026.06.27,06:30,29200.20000,29244.90000,29176.78000,29235.28000,2070
2026.06.27,06:35,29235.03000,29255.90000,29212.28000,29213.15000,1968
2026.06.27,06:40,29212.78000,29290.40000,29212.28000,29284.03000,2046
2026.06.27,06:45,29284.78000,29315.90000,29257.03000,29264.65000,2114
2026.06.27,06:50,29273.20000,29273.20000,29169.03000,29199.70000,2316
2026.06.27,06:55,29198.20000,29214.90000,29031.45000,29053.45000,2345
2026.06.27,07:00,29065.00000,29147.45000,29014.45000,29045.20000,2172
2026.06.27,07:05,29046.70000,29074.75000,29023.70000,29050.45000,1800
2026.06.27,07:10,29051.38000,29102.88000,29043.45000,29097.88000,1579
2026.06.27,07:15,29101.50000,29122.88000,29086.00000,29101.75000,1392
2026.06.27,07:20,29101.63000,29125.13000,29092.25000,29118.38000,1193
2026.06.27,07:25,29118.50000,29129.63000,29087.25000,29088.63000,1211
2026.06.27,07:30,29087.63000,29094.63000,29020.70000,29057.00000,1560
2026.06.27,07:35,29056.63000,29070.63000,29017.00000,29036.63000,1279
2026.06.27,07:40,29036.88000,29037.75000,29003.50000,29017.95000,1230
2026.06.29,12:30,29207.63000,29210.38000,29202.45000,29202.70000,25
2026.06.29,14:50,29322.63000,29331.00000,29319.70000,29324.70000,171
