2024.01.05,15:15,16522.84,16532.35,16441.33,16507.83,5040
2024.01.05,16:15,16508.34,16632.83,16507.33,16597.83,6491
2024.01.05,17:15,16598.35,16614.85,16566.83,16587.83,5445
2024.01.05,18:15,16587.35,16598.85,16504.33,16522.35,4002
2024.01.05,19:15,16523.35,16528.34,16485.33,16487.33,3672
2024.01.05,20:15,16487.84,16530.35,16482.34,16530.35,1943
2024.01.08,03:15,16516.19,16596.69,16283.68,16286.18,11667
2024.01.08,04:15,16286.20,16309.18,16172.20,16205.69,7601
2024.01.08,05:15,16204.69,16228.70,16177.69,16187.68,2849
2024.01.08,07:00,16183.68,16212.70,16141.18,16147.68,5698
2024.01.08,08:00,16147.20,16205.20,16128.18,16166.69,6205
2024.01.08,09:00,16167.18,16215.70,16166.70,16186.20,3033
2024.01.08,10:00,16185.68,16211.19,16182.70,16197.18,1813
2024.01.08,11:15,16188.68,16188.68,16134.70,16177.18,2197
2024.01.08,12:15,16176.70,16200.70,16164.20,16180.20,1826
2024.01.08,13:15,16179.69,16193.20,16164.70,16187.69,1962
2024.01.08,14:15,16187.70,16189.68,16138.68,16147.18,1706
2024.01.08,15:15,16146.69,16179.18,16138.69,16170.68,2511
2024.01.08,16:15,16171.69,16245.69,16160.18,16212.18,4816
2024.01.08,17:15,16212.68,16287.19,16195.69,16281.20,2928
2024.01.08,18:15,16281.69,16316.70,16266.68,16307.19,2153
2024.01.08,19:15,16307.18,16311.19,16282.68,16297.19,1717
2024.01.08,20:15,16296.69,16322.70,16284.68,16322.69,1121
2024.01.09,03:15,16262.84,16351.34,16213.32,16336.83,10951
2024.01.09,04:15,16335.82,16409.82,16290.32,16309.34,7268
2024.01.09,05:15,16308.32,16334.83,16260.32,16277.82,3128
2024.01.09,07:00,16270.84,16284.84,16217.82,16234.84,6017
2024.01.09,08:00,16234.82,16288.82,16224.33,16256.84,5609
2024.01.09,09:00,16256.32,16273.34,16196.33,16211.83,4596
2024.01.09,10:00,16212.32,16212.32,16161.33,16169.83,1768
2024.01.09,11:15,16160.82,16168.32,16124.82,16152.32,1771
2024.01.09,12:15,16151.82,16158.84,16120.84,16121.83,1451
2024.01.09,13:15,16121.82,16129.84,16089.32,16124.34,1542
2024.01.09,14:15,16123.84,16132.83,16112.83,16127.82,1385
2024.01.09,15:15,16128.34,16128.34,16076.82,16092.83,1443
2024.01.09,16:15,16091.83,16113.84,16065.83,16106.33,3602
2024.01.09,17:15,16105.83,16120.84,16075.83,16092.83,2266
2024.01.09,18:15,16092.82,16116.34,16088.32,16099.83,1662
2024.01.09,19:15,16100.32,16103.34,16076.32,16084.32,2067
2024.01.09,20:15,16084.34,16095.32,16069.82,16089.33,1527
2024.01.10,03:15,16094.12,16240.13,16028.12,16188.62,10834
2024.01.10,04:15,16189.62,16244.63,16110.13,16112.64,6773
2024.01.10,05:15,16113.14,16138.14,16082.64,16111.13,2366
2024.01.10,07:00,16108.14,16134.64,16058.14,16095.64,4938
2024.01.10,08:00,16094.62,16096.64,16018.62,16043.12,4780
2024.01.10,09:00,16042.64,16097.12,16024.12,16081.12,3588
2024.01.10,10:00,16081.13,16104.12,16066.13,16104.12,1551
2024.01.10,11:15,16100.13,16142.64,16100.13,16108.64,1625
2024.01.10,12:15,16108.14,16117.14,16092.12,16104.14,1087
2024.01.10,13:15,16104.64,16105.13,16071.12,16087.13,1275
2024.01.10,14:15,16088.14,16100.12,16068.63,16088.14,1408
2024.01.10,15:15,16088.64,16094.14,16074.13,16093.14,1302
2024.01.10,16:15,16094.14,16131.12,16085.62,16098.64,3281
2024.01.10,17:15,16099.13,16117.13,16063.64,16063.64,2554
2024.01.10,18:15,16063.63,16078.64,16048.13,16067.12,1854
2024.01.10,19:15,16067.13,16082.13,16047.13,16070.64,1909
2024.01.10,20:15,16071.14,16104.12,16068.62,16104.12,1340
2024.01.11,03:15,16069.18,16306.69,16069.18,16304.17,9914
2024.01.11,04:15,16304.18,16386.19,16268.18,16310.68,7731
2024.01.11,05:15,16311.17,16336.69,16297.67,16328.69,2593
2024.01.11,07:00,16323.69,16446.67,16299.19,16403.68,8570
2024.01.11,08:00,16403.18,16408.68,16327.17,16368.69,5849
2024.01.11,09:00,16368.17,16369.19,16284.17,16294.19,3996
2024.01.11,10:00,16293.19,16306.17,16264.68,16303.17,1748
2024.01.11,11:15,16281.18,16295.69,16255.18,16265.18,1818
2024.01.11,12:15,16266.17,16285.19,16261.17,16273.67,1108
2024.01.11,13:15,16274.18,16289.19,16265.17,16271.67,1095
2024.01.11,14:15,16270.68,16293.19,16266.17,16289.67,1204
2024.01.11,15:15,16288.18,16315.18,16170.17,16203.17,3833
2024.01.11,16:15,16203.19,16258.18,16113.67,16114.19,4540
2024.01.11,17:15,16115.17,16173.18,16099.17,16099.17,4052
2024.01.11,18:15,16102.19,16147.50,16090.68,16138.50,1807
2024.01.11,19:15,16138.50,16165.00,16123.50,16163.50,2158
2024.01.11,20:15,16164.00,16186.00,16158.50,16186.00,691
2024.01.12,03:15,16186.73,16372.23,16140.23,16372.23,10360
2024.01.12,04:15,16371.22,16378.73,16270.73,16286.22,7151
2024.01.12,05:15,16287.71,16292.21,16249.22,16281.71,2549
2024.01.12,07:00,16272.22,16314.21,16231.72,16249.23,5149
2024.01.12,08:00,16249.72,16276.73,16208.21,16214.23,4069
2024.01.12,09:00,16216.21,16232.23,16170.73,16197.22,3163
2024.01.12,10:00,16197.73,16230.23,16195.21,16224.72,1603
2024.01.12,11:15,16221.22,16249.71,16190.21,16199.72,2040
2024.01.12,12:15,16200.23,16215.22,16179.23,16191.72,1735
2024.01.12,13:15,16191.22,16198.23,16172.73,16186.71,1736
2024.01.12,14:15,16186.22,16211.23,16184.73,16201.72,1622
2024.01.12,15:15,16202.23,16282.22,16193.23,16272.23,3460
2024.01.12,16:15,16271.71,16367.22,16265.71,16340.22,5189
2024.01.12,17:15,16340.21,16357.22,16279.73,16302.22,4461
2024.01.12,18:15,16302.21,16328.73,16261.72,16271.21,3929
2024.01.12,19:15,16272.21,16282.73,16254.22,16264.21,3158
2024.01.12,20:15,16263.22,16270.22,16238.71,16264.71,1665
2024.01.15,03:15,16230.93,16295.45,16082.94,16259.93,11786
2024.01.15,04:15,16260.43,16333.93,16204.93,16229.93,7435
2024.01.15,05:15,16230.93,16245.44,16199.95,16216.45,2397
2024.01.15,07:00,16211.94,16228.93,16174.93,16184.44,4988
2024.01.15,08:00,16183.93,16203.95,16151.94,16189.43,4158
2024.01.15,09:00,16188.95,16208.94,16175.44,16203.45,3435
2024.01.15,10:00,16202.94,16218.44,16200.93,16212.43,1311
2024.01.15,11:15,16204.93,16204.93,16153.94,16154.45,2036
2024.01.15,12:15,16153.44,16153.44,16129.44,16135.94,1268
2024.01.15,13:15,16136.45,16142.95,16119.93,16136.45,1416
2024.01.15,14:15,16136.93,16139.94,16088.43,16090.45,1129
2024.01.15,15:15,16089.94,16113.95,16068.94,16076.94,1386
2024.01.15,16:15,16075.95,16108.95,16062.95,16099.93,1657
2024.01.15,17:15,16099.95,16111.95,16090.44,16105.93,1220
2024.01.15,18:15,16106.93,16130.93,16104.93,16124.93,832
2024.01.15,19:15,16125.94,16135.93,16118.93,16119.94,600
2024.01.15,20:15,16120.43,16125.45,16113.93,16123.45,485
2024.01.16,03:15,16027.17,16189.67,15916.17,16161.68,11215
2024.01.16,04:15,16162.18,16182.18,16005.67,16012.69,6935
2024.01.16,05:15,16012.19,16015.17,15872.68,15887.17,4803
2024.01.16,07:00,15882.17,15916.18,15811.67,15824.17,7272
2024.01.16,08:00,15823.69,15902.68,15803.18,15882.19,6488
2024.01.16,09:00,15882.68,15893.18,15834.17,15848.17,2988
2024.01.16,10:00,15848.19,15902.17,15790.68,15842.18,3304
2024.01.16,11:15,15842.17,15873.68,15814.17,15827.67,2473
2024.01.16,12:15,15827.17,15855.17,15822.17,15853.68,1746
2024.01.16,13:15,15853.19,15888.18,15852.67,15879.17,1618
2024.01.16,14:15,15880.17,15905.69,15859.67,15877.18,2049
2024.01.16,15:15,15878.19,15902.69,15851.17,15868.67,3066
2024.01.16,16:15,15869.18,15875.18,15790.18,15793.69,5061
2024.01.16,17:15,15794.19,15828.68,15771.17,15787.68,3701
2024.01.16,18:15,15788.19,15813.17,15736.67,15736.67,4318
2024.01.16,19:15,15736.18,15755.19,15724.19,15752.18,2911
2024.01.16,20:15,15751.69,15763.17,15741.17,15754.17,1916
2024.01.17,03:15,15695.06,15751.06,15468.04,15468.55,11770
2024.01.17,04:15,15470.04,15470.05,15383.55,15392.05,8050
2024.01.17,05:15,15392.54,15427.06,15373.04,15396.06,3564
2024.01.17,07:00,15397.06,15406.55,15329.54,15332.54,6521
2024.01.17,08:00,15332.04,15334.05,15170.54,15186.54,8886
2024.01.17,09:00,15186.05,15258.06,15164.56,15244.54,5663
2024.01.17,10:00,15244.05,15257.06,15215.06,15221.55,2529
2024.01.17,11:15,15183.06,15277.56,15173.05,15264.56,2825
2024.01.17,12:15,15265.04,15266.05,15230.04,15232.55,1528
2024.01.17,13:15,15233.56,15271.06,15232.06,15270.56,1193
2024.01.17,14:15,15271.04,15274.04,15237.04,15246.05,1401
2024.01.17,15:15,15247.05,15252.04,15138.05,15171.55,3183
2024.01.17,16:15,15172.06,15275.04,15165.54,15257.05,5230
2024.01.17,17:15,15256.55,15260.56,15204.55,15227.06,4032
2024.01.17,18:15,15227.55,15237.56,15204.56,15224.05,3058
2024.01.17,19:15,15224.55,15229.04,15198.55,15220.05,2685
2024.01.17,20:15,15220.54,15257.56,15206.54,15246.55,1821
2024.01.18,03:15,15296.29,15385.77,15163.28,15294.27,12932
2024.01.18,04:15,15294.28,15351.29,15204.29,15239.29,10176
2024.01.18,05:15,15238.28,15376.77,15234.28,15357.78,5358
2024.01.18,07:00,15342.28,15360.79,15248.27,15314.29,7794
2024.01.18,08:00,15315.27,15439.79,15310.79,15382.77,9673
2024.01.18,09:00,15384.27,15404.29,15347.27,15380.29,4928
2024.01.18,10:00,15380.27,15381.78,15325.79,15342.77,1925
2024.01.18,11:15,15340.29,15391.27,15340.29,15380.78,1890
2024.01.18,12:15,15380.79,15397.29,15365.78,15396.77,1374
2024.01.18,13:15,15396.27,15417.29,15390.77,15413.27,1536
2024.01.18,14:15,15412.77,15417.78,15390.28,15391.77,1353
2024.01.18,15:15,15391.78,15404.29,15346.77,15390.78,2620
2024.01.18,16:15,15390.29,15432.79,15328.78,15387.79,5126
2024.01.18,17:15,15388.79,15412.29,15321.27,15347.28,3346
2024.01.18,18:15,15347.78,15391.29,15325.28,15332.78,2712
2024.01.18,19:15,15333.27,15356.79,15332.27,15340.77,2068
2024.01.18,20:15,15341.29,15359.27,15328.28,15358.29,1849
2024.01.19,03:15,15387.63,15518.65,15343.13,15448.13,12836
2024.01.19,04:15,15446.65,15482.14,15385.63,15386.63,9216
2024.01.19,05:15,15385.65,15404.15,15328.13,15354.15,3754
2024.01.19,07:00,15347.13,15421.15,15258.14,15261.63,7286
2024.01.19,08:00,15260.63,15271.65,15190.63,15209.65,7686
2024.01.19,09:00,15210.14,15316.15,15209.64,15275.63,4251
2024.01.19,10:00,15274.63,15296.14,15270.13,15279.65,1492
2024.01.19,11:15,15265.14,15309.15,15265.14,15296.14,1743
2024.01.19,12:15,15297.15,15360.64,15273.13,15308.65,1530
2024.01.19,13:15,15308.15,15313.65,15269.14,15279.63,1617
2024.01.19,14:15,15279.65,15293.65,15254.13,15291.65,1721
2024.01.19,15:15,15292.15,15296.65,15263.13,15276.13,1852
2024.01.19,16:15,15276.15,15277.65,15197.14,15205.13,4994
2024.01.19,17:15,15206.63,15248.64,15203.14,15240.14,3964
2024.01.19,18:15,15240.13,15256.64,15229.14,15254.13,2849
2024.01.19,19:15,15254.14,15484.14,15253.13,15407.64,5569
2024.01.19,20:15,15407.15,15445.14,15403.13,15445.14,1629
2024.01.22,03:15,15455.12,15456.63,15065.12,15118.12,13086
2024.01.22,04:15,15119.13,15169.13,14984.63,14993.11,9473
2024.01.22,05:15,14991.11,15027.61,14957.62,14996.12,3919
2024.01.22,07:00,14995.11,15010.61,14915.13,14939.12,8489
2024.01.22,08:00,14937.63,14978.11,14774.11,14884.62,10577
2024.01.22,09:00,14884.63,14950.13,14853.11,14944.61,4883
2024.01.22,10:00,14950.12,14981.63,14935.63,14960.61,2157
2024.01.22,11:15,14954.11,14996.13,14954.11,14972.61,1561
2024.01.22,12:15,14972.63,14972.63,14934.62,14959.63,1117
2024.01.22,13:15,14960.11,15023.12,14935.62,14977.13,1481
2024.01.22,14:15,14977.63,14982.63,14952.63,14966.61,1389
2024.01.22,15:15,14966.11,15013.13,14965.62,14999.11,1605
2024.01.22,16:15,14999.13,15130.63,14971.13,15107.13,4578
2024.01.22,17:15,15107.11,15148.63,15083.61,15093.63,3561
2024.01.22,18:15,15093.12,15119.62,15086.11,15116.61,2495
2024.01.22,19:15,15116.13,15137.11,15112.61,15129.12,2051
2024.01.22,20:15,15128.12,15132.61,15106.11,15124.13,1641
2024.01.23,03:15,15064.45,15476.95,14979.47,15362.47,15673
2024.01.23,04:15,15363.46,15467.97,15207.46,15238.45,12116
2024.01.23,05:15,15242.46,15344.97,15208.46,15329.45,5345
2024.01.23,07:00,15339.46,15448.95,15307.47,15446.45,8306
2024.01.23,08:00,15447.45,15517.45,15375.46,15385.46,7509
2024.01.23,09:00,15386.97,15414.47,15308.96,15349.95,4391
2024.01.23,10:00,15342.45,15346.95,15288.47,15294.97,2302
2024.01.23,11:15,15284.46,15329.45,15284.46,15293.96,1347
2024.01.23,12:15,15294.47,15343.46,15273.95,15342.47,1202
2024.01.23,13:15,15341.95,15361.46,15326.96,15354.46,1333
2024.01.23,14:15,15352.97,15475.46,15352.97,15447.47,1602
2024.01.23,15:15,15446.45,15534.46,15433.45,15509.46,3827
2024.01.23,16:15,15507.97,15668.96,15504.45,15665.97,6289
2024.01.23,17:15,15664.95,15672.46,15560.46,15569.45,4590
2024.01.23,18:15,15568.96,15622.45,15566.95,15605.96,3014
2024.01.23,19:15,15602.96,15612.97,15549.45,15606.47,2380
2024.01.23,20:15,15607.97,15627.46,15607.96,15615.47,1335
2024.01.24,03:15,15613.05,15716.03,15538.53,15558.03,12682
2024.01.24,04:15,15558.55,15616.05,15480.53,15522.05,8494
2024.01.24,05:15,15522.54,15566.55,15470.05,15481.03,4132
2024.01.24,07:00,15469.54,15605.54,15397.54,15559.53,10858
2024.01.24,08:00,15560.04,15707.03,15528.04,15655.03,9280
2024.01.24,09:00,15653.04,15980.55,15620.53,15892.55,9124
2024.01.24,10:00,15884.04,15937.03,15879.03,15921.55,3369
2024.01.24,11:15,15951.05,16116.53,15951.05,16067.03,4428
2024.01.24,12:15,16068.03,16114.55,16060.04,16102.05,1943
2024.01.24,13:15,16101.53,16128.55,16074.03,16127.53,1541
2024.01.24,14:15,16126.54,16189.05,16120.03,16189.05,2617
2024.01.24,15:15,16189.03,16222.55,16176.03,16193.04,2378
2024.01.24,16:15,16192.53,16234.55,16053.04,16122.03,5827
2024.01.24,17:15,16120.55,16154.53,16100.03,16121.05,3830
2024.01.24,18:15,16122.05,16152.55,16082.03,16093.54,3012
2024.01.24,19:15,16090.54,16122.55,16078.04,16079.54,2226
2024.01.24,20:15,16078.53,16080.05,16044.55,16070.03,1824
2024.01.25,03:15,16024.18,16045.69,15812.67,15981.67,13655
2024.01.25,04:15,15986.68,16099.67,15965.67,16086.67,10427
2024.01.25,05:15,16087.69,16141.69,16073.67,16125.18,4767
2024.01.25,07:00,16122.68,16220.68,16086.69,16163.69,9323
2024.01.25,08:00,16164.68,16241.18,16164.68,16216.69,7196
2024.01.25,09:00,16215.69,16227.69,16164.17,16186.19,4175
2024.01.25,10:00,16186.69,16215.69,16161.68,16174.19,2118
2024.01.25,11:15,16173.17,16216.67,16164.18,16201.67,1878
2024.01.25,12:15,16201.18,16210.18,16185.18,16196.18,1264
2024.01.25,13:15,16195.69,16204.69,16185.67,16197.69,1151
2024.01.25,14:15,16198.17,16205.18,16182.67,16200.68,1365
2024.01.25,15:15,16200.19,16235.68,16181.17,16223.18,3449
2024.01.25,16:15,16221.69,16295.19,16130.17,16131.68,5328
2024.01.25,17:15,16130.17,16141.19,16043.68,16092.67,4470
2024.01.25,18:15,16092.17,16108.68,16070.68,16080.69,3299
2024.01.25,19:15,16081.18,16107.69,16062.67,16083.19,3258
2024.01.25,20:15,16082.68,16083.68,16048.18,16064.67,1998
2024.01.26,03:15,16063.09,16218.60,16059.08,16199.59,11596
2024.01.26,04:15,16199.60,16237.09,16118.59,16129.59,8180
2024.01.26,05:15,16129.10,16138.08,16022.59,16058.60,4071
2024.01.26,07:00,16037.09,16187.09,16024.08,16135.60,8095
2024.01.26,08:00,16135.08,16135.09,15878.08,15986.59,11351
2024.01.26,09:00,15982.58,16014.09,15904.59,15920.59,6686
2024.01.26,10:00,15921.58,15955.59,15921.58,15939.59,1976
2024.01.26,11:15,15933.58,15988.09,15933.58,15983.09,1788
2024.01.26,12:15,15981.59,16001.60,15978.09,15988.58,1175
2024.01.26,13:15,15988.59,16010.60,15983.59,15999.09,1107
2024.01.26,14:15,15998.60,16005.59,15972.58,16004.58,1267
2024.01.26,15:15,16006.08,16036.10,15982.09,16019.58,2768
2024.01.26,16:15,16020.10,16078.10,15980.58,16060.08,4279
2024.01.26,17:15,16055.58,16115.59,16034.08,16082.60,2878
2024.01.26,18:15,16082.09,16114.10,16077.60,16108.09,2163
2024.01.26,19:15,16107.60,16110.09,16075.08,16085.58,2416
2024.01.26,20:15,16085.59,16086.08,16059.09,16073.10,1468
2024.01.29,03:15,16051.94,16277.95,16036.93,16143.43,12968
2024.01.29,04:15,16143.94,16210.44,16077.45,16194.93,9158
2024.01.29,05:15,16194.95,16195.44,16089.93,16122.93,4196
2024.01.29,07:00,16118.95,16136.44,16025.43,16072.95,8309
2024.01.29,08:00,16075.45,16129.45,16044.44,16056.93,7058
2024.01.29,09:00,16057.44,16107.95,16048.43,16100.94,4266
2024.01.29,10:00,16106.94,16114.95,16069.44,16069.44,1810
2024.01.29,11:15,16067.94,16082.45,16040.43,16050.95,1323
2024.01.29,12:15,16050.44,16091.43,16043.44,16089.44,968
2024.01.29,13:15,16087.94,16096.45,16065.93,16067.95,953
2024.01.29,14:15,16067.44,16085.93,16052.94,16060.45,1091
2024.01.29,15:15,16059.93,16068.45,16033.94,16050.94,1333
2024.01.29,16:15,16051.43,16057.45,15880.93,15916.43,3866
2024.01.29,17:15,15914.45,15919.44,15844.43,15867.44,3469
2024.01.29,18:15,15867.94,15886.94,15836.45,15880.94,2079
2024.01.29,19:15,15880.45,15883.45,15777.93,15783.93,1677
2024.01.29,20:15,15783.45,15838.43,15775.95,15838.43,930
2024.01.30,03:15,15869.27,15923.25,15735.75,15777.75,12091
2024.01.30,04:15,15777.27,15794.27,15657.27,15735.26,9694
2024.01.30,05:15,15734.77,15787.76,15703.75,15745.25,4614
2024.01.30,07:00,15739.26,15844.25,15702.76,15752.26,7996
2024.01.30,08:00,15751.26,15786.26,15690.75,15717.25,7473
2024.01.30,09:00,15715.26,15715.27,15653.25,15678.77,5229
2024.01.30,10:00,15677.75,15691.77,15659.25,15675.26,2316
2024.01.30,11:15,15679.26,15679.26,15590.26,15605.27,2418
2024.01.30,12:15,15606.76,15636.76,15604.26,15613.25,1378
2024.01.30,13:15,15613.75,15635.27,15610.75,15634.76,1121
2024.01.30,14:15,15634.77,15642.27,15601.77,15607.27,1232
2024.01.30,15:15,15607.26,15631.27,15595.75,15613.75,1616
2024.01.30,16:15,15614.26,15684.25,15579.77,15579.77,3924
2024.01.30,17:15,15574.77,15634.27,15550.77,15632.76,3008
2024.01.30,18:15,15632.75,15698.27,15620.27,15679.27,2138
2024.01.30,19:15,15679.77,15680.27,15635.25,15638.77,1778
2024.01.30,20:15,15639.26,15643.77,15625.76,15638.25,1086
2024.01.31,03:15,15655.61,15740.09,15481.59,15491.61,13195
2024.01.31,04:15,15491.09,15629.09,15454.60,15545.09,11020
2024.01.31,05:15,15545.59,15595.11,15508.10,15540.11,4265
2024.01.31,07:00,15536.10,15584.11,15458.10,15494.10,9493
2024.01.31,08:00,15493.61,15534.60,15407.61,15457.59,10157
2024.01.31,09:00,15457.60,15468.60,15406.09,15449.11,4703
2024.01.31,10:00,15449.09,15474.61,15435.60,15462.61,2050
2024.01.31,11:15,15435.61,15477.61,15430.60,15434.59,1649
2024.01.31,12:15,15435.61,15454.11,15425.61,15450.59,986
2024.01.31,13:15,15450.10,15465.10,15410.11,15423.59,1252
2024.01.31,14:15,15424.11,15444.11,15400.60,15444.11,1387
2024.01.31,15:15,15444.61,15496.61,15444.61,15494.10,2330
2024.01.31,16:15,15493.59,15610.61,15471.59,15580.61,4385
2024.01.31,17:15,15579.60,15689.10,15579.60,15664.61,4435
2024.01.31,18:15,15664.11,15671.61,15574.60,15591.11,3749
2024.01.31,19:15,15591.60,15608.11,15569.10,15570.59,2261
2024.01.31,20:15,15570.11,15578.60,15545.61,15567.60,1540
2024.02.01,03:15,15594.42,15716.43,15411.91,15652.42,14572
2024.02.01,04:15,15654.42,15792.43,15628.92,15760.43,13117
2024.02.01,05:15,15759.91,15801.43,15679.43,15691.91,4560
2024.02.01,07:00,15682.42,15703.91,15569.41,15569.41,9645
2024.02.01,08:00,15569.91,15624.43,15508.91,15538.93,8775
2024.02.01,09:00,15539.41,15564.43,15514.41,15542.43,4294
2024.02.01,10:00,15540.92,15553.41,15504.43,15549.92,2005
2024.02.01,11:15,15528.43,15600.43,15528.43,15595.92,1871
2024.02.01,12:15,15594.42,15596.43,15571.92,15576.93,1035
2024.02.01,13:15,15577.41,15605.43,15576.41,15588.91,1173
2024.02.01,14:15,15589.91,15606.43,15585.42,15588.42,1477
2024.02.01,15:15,15587.92,15619.92,15573.91,15619.92,2410
2024.02.01,16:15,15620.41,15662.43,15581.43,15635.42,4611
2024.02.01,17:15,15635.43,15645.43,15512.92,15526.91,4191
2024.02.01,18:15,15529.93,15629.43,15529.93,15616.91,3725
2024.02.01,19:15,15617.41,15633.93,15600.91,15614.93,2907
2024.02.01,20:15,15616.93,15633.91,15609.91,15625.91,2190
2024.02.02,03:15,15665.30,15909.31,15665.30,15826.80,13159
2024.02.02,04:15,15826.81,15888.30,15701.79,15719.29,9461
2024.02.02,05:15,15720.31,15727.31,15643.31,15670.30,4461
2024.02.02,07:00,15665.29,15669.31,15514.79,15515.31,11927
2024.02.02,08:00,15514.79,15633.81,15418.79,15550.81,14350
2024.02.02,09:00,15550.29,15608.29,15500.29,15509.30,5096
2024.02.02,10:00,15508.79,15520.30,15485.30,15499.29,1771
2024.02.02,11:15,15485.31,15514.81,15470.30,15482.81,1596
2024.02.02,12:15,15482.31,15486.81,15455.29,15461.30,993
2024.02.02,13:15,15460.79,15477.31,15452.30,15458.29,792
2024.02.02,14:15,15457.80,15494.79,15452.29,15477.80,1462
2024.02.02,15:15,15478.30,15478.31,15325.80,15363.31,4512
2024.02.02,16:15,15363.30,15399.31,15290.31,15317.81,4611
2024.02.02,17:15,15312.79,15335.31,15284.81,15289.80,3922
2024.02.02,18:15,15289.30,15349.31,15281.80,15343.79,2975
2024.02.02,19:15,15343.31,15359.31,15320.29,15338.79,2873
2024.02.02,20:15,15339.30,15371.31,15337.29,15357.31,2031
2024.02.05,03:15,15354.06,15495.06,15247.55,15451.55,15671
2024.02.05,04:15,15451.54,15583.54,15350.55,15509.05,15212
2024.02.05,05:15,15511.05,15560.06,15473.54,15516.05,5971
2024.02.05,07:00,15513.54,15675.54,15453.55,15630.55,14520
2024.02.05,08:00,15630.56,15657.55,15491.56,15507.05,10956
2024.02.05,09:00,15508.04,15548.56,15481.56,15503.06,5197
2024.02.05,10:00,15503.56,15529.56,15469.05,15518.55,2081
2024.02.05,11:15,15509.56,15509.56,15472.55,15492.56,1492
2024.02.05,12:15,15492.04,15514.06,15491.06,15507.05,1207
2024.02.05,13:15,15505.54,15521.56,15497.54,15505.06,1123
2024.02.05,14:15,15503.06,15530.55,15498.04,15506.04,1530
2024.02.05,15:15,15505.54,15506.55,15436.55,15455.54,1659
2024.02.05,16:15,15455.05,15543.56,15415.55,15508.54,4683
2024.02.05,17:15,15508.04,15590.06,15476.06,15535.54,3833
2024.02.05,18:15,15534.55,15604.06,15513.54,15595.55,2344
2024.02.05,19:15,15596.05,15610.06,15563.55,15608.04,2389
2024.02.05,20:15,15606.04,15621.54,15595.04,15602.54,1494
2024.02.06,03:15,15557.67,15762.15,15520.65,15748.66,14436
2024.02.06,04:15,15749.15,15847.65,15744.65,15804.16,11265
2024.02.06,05:15,15805.17,15903.67,15784.66,15901.16,5110
2024.02.06,07:00,15939.17,16105.66,15938.16,16080.66,15160
2024.02.06,08:00,16081.15,16156.67,16057.65,16146.67,9257
2024.02.06,09:00,16146.16,16163.17,16106.67,16127.15,5885
2024.02.06,10:00,16127.66,16144.66,16097.66,16125.65,2555
2024.02.06,11:15,16116.65,16129.66,16087.15,16100.66,1665
2024.02.06,12:15,16100.15,16111.67,16081.67,16088.67,1253
2024.02.06,13:15,16088.17,16097.15,16073.65,16079.15,1362
2024.02.06,14:15,16078.66,16109.15,16059.66,16103.67,1745
2024.02.06,15:15,16105.15,16107.65,16070.16,16081.65,1671
2024.02.06,16:15,16081.15,16137.17,16012.17,16128.16,5880
2024.02.06,17:15,16126.15,16225.15,16114.15,16217.15,4602
2024.02.06,18:15,16218.17,16262.67,16181.15,16206.66,3333
2024.02.06,19:15,16207.17,16248.17,16206.65,16234.16,2615
2024.02.06,20:15,16234.67,16237.15,16201.67,16229.66,1756
2024.02.07,03:15,16286.88,16407.88,16223.39,16342.90,15169
2024.02.07,04:15,16341.38,16376.90,16194.40,16210.88,11849
2024.02.07,05:15,16211.90,16253.90,16116.88,16132.88,5111
2024.02.07,07:00,16135.90,16162.39,16049.38,16092.89,11592
2024.02.07,08:00,16092.88,16106.90,16035.88,16091.38,8395
2024.02.07,09:00,16091.89,16120.90,16031.40,16051.39,4037
2024.02.07,10:00,16050.40,16073.90,16035.88,16043.90,1779
2024.02.07,11:15,16040.88,16092.90,16027.38,16091.90,1512
2024.02.07,12:15,16090.89,16105.89,16069.90,16096.40,1187
2024.02.07,13:15,16096.90,16238.39,16074.88,16105.38,3877
2024.02.07,14:15,16104.39,16127.90,16037.38,16059.90,2520
2024.02.07,15:15,16060.90,16069.89,16002.88,16009.38,2050
2024.02.07,16:15,16009.90,16119.88,15960.38,15998.89,6672
2024.02.07,17:15,15998.40,16019.90,15946.39,15954.39,4697
2024.02.07,18:15,15953.90,15981.90,15942.39,15979.89,3387
2024.02.07,19:15,15979.39,15990.38,15954.38,15958.40,2825
2024.02.07,20:15,15957.89,16000.40,15957.38,15981.89,1772
2024.02.08,03:15,15996.11,16080.60,15912.60,16016.10,13338
2024.02.08,04:15,16016.11,16064.61,15876.09,15923.09,11255
2024.02.08,05:15,15923.10,15956.11,15896.11,15936.59,3990
2024.02.08,07:00,15932.09,15945.10,15838.61,15880.11,9172
2024.02.08,08:00,15880.10,15883.61,15796.10,15835.09,7249
2024.02.08,09:00,15836.11,15908.10,15819.11,15865.11,3898
2024.02.08,10:00,15865.59,15870.09,15827.09,15841.59,1564
2024.02.08,11:15,15827.10,15869.11,15827.10,15868.11,1240
2024.02.08,12:15,15869.09,15871.11,15800.11,15808.61,1293
2024.02.08,13:15,15809.10,15824.11,15775.10,15823.59,1418
2024.02.08,14:15,15823.11,15823.11,15783.09,15806.09,1314
2024.02.08,15:15,15807.11,15814.61,15773.09,15800.10,1931
2024.02.08,16:15,15801.10,15832.61,15710.59,15742.11,4481
2024.02.08,17:15,15741.59,15783.11,15736.10,15749.61,3159
2024.02.08,18:15,15748.61,15750.09,15705.09,15714.60,2070
2024.02.08,19:15,15715.11,15737.60,15693.09,15709.59,2032
2024.02.08,20:15,15708.59,15738.11,15704.10,15721.61,1258
2024.02.09,03:15,15662.66,15681.67,15506.66,15606.15,9481
2024.02.09,04:15,15605.65,15721.65,15573.15,15693.15,6459
2024.02.09,05:15,15692.66,15744.17,15658.16,15717.65,3848
2024.02.14,03:15,15671.05,15671.05,15425.03,15551.53,11169
2024.02.14,04:15,15551.04,15709.54,15523.03,15682.54,6439
2024.02.14,05:15,15682.05,15773.04,15658.03,15770.54,3518
2024.02.14,07:00,15755.04,15829.55,15746.04,15815.04,4973
2024.02.14,08:00,15815.53,15902.54,15815.53,15901.54,4376
2024.02.14,09:00,15901.53,15908.05,15862.53,15875.03,3606
2024.02.14,10:00,15875.55,15895.03,15860.04,15894.03,1694
2024.02.14,11:15,15893.05,15983.05,15893.05,15937.04,2569
2024.02.14,12:15,15936.54,15951.53,15922.04,15929.55,1353
2024.02.14,13:15,15928.54,15936.04,15904.55,15930.04,1462
2024.02.14,14:15,15931.03,15940.05,15905.04,15931.54,1435
2024.02.14,15:15,15932.05,15934.05,15893.03,15901.05,1952
2024.02.14,16:15,15900.55,15931.55,15853.53,15875.55,4737
2024.02.14,17:15,15876.55,15901.55,15833.04,15872.55,3431
2024.02.14,18:15,15873.05,15887.05,15841.04,15867.05,2679
2024.02.14,19:15,15866.55,15916.55,15862.04,15900.53,2290
2024.02.14,20:15,15900.55,15937.55,15899.05,15905.04,1410
2024.02.15,03:15,15891.72,15921.73,15717.23,15724.21,9235
2024.02.15,04:15,15724.71,15977.23,15724.71,15977.22,6639
2024.02.15,05:15,15976.72,16029.71,15933.71,15940.71,3451
2024.02.15,07:00,15935.71,15951.23,15879.22,15923.21,3811
2024.02.15,08:00,15921.71,15979.72,15891.71,15975.22,3000
2024.02.15,09:00,15974.71,15975.73,15934.72,15942.23,3064
2024.02.15,10:00,15941.72,15979.73,15923.71,15957.72,1806
2024.02.15,11:15,15945.73,15957.23,15928.21,15949.21,1149
2024.02.15,12:15,15949.22,15960.22,15940.71,15953.71,795
2024.02.15,13:15,15953.23,15954.23,15937.71,15951.21,841
2024.02.15,14:15,15952.72,15975.71,15939.21,15945.22,1064
2024.02.15,15:15,15944.71,15993.72,15940.21,15966.72,2635
2024.02.15,16:15,15966.21,16041.71,15946.23,16025.23,4401
2024.02.15,17:15,16024.73,16049.73,15979.71,15987.23,4016
2024.02.15,18:15,15986.22,16008.23,15965.71,16005.72,2976
2024.02.15,19:15,16006.71,16021.22,15992.21,16014.72,1835
2024.02.15,20:15,16014.21,16016.73,15975.72,15982.71,1408
2024.02.16,03:15,16032.58,16076.58,15918.08,16035.58,9250
2024.02.16,04:15,16036.08,16200.08,16024.58,16190.58,6782
2024.02.16,05:15,16190.56,16251.06,16159.07,16250.06,3248
2024.02.16,07:00,16238.57,16382.06,16230.07,16350.07,6163
2024.02.16,08:00,16350.56,16399.07,16285.57,16342.58,5027
2024.02.16,09:00,16343.08,16375.07,16322.07,16327.08,4317
2024.02.16,10:00,16319.57,16341.08,16303.08,16323.07,1971
2024.02.16,11:15,16307.56,16336.56,16303.56,16333.56,1318
2024.02.16,12:15,16333.58,16364.08,16329.56,16339.57,1193
2024.02.16,13:15,16338.56,16379.06,16335.56,16369.06,1110
2024.02.16,14:15,16368.57,16368.57,16347.56,16349.06,1018
2024.02.16,15:15,16349.07,16355.57,16262.58,16283.57,3601
2024.02.16,16:15,16283.08,16380.58,16278.06,16372.08,5145
2024.02.16,17:15,16372.58,16384.58,16304.57,16329.08,4152
2024.02.16,18:15,16329.58,16344.58,16315.07,16333.07,2706
2024.02.16,19:15,16332.56,16352.58,16319.06,16326.56,2186
2024.02.16,20:15,16327.06,16348.08,16321.07,16346.56,1624
2024.02.19,03:15,16355.23,16389.72,16137.23,16141.72,12985
2024.02.19,04:15,16142.73,16223.73,16131.23,16215.21,8666
2024.02.19,05:15,16215.72,16239.22,16149.21,16164.23,3424
2024.02.19,07:00,16169.72,16194.21,16126.71,16163.23,6923
2024.02.19,08:00,16164.21,16223.23,16153.71,16213.22,5112
2024.02.19,09:00,16213.21,16218.21,16148.21,16151.71,3336
2024.02.19,10:00,16152.22,16164.22,16125.71,16139.73,1948
2024.02.19,11:15,16137.22,16156.22,16137.22,16148.73,920
2024.02.19,12:15,16148.23,16163.73,16133.21,16158.22,660
2024.02.19,13:15,16159.22,16170.21,16156.22,16166.22,697
2024.02.19,14:15,16165.73,16177.73,16164.21,16170.72,603
2024.02.19,15:15,16170.73,16187.71,16154.21,16186.71,801
2024.02.19,16:15,16188.21,16200.21,16180.23,16188.23,1047
2024.02.19,17:15,16187.71,16192.21,16168.73,16172.72,900
2024.02.19,18:15,16173.23,16192.72,16173.23,16187.71,638
2024.02.19,19:15,16187.72,16196.72,16181.21,16185.71,432
2024.02.19,20:15,16185.72,16192.21,16181.71,16188.72,252
2024.02.20,03:15,16122.56,16337.08,16043.58,16188.56,12796
2024.02.20,04:15,16188.58,16190.08,16065.57,16072.56,7314
2024.02.20,05:15,16071.56,16137.58,16069.06,16110.58,2774
2024.02.20,07:00,16105.57,16162.58,16056.06,16150.07,6034
2024.02.20,08:00,16150.56,16207.58,16141.06,16177.58,5814
2024.02.20,09:00,16178.06,16230.58,16174.58,16212.08,3504
2024.02.20,10:00,16211.57,16253.57,16207.07,16237.06,2233
2024.02.20,11:15,16233.57,16295.08,16233.57,16274.56,1489
2024.02.20,12:15,16274.58,16294.58,16270.56,16273.58,959
2024.02.20,13:15,16273.07,16286.07,16258.06,16285.08,1163
2024.02.20,14:15,16284.56,16294.08,16265.56,16275.07,1174
2024.02.20,15:15,16274.56,16313.57,16266.06,16284.08,1664
2024.02.20,16:15,16282.58,16344.08,16189.56,16194.06,4383
2024.02.20,17:15,16194.58,16227.08,16124.07,16170.58,3219
2024.02.20,18:15,16170.07,16184.58,16149.06,16174.06,2340
2024.02.20,19:15,16173.57,16195.08,16165.57,16174.08,2000
2024.02.20,20:15,16173.56,16177.07,16158.57,16177.07,1339
2024.02.21,03:15,16139.69,16539.70,16131.20,16494.70,12799
2024.02.21,04:15,16495.69,16696.71,16495.69,16674.71,10984
2024.02.21,05:15,16675.71,16760.70,16665.19,16741.20,5173
2024.02.21,07:00,16736.70,16750.21,16625.69,16630.70,9544
2024.02.21,08:00,16631.20,16654.70,16528.69,16596.69,8516
2024.02.21,09:00,16598.70,16601.21,16491.71,16493.69,4399
2024.02.21,10:00,16491.70,16508.21,16450.19,16473.69,2642
2024.02.21,11:15,16470.71,16470.71,16422.70,16438.70,1762
2024.02.21,12:15,16439.69,16515.21,16432.21,16457.21,2099
2024.02.21,13:15,16457.70,16469.69,16448.69,16464.21,1352
2024.02.21,14:15,16464.71,16469.21,16443.71,16458.19,1346
2024.02.21,15:15,16457.70,16465.69,16434.69,16454.71,1408
2024.02.21,16:15,16453.71,16548.70,16437.19,16499.19,4508
2024.02.21,17:15,16498.20,16501.71,16426.20,16484.20,3155
2024.02.21,18:15,16483.69,16483.69,16432.71,16459.70,2382
2024.02.21,19:15,16460.21,16467.71,16418.19,16446.20,1999
2024.02.21,20:15,16447.20,16457.69,16424.69,16432.21,1684
2024.02.22,03:15,16464.29,16545.30,16401.28,16415.28,11505
2024.02.22,04:15,16414.79,16531.29,16402.80,16499.29,7837
2024.02.22,05:15,16499.79,16518.29,16449.79,16507.29,3347
2024.02.22,07:00,16501.29,16667.80,16491.28,16611.29,7753
2024.02.22,08:00,16610.30,16652.29,16561.78,16646.30,5965
2024.02.22,09:00,16647.28,16721.29,16628.28,16718.78,4681
2024.02.22,10:00,16719.29,16783.29,16711.79,16766.80,2934
2024.02.22,11:15,16749.28,16749.78,16710.28,16720.79,2058
2024.02.22,12:15,16720.30,16735.79,16708.79,16716.80,951
2024.02.22,13:15,16717.30,16734.29,16708.79,16713.78,1339
2024.02.22,14:15,16713.79,16717.29,16701.28,16709.78,1046
2024.02.22,15:15,16709.79,16712.29,16642.29,16647.80,2054
2024.02.22,16:15,16648.30,16674.28,16571.29,16583.29,5048
2024.02.22,17:15,16581.28,16601.80,16541.29,16549.28,3631
2024.02.22,18:15,16549.79,16600.30,16547.30,16597.79,2262
2024.02.22,19:15,16597.29,16657.80,16594.78,16638.80,1845
2024.02.22,20:15,16639.28,16661.80,16632.30,16650.80,1124
2024.02.23,03:15,16629.19,16883.68,16593.18,16714.17,12026
2024.02.23,04:15,16714.69,16735.19,16658.19,16669.69,8016
2024.02.23,05:15,16669.18,16704.69,16660.69,16672.18,3242
2024.02.23,07:00,16673.19,16727.19,16661.67,16702.18,5711
2024.02.23,08:00,16702.68,16754.67,16694.17,16753.19,5632
2024.02.23,09:00,16752.67,16763.19,16700.18,16735.19,3554
2024.02.23,10:00,16735.69,16746.18,16693.19,16706.19,1494
2024.02.23,11:15,16701.18,16708.68,16675.17,16705.69,1324
2024.02.23,12:15,16705.17,16721.68,16703.17,16721.19,834
2024.02.23,13:15,16722.17,16766.19,16718.67,16762.17,1195
2024.02.23,14:15,16761.69,16798.17,16736.18,16768.68,1607
2024.02.23,15:15,16769.68,16782.19,16751.67,16764.68,1337
2024.02.23,16:15,16765.19,16804.19,16644.67,16695.68,4208
2024.02.23,17:15,16693.69,16723.69,16676.68,16678.67,2937
2024.02.23,18:15,16678.68,16734.19,16677.67,16733.68,2053
2024.02.23,19:15,16734.18,16755.17,16725.17,16733.17,1699
2024.02.23,20:15,16732.69,16736.18,16703.69,16709.19,1043
2024.02.26,03:15,16627.61,16763.11,16583.59,16621.11,11583
2024.02.26,04:15,16621.59,16663.61,16572.09,16597.11,7559
2024.02.26,05:15,16598.59,16631.11,16587.09,16599.11,2866
2024.02.26,07:00,16596.59,16688.60,16588.60,16652.60,6418
2024.02.26,08:00,16651.60,16651.60,16598.60,16615.11,5490
2024.02.26,09:00,16615.09,16644.10,16597.59,16607.10,3288
2024.02.26,10:00,16606.59,16625.09,16586.60,16625.09,1657
2024.02.26,11:15,16619.10,16656.59,16615.09,16655.11,1134
2024.02.26,12:15,16656.60,16676.61,16647.09,16661.61,1120
2024.02.26,13:15,16662.60,16670.60,16658.11,16664.61,896
2024.02.26,14:15,16664.10,16679.59,16658.61,16669.60,790
2024.02.26,15:15,16670.60,16698.59,16663.59,16666.09,1217
2024.02.26,16:15,16667.09,16741.60,16642.60,16672.10,4365
2024.02.26,17:15,16671.59,16722.10,16651.09,16659.60,2435
2024.02.26,18:15,16660.61,16667.11,16639.60,16660.09,1763
2024.02.26,19:15,16659.10,16676.61,16645.10,16668.09,1702
2024.02.26,20:15,16667.59,16669.61,16638.60,16652.61,1527
2024.02.27,03:15,16683.75,16684.24,16538.74,16602.74,10312
2024.02.27,04:15,16603.26,16603.74,16436.24,16465.74,8033
2024.02.27,05:15,16465.25,16571.76,16454.74,16565.25,3569
2024.02.27,07:00,16559.24,16668.76,16536.74,16560.76,7523
2024.02.27,08:00,16559.74,16657.24,16533.74,16653.74,6465
2024.02.27,09:00,16653.76,16825.76,16632.75,16778.26,6672
2024.02.27,10:00,16776.76,16814.76,16761.75,16794.75,2060
2024.02.27,11:15,16791.74,16848.25,16791.74,16818.76,1300
2024.02.27,12:15,16819.26,16835.24,16801.75,16808.24,810
2024.02.27,13:15,16808.76,16822.26,16803.74,16819.26,655
2024.02.27,14:15,16818.76,16832.76,16814.76,16816.24,842
2024.02.27,15:15,16815.76,16816.24,16775.24,16779.26,1801
2024.02.27,16:15,16778.74,16837.76,16775.74,16811.25,3955
2024.02.27,17:15,16810.74,16826.76,16792.26,16825.24,2595
2024.02.27,18:15,16825.74,16827.75,16791.25,16810.24,1642
2024.02.27,19:15,16809.74,16832.74,16796.25,16828.26,1234
2024.02.27,20:15,16828.76,16835.75,16808.75,16831.76,749
2024.02.28,03:15,16813.75,16888.25,16711.75,16748.74,10870
2024.02.28,04:15,16746.25,16794.25,16650.24,16655.24,8576
2024.02.28,05:15,16655.74,16852.25,16622.74,16779.74,5874
2024.02.28,07:00,16774.76,16812.75,16634.75,16651.74,7809
2024.02.28,08:00,16651.76,16659.76,16531.74,16534.26,8660
2024.02.28,09:00,16534.76,16577.76,16533.74,16554.26,4556
2024.02.28,10:00,16554.76,16557.76,16498.75,16506.75,2280
2024.02.28,11:15,16502.76,16521.24,16420.75,16447.26,2337
2024.02.28,12:15,16447.75,16497.76,16443.74,16479.75,1548
2024.02.28,13:15,16480.74,16507.75,16479.24,16495.25,1146
2024.02.28,14:15,16495.75,16508.25,16476.74,16482.76,1315
2024.02.28,15:15,16483.25,16518.25,16480.76,16511.25,1841
2024.02.28,16:15,16509.75,16525.75,16416.24,16437.76,3936
2024.02.28,17:15,16437.75,16439.74,16394.74,16405.76,2572
2024.02.28,18:15,16407.74,16444.26,16388.26,16441.24,1836
2024.02.28,19:15,16440.76,16441.76,16403.24,16409.26,1688
2024.02.28,20:15,16409.75,16432.75,16406.74,16432.75,1067
2024.02.29,03:15,16456.19,16633.20,16408.68,16613.20,11418
2024.02.29,04:15,16613.70,16706.19,16570.68,16580.18,9592
2024.02.29,05:15,16579.20,16590.19,16485.20,16573.19,4425
2024.02.29,07:00,16573.18,16600.20,16511.68,16551.20,7344
2024.02.29,08:00,16551.18,16621.19,16508.19,16595.20,6319
2024.02.29,09:00,16594.18,16647.20,16511.19,16517.68,4727
2024.02.29,10:00,16518.70,16521.19,16431.70,16468.19,2644
2024.02.29,11:15,16463.19,16473.18,16424.18,16453.19,1658
2024.02.29,12:15,16453.20,16459.20,16422.18,16453.69,1308
2024.02.29,13:15,16453.19,16461.19,16439.68,16441.20,882
2024.02.29,14:15,16441.18,16451.20,16430.18,16443.20,1041
2024.02.29,15:15,16442.69,16522.20,16429.68,16511.68,2545
2024.02.29,16:15,16511.20,16511.69,16443.19,16453.70,4164
2024.02.29,17:15,16454.18,16474.20,16392.19,16392.19,3451
2024.02.29,18:15,16392.68,16402.70,16358.19,16380.70,3043
2024.02.29,19:15,16380.19,16404.69,16369.19,16401.18,1688
2024.02.29,20:15,16400.18,16417.69,16398.18,16399.18,966
2024.03.01,03:15,16376.10,16484.62,16148.61,16479.62,12612
2024.03.01,04:15,16481.10,16643.10,16444.10,16615.60,10223
2024.03.01,05:15,16616.10,16638.10,16553.11,16617.62,4876
2024.03.01,07:00,16601.12,16635.12,16507.60,16536.11,7947
2024.03.01,08:00,16538.11,16629.10,16533.12,16581.61,6733
2024.03.01,09:00,16582.11,16608.11,16541.12,16566.12,3701
2024.03.01,10:00,16567.11,16576.11,16544.11,16570.60,2000
2024.03.01,11:15,16568.11,16569.10,16541.12,16542.12,1434
2024.03.01,12:15,16541.62,16557.12,16514.60,16548.11,1666
2024.03.01,13:15,16548.61,16579.12,16548.10,16577.61,1064
2024.03.01,14:15,16578.10,16592.12,16559.12,16571.60,1245
2024.03.01,15:15,16572.11,16573.12,16527.10,16537.61,1619
2024.03.01,16:15,16538.62,16576.12,16488.62,16533.10,4326
2024.03.01,17:15,16532.61,16604.11,16532.61,16602.62,3411
2024.03.01,18:15,16602.10,16608.11,16560.11,16601.10,2506
2024.03.01,19:15,16601.12,16604.12,16584.10,16595.61,1339
2024.03.01,20:15,16596.11,16611.12,16594.10,16604.62,1200
2024.03.04,03:15,16606.22,16656.74,16463.22,16497.73,12177
2024.03.04,04:15,16498.24,16661.23,16483.23,16604.73,9393
2024.03.04,05:15,16605.23,16627.22,16548.23,16575.72,3957
2024.03.04,07:00,16577.24,16577.24,16500.24,16549.24,7073
2024.03.04,08:00,16548.74,16559.23,16487.22,16503.72,6479
2024.03.04,09:00,16503.73,16585.72,16503.73,16579.74,3555
2024.03.04,10:00,16579.23,16592.74,16568.72,16578.72,1537
2024.03.04,11:15,16575.72,16585.73,16555.24,16560.22,1027
2024.03.04,12:15,16559.74,16568.74,16542.74,16548.72,727
2024.03.04,13:15,16549.22,16562.74,16536.22,16550.72,966
2024.03.04,14:15,16550.73,16559.74,16540.22,16548.72,781
2024.03.04,15:15,16548.22,16556.22,16538.22,16541.73,1197
2024.03.04,16:15,16541.23,16550.24,16426.23,16452.22,4128
2024.03.04,17:15,16452.73,16502.23,16441.23,16454.72,3143
2024.03.04,18:15,16454.22,16456.24,16394.23,16410.72,2215
2024.03.04,19:15,16411.74,16430.74,16369.74,16375.74,1346
2024.03.04,20:15,16375.22,16391.24,16356.22,16391.24,1032
2024.03.05,03:15,16356.53,16446.51,16262.52,16340.01,12689
2024.03.05,04:15,16339.52,16339.53,16156.01,16187.53,10650
2024.03.05,05:15,16187.02,16283.52,16186.02,16251.02,4042
2024.03.05,07:00,16245.03,16248.01,16083.51,16098.02,7457
2024.03.05,08:00,16097.03,16194.02,16067.03,16159.02,7846
2024.03.05,09:00,16158.51,16170.52,16104.02,16139.51,4557
2024.03.05,10:00,16149.53,16164.02,16124.03,16133.52,2276
2024.03.05,11:15,16129.52,16147.53,16106.51,16131.01,1320
2024.03.05,12:15,16130.51,16174.53,16123.02,16159.53,1225
2024.03.05,13:15,16161.53,16168.53,16144.01,16146.01,911
2024.03.05,14:15,16147.02,16161.53,16135.52,16160.03,1067
2024.03.05,15:15,16160.53,16210.03,16151.01,16181.53,1731
2024.03.05,16:15,16182.03,16252.53,16127.52,16240.02,3861
2024.03.05,17:15,16242.01,16249.01,16175.53,16182.02,2943
2024.03.05,18:15,16181.53,16186.53,16148.52,16169.01,2372
2024.03.05,19:15,16168.03,16186.53,16156.51,16169.02,1778
2024.03.05,20:15,16170.02,16171.01,16151.51,16158.52,1231
2024.03.06,03:15,16201.85,16267.34,16130.84,16266.84,11287
2024.03.06,04:15,16267.34,16419.84,16231.84,16399.85,10192
2024.03.06,05:15,16400.84,16546.85,16392.34,16545.85,5555
2024.03.06,07:00,16536.85,16547.34,16424.86,16472.85,7663
2024.03.06,08:00,16473.36,16501.85,16350.36,16407.86,6770
2024.03.06,09:00,16408.36,16485.85,16394.35,16436.86,4774
2024.03.06,10:00,16435.85,16462.36,16416.84,16461.36,2057
2024.03.06,11:15,16459.86,16479.86,16431.84,16467.35,1324
2024.03.06,12:15,16467.84,16494.85,16457.36,16477.34,1206
2024.03.06,13:15,16476.86,16479.84,16454.86,16461.84,839
2024.03.06,14:15,16461.36,16486.85,16446.35,16481.35,1025
2024.03.06,15:15,16482.35,16517.84,16469.34,16505.36,2323
2024.03.06,16:15,16506.36,16554.35,16479.86,16507.34,5452
2024.03.06,17:15,16506.85,16523.86,16464.86,16501.34,3589
2024.03.06,18:15,16501.84,16538.85,16492.85,16516.34,2692
2024.03.06,19:15,16517.36,16528.85,16508.35,16525.85,1998
2024.03.06,20:15,16525.35,16531.35,16463.34,16478.86,2025
2024.03.07,03:15,16410.56,16519.07,16351.07,16394.08,11583
2024.03.07,04:15,16393.56,16471.06,16340.56,16394.08,8723
2024.03.07,05:15,16393.57,16409.57,16311.07,16348.58,4361
2024.03.07,07:00,16344.57,16354.07,16259.06,16272.56,7245
2024.03.07,08:00,16273.56,16290.08,16178.58,16185.58,7681
2024.03.07,09:00,16186.06,16209.56,16112.56,16200.58,5141
2024.03.07,10:00,16201.57,16219.58,16182.06,16210.06,2108
2024.03.07,11:15,16207.08,16232.58,16199.07,16219.06,1143
2024.03.07,12:15,16218.57,16222.07,16198.57,16220.57,881
2024.03.07,13:15,16220.06,16244.56,16207.08,16243.07,869
2024.03.07,14:15,16243.56,16253.08,16230.56,16237.06,1080
2024.03.07,15:15,16236.58,16254.07,16217.57,16234.07,2159
2024.03.07,16:15,16234.56,16271.58,16184.56,16225.58,4349
2024.03.07,17:15,16227.57,16265.58,16222.56,16248.58,2485
2024.03.07,18:15,16249.57,16280.57,16248.57,16270.57,2061
2024.03.07,19:15,16271.08,16285.57,16243.56,16278.07,1676
2024.03.07,20:15,16278.56,16303.07,16271.57,16293.56,1139
2024.03.08,03:15,16274.88,16493.86,16249.38,16383.87,11150
2024.03.08,04:15,16384.38,16411.38,16283.36,16393.38,8766
2024.03.08,05:15,16394.38,16430.86,16376.87,16404.37,4039
2024.03.08,07:00,16401.87,16473.36,16377.36,16465.88,6597
2024.03.08,08:00,16464.87,16471.37,16411.36,16443.38,5595
2024.03.08,09:00,16442.87,16443.37,16358.36,16360.86,4021
2024.03.08,10:00,16362.38,16366.38,16312.87,16316.37,1901
2024.03.08,11:15,16313.36,16437.37,16306.36,16325.86,2424
2024.03.08,12:15,16325.36,16336.38,16309.38,16318.86,1274
2024.03.08,13:15,16318.38,16336.87,16310.87,16312.38,796
2024.03.08,14:15,16311.86,16322.86,16290.38,16310.88,1268
2024.03.08,15:15,16310.38,16399.38,16281.38,16341.37,3989
2024.03.08,16:15,16341.88,16401.36,16328.36,16347.37,4405
2024.03.08,17:15,16347.36,16365.88,16323.37,16332.38,3571
2024.03.08,18:15,16331.38,16336.88,16282.88,16328.88,4134
2024.03.08,19:15,16329.38,16339.37,16312.36,16315.88,3226
2024.03.08,20:15,16317.36,16358.88,16315.37,16348.37,1783
2024.03.11,04:15,16368.84,16627.35,16365.35,16500.85,12095
2024.03.11,05:15,16501.34,16547.84,16436.35,16547.33,9144
2024.03.11,06:15,16548.34,16593.85,16546.33,16563.83,4271
2024.03.11,08:00,16561.33,16590.85,16529.33,16566.84,6857
2024.03.11,09:00,16567.85,16581.84,16545.84,16564.33,5205
2024.03.11,10:00,16565.35,16576.85,16548.83,16562.84,3168
2024.03.11,11:00,16561.85,16596.34,16553.33,16588.33,2145
2024.03.11,12:15,16589.34,16611.35,16575.33,16587.35,1338
2024.03.11,13:15,16586.35,16590.34,16570.34,16574.84,1324
2024.03.11,14:15,16575.34,16581.35,16564.33,16571.83,1220
2024.03.11,15:15,16572.33,16606.85,16562.85,16588.84,1830
2024.03.11,16:15,16589.34,16737.35,16576.84,16661.83,5664
2024.03.11,17:15,16662.33,16689.34,16642.35,16651.84,3189
2024.03.11,18:15,16651.85,16710.34,16650.33,16697.35,2546
2024.03.11,19:15,16696.35,16702.85,16676.35,16698.84,1929
2024.03.11,20:15,16699.33,16712.34,16684.34,16689.84,1585
2024.03.11,21:15,16690.33,16696.84,16675.33,16676.34,1043
2024.03.12,04:15,16695.79,16817.80,16610.29,16704.30,12571
2024.03.12,05:15,16702.79,16827.28,16673.28,16818.30,9234
2024.03.12,06:15,16817.80,16885.30,16794.78,16876.79,4177
2024.03.12,08:00,16876.79,17049.78,16862.79,17045.79,10274
2024.03.12,09:00,17046.30,17116.78,16987.79,17108.29,7696
2024.03.12,10:00,17108.79,17174.30,17077.78,17105.29,5572
2024.03.12,11:00,17104.80,17119.80,17085.79,17098.78,2301
2024.03.12,12:15,17094.80,17166.79,17091.80,17118.30,1800
2024.03.12,13:15,17117.78,17125.80,17072.78,17075.80,1465
2024.03.12,14:15,17076.29,17085.78,17059.78,17064.78,1430
2024.03.12,15:15,17064.29,17099.78,16986.28,17009.80,5419
2024.03.12,16:15,17009.28,17039.28,16966.80,17015.28,6017
2024.03.12,17:15,17014.79,17071.79,17007.79,17070.78,3644
2024.03.12,18:15,17069.79,17079.80,17030.78,17038.80,3211
2024.03.12,19:15,17039.28,17060.78,17027.28,17037.30,2934
2024.03.12,20:15,17037.80,17057.80,17032.79,17052.79,2016
2024.03.12,21:15,17052.78,17066.30,17037.79,17044.78,1144
2024.03.13,04:15,17020.73,17177.73,17012.72,17137.72,12378
2024.03.13,05:15,17138.23,17162.71,17049.71,17131.23,8746
2024.03.13,06:15,17130.71,17163.23,17101.71,17146.73,3950
2024.03.13,08:00,17148.23,17218.21,17116.71,17199.72,7020
2024.03.13,09:00,17200.21,17208.23,17076.23,17089.21,6320
2024.03.13,10:00,17089.71,17104.72,17061.71,17097.72,4814
2024.03.13,11:00,17096.73,17107.73,17078.72,17088.23,1553
2024.03.13,12:15,17085.73,17103.23,17072.71,17095.72,1507
2024.03.13,13:15,17095.21,17113.22,17090.73,17103.21,963
2024.03.13,14:15,17102.71,17117.73,17099.72,17112.73,766
2024.03.13,15:15,17112.23,17118.72,17085.71,17113.72,1186
2024.03.13,16:15,17113.73,17215.71,17110.71,17177.22,4553
2024.03.13,17:15,17177.73,17187.23,17137.21,17161.73,3070
2024.03.13,18:15,17161.22,17166.21,17134.22,17137.73,2266
2024.03.13,19:15,17137.22,17139.73,17114.22,17124.71,2447
2024.03.13,20:15,17124.22,17146.73,17120.71,17127.72,1963
2024.03.13,21:15,17127.21,17139.23,17112.23,17118.22,977
2024.03.14,04:15,17104.92,17203.42,17077.42,17091.42,11761
2024.03.14,05:15,17091.44,17101.43,17013.42,17047.44,8143
2024.03.14,06:15,17047.43,17049.93,16943.94,16983.93,3907
2024.03.14,08:00,16981.92,16990.42,16891.92,16902.93,6716
2024.03.14,09:00,16902.43,16936.42,16865.94,16930.94,6050
2024.03.14,10:00,16931.92,16945.93,16903.42,16938.93,3471
2024.03.14,11:00,16937.43,16954.92,16923.44,16942.92,1785
2024.03.14,12:15,16939.43,16961.43,16931.42,16951.93,1104
2024.03.14,13:15,16952.44,16958.43,16920.92,16942.42,683
2024.03.14,14:15,16942.94,16943.93,16910.92,16916.94,753
2024.03.14,15:15,16917.43,16929.43,16881.93,16902.44,2936
2024.03.14,16:15,16901.93,16908.92,16790.44,16817.42,5104
2024.03.14,17:15,16817.94,16830.93,16766.92,16778.44,2965
2024.03.14,18:15,16778.43,16789.94,16743.44,16775.92,2435
2024.03.14,19:15,16776.44,16784.94,16768.94,16772.92,1790
2024.03.14,20:15,16773.93,16783.44,16753.92,16772.94,1886
2024.03.14,21:15,16773.93,16777.94,16752.92,16765.92,1229
2024.03.15,04:15,16738.31,16812.31,16635.80,16670.80,11114
2024.03.15,05:15,16669.82,16688.32,16586.80,16608.31,7059
2024.03.15,06:15,16607.30,16623.82,16568.30,16593.32,2940
2024.03.15,08:00,16582.31,16656.81,16528.80,16618.31,7311
2024.03.15,09:00,16617.30,16664.32,16598.30,16658.32,5542
2024.03.15,10:00,16657.82,16700.32,16648.80,16686.32,3341
2024.03.15,11:00,16685.80,16716.32,16675.80,16694.82,1799
2024.03.15,12:15,16691.82,16729.30,16681.32,16682.30,1407
2024.03.15,13:15,16681.82,16720.82,16679.80,16715.80,1031
2024.03.15,14:15,16715.31,16745.81,16712.30,16726.80,909
2024.03.15,15:15,16726.30,16746.81,16722.30,16734.81,1325
2024.03.15,16:15,16735.32,16760.80,16705.30,16746.30,4070
2024.03.15,17:15,16745.80,16782.31,16732.81,16779.32,2748
2024.03.15,18:15,16779.31,16783.82,16732.30,16733.80,1903
2024.03.15,19:15,16733.82,16739.82,16689.31,16699.30,1724
2024.03.15,20:15,16700.31,16719.80,16695.30,16715.31,1448
2024.03.15,21:15,16714.81,16727.81,16701.30,16723.82,1094
2024.03.18,04:15,16686.62,16774.61,16623.62,16659.13,11615
2024.03.18,05:15,16657.12,16777.63,16648.11,16732.62,8052
2024.03.18,06:15,16732.13,16764.13,16694.63,16710.63,3045
2024.03.18,08:00,16710.11,16791.11,16695.63,16760.61,6655
2024.03.18,09:00,16761.13,16782.13,16739.11,16760.61,4901
2024.03.18,10:00,16761.11,16767.63,16721.11,16736.62,2913
2024.03.18,11:00,16735.63,16744.61,16727.11,16735.11,1355
2024.03.18,12:15,16734.13,16752.11,16714.62,16717.11,1083
2024.03.18,13:15,16716.63,16717.12,16703.12,16708.11,896
2024.03.18,14:15,16708.61,16745.12,16708.61,16742.62,742
2024.03.18,15:15,16743.62,16746.13,16689.61,16702.63,1059
2024.03.18,16:15,16703.12,16725.13,16622.11,16684.61,3569
2024.03.18,17:15,16685.12,16696.12,16662.13,16678.13,1891
2024.03.18,18:15,16678.61,16681.13,16643.11,16653.13,1697
2024.03.18,19:15,16652.62,16662.61,16628.11,16642.62,1140
2024.03.18,20:15,16643.12,16657.13,16636.61,16652.11,877
2024.03.18,21:15,16651.62,16665.12,16648.61,16655.61,682
2024.03.19,04:15,16601.25,16677.76,16462.25,16666.26,11317
2024.03.19,05:15,16667.25,16678.27,16565.75,16628.75,7079
2024.03.19,06:15,16629.77,16632.27,16510.76,16531.25,3573
2024.03.19,08:00,16533.26,16570.26,16518.25,16563.76,5021
2024.03.19,09:00,16564.27,16570.76,16500.75,16533.26,4924
2024.03.19,10:00,16534.25,16561.25,16518.26,16543.75,3207
2024.03.19,11:00,16543.25,16574.75,16504.75,16535.76,1837
2024.03.19,12:15,16532.76,16541.27,16508.76,16535.25,1071
2024.03.19,13:15,16534.77,16542.77,16512.76,16519.26,833
2024.03.19,14:15,16519.27,16543.26,16514.25,16534.27,1089
2024.03.19,15:15,16533.77,16561.77,16520.26,16555.27,1193
2024.03.19,16:15,16555.76,16587.26,16487.25,16514.25,3403
2024.03.19,17:15,16514.75,16558.77,16508.75,16533.77,1946
2024.03.19,18:15,16533.27,16582.77,16531.25,16570.76,1490
2024.03.19,19:15,16571.25,16641.25,16570.26,16612.26,1714
2024.03.19,20:15,16611.25,16616.26,16601.25,16605.75,1197
2024.03.19,21:15,16606.26,16611.27,16593.25,16604.25,990
2024.03.20,04:15,16624.18,16639.69,16410.18,16558.18,10930
2024.03.20,05:15,16558.68,16621.17,16500.68,16605.19,7084
2024.03.20,06:15,16605.69,16650.69,16535.19,16553.18,3842
2024.03.20,08:00,16540.19,16572.69,16508.69,16570.68,5299
2024.03.20,09:00,16570.17,16609.17,16555.19,16579.17,4220
2024.03.20,10:00,16579.18,16600.67,16546.19,16553.67,2283
2024.03.20,11:00,16553.19,16563.17,16522.18,16562.18,1465
2024.03.20,12:15,16557.69,16557.69,16523.17,16556.69,989
2024.03.20,13:15,16556.19,16581.18,16539.17,16576.69,1075
2024.03.20,14:15,16577.18,16582.69,16565.17,16569.19,857
2024.03.20,15:15,16568.67,16579.18,16555.68,16578.69,1005
2024.03.20,16:15,16578.18,16637.19,16546.17,16556.17,3434
2024.03.20,17:15,16557.18,16592.19,16553.67,16590.17,2066
2024.03.20,18:15,16589.17,16589.69,16561.18,16578.68,1165
2024.03.20,19:15,16578.17,16596.17,16573.18,16574.67,890
2024.03.20,20:15,16574.18,16662.17,16573.67,16633.19,2505
2024.03.20,21:15,16633.18,16696.67,16597.67,16692.69,4059
2024.03.21,04:15,16716.26,16989.27,16700.77,16960.27,12595
2024.03.21,05:15,16959.27,16972.78,16805.76,16820.26,8742
2024.03.21,06:15,16819.76,16854.28,16798.76,16843.27,2769
2024.03.21,08:00,16846.26,16951.77,16816.28,16933.76,6005
2024.03.21,09:00,16934.27,16952.26,16890.26,16931.26,4859
2024.03.21,10:00,16931.77,16932.28,16855.78,16863.76,3450
2024.03.21,11:00,16862.76,16876.28,16831.28,16841.78,1989
2024.03.21,12:15,16836.78,16836.78,16778.28,16787.27,1573
2024.03.21,13:15,16786.77,16792.28,16762.26,16774.77,1048
2024.03.21,14:15,16774.26,16799.27,16772.28,16784.76,1052
2024.03.21,15:15,16784.27,16799.28,16769.28,16775.28,1185
2024.03.21,16:15,16777.27,16792.28,16728.27,16737.28,3423
2024.03.21,17:15,16739.27,16769.26,16723.27,16725.76,2358
2024.03.21,18:15,16725.28,16758.28,16710.27,16741.77,1744
2024.03.21,19:15,16742.28,16752.78,16729.78,16747.27,1137
2024.03.21,20:15,16746.27,16751.78,16713.28,16717.78,1071
2024.03.21,21:15,16718.27,16734.28,16712.26,16726.76,1113
2024.03.22,04:15,16734.00,16765.01,16532.52,16562.00,11770
2024.03.22,05:15,16561.01,16564.02,16370.01,16377.01,8338
2024.03.22,06:15,16377.51,16404.00,16322.51,16347.52,4168
2024.03.22,08:00,16344.52,16437.52,16328.00,16412.01,8341
2024.03.22,09:00,16411.52,16525.01,16392.51,16499.01,6961
2024.03.22,10:00,16498.52,16558.02,16496.01,16499.52,4762
2024.03.22,11:00,16499.00,16509.01,16466.02,16499.50,2305
2024.03.22,12:15,16491.01,16544.01,16491.01,16509.02,1748
2024.03.22,13:15,16507.52,16515.01,16467.52,16491.00,1184
2024.03.22,14:15,16490.01,16512.00,16421.00,16443.02,1740
2024.03.22,15:15,16442.52,16511.52,16442.02,16485.02,2053
2024.03.22,16:15,16485.51,16490.52,16429.01,16448.01,3485
2024.03.22,17:15,16448.50,16499.00,16445.51,16487.00,2076
2024.03.22,18:15,16486.52,16530.51,16483.51,16500.50,1707
2024.03.22,19:15,16501.02,16511.00,16470.00,16497.50,1343
2024.03.22,20:15,16498.00,16501.00,16480.50,16480.50,954
2024.03.22,21:15,16481.02,16499.01,16469.50,16499.01,1022
2024.03.25,04:15,16511.11,16601.62,16467.12,16578.62,11998
2024.03.25,05:15,16579.62,16612.63,16534.62,16606.61,8656
2024.03.25,06:15,16608.11,16627.63,16543.63,16579.12,4334
2024.03.25,08:00,16576.61,16599.13,16517.62,16521.13,6021
2024.03.25,09:00,16520.62,16551.62,16466.61,16477.62,6449
2024.03.25,10:00,16477.13,16523.13,16447.63,16474.12,4468
2024.03.25,11:00,16473.61,16500.61,16471.62,16486.11,1408
2024.03.25,12:15,16483.12,16483.12,16412.61,16414.63,1269
2024.03.25,13:15,16414.61,16437.63,16406.61,16431.12,1150
2024.03.25,14:15,16430.61,16450.13,16421.61,16450.11,722
2024.03.25,15:15,16449.62,16461.13,16442.11,16458.62,886
2024.03.25,16:15,16458.12,16518.13,16444.62,16509.63,3103
2024.03.25,17:15,16510.62,16519.63,16482.12,16494.61,1919
2024.03.25,18:15,16494.63,16502.63,16468.12,16470.62,1375
2024.03.25,19:15,16469.62,16489.12,16466.12,16467.61,1041
2024.03.25,20:15,16466.62,16496.63,16466.11,16495.13,761
2024.03.25,21:15,16494.62,16503.13,16487.61,16488.61,655
2024.03.26,04:15,16527.75,16680.26,16497.74,16523.25,11401
2024.03.26,05:15,16522.75,16627.74,16486.74,16500.25,7212
2024.03.26,06:15,16500.76,16535.74,16470.75,16485.74,2985
2024.03.26,08:00,16483.26,16613.26,16471.25,16584.24,7017
2024.03.26,09:00,16583.75,16758.76,16573.25,16724.26,7885
2024.03.26,10:00,16724.74,16745.75,16623.74,16636.76,4332
2024.03.26,11:00,16636.24,16663.26,16629.75,16659.25,1867
2024.03.26,12:15,16655.76,16675.76,16640.24,16665.75,1131
2024.03.26,13:15,16664.74,16670.76,16649.24,16649.76,777
2024.03.26,14:15,16648.74,16652.74,16621.74,16638.26,789
2024.03.26,15:15,16637.76,16647.76,16592.76,16598.25,1286
2024.03.26,16:15,16598.76,16605.26,16554.74,16563.24,2976
2024.03.26,17:15,16563.76,16578.26,16544.25,16546.24,2280
2024.03.26,18:15,16546.26,16562.76,16531.74,16562.76,1463
2024.03.26,19:15,16562.26,16572.76,16547.24,16570.26,1033
2024.03.26,20:15,16570.76,16571.76,16549.75,16551.24,369
2024.03.26,21:15,16551.76,16568.26,16550.24,16568.26,368
2024.03.27,04:15,16576.86,16600.85,16399.34,16560.84,10788
2024.03.27,05:15,16560.36,16616.36,16507.34,16531.86,7173
2024.03.27,06:15,16532.85,16539.86,16503.35,16519.35,2187
2024.03.27,08:00,16518.34,16521.35,16481.84,16502.35,2546
2024.03.27,09:00,16503.34,16524.36,16490.85,16495.36,1412
2024.03.27,10:00,16494.84,16495.86,16483.84,16487.86,283
2024.03.27,11:00,16487.85,16487.85,16487.85,16487.85,1
2024.03.27,12:15,16487.86,16487.86,16487.85,16487.85,2
2024.03.27,14:15,16487.86,16487.86,16487.86,16487.86,1
2024.03.27,16:15,16346.41,16403.89,16330.89,16396.89,2287
2024.03.27,17:15,16397.39,16424.41,16394.39,16414.40,2313
2024.03.27,18:15,16414.90,16430.89,16395.89,16395.91,1400
2024.03.27,19:15,16396.40,16414.91,16393.90,16399.90,1064
2024.03.27,20:15,16399.91,16412.39,16396.89,16403.40,745
2024.03.27,21:15,16403.91,16427.40,16399.40,16419.41,721
2024.03.28,04:15,16378.39,16424.90,16316.39,16413.91,11076
2024.03.28,05:15,16413.90,16547.91,16409.39,16539.91,8937
2024.03.28,06:15,16540.89,16670.91,16532.41,16647.89,5102
2024.03.28,08:00,16643.40,16707.90,16604.90,16604.90,8172
2024.03.28,09:00,16605.39,16637.90,16498.90,16569.90,6639
2024.03.28,10:00,16570.40,16574.41,16514.39,16533.41,3650
2024.03.28,11:00,16532.89,16535.39,16453.89,16506.89,2327
2024.03.28,12:15,16503.91,16519.41,16478.90,16513.40,1018
2024.03.28,13:15,16513.90,16531.90,16512.39,16517.89,954
2024.03.28,14:15,16517.40,16524.90,16486.39,16517.39,1079
2024.03.28,15:15,16516.90,16554.91,16512.40,16538.40,1705
2024.03.28,16:15,16538.41,16583.91,16506.89,16566.39,3460
2024.03.28,17:15,16566.89,16614.39,16547.91,16612.90,2253
2024.03.28,18:15,16612.89,16644.41,16588.89,16599.91,1826
2024.03.28,19:15,16600.40,16610.91,16573.89,16581.91,1345
2024.03.28,20:15,16581.41,16590.91,16568.40,16586.39,854
2024.03.28,21:15,16586.90,16590.91,16570.39,16587.41,735
2024.04.02,04:15,16727.15,16996.15,16720.63,16894.13,12909
2024.04.02,05:15,16895.14,17011.63,16894.13,16953.13,7315
2024.04.02,06:15,16953.63,16991.64,16908.14,16943.14,3282
2024.04.02,08:00,16940.14,16940.14,16882.13,16899.63,6072
2024.04.02,09:00,16899.15,16924.64,16847.14,16886.13,4638
2024.04.02,10:00,16886.14,16918.14,16881.13,16903.63,3147
2024.04.02,11:00,16903.14,16961.15,16902.64,16917.64,2150
2024.04.02,12:15,16913.64,16933.14,16896.64,16902.65,1135
2024.04.02,13:15,16902.15,16938.13,16895.13,16928.14,1109
2024.04.02,14:15,16927.64,16937.63,16908.64,16912.15,1053
2024.04.02,15:15,16911.65,16953.65,16902.14,16908.15,1716
2024.04.02,16:15,16905.15,17017.14,16879.14,16985.63,4539
2024.04.02,17:15,16986.14,17004.15,16942.65,16969.65,3081
2024.04.02,18:15,16970.13,16984.15,16935.13,16941.15,1857
2024.04.02,19:15,16940.63,16964.65,16939.15,16951.63,1384
2024.04.02,20:15,16951.13,16960.15,16935.63,16940.14,1024
2024.04.02,21:15,16939.65,16940.64,16908.13,16909.13,887
2024.04.03,04:15,16882.16,16919.64,16778.14,16805.15,10617
2024.04.03,05:15,16806.14,16820.16,16699.16,16732.14,7790
2024.04.03,06:15,16732.65,16797.15,16714.14,16786.14,2959
2024.04.03,08:00,16777.66,16794.16,16711.14,16730.14,5396
2024.04.03,09:00,16730.16,16730.65,16665.14,16701.65,4714
2024.04.03,10:00,16702.15,16707.16,16656.15,16691.16,3973
2024.04.03,11:00,16690.66,16702.14,16668.65,16690.16,2069
2024.04.03,12:15,16685.16,16711.16,16685.16,16704.66,1088
2024.04.03,13:15,16705.14,16723.65,16697.65,16719.66,840
2024.04.03,14:15,16720.14,16726.15,16707.65,16720.65,692
2024.04.03,15:15,16723.15,16726.15,16690.14,16715.66,1455
2024.04.03,16:15,16715.64,16764.66,16692.14,16726.65,3908
2024.04.03,17:15,16727.15,16783.14,16708.16,16771.64,2746
2024.04.03,18:15,16771.66,16799.14,16764.64,16768.14,2082
2024.04.03,19:15,16767.15,16798.64,16765.65,16797.65,2201
2024.04.03,20:15,16798.14,16823.66,16796.14,16818.15,1204
2024.04.03,21:15,16817.64,16822.64,16801.14,16806.66,884
2024.04.05,04:15,16742.95,16821.45,16489.44,16568.94,11293
2024.04.05,05:15,16567.44,16570.45,16447.94,16550.95,5915
2024.04.05,06:15,16550.45,16597.44,16529.94,16580.46,3132
2024.04.05,08:00,16577.96,16771.96,16577.96,16742.95,6162
2024.04.05,09:00,16742.46,16759.46,16678.94,16721.44,3614
2024.04.05,10:00,16721.95,16755.95,16695.45,16704.44,3167
2024.04.05,11:00,16703.94,16704.46,16661.44,16680.95,1610
2024.04.05,12:15,16678.96,16705.95,16677.44,16696.94,1013
2024.04.05,13:15,16696.45,16703.46,16687.95,16691.44,620
2024.04.05,14:15,16690.46,16716.45,16685.46,16716.45,753
2024.04.05,15:15,16716.46,16723.46,16645.44,16648.95,3267
2024.04.05,16:15,16648.44,16713.45,16642.46,16679.44,3673
2024.04.05,17:15,16678.94,16706.95,16648.95,16703.45,3140
2024.04.05,18:15,16703.94,16721.96,16678.44,16714.46,2238
2024.04.05,19:15,16714.45,16754.96,16712.46,16737.46,1436
2024.04.05,20:15,16737.94,16748.95,16715.44,16731.46,1465
2024.04.05,21:15,16731.96,16740.95,16716.44,16723.96,1793
2024.04.08,04:15,16649.96,16799.97,16547.46,16799.47,12171
2024.04.08,05:15,16798.45,16891.46,16745.96,16833.96,8833
2024.04.08,06:15,16832.45,16832.45,16638.45,16688.96,4981
2024.04.08,08:00,16688.97,16753.46,16681.95,16715.46,6158
2024.04.08,09:00,16716.45,16789.45,16709.46,16719.46,5624
2024.04.08,10:00,16719.97,16738.47,16663.97,16727.46,3797
2024.04.08,11:00,16728.45,16744.95,16699.97,16723.46,1809
2024.04.08,12:15,16721.47,16748.45,16713.95,16728.96,1353
2024.04.08,13:15,16728.46,16743.47,16715.95,16725.45,965
2024.04.08,14:15,16725.95,16762.97,16724.45,16762.97,1134
2024.04.08,15:15,16762.47,16804.96,16758.97,16794.95,1728
2024.04.08,16:15,16795.45,16860.47,16791.46,16818.95,4546
2024.04.08,17:15,16818.45,16847.97,16812.95,16835.97,2711
2024.04.08,18:15,16835.46,16841.45,16800.47,16802.46,2019
2024.04.08,19:15,16802.47,16807.47,16785.46,16785.46,1289
2024.04.08,20:15,16784.95,16793.97,16781.45,16792.96,1499
2024.04.08,21:15,16793.45,16797.97,16774.95,16776.97,859
2024.04.09,04:15,16798.79,17014.79,16784.29,16867.79,9017
2024.04.09,05:15,16868.29,16916.78,16788.78,16868.77,6243
2024.04.09,06:15,16869.77,16876.78,16800.79,16826.78,2431
2024.04.09,08:00,16825.27,16874.78,16807.28,16833.77,4806
2024.04.09,09:00,16833.79,16885.29,16830.27,16846.78,3875
2024.04.09,10:00,16846.29,16852.29,16824.27,16830.79,2730
2024.04.09,11:00,16829.78,16829.79,16792.79,16808.29,1359
2024.04.09,12:15,16805.28,16850.29,16805.28,16842.28,1331
2024.04.09,13:15,16843.78,16853.29,16819.77,16844.79,1047
2024.04.09,14:15,16845.77,16852.79,16827.77,16849.79,1008
2024.04.09,15:15,16850.28,16872.79,16841.29,16866.29,1509
2024.04.09,16:15,16866.79,16939.29,16861.78,16915.28,4302
2024.04.09,17:15,16915.79,16921.78,16848.77,16861.79,4457
2024.04.09,18:15,16860.77,16887.29,16855.77,16882.28,2511
2024.04.09,19:15,16882.77,16902.77,16873.78,16880.28,1582
2024.04.09,20:15,16879.77,16892.79,16867.78,16880.27,1592
2024.04.09,21:15,16880.29,16898.79,16877.77,16891.77,1068
2024.04.10,04:15,16932.72,17083.24,16893.73,17014.23,11782
2024.04.10,05:15,17013.23,17161.22,16986.72,17150.74,8435
2024.04.10,06:15,17150.22,17189.72,17106.24,17146.24,4041
2024.04.10,08:00,17137.74,17192.74,17039.72,17057.73,8304
2024.04.10,09:00,17058.72,17142.24,17050.74,17120.72,6812
2024.04.10,10:00,17121.74,17150.74,17103.73,17143.72,3929
2024.04.10,11:00,17142.73,17149.72,17114.23,17137.22,1799
2024.04.10,12:15,17133.24,17141.73,17097.23,17106.74,1447
2024.04.10,13:15,17106.72,17126.24,17105.72,17121.72,1044
2024.04.10,14:15,17122.22,17122.74,17106.24,17118.22,1008
2024.04.10,15:15,17117.72,17118.72,16864.72,16868.74,5743
2024.04.10,16:15,16868.24,16937.23,16843.73,16883.24,6506
2024.04.10,17:15,16883.72,16908.74,16841.72,16849.23,4148
2024.04.10,18:15,16848.74,16861.74,16831.72,16833.22,2727
2024.04.10,19:15,16833.72,16863.23,16823.72,16828.22,2317
2024.04.10,20:15,16827.73,16872.23,16825.74,16860.74,3951
2024.04.10,21:15,16860.22,16866.23,16832.73,16839.24,2172
2024.04.11,04:15,16873.83,16979.34,16753.34,16941.32,11305
2024.04.11,05:15,16941.84,16960.32,16890.33,16949.33,7562
2024.04.11,06:15,16949.82,16988.33,16934.32,16983.33,3124
2024.04.11,08:00,16984.82,17119.82,16981.82,17074.33,7611
2024.04.11,09:00,17074.84,17129.84,17020.82,17085.83,6006
2024.04.11,10:00,17084.83,17109.84,17064.82,17097.32,3696
2024.04.11,11:00,17096.82,17107.32,17063.33,17071.82,1636
2024.04.11,12:15,17069.34,17069.34,17029.82,17031.32,1725
2024.04.11,13:15,17031.82,17047.32,17020.34,17035.34,1337
2024.04.11,14:15,17034.82,17036.83,16995.84,17007.84,1871
2024.04.11,15:15,17008.32,17066.32,16980.33,17044.82,4637
2024.04.11,16:15,17045.33,17059.33,16926.82,16931.82,5427
2024.04.11,17:15,16931.33,16931.82,16878.84,16887.32,3926
2024.04.11,18:15,16886.84,16919.33,16876.33,16895.32,2725
2024.04.11,19:15,16894.83,16936.33,16876.82,16933.83,2093
2024.04.11,20:15,16933.32,16975.33,16923.84,16960.82,1879
2024.04.11,21:15,16961.33,16976.32,16958.82,16965.83,1140
2024.04.12,04:15,16920.91,17001.92,16747.40,16791.40,12022
2024.04.12,05:15,16790.92,16838.40,16761.90,16788.92,6038
2024.04.12,06:15,16788.40,16793.91,16740.91,16759.90,2883
2024.04.12,08:00,16762.92,16826.90,16762.92,16767.42,5150
2024.04.12,09:00,16766.42,16768.41,16695.42,16732.92,5814
2024.04.12,10:00,16734.41,16767.41,16688.91,16697.42,3714
2024.04.12,11:00,16697.90,16722.40,16679.90,16722.40,2235
2024.04.12,12:15,16717.92,16717.92,16667.41,16698.91,1650
2024.04.12,13:15,16698.42,16703.42,16646.41,16672.40,1541
2024.04.12,14:15,16671.90,16689.42,16668.92,16682.90,1335
2024.04.12,15:15,16683.40,16705.41,16601.40,16619.42,2981
2024.04.12,16:15,16618.92,16630.92,16499.90,16508.92,6121
2024.04.12,17:15,16508.40,16526.41,16460.90,16460.91,4319
2024.04.12,18:15,16460.40,16523.91,16454.40,16489.90,3778
2024.04.12,19:15,16490.40,16496.42,16453.90,16456.91,3250
2024.04.12,20:15,16457.42,16466.40,16428.40,16458.41,3117
2024.04.12,21:15,16458.90,16464.42,16430.90,16434.40,2015
2024.04.15,04:15,16442.03,16583.03,16331.05,16533.53,12662
2024.04.15,05:15,16534.03,16616.53,16530.04,16602.05,8880
2024.04.15,06:15,16603.05,16605.05,16542.05,16578.05,3314
2024.04.15,08:00,16579.03,16632.04,16551.03,16622.04,6596
2024.04.15,09:00,16624.05,16624.05,16561.04,16570.03,5217
2024.04.15,10:00,16571.04,16612.55,16570.05,16599.04,3440
2024.04.15,11:00,16598.53,16602.03,16556.05,16567.53,1882
2024.04.15,12:15,16565.04,16569.55,16540.03,16554.04,1415
2024.04.15,13:15,16553.54,16566.54,16535.04,16560.55,1179
2024.04.15,14:15,16561.03,16578.04,16557.55,16568.05,1502
2024.04.15,15:15,16568.03,16619.55,16549.53,16613.53,3362
2024.04.15,16:15,16614.05,16614.05,16452.03,16479.54,5451
2024.04.15,17:15,16480.03,16501.53,16461.04,16479.04,5009
2024.04.15,18:15,16480.03,16509.05,16474.53,16490.54,2887
2024.04.15,19:15,16490.03,16490.54,16448.03,16456.05,2281
2024.04.15,20:15,16456.04,16456.04,16380.03,16387.03,4315
2024.04.15,21:15,16386.54,16404.53,16378.03,16396.05,2369
2024.04.16,04:15,16340.47,16425.46,16256.46,16333.47,11889
2024.04.16,05:15,16333.46,16365.46,16267.45,16267.47,8388
2024.04.16,06:15,16268.45,16275.47,16235.46,16259.46,3538
2024.04.16,08:00,16255.95,16329.97,16243.47,16299.47,7289
2024.04.16,09:00,16298.96,16298.96,16180.95,16222.97,6944
2024.04.16,10:00,16222.47,16248.47,16199.45,16218.96,4639
2024.04.16,11:00,16218.45,16255.46,16208.96,16252.45,2373
2024.04.16,12:15,16249.46,16264.46,16235.45,16261.97,2100
2024.04.16,13:15,16261.45,16268.97,16243.45,16265.47,1844
2024.04.16,14:15,16265.95,16288.96,16252.45,16260.47,1604
2024.04.16,15:15,16261.45,16272.97,16206.95,16210.45,2840
2024.04.16,16:15,16209.96,16217.95,16127.96,16190.96,6245
2024.04.16,17:15,16190.46,16210.97,16161.47,16183.46,4990
2024.04.16,18:15,16183.97,16216.47,16182.45,16202.45,3533
2024.04.16,19:15,16201.97,16229.96,16187.96,16223.45,3223
2024.04.16,20:15,16223.47,16261.96,16170.95,16230.97,6036
2024.04.16,21:15,16231.45,16233.45,16193.95,16226.46,3685
2024.04.17,04:15,16214.13,16289.11,16139.11,16144.13,11512
2024.04.17,05:15,16143.11,16258.63,16141.11,16227.62,8192
2024.04.17,06:15,16227.61,16235.62,16182.11,16213.13,2850
2024.04.17,08:00,16210.13,16217.12,16130.13,16166.12,6138
2024.04.17,09:00,16166.13,16208.63,16132.12,16175.12,6427
2024.04.17,10:00,16175.11,16236.13,16167.12,16234.61,4630
2024.04.17,11:00,16235.11,16269.61,16209.11,16267.13,1735
2024.04.17,12:15,16263.61,16266.12,16238.11,16255.61,1769
2024.04.17,13:15,16256.13,16260.12,16233.13,16247.13,1446
2024.04.17,14:15,16248.11,16249.62,16220.12,16228.62,1614
2024.04.17,15:15,16229.12,16253.61,16206.61,16251.62,2580
2024.04.17,16:15,16251.11,16266.13,16179.11,16191.12,4874
2024.04.17,17:15,16190.61,16198.61,16159.13,16180.63,4158
2024.04.17,18:15,16180.12,16186.63,16136.12,16155.13,3803
2024.04.17,19:15,16154.62,16185.11,16136.11,16178.12,4231
2024.04.17,20:15,16179.12,16225.63,16175.62,16214.62,3419
2024.04.17,21:15,16215.13,16221.11,16181.11,16189.12,2318
2024.04.18,04:15,16172.12,16377.11,16167.62,16375.61,12265
2024.04.18,05:15,16374.10,16489.10,16341.12,16452.10,10108
2024.04.18,06:15,16452.61,16463.60,16400.62,16445.10,3535
2024.04.18,08:00,16440.12,16444.10,16343.62,16405.11,7251
2024.04.18,09:00,16406.11,16448.11,16363.11,16377.11,5550
2024.04.18,10:00,16377.61,16399.10,16369.10,16384.11,3905
2024.04.18,11:00,16386.12,16386.62,16341.61,16350.10,1868
2024.04.18,12:15,16346.61,16346.61,16317.10,16323.62,1829
2024.04.18,13:15,16323.10,16350.10,16316.10,16335.10,1310
2024.04.18,14:15,16334.60,16348.62,16325.10,16327.10,1465
2024.04.18,15:15,16326.62,16340.12,16292.61,16334.62,3013
2024.04.18,16:15,16335.10,16398.61,16308.60,16365.61,6375
2024.04.18,17:15,16366.60,16421.62,16343.60,16413.60,4335
2024.04.18,18:15,16413.11,16416.12,16359.10,16364.12,3030
2024.04.18,19:15,16363.60,16371.12,16335.60,16336.12,2743
2024.04.18,20:15,16335.61,16346.61,16317.10,16332.62,2963
2024.04.18,21:15,16332.10,16349.11,16324.60,16332.62,2112
2024.04.19,04:15,16231.94,16234.43,16043.43,16154.95,14433
2024.04.19,05:15,16155.45,16171.93,16009.93,16074.43,11458
2024.04.19,06:15,16073.95,16167.94,16034.95,16159.95,6038
2024.04.19,08:00,16156.44,16218.45,16101.93,16105.93,7834
2024.04.19,09:00,16106.43,16220.95,16085.93,16191.94,6265
2024.04.19,10:00,16192.45,16229.44,16185.44,16213.43,4410
2024.04.19,11:00,16213.44,16225.44,16183.93,16220.44,2379
2024.04.19,12:15,16218.43,16247.95,16204.43,16222.93,2283
2024.04.19,13:15,16223.93,16229.93,16201.93,16202.43,1795
2024.04.19,14:15,16202.95,16235.93,16202.93,16234.93,1991
2024.04.19,15:15,16235.43,16305.45,16232.95,16287.95,2713
2024.04.19,16:15,16287.43,16339.44,16279.44,16284.93,6054
2024.04.19,17:15,16284.94,16352.95,16284.44,16343.43,5678
2024.04.19,18:15,16343.95,16351.94,16285.94,16286.45,3542
2024.04.19,19:15,16286.94,16317.95,16261.43,16311.43,3458
2024.04.19,20:15,16310.94,16338.45,16302.95,16313.94,3769
2024.04.19,21:15,16312.93,16330.93,16289.95,16307.43,3089
2024.04.22,04:15,16328.68,16618.18,16326.18,16577.20,13826
2024.04.22,05:15,16576.69,16635.19,16490.19,16513.20,8331
2024.04.22,06:15,16513.19,16528.18,16446.18,16500.20,4049
2024.04.22,08:00,16507.18,16569.19,16487.68,16551.20,6751
2024.04.22,09:00,16551.69,16564.19,16488.18,16547.20,5529
2024.04.22,10:00,16546.69,16553.20,16493.69,16500.69,3686
2024.04.22,11:00,16500.70,16512.19,16488.69,16504.19,1792
2024.04.22,12:15,16502.20,16525.19,16502.20,16520.69,1932
2024.04.22,13:15,16521.70,16525.68,16503.69,16518.70,1413
2024.04.22,14:15,16518.20,16524.19,16498.68,16508.18,1779
2024.04.22,15:15,16507.70,16528.68,16481.68,16484.68,1896
2024.04.22,16:15,16484.18,16543.18,16443.69,16540.20,4354
2024.04.22,17:15,16540.70,16575.19,16530.69,16552.70,4018
2024.04.22,18:15,16553.18,16579.19,16541.70,16579.19,2435
2024.04.22,19:15,16580.19,16621.20,16580.18,16619.19,2284
2024.04.22,20:15,16618.68,16662.19,16601.70,16656.20,2150
2024.04.22,21:15,16656.68,16670.19,16648.18,16659.19,1515
2024.04.23,04:15,16659.89,16720.40,16591.90,16699.39,11197
2024.04.23,05:15,16701.38,16783.39,16646.40,16725.90,9418
2024.04.23,06:15,16726.90,16794.90,16722.90,16791.38,4116
2024.04.23,08:00,16783.90,16844.89,16743.89,16791.40,6735
2024.04.23,09:00,16790.90,16807.39,16765.88,16797.38,5294
2024.04.23,10:00,16796.38,16848.90,16788.40,16831.39,4254
2024.04.23,11:00,16832.38,16860.38,16817.89,16859.88,2376
2024.04.23,12:15,16856.88,16856.88,16820.88,16835.90,1632
2024.04.23,13:15,16835.88,16844.89,16824.90,16837.89,1130
2024.04.23,14:15,16837.39,16844.88,16805.38,16809.89,1542
2024.04.23,15:15,16808.89,16819.88,16792.89,16796.39,1663
2024.04.23,16:15,16795.88,16879.40,16776.89,16851.88,5337
2024.04.23,17:15,16852.39,16879.39,16834.40,16859.39,4246
2024.04.23,18:15,16859.89,16875.88,16845.90,16875.88,2835
2024.04.23,19:15,16875.39,16908.90,16873.38,16902.38,2448
2024.04.23,20:15,16902.40,16914.90,16896.88,16904.90,1785
2024.04.23,21:15,16904.39,16913.39,16900.39,16911.90,1131
2024.04.24,04:15,16944.73,17063.74,16927.73,17062.25,11703
2024.04.24,05:15,17061.74,17151.73,17044.73,17113.73,7854
2024.04.24,06:15,17113.23,17130.75,17078.24,17119.24,3470
2024.04.24,08:00,17114.74,17199.25,17099.75,17191.73,6782
2024.04.24,09:00,17193.23,17224.73,17156.73,17210.24,5360
2024.04.24,10:00,17210.75,17215.74,17145.73,17179.74,4212
2024.04.24,11:00,17180.24,17238.25,17166.73,17237.25,2602
2024.04.24,12:15,17234.23,17234.23,17208.73,17214.75,1629
2024.04.24,13:15,17214.73,17218.74,17196.24,17203.74,1099
2024.04.24,14:15,17204.23,17214.73,17190.73,17196.25,1140
2024.04.24,15:15,17197.73,17224.24,17157.23,17166.25,2213
2024.04.24,16:15,17165.73,17197.24,17136.24,17137.24,4711
2024.04.24,17:15,17138.23,17161.25,17113.73,17114.24,3820
2024.04.24,18:15,17114.75,17131.25,17102.25,17112.24,2992
2024.04.24,19:15,17112.75,17130.75,17109.23,17126.73,2269
2024.04.24,20:15,17126.24,17157.25,17124.74,17142.25,2260
2024.04.24,21:15,17142.75,17174.75,17140.73,17174.74,2178
2024.04.25,04:15,17136.55,17338.55,17082.53,17268.05,8874
2024.04.25,05:15,17266.55,17454.05,17246.05,17369.03,7770
2024.04.25,06:15,17367.04,17380.53,17251.53,17314.03,3808
2024.04.25,08:00,17309.03,17309.03,17217.04,17248.03,5781
2024.04.25,09:00,17247.03,17299.54,17200.53,17299.04,5358
2024.04.25,10:00,17298.54,17307.03,17253.53,17269.55,3823
2024.04.25,11:00,17269.54,17327.54,17267.54,17327.54,1939
2024.04.25,12:15,17325.53,17343.04,17318.05,17330.54,1553
2024.04.25,13:15,17330.03,17333.03,17300.03,17307.55,1380
2024.04.25,14:15,17306.55,17334.54,17306.04,17319.55,1326
2024.04.25,15:15,17320.03,17356.54,17148.03,17149.04,4452
2024.04.25,16:15,17148.54,17216.04,17130.54,17194.03,6380
2024.04.25,17:15,17193.54,17257.55,17190.54,17236.53,5285
2024.04.25,18:15,17236.03,17268.55,17224.54,17258.05,3334
2024.04.25,19:15,17258.55,17292.55,17257.53,17281.03,2757
2024.04.25,20:15,17282.05,17327.55,17279.53,17317.05,2799
2024.04.25,21:15,17317.53,17318.55,17284.04,17311.05,2510
2024.04.26,04:15,17334.57,17586.58,17308.57,17575.08,11866
2024.04.26,05:15,17574.57,17635.58,17503.06,17631.57,8564
2024.04.26,06:15,17631.07,17641.08,17583.06,17634.56,4063
2024.04.26,08:00,17630.57,17748.07,17601.56,17712.08,8547
2024.04.26,09:00,17713.08,17770.57,17667.57,17684.58,7049
2024.04.26,10:00,17685.07,17687.08,17633.56,17675.57,5286
2024.04.26,11:00,17677.07,17680.57,17634.56,17669.56,2564
2024.04.26,12:15,17667.08,17667.08,17613.56,17633.08,1378
2024.04.26,13:15,17633.06,17675.58,17632.07,17659.56,1271
2024.04.26,14:15,17658.58,17682.57,17641.08,17642.08,1191
2024.04.26,15:15,17642.56,17699.56,17618.56,17630.07,3621
2024.04.26,16:15,17630.08,17689.06,17611.08,17635.56,4541
2024.04.26,17:15,17636.06,17638.08,17570.56,17586.08,3595
2024.04.26,18:15,17586.56,17587.58,17557.07,17577.57,2522
2024.04.26,19:15,17578.07,17585.07,17564.57,17579.56,1489
2024.04.26,20:15,17579.08,17604.58,17576.56,17590.08,837
2024.04.26,21:15,17590.07,17611.58,17589.56,17608.57,683
2024.04.29,04:15,17681.56,17855.57,17672.56,17855.57,13990
2024.04.29,05:15,17854.06,18058.56,17830.55,18027.05,12036
2024.04.29,06:15,18026.07,18047.56,17876.07,17894.56,6400
2024.04.29,08:00,17893.06,17915.06,17782.55,17819.06,9149
2024.04.29,09:00,17819.56,17851.56,17771.57,17779.07,6463
2024.04.29,10:00,17778.56,17799.07,17736.55,17765.57,5624
2024.04.29,11:00,17764.05,17768.07,17725.57,17749.06,1977
2024.04.29,12:15,17746.07,17764.57,17733.55,17754.06,1577
2024.04.29,13:15,17754.56,17770.56,17751.06,17769.05,1020
2024.04.29,14:15,17769.56,17775.07,17740.05,17740.05,1221
2024.04.29,15:15,17739.06,17744.06,17684.56,17699.55,1989
2024.04.29,16:15,17699.56,17728.57,17660.56,17695.06,4729
2024.04.29,17:15,17695.57,17748.56,17689.57,17737.56,2907
2024.04.29,18:15,17738.57,17759.07,17731.05,17748.06,1808
2024.04.29,19:15,17748.55,17776.56,17747.05,17763.57,1838
2024.04.29,20:15,17763.05,17775.56,17760.06,17764.56,1152
2024.04.29,21:15,17764.55,17772.57,17745.57,17768.57,1050
2024.04.30,04:15,17794.90,17899.42,17761.41,17868.41,11896
2024.04.30,05:15,17868.90,17912.40,17792.40,17793.92,9076
2024.04.30,06:15,17794.90,17812.40,17774.90,17802.90,3374
2024.04.30,08:00,17795.92,17795.92,17700.90,17763.92,7571
2024.04.30,09:00,17763.40,17796.42,17748.92,17756.42,5489
2024.04.30,10:00,17757.42,17825.40,17746.42,17801.92,4740
2024.04.30,11:00,17804.42,17810.90,17748.92,17790.42,2127
2024.04.30,12:15,17787.40,17787.40,17756.41,17763.40,1315
2024.04.30,13:15,17764.42,17796.41,17763.90,17780.92,1024
2024.04.30,14:15,17781.90,17783.91,17738.90,17763.41,1288
2024.04.30,15:15,17763.90,17765.42,17652.40,17680.90,4273
2024.04.30,16:15,17679.91,17727.40,17662.90,17689.92,5193
2024.04.30,17:15,17689.91,17727.92,17655.90,17655.92,4466
2024.04.30,18:15,17656.91,17668.92,17622.90,17628.41,3036
2024.04.30,19:15,17627.92,17643.42,17586.90,17599.90,2070
2024.04.30,20:15,17599.40,17621.92,17595.90,17606.42,1789
2024.04.30,21:15,17606.91,17609.42,17590.40,17595.91,1342
2024.05.02,04:15,17728.60,17992.11,17728.60,17990.10,11559
2024.05.02,05:15,17988.60,18203.61,17980.61,18177.60,9393
2024.05.02,06:15,18177.11,18218.62,18081.10,18171.60,4744
2024.05.02,08:00,18178.61,18231.61,18143.60,18186.11,5648
2024.05.02,09:00,18185.62,18215.61,18162.12,18186.10,4618
2024.05.02,10:00,18186.60,18218.10,18177.11,18207.12,4060
2024.05.02,11:00,18206.60,18285.62,18198.11,18234.10,3054
2024.05.02,12:15,18231.62,18231.62,18198.10,18216.11,1791
2024.05.02,13:15,18215.62,18232.61,18203.10,18226.62,1349
2024.05.02,14:15,18226.61,18231.12,18206.10,18230.60,1322
2024.05.02,15:15,18231.10,18253.61,18202.60,18219.10,2536
2024.05.02,16:15,18219.60,18280.10,18181.62,18202.12,6162
2024.05.02,17:15,18202.60,18373.61,18201.61,18343.11,6522
2024.05.02,18:15,18342.60,18424.12,18337.10,18403.60,4232
2024.05.02,19:15,18404.61,18531.60,18401.11,18521.60,3988
2024.05.02,20:15,18521.11,18645.62,18504.10,18622.61,3573
2024.05.02,21:15,18622.11,18630.12,18555.62,18586.12,2566
2024.05.03,04:15,18583.89,18648.41,18404.89,18440.89,11654
2024.05.03,05:15,18441.91,18488.91,18369.40,18395.39,7122
2024.05.03,06:15,18396.41,18434.89,18380.89,18425.39,3284
2024.05.03,08:00,18411.41,18495.90,18395.91,18476.90,4372
2024.05.03,09:00,18476.91,18543.41,18442.91,18524.89,4298
2024.05.03,10:00,18525.39,18535.91,18455.89,18460.90,4170
2024.05.03,11:00,18458.40,18497.91,18455.89,18481.90,2200
2024.05.03,12:15,18478.39,18519.91,18473.39,18492.89,1748
2024.05.03,13:15,18493.90,18499.89,18478.89,18494.90,1114
2024.05.03,14:15,18493.90,18539.91,18490.91,18533.41,1507
2024.05.03,15:15,18532.90,18757.90,18531.39,18639.41,5920
2024.05.03,16:15,18639.91,18640.41,18480.40,18493.39,7582
2024.05.03,17:15,18493.90,18544.90,18480.41,18499.89,6911
2024.05.03,18:15,18499.90,18535.41,18498.40,18511.91,3115
2024.05.03,19:15,18511.90,18533.39,18494.90,18525.90,1959
2024.05.03,20:15,18524.89,18574.91,18523.39,18573.39,1735
2024.05.03,21:15,18573.90,18599.90,18568.89,18598.41,1090
2024.05.06,04:15,18562.13,18609.13,18406.65,18476.64,13384
2024.05.06,05:15,18476.13,18533.65,18436.63,18471.14,8639
2024.05.06,06:15,18470.13,18507.65,18450.64,18486.65,3240
2024.05.06,08:00,18476.15,18518.15,18445.15,18509.63,6544
2024.05.06,09:00,18510.13,18601.15,18504.15,18580.64,6745
2024.05.06,10:00,18580.65,18594.14,18539.63,18565.64,4013
2024.05.06,11:00,18565.14,18619.14,18558.65,18599.63,1840
2024.05.06,12:15,18597.65,18656.65,18593.15,18652.15,1666
2024.05.06,13:15,18651.64,18679.13,18643.63,18653.64,1346
2024.05.06,14:15,18654.15,18688.64,18653.64,18684.65,992
2024.05.06,15:15,18685.14,18711.15,18653.13,18654.65,1676
2024.05.06,16:15,18653.65,18705.65,18573.63,18587.14,5464
2024.05.06,17:15,18587.63,18626.63,18563.64,18586.14,3670
2024.05.06,18:15,18585.65,18618.63,18563.63,18606.15,2258
2024.05.06,19:15,18606.64,18631.14,18588.15,18619.15,1760
2024.05.06,20:15,18620.13,18646.13,18605.63,18633.64,1276
2024.05.06,21:15,18634.15,18645.14,18599.63,18615.65,1170
2024.05.07,04:15,18601.84,18655.35,18497.84,18518.86,10994
2024.05.07,05:15,18519.86,18546.35,18441.84,18453.85,7829
2024.05.07,06:15,18454.35,18484.86,18429.34,18441.35,2882
2024.05.07,08:00,18435.86,18529.34,18425.34,18520.86,5222
2024.05.07,09:00,18520.34,18527.86,18437.84,18500.35,4480
2024.05.07,10:00,18500.85,18512.86,18467.84,18487.34,3740
2024.05.07,11:00,18487.86,18501.86,18473.84,18484.34,1501
2024.05.07,12:15,18480.85,18497.35,18448.86,18467.85,1534
2024.05.07,13:15,18467.35,18475.86,18442.84,18460.86,1304
2024.05.07,14:15,18461.84,18489.36,18461.84,18483.35,1285
2024.05.07,15:15,18483.84,18512.86,18480.34,18504.84,1640
2024.05.07,16:15,18503.86,18524.84,18463.36,18499.34,4824
2024.05.07,17:15,18498.85,18537.86,18466.84,18534.85,3252
2024.05.07,18:15,18535.36,18537.35,18509.84,18518.86,2158
2024.05.07,19:15,18518.34,18520.36,18493.34,18505.34,1580
2024.05.07,20:15,18505.85,18524.35,18481.84,18489.86,1636
2024.05.07,21:15,18489.34,18489.34,18469.84,18485.35,1406
2024.05.08,04:15,18494.50,18627.50,18446.49,18564.49,11785
2024.05.08,05:15,18564.98,18606.99,18505.99,18533.00,7965
2024.05.08,06:15,18534.00,18550.00,18406.99,18435.48,4337
2024.05.08,08:00,18430.48,18460.50,18356.98,18357.98,6773
2024.05.08,09:00,18357.48,18386.49,18312.49,18342.99,5731
2024.05.08,10:00,18341.98,18369.99,18326.98,18344.00,3631
2024.05.08,11:00,18343.49,18346.00,18300.98,18309.48,1771
2024.05.08,12:15,18306.49,18322.00,18279.49,18294.00,1600
2024.05.08,13:15,18293.50,18297.98,18256.98,18265.48,1290
2024.05.08,14:15,18264.48,18269.99,18225.99,18231.98,1286
2024.05.08,15:15,18231.48,18265.98,18228.99,18256.98,1454
2024.05.08,16:15,18255.99,18358.00,18236.98,18342.50,4523
2024.05.08,17:15,18342.99,18370.48,18304.49,18304.99,2725
2024.05.08,18:15,18304.98,18351.00,18298.99,18327.00,2225
2024.05.08,19:15,18326.98,18348.00,18325.98,18331.50,1721
2024.05.08,20:15,18331.98,18361.00,18330.49,18358.50,1213
2024.05.08,21:15,18357.99,18365.00,18351.48,18354.99,931
2024.05.09,04:15,18343.63,18481.63,18285.64,18440.13,9408
2024.05.09,05:15,18439.14,18508.14,18370.13,18500.14,7733
2024.05.09,06:15,18503.14,18568.13,18502.12,18555.14,4353
2024.05.09,08:00,18552.63,18580.62,18494.64,18524.14,5791
2024.05.09,09:00,18524.63,18544.63,18498.13,18528.12,4835
2024.05.09,10:00,18526.14,18553.13,18508.12,18553.13,3741
2024.05.09,11:00,18553.64,18575.13,18527.63,18546.62,2137
2024.05.09,12:15,18544.12,18700.14,18520.12,18614.63,2559
2024.05.09,13:15,18615.63,18639.14,18598.63,18620.62,1901
2024.05.09,14:15,18621.14,18623.12,18594.12,18602.62,1229
2024.05.09,15:15,18601.63,18688.13,18600.13,18652.64,2590
2024.05.09,16:15,18653.14,18686.62,18584.62,18607.13,4859
2024.05.09,17:15,18607.64,18671.12,18604.63,18665.63,2940
2024.05.09,18:15,18666.12,18699.13,18649.14,18683.12,1904
2024.05.09,19:15,18682.64,18686.13,18654.64,18666.64,1553
2024.05.09,20:15,18666.12,18681.12,18655.62,18666.13,1344
2024.05.09,21:15,18665.62,18683.64,18663.12,18669.64,918
2024.05.10,04:15,18736.39,18867.88,18631.88,18689.38,12301
2024.05.10,05:15,18688.89,18854.89,18688.89,18843.39,8497
2024.05.10,06:15,18844.89,18890.89,18797.89,18871.89,4040
2024.05.10,08:00,18869.37,19012.89,18859.88,18922.39,7121
2024.05.10,09:00,18922.87,18966.88,18907.88,18957.88,5276
2024.05.10,10:00,18958.39,18997.87,18957.88,18979.37,3591
2024.05.10,11:00,18980.37,18997.88,18965.87,18981.38,2012
2024.05.10,12:15,18978.89,19092.88,18978.89,19039.37,2562
2024.05.10,13:15,19038.89,19086.38,19033.88,19073.87,1885
2024.05.10,14:15,19074.89,19076.37,19036.89,19058.87,1299
2024.05.10,15:15,19057.89,19065.87,19032.87,19052.89,1601
2024.05.10,16:15,19052.37,19082.38,18985.87,18989.89,4943
2024.05.10,17:15,18990.38,19004.39,18957.37,18967.88,3796
2024.05.10,18:15,18967.37,18982.89,18929.89,18950.37,2586
2024.05.10,19:15,18950.88,18961.88,18923.89,18937.87,1363
2024.05.10,20:15,18938.87,18949.39,18928.87,18936.38,1182
2024.05.10,21:15,18936.89,18953.87,18936.37,18950.88,987
2024.05.13,04:15,18904.71,18933.21,18819.21,18927.71,11990
2024.05.13,05:15,18924.73,19107.22,18917.22,19031.22,9479
2024.05.13,06:15,19032.23,19095.73,19025.72,19057.22,3226
2024.05.13,08:00,19053.73,19134.21,19040.22,19114.21,7723
2024.05.13,09:00,19113.71,19117.72,19038.72,19089.22,5432
2024.05.13,10:00,19089.72,19137.73,19076.21,19113.23,3777
2024.05.13,11:00,19114.22,19124.73,19096.21,19123.23,2005
2024.05.13,12:15,19120.23,19158.22,19089.71,19100.21,1389
2024.05.13,13:15,19101.22,19129.23,19096.21,19115.73,888
2024.05.13,14:15,19115.21,19148.23,19114.21,19139.71,800
2024.05.13,15:15,19139.23,19155.71,19124.71,19132.71,1093
2024.05.13,16:15,19132.22,19309.21,19131.72,19261.71,6420
2024.05.13,17:15,19261.22,19299.22,19248.21,19279.21,3477
2024.05.13,18:15,19278.72,19295.22,19246.22,19262.71,2435
2024.05.13,19:15,19263.71,19270.73,19224.71,19231.23,1560
2024.05.13,20:15,19230.71,19253.22,19226.73,19241.72,1207
2024.05.13,21:15,19242.21,19246.22,19230.72,19236.23,915
2024.05.14,04:15,19215.51,19319.02,19108.02,19154.03,11356
2024.05.14,05:15,19153.53,19196.53,19088.01,19150.51,8059
2024.05.14,06:15,19150.53,19156.53,19099.51,19115.52,2976
2024.05.14,08:00,19112.51,19146.52,19084.01,19125.52,5106
2024.05.14,09:00,19126.03,19147.52,19108.52,19123.53,3971
2024.05.14,10:00,19122.53,19131.52,19095.51,19113.01,3038
2024.05.14,11:00,19113.52,19116.01,19050.51,19104.51,1833
2024.05.14,12:15,19103.53,19200.53,19103.53,19161.53,1904
2024.05.14,13:15,19160.51,19168.51,19034.03,19054.53,2772
2024.05.14,14:15,19054.01,19094.53,19049.01,19075.01,940
2024.05.14,15:15,19075.51,19083.53,18968.01,19074.02,3398
2024.05.14,16:15,19074.53,19144.03,19068.51,19093.52,4902
2024.05.14,17:15,19093.03,19132.53,19053.01,19123.53,3097
2024.05.14,18:15,19123.01,19149.01,19104.51,19115.01,2362
2024.05.14,19:15,19115.53,19123.53,19094.51,19094.51,1620
2024.05.14,20:15,19094.03,19106.53,19084.02,19099.01,1139
2024.05.14,21:15,19098.53,19110.01,19079.01,19089.52,1302
2024.05.16,04:15,19314.41,19375.42,19124.92,19194.42,12803
2024.05.16,05:15,19195.40,19362.41,19167.40,19305.42,9573
2024.05.16,06:15,19305.90,19412.42,19286.91,19401.90,4504
2024.05.16,08:00,19397.42,19462.42,19378.40,19429.90,7100
2024.05.16,09:00,19430.42,19457.92,19352.42,19373.41,6255
2024.05.16,10:00,19374.42,19383.41,19318.42,19375.90,4359
2024.05.16,11:00,19376.40,19423.90,19353.40,19368.42,2439
2024.05.16,12:15,19363.41,19472.92,19363.41,19470.42,2051
2024.05.16,13:15,19469.90,19483.42,19444.92,19466.42,1326
2024.05.16,14:15,19467.40,19491.42,19454.90,19460.92,1136
2024.05.16,15:15,19460.42,19499.42,19421.42,19424.92,2230
2024.05.16,16:15,19425.42,19505.42,19362.40,19479.92,6424
2024.05.16,17:15,19479.42,19614.42,19479.42,19565.90,6491
2024.05.16,18:15,19566.42,19582.42,19528.91,19577.92,3656
2024.05.16,19:15,19577.41,19584.42,19558.40,19575.42,2006
2024.05.16,20:15,19574.92,19593.91,19565.91,19580.42,1922
2024.05.16,21:15,19579.90,19601.90,19577.40,19598.92,1105
2024.05.17,04:15,19551.69,19599.19,19455.17,19471.18,11698
2024.05.17,05:15,19470.67,19483.18,19352.67,19388.18,8360
2024.05.17,06:15,19388.67,19437.19,19388.17,19430.69,2854
2024.05.17,08:00,19423.69,19519.69,19395.67,19481.69,6977
2024.05.17,09:00,19482.18,19559.69,19465.67,19527.19,5829
2024.05.17,10:00,19527.68,19621.19,19517.18,19586.68,4803
2024.05.17,11:00,19586.69,19590.69,19528.67,19559.19,2638
2024.05.17,12:15,19555.69,19563.69,19518.67,19535.67,1584
2024.05.17,13:15,19534.69,19556.69,19531.18,19544.67,916
2024.05.17,14:15,19545.19,19580.68,19532.67,19573.17,912
2024.05.17,15:15,19573.67,19597.67,19566.17,19582.67,1274
2024.05.17,16:15,19581.67,19691.69,19541.67,19686.69,5504
2024.05.17,17:15,19686.18,19780.67,19680.67,19758.19,5375
2024.05.17,18:15,19757.69,19785.67,19704.69,19721.19,3349
2024.05.17,19:15,19720.68,19752.68,19705.68,19749.67,1855
2024.05.17,20:15,19748.67,19763.19,19712.67,19714.68,1422
2024.05.17,21:15,19713.67,19720.69,19694.67,19714.18,1452
2024.05.20,04:15,19717.00,19717.00,19591.48,19627.50,12279
2024.05.20,05:15,19626.98,19700.48,19599.98,19656.98,8779
2024.05.20,06:15,19657.48,19689.50,19616.48,19681.48,3640
2024.05.20,08:00,19680.99,19729.49,19650.48,19701.49,6165
2024.05.20,09:00,19701.98,19709.49,19649.49,19650.99,4640
2024.05.20,10:00,19651.50,19661.49,19600.99,19632.48,3904
2024.05.20,11:00,19631.49,19671.48,19628.49,19659.99,1627
2024.05.20,12:15,19656.48,19656.50,19627.00,19633.50,1056
2024.05.20,13:15,19633.49,19636.00,19606.48,19607.50,868
2024.05.20,14:15,19608.00,19610.50,19527.98,19537.48,1766
2024.05.20,15:15,19536.99,19551.48,19492.99,19521.98,2345
2024.05.20,16:15,19521.99,19612.48,19508.99,19594.00,5524
2024.05.20,17:15,19593.48,19613.50,19519.98,19526.50,3459
2024.05.20,18:15,19526.99,19558.99,19504.98,19508.48,2267
2024.05.20,19:15,19509.98,19539.99,19503.98,19539.49,1298
2024.05.20,20:15,19538.48,19539.50,19498.50,19505.00,1414
2024.05.20,21:15,19504.49,19524.00,19499.48,19519.00,939
2024.05.21,04:15,19513.94,19529.44,19259.93,19269.42,11462
2024.05.21,05:15,19269.92,19314.92,19206.42,19237.92,7755
2024.05.21,06:15,19238.93,19265.93,19226.92,19255.93,2856
2024.05.21,08:00,19252.42,19322.44,19241.92,19254.93,5521
2024.05.21,09:00,19254.43,19254.43,19189.42,19231.42,5001
2024.05.21,10:00,19230.94,19293.42,19228.94,19230.92,3838
2024.05.21,11:00,19230.94,19241.92,19200.92,19224.94,2468
2024.05.21,12:15,19221.44,19221.44,19189.93,19209.42,1410
2024.05.21,13:15,19209.94,19244.44,19209.94,19241.92,1011
2024.05.21,14:15,19242.42,19254.94,19211.44,19222.44,1069
2024.05.21,15:15,19222.92,19236.93,19153.94,19211.44,2432
2024.05.21,16:15,19210.44,19297.44,19209.42,19268.43,5283
2024.05.21,17:15,19268.44,19288.43,19241.43,19248.42,3091
2024.05.21,18:15,19248.94,19259.44,19217.43,19222.44,2280
2024.05.21,19:15,19221.92,19225.94,19162.42,19174.43,1972
2024.05.21,20:15,19174.93,19229.44,19170.42,19222.43,1474
2024.05.21,21:15,19222.92,19242.44,19221.93,19234.42,933
2024.05.22,04:15,19245.34,19365.84,19165.85,19355.84,4070
2024.05.22,05:15,19348.83,19368.34,19272.84,19302.35,263
2024.05.22,06:15,19305.33,19305.33,19238.34,19275.85,2623
2024.05.22,08:00,19275.84,19315.35,19249.35,19291.85,5772
2024.05.22,09:00,19292.33,19316.35,19201.33,19203.33,4283
2024.05.22,10:00,19203.83,19216.35,19179.83,19200.33,3007
2024.05.22,11:00,19199.85,19210.35,19184.84,19192.85,1362
2024.05.22,12:15,19189.83,19218.85,19157.83,19211.84,1294
2024.05.22,13:15,19213.33,19219.83,19170.83,19202.84,1151
2024.05.22,14:15,19203.33,19212.34,19175.33,19185.84,1125
2024.05.22,15:15,19186.33,19186.34,19128.83,19157.83,1863
2024.05.22,16:15,19157.35,19195.35,19130.35,19157.85,4852
2024.05.22,17:15,19156.83,19162.35,19059.83,19082.35,4123
2024.05.22,18:15,19083.35,19099.84,19065.83,19097.35,2159
2024.05.22,19:15,19096.33,19103.35,19073.33,19084.33,1670
2024.05.22,20:15,19084.83,19095.35,19050.35,19053.84,2472
2024.05.22,21:15,19054.35,19056.34,19029.85,19055.35,2187
2024.05.23,04:15,19096.11,19114.11,18807.11,18814.11,11539
2024.05.23,05:15,18813.62,18960.63,18784.12,18953.11,8644
2024.05.23,06:15,18952.11,18977.13,18919.11,18946.13,3122
2024.05.23,08:00,18942.63,18944.12,18844.11,18856.12,6087
2024.05.23,09:00,18855.12,18935.11,18852.12,18921.63,4759
2024.05.23,10:00,18922.11,18939.63,18832.13,18866.12,4813
2024.05.23,11:00,18866.63,18908.13,18837.13,18903.61,2227
2024.05.23,12:15,18900.62,18922.62,18894.12,18908.11,1528
2024.05.23,13:15,18908.63,18945.13,18902.63,18925.63,1101
2024.05.23,14:15,18926.12,18965.13,18923.12,18953.61,1021
2024.05.23,15:15,18953.11,18962.63,18915.11,18956.62,1992
2024.05.23,16:15,18957.12,18971.63,18815.12,18825.13,5895
2024.05.23,17:15,18824.61,18847.13,18723.13,18755.61,5389
2024.05.23,18:15,18756.13,18774.61,18745.13,18757.63,2633
2024.05.23,19:15,18758.12,18786.12,18710.61,18720.12,1908
2024.05.23,20:15,18721.13,18724.11,18638.11,18654.13,3452
2024.05.23,21:15,18654.63,18664.63,18639.12,18654.63,2291
2024.05.24,04:15,18675.33,18865.33,18639.33,18646.82,11351
2024.05.24,05:15,18648.32,18701.82,18566.81,18677.83,8645
2024.05.24,06:15,18677.82,18695.83,18620.31,18634.32,3158
2024.05.24,08:00,18633.81,18667.33,18554.32,18606.82,5832
2024.05.24,09:00,18606.31,18624.83,18531.31,18564.81,5059
2024.05.24,10:00,18565.33,18596.81,18526.31,18590.83,3654
2024.05.24,11:00,18590.31,18618.33,18581.31,18599.81,1784
2024.05.24,12:15,18598.32,18640.33,18598.32,18637.33,1213
2024.05.24,13:15,18635.32,18668.32,18635.32,18650.33,1047
2024.05.24,14:15,18649.82,18662.81,18616.31,18617.82,1197
2024.05.24,15:15,18618.32,18648.32,18608.31,18643.31,1655
2024.05.24,16:15,18644.32,18701.32,18616.31,18656.31,5337
2024.05.24,17:15,18656.32,18666.81,18594.31,18614.33,3661
2024.05.24,18:15,18614.81,18709.31,18588.83,18705.31,3256
2024.05.24,19:15,18706.32,18734.31,18684.33,18701.32,3104
2024.05.24,20:15,18700.82,18721.33,18684.31,18713.83,1510
2024.05.24,21:15,18713.31,18715.32,18679.32,18689.82,1203
2024.05.27,04:15,18633.28,18729.27,18579.77,18587.26,11318
2024.05.27,05:15,18588.26,18720.27,18508.27,18702.26,8371
2024.05.27,06:15,18702.27,18723.27,18645.78,18670.26,3534
2024.05.27,08:00,18668.77,18775.27,18665.27,18730.77,7061
2024.05.27,09:00,18730.28,18863.78,18729.26,18823.27,6174
2024.05.27,10:00,18823.28,18856.26,18806.26,18822.76,3446
2024.05.27,11:00,18821.26,18827.28,18798.26,18826.77,1962
2024.05.28,04:15,18809.68,18962.68,18742.68,18955.68,11089
2024.05.28,05:15,18955.18,18985.17,18836.18,18893.17,7479
2024.05.28,06:15,18894.18,18945.68,18863.19,18923.19,2558
2024.05.28,08:00,18916.18,18917.67,18781.18,18797.19,6108
2024.05.28,09:00,18797.69,18840.18,18756.17,18799.17,5171
2024.05.28,10:00,18800.19,18842.67,18774.67,18807.69,3418
2024.05.28,11:00,18807.19,18827.17,18793.67,18801.69,1900
2024.05.28,12:15,18799.17,18808.68,18770.19,18779.68,1453
2024.05.28,13:15,18779.19,18780.19,18709.17,18758.19,1731
2024.05.28,14:15,18758.18,18799.69,18742.18,18798.68,1193
2024.05.28,15:15,18798.17,18813.67,18776.17,18779.17,1759
2024.05.28,16:15,18779.67,18821.69,18697.17,18711.68,4921
2024.05.28,17:15,18711.67,18742.17,18674.17,18714.19,3445
2024.05.28,18:15,18713.17,18734.69,18699.17,18734.17,1950
2024.05.28,19:15,18733.68,18756.68,18715.67,18727.17,1984
2024.05.28,20:15,18726.17,18728.68,18682.17,18703.69,1714
2024.05.28,21:15,18702.67,18707.67,18680.68,18705.67,1582
2024.05.29,04:15,18617.36,18672.85,18526.35,18589.35,10633
2024.05.29,05:15,18585.85,18633.86,18497.35,18507.87,6977
2024.05.29,06:15,18507.35,18539.36,18484.87,18522.36,2663
2024.05.29,08:00,18522.37,18540.85,18444.86,18451.87,5617
2024.05.29,09:00,18451.35,18553.87,18419.37,18499.37,5338
2024.05.29,10:00,18499.86,18520.37,18459.86,18488.86,3920
2024.05.29,11:00,18489.35,18504.37,18444.35,18470.86,2557
2024.05.29,12:15,18466.85,18478.86,18448.35,18465.85,1213
2024.05.29,13:15,18465.36,18468.37,18404.36,18412.86,1073
2024.05.29,14:15,18411.85,18438.37,18391.87,18431.35,1452
2024.05.29,15:15,18430.86,18447.35,18408.35,18417.86,1534
2024.05.29,16:15,18418.35,18441.37,18371.86,18395.36,4264
2024.05.29,17:15,18395.85,18412.87,18367.37,18367.85,3387
2024.05.29,18:15,18367.37,18419.37,18367.37,18398.85,2523
2024.05.29,19:15,18398.35,18463.86,18397.36,18423.36,2210
2024.05.29,20:15,18423.85,18459.87,18423.36,18439.36,1035
2024.05.29,21:15,18440.35,18455.36,18396.35,18402.36,744
2024.05.30,04:15,18402.25,18551.25,18327.27,18429.25,11137
2024.05.30,05:15,18429.26,18435.77,18271.75,18315.76,7778
2024.05.30,06:15,18316.27,18344.27,18282.75,18288.77,3151
2024.05.30,08:00,18280.27,18280.27,18200.27,18211.27,7092
2024.05.30,09:00,18212.26,18235.27,18187.25,18214.77,5160
2024.05.30,10:00,18213.76,18267.26,18213.76,18246.26,4267
2024.05.30,11:00,18247.27,18262.25,18216.25,18220.25,2166
2024.05.30,12:15,18218.26,18263.26,18218.26,18259.75,1395
2024.05.30,13:15,18259.25,18283.25,18256.77,18265.26,1251
2024.05.30,14:15,18266.27,18308.75,18261.27,18295.77,1125
2024.05.30,15:15,18296.27,18333.27,18291.25,18305.26,2369
2024.05.30,16:15,18304.77,18412.26,18287.27,18368.27,5733
2024.05.30,17:15,18368.26,18430.27,18366.25,18421.26,3909
2024.05.30,18:15,18420.77,18470.77,18417.76,18441.77,2654
2024.05.30,19:15,18441.27,18484.26,18439.75,18484.26,1343
2024.05.30,20:15,18484.77,18504.77,18475.27,18482.77,1377
2024.05.30,21:15,18483.26,18483.26,18457.26,18473.25,1165
2024.05.31,04:15,18460.85,18559.85,18406.35,18469.84,11154
2024.05.31,05:15,18469.83,18518.83,18396.84,18426.83,7686
2024.05.31,06:15,18426.33,18438.35,18391.33,18414.85,3266
2024.05.31,08:00,18399.84,18432.85,18334.85,18337.85,6091
2024.05.31,09:00,18337.84,18344.34,18217.85,18247.34,6354
2024.05.31,10:00,18246.85,18268.84,18082.83,18095.33,5656
2024.05.31,11:00,18095.83,18107.83,18055.35,18103.84,3259
2024.05.31,12:15,18100.34,18100.84,18045.85,18070.35,2064
2024.05.31,13:15,18069.83,18157.34,18054.34,18155.84,1738
2024.05.31,14:15,18154.85,18184.85,18129.84,18179.84,1702
2024.05.31,15:15,18178.83,18227.85,18164.85,18200.34,3264
2024.05.31,16:15,18199.85,18216.85,18129.33,18186.85,4895
2024.05.31,17:15,18186.83,18186.83,18105.33,18127.33,4548
2024.05.31,18:15,18126.84,18130.35,18085.85,18105.33,2923
2024.05.31,19:15,18104.85,18174.83,18097.35,18172.33,1828
2024.05.31,20:15,18172.83,18185.85,18162.83,18175.84,1203
2024.05.31,21:15,18176.33,18201.84,18171.84,18178.33,1178
2024.06.03,04:15,18342.42,18551.42,18283.93,18550.42,11740
2024.06.03,05:15,18549.91,18588.42,18526.41,18567.93,7171
2024.06.03,06:15,18568.41,18585.43,18464.91,18523.93,4174
2024.06.03,08:00,18519.41,18561.91,18468.41,18484.41,6727
2024.06.03,09:00,18484.43,18494.42,18435.41,18447.43,4869
2024.06.03,10:00,18447.93,18460.42,18389.41,18402.42,3989
2024.06.03,11:00,18403.43,18447.92,18383.41,18447.92,2234
2024.06.03,12:15,18444.41,18444.91,18411.43,18429.43,1538
2024.06.03,13:15,18428.42,18431.42,18411.42,18422.42,1204
2024.06.03,14:15,18422.92,18436.43,18412.41,18418.41,1272
2024.06.03,15:15,18418.91,18424.92,18411.41,18416.42,1356
2024.06.03,16:15,18415.92,18469.42,18328.42,18348.93,6160
2024.06.03,17:15,18349.41,18357.42,18256.93,18274.93,5212
2024.06.03,18:15,18274.42,18295.92,18242.41,18243.91,2966
2024.06.03,19:15,18244.42,18256.42,18222.92,18232.91,3270
2024.06.03,20:15,18233.42,18290.43,18231.43,18273.92,2350
2024.06.03,21:15,18274.41,18304.42,18273.93,18299.41,1709
2024.06.04,04:15,18313.51,18539.02,18272.52,18515.01,11384
2024.06.04,05:15,18515.53,18517.03,18396.51,18468.51,8133
2024.06.04,06:15,18467.51,18479.01,18407.03,18439.01,3485
2024.06.04,08:00,18436.52,18495.53,18412.51,18493.51,5110
2024.06.04,09:00,18492.53,18536.02,18460.51,18505.03,4944
2024.06.04,10:00,18504.52,18507.53,18400.53,18455.52,4227
2024.06.04,11:00,18454.51,18456.03,18410.01,18418.51,2018
2024.06.04,12:15,18415.02,18415.02,18329.52,18373.01,2739
2024.06.04,13:15,18372.53,18417.02,18372.51,18409.03,1929
2024.06.04,14:15,18408.53,18489.53,18406.53,18463.52,2520
2024.06.04,15:15,18464.53,18495.02,18453.01,18455.51,2047
2024.06.04,16:15,18454.51,18521.51,18428.02,18480.51,5740
2024.06.04,17:15,18479.51,18504.03,18404.03,18410.53,5332
2024.06.04,18:15,18411.01,18419.53,18351.01,18360.03,3305
2024.06.04,19:15,18359.51,18412.52,18357.52,18405.53,2635
2024.06.04,20:15,18406.02,18436.51,18399.52,18435.52,2090
2024.06.04,21:15,18436.01,18463.51,18435.51,18449.51,1818
2024.06.05,04:15,18452.30,18727.30,18445.80,18707.79,11176
2024.06.05,05:15,18707.29,18711.31,18542.81,18572.30,8031
2024.06.05,06:15,18572.81,18573.81,18463.79,18495.30,4318
2024.06.05,08:00,18498.30,18524.31,18468.81,18511.29,5115
2024.06.05,09:00,18510.79,18523.29,18404.80,18407.81,4769
2024.06.05,10:00,18408.31,18443.31,18365.29,18403.80,3929
2024.06.05,11:00,18403.79,18435.30,18385.29,18403.30,1710
2024.06.05,12:15,18401.30,18442.29,18401.30,18440.30,1327
2024.06.05,13:15,18439.29,18445.31,18421.29,18430.30,960
2024.06.05,14:15,18430.80,18454.81,18424.31,18450.81,1236
2024.06.05,15:15,18451.30,18471.31,18421.29,18467.81,2012
2024.06.05,16:15,18468.31,18499.31,18390.79,18402.80,5314
2024.06.05,17:15,18402.31,18469.29,18398.79,18457.80,4458
2024.06.05,18:15,18457.31,18493.29,18447.29,18474.30,2476
2024.06.05,19:15,18474.80,18485.31,18457.29,18462.30,1487
2024.06.05,20:15,18461.30,18484.81,18448.80,18473.29,1333
2024.06.05,21:15,18473.31,18506.31,18472.80,18494.81,861
2024.06.06,04:15,18489.54,18694.04,18489.54,18528.54,11932
2024.06.06,05:15,18528.03,18616.03,18467.02,18550.52,9468
2024.06.06,06:15,18551.04,18552.04,18506.52,18521.02,2882
2024.06.06,08:00,18515.54,18538.02,18370.52,18388.53,7054
2024.06.06,09:00,18388.03,18437.54,18373.03,18435.03,4817
2024.06.06,10:00,18434.54,18463.03,18426.04,18462.53,3377
2024.06.06,11:00,18462.02,18492.54,18457.52,18488.04,1593
2024.06.06,12:15,18485.54,18551.53,18485.54,18496.53,1610
2024.06.06,13:15,18497.02,18539.04,18492.53,18532.02,1157
2024.06.06,14:15,18531.54,18538.03,18511.02,18519.53,1356
2024.06.06,15:15,18520.03,18546.02,18489.53,18515.03,2996
2024.06.06,16:15,18515.53,18553.04,18482.02,18518.04,4555
2024.06.06,17:15,18518.52,18521.04,18442.02,18503.03,3523
2024.06.06,18:15,18502.53,18572.53,18501.54,18559.52,2706
2024.06.06,19:15,18560.04,18560.04,18525.52,18544.52,1984
2024.06.06,20:15,18544.02,18563.54,18515.02,18523.03,1712
2024.06.06,21:15,18523.53,18565.53,18521.54,18565.03,1235
2024.06.07,04:15,18579.74,18611.24,18382.72,18440.73,11852
2024.06.07,05:15,18440.72,18479.74,18332.74,18347.72,8785
2024.06.07,06:15,18347.24,18383.72,18326.72,18369.73,3421
2024.06.07,08:00,18371.74,18405.24,18270.23,18316.74,6478
2024.06.07,09:00,18316.73,18359.72,18296.23,18345.24,5108
2024.06.07,10:00,18346.72,18363.24,18310.72,18315.22,3397
2024.06.07,11:00,18315.73,18357.24,18313.22,18325.72,2391
2024.06.07,12:15,18323.72,18326.23,18279.23,18295.24,1776
2024.06.07,13:15,18294.72,18331.74,18283.74,18314.72,1193
2024.06.07,14:15,18315.24,18349.74,18261.24,18346.73,2017
2024.06.07,15:15,18346.24,18356.23,18176.74,18217.73,5633
2024.06.07,16:15,18217.22,18285.24,18216.22,18251.72,6209
2024.06.07,17:15,18252.24,18280.74,18224.22,18243.24,3808
2024.06.07,18:15,18242.72,18244.24,18202.23,18216.73,2231
2024.06.07,19:15,18217.24,18221.24,18142.73,18147.22,2030
2024.06.07,20:15,18146.22,18172.24,18115.72,18116.24,2353
2024.06.07,21:15,18115.74,18148.74,18115.23,18146.24,1847
2024.06.11,04:15,18134.02,18193.51,18006.53,18023.52,13209
2024.06.11,05:15,18022.52,18089.02,17979.53,18034.51,8943
2024.06.11,06:15,18035.01,18083.03,18022.53,18049.03,3366
2024.06.11,08:00,18047.51,18190.53,18037.51,18167.51,6702
2024.06.11,09:00,18166.52,18272.53,18154.52,18180.53,6864
2024.06.11,10:00,18181.01,18211.01,18142.02,18193.53,4102
2024.06.11,11:00,18193.03,18197.53,18152.51,18176.03,1792
2024.06.11,12:15,18172.02,18172.02,18099.01,18111.01,2204
2024.06.11,13:15,18111.51,18130.52,18091.52,18097.52,1701
2024.06.11,14:15,18097.01,18145.53,18088.51,18145.01,1784
2024.06.11,15:15,18145.51,18177.53,18138.51,18171.02,2161
2024.06.11,16:15,18171.51,18172.51,18056.02,18089.01,5607
2024.06.11,17:15,18089.52,18095.03,18059.01,18074.53,3312
2024.06.11,18:15,18075.03,18082.03,18000.02,18032.02,2910
2024.06.11,19:15,18031.52,18058.01,18010.53,18047.51,2229
2024.06.11,20:15,18047.53,18064.52,18035.01,18062.01,1705
2024.06.11,21:15,18062.52,18087.52,18061.01,18079.53,1175
2024.06.12,04:15,18018.53,18036.05,17833.53,17848.53,11952
2024.06.12,05:15,17849.04,17998.55,17823.53,17915.53,8510
2024.06.12,06:15,17915.55,17944.55,17880.53,17900.03,3125
2024.06.12,08:00,17896.55,17978.04,17880.54,17948.53,6495
2024.06.12,09:00,17948.54,17980.54,17921.53,17935.03,4549
2024.06.12,10:00,17935.53,17951.04,17891.53,17927.53,3491
2024.06.12,11:00,17927.04,17945.54,17911.05,17935.55,1817
2024.06.12,12:15,17932.04,17951.53,17916.03,17922.53,1404
2024.06.12,13:15,17922.05,17930.53,17901.55,17908.03,1218
2024.06.12,14:15,17908.53,17926.54,17896.03,17925.04,1355
2024.06.12,15:15,17924.55,18114.55,17919.54,18097.03,5152
2024.06.12,16:15,18098.03,18116.05,18035.53,18066.54,6339
2024.06.12,17:15,18067.53,18122.04,18066.53,18088.03,4107
2024.06.12,18:15,18088.55,18139.55,18082.54,18111.55,2708
2024.06.12,19:15,18110.55,18146.55,18104.04,18136.04,1527
2024.06.12,20:15,18137.05,18151.54,18068.05,18093.04,3389
2024.06.12,21:15,18092.55,18105.54,18026.54,18054.03,5950
2024.06.13,04:15,18070.32,18167.30,17986.82,18073.81,11213
2024.06.13,05:15,18074.31,18103.31,17961.81,17982.81,8167
2024.06.13,06:15,17983.31,18025.32,17947.32,18008.31,3108
2024.06.13,08:00,18005.30,18015.82,17967.80,18000.32,5096
2024.06.13,09:00,17999.82,18050.31,17966.81,18043.80,4271
2024.06.13,10:00,18044.30,18117.82,18037.30,18104.82,4099
2024.06.13,11:00,18103.81,18110.30,18077.81,18094.82,1725
2024.06.13,12:15,18093.82,18105.32,18057.81,18059.81,1452
2024.06.13,13:15,18060.32,18066.82,18039.80,18056.30,1179
2024.06.13,14:15,18055.81,18069.80,18042.82,18069.30,1173
2024.06.13,15:15,18068.82,18173.31,18060.80,18062.82,4037
2024.06.13,16:15,18063.32,18129.81,18015.30,18017.31,5783
2024.06.13,17:15,18016.82,18020.82,17954.80,17963.32,4672
2024.06.13,18:15,17963.81,17987.82,17925.80,17937.82,2982
2024.06.13,19:15,17938.32,17939.30,17907.81,17936.81,2879
2024.06.13,20:15,17935.80,17958.81,17923.82,17950.80,1713
2024.06.13,21:15,17951.31,17965.82,17941.82,17962.80,1044
2024.06.14,04:15,17991.07,18092.57,17900.07,18031.06,11197
2024.06.14,05:15,18032.06,18042.07,17925.07,18037.57,7896
2024.06.14,06:15,18038.06,18064.57,17962.06,17973.08,3566
2024.06.14,08:00,17969.57,18026.06,17924.08,17994.56,7124
2024.06.14,09:00,17995.06,18031.57,17970.06,17996.06,5204
2024.06.14,10:00,17996.56,18018.07,17941.56,17947.06,3672
2024.06.14,11:00,17946.58,17951.07,17871.06,17918.58,2523
2024.06.14,12:15,17915.58,17915.58,17805.57,17806.06,2829
2024.06.14,13:15,17805.06,17830.58,17795.56,17808.58,2736
2024.06.14,14:15,17808.56,17846.08,17798.56,17818.08,2412
2024.06.14,15:15,17819.06,17837.07,17800.56,17824.07,2640
2024.06.14,16:15,17824.57,17848.08,17763.06,17768.58,5580
2024.06.14,17:15,17768.07,17826.08,17753.58,17820.58,4147
2024.06.14,18:15,17821.06,17834.58,17792.57,17800.07,2756
2024.06.14,19:15,17800.56,17803.08,17775.56,17801.08,2055
2024.06.14,20:15,17800.56,17801.08,17765.57,17772.07,1611
2024.06.14,21:15,17772.08,17800.06,17766.07,17798.06,1375
2024.06.17,04:15,17798.96,17995.97,17699.46,17990.47,11974
2024.06.17,05:15,17987.96,18124.95,17971.47,17992.96,8874
2024.06.17,06:15,17994.46,18036.45,17949.95,17973.96,3440
2024.06.17,08:00,17965.95,18010.96,17922.95,17947.47,5729
2024.06.17,09:00,17947.97,17979.97,17917.95,17940.95,4160
2024.06.17,10:00,17941.95,17955.46,17923.45,17937.45,2808
2024.06.17,11:00,17936.95,17956.47,17923.95,17955.96,1287
2024.06.17,12:15,17950.47,17952.96,17922.96,17925.46,1091
2024.06.17,13:15,17925.96,17942.96,17902.45,17934.95,1104
2024.06.17,14:15,17935.97,17951.97,17930.97,17930.97,1100
2024.06.17,15:15,17929.96,17933.47,17895.96,17928.46,1628
2024.06.17,16:15,17928.96,17931.97,17884.97,17888.97,3936
2024.06.17,17:15,17888.96,17931.95,17879.45,17928.95,2585
2024.06.17,18:15,17929.45,17949.96,17920.46,17939.47,1859
2024.06.17,19:15,17938.96,17975.97,17933.95,17964.95,1548
2024.06.17,20:15,17965.47,18035.95,17965.47,18019.96,1784
2024.06.17,21:15,18018.95,18026.47,18010.46,18022.96,1593
2024.06.18,04:15,17999.60,18022.11,17867.10,17982.59,10819
2024.06.18,05:15,17983.10,18039.10,17946.60,17953.09,7083
2024.06.18,06:15,17954.11,17962.61,17846.11,17886.60,3495
2024.06.18,08:00,17881.11,17928.11,17840.09,17853.09,5347
2024.06.18,09:00,17854.09,17910.61,17843.61,17903.60,4071
2024.06.18,10:00,17903.61,17952.61,17901.59,17926.60,3137
2024.06.18,11:00,17926.10,17927.59,17890.09,17898.60,1480
2024.06.18,12:15,17896.10,17926.61,17896.10,17906.61,1399
2024.06.18,13:15,17906.09,17934.61,17903.10,17906.11,1142
2024.06.18,14:15,17906.61,17928.10,17893.60,17925.10,937
2024.06.18,15:15,17926.09,17977.61,17922.59,17969.11,2766
2024.06.18,16:15,17968.60,18042.11,17928.09,18009.59,5538
2024.06.18,17:15,18010.11,18064.10,18007.60,18012.60,3545
2024.06.18,18:15,18013.09,18039.10,18002.09,18025.59,2067
2024.06.18,19:15,18025.09,18072.10,18010.09,18051.59,1802
2024.06.18,20:15,18052.10,18067.11,18027.59,18034.11,1253
2024.06.18,21:15,18034.60,18037.61,18024.10,18036.60,939
2024.06.19,04:15,18052.45,18226.95,18039.44,18202.93,10671
2024.06.19,05:15,18203.94,18328.95,18186.93,18284.44,8072
2024.06.19,06:15,18283.95,18294.94,18250.44,18271.44,3141
2024.06.19,08:00,18260.44,18401.44,18242.44,18397.94,6106
2024.06.19,09:00,18399.44,18431.45,18362.93,18416.94,5024
2024.06.19,10:00,18416.93,18456.44,18392.44,18444.45,4042
2024.06.19,11:00,18443.93,18459.94,18425.44,18431.95,2237
2024.06.19,12:15,18428.45,18431.95,18409.93,18411.93,1393
2024.06.19,13:15,18412.45,18427.43,18405.94,18413.44,1124
2024.06.19,14:15,18413.94,18435.43,18407.94,18421.44,925
2024.06.19,15:15,18420.95,18432.95,18413.93,18414.43,913
2024.06.19,16:15,18415.44,18428.95,18407.94,18419.44,1378
2024.06.19,17:15,18418.94,18423.93,18397.44,18422.95,1067
2024.06.19,18:15,18422.93,18423.95,18403.93,18414.45,919
2024.06.19,19:15,18413.95,18421.94,18408.93,18410.44,486
2024.06.19,20:15,18409.95,18411.95,18396.45,18398.95,267
2024.06.19,21:15,18398.93,18403.94,18388.44,18396.43,327
2024.06.20,04:15,18400.98,18511.48,18354.98,18401.47,10648
2024.06.20,05:15,18400.97,18464.48,18322.98,18337.47,7577
2024.06.20,06:15,18336.98,18361.99,18320.47,18339.47,2685
2024.06.20,08:00,18342.47,18364.99,18282.98,18337.48,5740
2024.06.20,09:00,18337.47,18350.98,18283.48,18303.47,4489
2024.06.20,10:00,18303.97,18315.99,18259.97,18300.99,3783
2024.06.20,11:00,18301.49,18335.47,18291.97,18296.97,1714
2024.06.20,12:15,18295.47,18314.98,18295.47,18302.48,1368
2024.06.20,13:15,18301.98,18318.49,18300.98,18305.98,992
2024.06.20,14:15,18305.49,18310.47,18289.47,18289.47,1195
2024.06.20,15:15,18288.99,18312.47,18240.97,18246.48,2254
2024.06.20,16:15,18246.47,18270.49,18170.99,18176.48,5204
2024.06.20,17:15,18175.97,18219.49,18172.98,18192.99,3841
2024.06.20,18:15,18192.47,18198.47,18152.49,18153.97,2359
2024.06.20,19:15,18154.47,18175.99,18143.97,18171.99,3534
2024.06.20,20:15,18172.49,18195.98,18142.49,18195.98,2809
2024.06.20,21:15,18196.49,18202.99,18190.47,18201.49,1382
2024.06.21,04:15,18166.43,18206.91,18021.91,18132.93,10456
2024.06.21,05:15,18131.43,18135.91,17984.91,18007.92,7363
2024.06.21,06:15,18006.92,18026.93,17957.42,18006.91,3519
2024.06.21,08:00,18003.43,18072.93,17974.41,18069.92,6185
2024.06.21,09:00,18069.42,18092.93,18013.91,18040.92,4532
2024.06.21,10:00,18041.91,18064.43,17993.91,18034.93,4272
2024.06.21,11:00,18032.43,18055.92,18006.92,18021.93,2833
2024.06.21,12:15,18016.93,18018.43,17990.42,17995.43,1778
2024.06.21,13:15,17995.93,18028.41,17978.91,18021.43,1169
2024.06.21,14:15,18021.93,18036.91,18011.93,18033.91,1289
2024.06.21,15:15,18033.42,18052.93,18022.43,18042.93,1506
2024.06.21,16:15,18043.42,18057.41,17995.42,18008.43,4890
2024.06.21,17:15,18008.92,18025.43,17968.91,17968.91,3062
2024.06.21,18:15,17968.43,18008.93,17953.92,18003.42,2247
2024.06.21,19:15,18003.92,18011.93,17968.42,17970.93,1878
2024.06.21,20:15,17970.43,17973.41,17952.91,17960.41,1356
2024.06.21,21:15,17960.93,17986.43,17960.41,17985.92,1158
2024.06.24,04:15,17957.69,17957.69,17819.67,17874.67,11180
2024.06.24,05:15,17873.67,17922.18,17794.17,17816.69,9076
2024.06.24,06:15,17817.17,17867.17,17786.68,17853.17,4022
2024.06.24,08:00,17851.19,17911.68,17837.67,17888.69,7074
2024.06.24,09:00,17889.19,17920.19,17863.69,17872.69,6535
2024.06.24,10:00,17873.18,18047.69,17868.67,18033.17,5528
2024.06.24,11:00,18033.67,18076.17,18023.18,18074.17,2115
2024.06.24,12:15,18070.69,18070.69,18025.68,18029.67,2388
2024.06.24,13:15,18030.69,18082.69,18024.68,18071.19,1355
2024.06.24,14:15,18071.18,18076.19,18053.17,18056.18,1261
2024.06.24,15:15,18056.68,18096.19,18055.68,18094.19,1472
2024.06.24,16:15,18093.69,18272.67,18083.17,18256.69,5036
2024.06.24,17:15,18257.17,18257.67,18218.18,18222.69,3570
2024.06.24,18:15,18223.19,18225.69,18175.17,18175.18,2435
2024.06.24,19:15,18175.69,18181.69,18130.17,18131.68,2050
2024.06.24,20:15,18132.18,18146.19,18121.67,18129.17,2251
2024.06.24,21:15,18128.68,18169.18,18124.67,18162.67,1357
2024.06.25,04:15,18153.69,18244.20,18059.69,18170.21,12414
2024.06.25,05:15,18169.70,18211.70,18088.20,18121.21,8619
2024.06.25,06:15,18120.69,18124.21,18066.71,18121.69,3695
2024.06.25,08:00,18117.20,18171.20,18091.69,18106.69,6402
2024.06.25,09:00,18106.21,18114.71,17959.69,18012.71,8275
2024.06.25,10:00,18013.19,18057.19,17992.70,18032.69,4742
2024.06.25,11:00,18032.19,18093.19,18029.19,18082.19,2326
2024.06.25,12:15,18077.69,18100.20,18070.69,18075.21,1727
2024.06.25,13:15,18076.20,18085.71,18051.70,18052.19,1125
2024.06.25,14:15,18052.70,18057.21,18025.21,18035.19,1376
2024.06.25,15:15,18034.70,18039.21,18005.20,18021.69,1615
2024.06.25,16:15,18021.70,18022.69,17930.69,17952.69,4127
2024.06.25,17:15,17953.21,17966.19,17936.70,17947.71,2808
2024.06.25,18:15,17947.21,17955.71,17931.19,17936.70,2062
2024.06.25,19:15,17936.19,17945.70,17919.19,17943.69,1908
2024.06.25,20:15,17943.21,17958.71,17940.19,17950.20,1360
2024.06.25,21:15,17950.21,17968.20,17946.21,17968.20,1238
2024.06.26,04:15,17939.26,18125.75,17902.26,18106.25,10542
2024.06.26,05:15,18106.77,18110.75,18029.77,18042.26,6490
2024.06.26,06:15,18041.25,18081.27,18012.75,18078.26,2793
2024.06.26,08:00,18077.26,18159.27,18060.25,18115.75,6125
2024.06.26,09:00,18116.27,18166.27,18089.27,18090.26,4837
2024.06.26,10:00,18090.25,18100.25,18043.25,18084.76,3990
2024.06.26,11:00,18084.26,18104.25,18063.75,18079.26,1886
2024.06.26,12:15,18076.77,18082.77,18031.26,18032.77,1158
2024.06.26,13:15,18031.25,18043.27,17995.25,18003.75,1356
2024.06.26,14:15,18004.27,18032.27,17988.25,17996.76,1515
2024.06.26,15:15,17996.25,18009.76,17970.27,17976.25,1734
2024.06.26,16:15,17976.27,17982.77,17920.75,17936.76,3479
2024.06.26,17:15,17936.26,17965.76,17935.77,17938.77,2582
2024.06.26,18:15,17939.27,17986.26,17938.25,17976.76,2045
2024.06.26,19:15,17976.25,17986.26,17945.76,17948.76,1494
2024.06.26,20:15,17948.26,17960.27,17941.77,17949.25,578
2024.06.26,21:15,17949.26,17967.75,17940.25,17959.77,527
2024.06.27,04:15,17928.82,17936.83,17747.31,17783.81,9782
2024.06.27,05:15,17783.83,17799.83,17697.81,17722.81,6918
2024.06.27,06:15,17720.81,17749.33,17711.32,17720.31,2962
2024.06.27,08:00,17716.31,17738.32,17664.31,17702.81,6336
2024.06.27,09:00,17702.82,17750.33,17667.82,17691.31,5291
2024.06.27,10:00,17692.31,17721.82,17679.32,17692.31,3413
2024.06.27,11:00,17691.83,17723.31,17686.32,17717.83,1909
2024.06.27,12:15,17715.81,17753.81,17715.81,17741.31,1574
2024.06.27,13:15,17740.81,17756.31,17735.31,17750.33,1018
2024.06.27,14:15,17751.81,17753.82,17721.32,17724.81,1116
2024.06.27,15:15,17723.31,17767.82,17704.83,17746.81,2258
2024.06.27,16:15,17747.83,17760.82,17667.81,17695.83,4186
2024.06.27,17:15,17695.81,17702.83,17625.82,17632.33,3340
2024.06.27,18:15,17632.82,17668.83,17632.82,17647.83,2401
2024.06.27,19:15,17647.33,17653.83,17621.31,17621.83,1468
2024.06.27,20:15,17622.33,17641.33,17594.82,17595.83,1652
2024.06.27,21:15,17596.32,17628.33,17590.81,17628.31,1328
2024.06.28,04:15,17582.06,17837.54,17533.05,17820.04,10879
2024.06.28,05:15,17818.55,17871.54,17728.54,17749.04,8058
2024.06.28,06:15,17750.05,17826.06,17746.05,17822.06,3277
2024.06.28,08:00,17814.05,17838.56,17763.04,17769.06,5901
2024.06.28,09:00,17769.55,17780.06,17722.04,17766.54,5231
2024.06.28,10:00,17766.06,17788.06,17714.06,17717.54,4027
2024.06.28,11:00,17716.56,17744.55,17693.05,17743.05,1762
2024.06.28,12:15,17741.06,17796.55,17741.06,17790.06,1466
2024.06.28,13:15,17791.05,17808.06,17785.04,17786.56,777
2024.06.28,14:15,17786.04,17789.56,17760.06,17763.55,926
2024.06.28,15:15,17764.05,17803.55,17739.56,17778.55,2350
2024.06.28,16:15,17778.04,17782.56,17657.54,17672.54,4199
2024.06.28,17:15,17672.06,17733.06,17661.54,17698.04,3602
2024.06.28,18:15,17697.06,17749.06,17675.05,17679.55,2658
2024.06.28,19:15,17680.05,17683.55,17649.54,17676.06,1922
2024.06.28,20:15,17676.05,17681.06,17655.04,17677.04,1182
2024.06.28,21:15,17677.06,17679.04,17660.04,17667.55,1490
2024.07.02,04:15,17619.10,17998.62,17616.60,17994.12,11669
2024.07.02,05:15,17992.61,18000.12,17777.11,17795.11,7774
2024.07.02,06:15,17795.61,17841.60,17753.61,17829.12,2959
2024.07.02,08:00,17826.62,17832.60,17773.10,17803.62,4835
2024.07.02,09:00,17803.61,17845.61,17725.10,17773.62,4626
2024.07.02,10:00,17773.12,17806.61,17740.10,17766.60,4006
2024.07.02,11:00,17766.12,17797.62,17746.60,17794.61,1924
2024.07.02,12:15,17789.62,17824.11,17787.60,17809.11,1865
2024.07.02,13:15,17808.10,17822.12,17779.10,17780.12,1145
2024.07.02,14:15,17779.62,17814.12,17775.60,17804.12,1311
2024.07.02,15:15,17803.62,17842.60,17786.10,17842.60,1666
2024.07.02,16:15,17842.10,17855.62,17773.62,17825.12,4962
2024.07.02,17:15,17824.61,17841.61,17787.60,17833.62,3669
2024.07.02,18:15,17833.11,17872.61,17818.61,17830.62,2713
2024.07.02,19:15,17829.62,17848.61,17826.61,17842.62,1655
2024.07.02,20:15,17843.60,17876.62,17839.11,17873.12,1732
2024.07.02,21:15,17873.62,17885.62,17864.61,17881.60,875
2024.07.03,04:15,17852.05,17963.05,17800.03,17912.04,10378
2024.07.03,05:15,17912.03,17950.55,17808.03,17872.04,7724
2024.07.03,06:15,17873.03,18033.05,17873.03,17991.03,5564
2024.07.03,08:00,17989.03,18002.03,17914.55,17965.05,5480
2024.07.03,09:00,17964.55,17997.05,17928.54,17969.05,4009
2024.07.03,10:00,17970.04,18014.55,17960.03,17994.05,2539
2024.07.03,11:00,17993.55,17997.04,17953.55,17958.55,1640
2024.07.03,12:15,17956.05,18002.05,17956.05,18002.05,1036
2024.07.03,13:15,18002.55,18012.05,17997.53,18001.54,749
2024.07.03,14:15,18001.05,18012.05,17985.05,17988.53,920
2024.07.03,15:15,17989.53,18029.55,17988.54,18027.05,1788
2024.07.03,16:15,18027.03,18143.04,18001.03,18124.53,4520
2024.07.03,17:15,18125.05,18156.03,18109.04,18130.05,4111
2024.07.03,18:15,18129.53,18146.05,18104.05,18144.04,2397
2024.07.03,19:15,18145.05,18153.55,18113.53,18118.53,2008
2024.07.03,20:15,18117.54,18129.55,18103.04,18105.53,513
2024.07.03,21:15,18105.54,18111.04,18096.03,18103.55,399
2024.07.04,04:15,18073.63,18132.12,17974.62,18010.13,10832
2024.07.04,05:15,18009.14,18075.12,17984.12,18048.64,6442
2024.07.04,06:15,18048.13,18050.14,17955.62,17982.64,3283
2024.07.04,08:00,17973.62,17997.13,17925.12,17989.63,5688
2024.07.04,09:00,17989.14,18028.63,17962.63,18017.63,4541
2024.07.04,10:00,18018.64,18028.64,17992.13,18021.13,3038
2024.07.04,11:00,18022.14,18045.12,18011.63,18044.63,1445
2024.07.04,12:15,18042.62,18059.63,18023.62,18030.62,1248
2024.07.04,13:15,18030.64,18049.63,18020.14,18044.62,597
2024.07.04,14:15,18045.62,18059.64,18037.63,18054.64,837
2024.07.04,15:15,18055.63,18064.64,18035.62,18050.63,855
2024.07.04,16:15,18050.12,18052.14,18002.62,18020.12,1379
2024.07.04,17:15,18019.63,18022.12,17980.62,18008.13,1649
2024.07.04,18:15,18007.63,18043.62,18005.62,18012.64,1081
2024.07.04,19:15,18013.63,18032.14,18009.12,18017.12,731
2024.07.04,20:15,18017.13,18026.64,18016.62,18017.12,172
2024.07.04,21:15,18017.63,18029.12,18010.62,18026.64,215
2024.07.05,04:15,18030.02,18091.51,17933.50,17945.52,9847
2024.07.05,05:15,17945.00,17961.00,17792.51,17809.00,7776
2024.07.05,06:15,17807.51,17851.00,17797.00,17820.51,3403
2024.07.05,08:00,17818.51,17884.02,17810.00,17871.50,5764
2024.07.05,09:00,17872.01,17878.51,17817.01,17840.51,4653
2024.07.05,10:00,17840.02,17860.52,17791.00,17799.02,3116
2024.07.05,11:00,17799.50,17801.51,17752.50,17773.01,2331
2024.07.05,12:15,17770.02,17784.02,17754.02,17784.02,1308
2024.07.05,13:15,17784.00,17784.02,17766.00,17766.00,873
2024.07.05,14:15,17766.02,17772.50,17740.50,17744.02,1077
2024.07.05,15:15,17744.01,17769.50,17703.02,17742.52,3704
2024.07.05,16:15,17742.01,17742.01,17581.00,17603.52,5414
2024.07.05,17:15,17603.02,17666.01,17590.00,17644.50,3610
2024.07.05,18:15,17644.51,17687.02,17644.51,17683.50,2185
2024.07.05,19:15,17683.01,17687.01,17660.52,17663.51,1329
2024.07.05,20:15,17663.02,17697.01,17662.00,17694.50,1331
2024.07.05,21:15,17694.00,17715.00,17680.01,17710.52,1012
2024.07.08,04:15,17561.63,17711.11,17508.13,17563.61,11235
2024.07.08,05:15,17562.63,17583.63,17501.61,17538.11,6290
2024.07.08,06:15,17537.62,17583.63,17534.63,17541.61,2186
2024.07.08,08:00,17539.12,17542.63,17459.12,17469.61,5258
2024.07.08,09:00,17469.63,17483.13,17440.61,17474.13,4615
2024.07.08,10:00,17473.62,17505.63,17452.61,17489.63,3134
2024.07.08,11:00,17490.11,17532.63,17485.61,17532.61,1845
2024.07.08,12:15,17528.63,17530.11,17504.13,17508.11,1262
2024.07.08,13:15,17507.62,17513.61,17481.62,17500.11,1177
2024.07.08,14:15,17499.63,17502.63,17488.12,17498.11,644
2024.07.08,15:15,17497.61,17514.63,17491.11,17492.11,1175
2024.07.08,16:15,17492.13,17499.11,17452.61,17476.63,3979
2024.07.08,17:15,17477.13,17478.13,17446.61,17450.63,2444
2024.07.08,18:15,17451.61,17463.13,17420.62,17433.62,1959
2024.07.08,19:15,17434.61,17473.63,17431.11,17462.62,1057
2024.07.08,20:15,17462.13,17484.63,17460.11,17477.12,1052
2024.07.08,21:15,17477.61,17481.63,17456.11,17481.12,838
2024.07.09,04:15,17509.66,17517.17,17370.16,17409.15,10781
2024.07.09,05:15,17408.16,17466.15,17354.15,17414.16,7478
2024.07.09,06:15,17414.65,17479.15,17405.67,17429.67,3340
2024.07.09,08:00,17430.66,17611.66,17430.17,17562.65,7561
2024.07.09,09:00,17561.67,17604.16,17508.15,17528.15,5107
2024.07.09,10:00,17527.65,17531.17,17474.65,17479.67,2772
2024.07.09,11:00,17480.15,17491.66,17473.15,17483.17,1423
2024.07.09,12:15,17480.65,17502.67,17478.65,17483.66,982
2024.07.09,13:15,17484.17,17495.67,17460.16,17465.67,804
2024.07.09,14:15,17465.65,17468.67,17439.66,17444.16,1100
2024.07.09,15:15,17443.15,17445.17,17398.65,17423.16,1708
2024.07.09,16:15,17422.67,17469.17,17411.16,17451.16,3809
2024.07.09,17:15,17450.67,17552.67,17450.65,17522.67,4143
2024.07.09,18:15,17522.15,17549.67,17474.66,17547.15,2813
2024.07.09,19:15,17547.65,17614.17,17546.17,17602.15,2538
2024.07.09,20:15,17602.66,17611.66,17582.15,17601.15,2071
2024.07.09,21:15,17601.65,17603.67,17583.65,17591.66,1145
2024.07.10,04:15,17618.39,17760.88,17562.88,17657.89,10826
2024.07.10,05:15,17656.89,17693.40,17568.89,17580.90,6407
2024.07.10,06:15,17580.40,17596.88,17533.88,17553.40,2895
2024.07.10,08:00,17554.90,17554.90,17430.38,17430.38,5323
2024.07.10,09:00,17429.90,17494.89,17429.90,17478.88,3745
2024.07.10,10:00,17479.89,17506.89,17437.38,17447.89,2922
2024.07.10,11:00,17446.90,17461.40,17435.88,17460.90,1498
2024.07.10,12:15,17457.90,17500.39,17457.90,17490.39,1178
2024.07.10,13:15,17489.89,17527.38,17489.89,17518.38,991
2024.07.10,14:15,17518.88,17539.90,17514.89,17527.90,944
2024.07.10,15:15,17527.40,17555.90,17524.40,17537.90,1027
2024.07.10,16:15,17538.40,17586.40,17505.38,17553.38,4992
2024.07.10,17:15,17553.89,17566.88,17505.38,17558.89,3314
2024.07.10,18:15,17558.39,17583.88,17538.88,17574.40,2226
2024.07.10,19:15,17574.90,17584.90,17546.40,17562.90,1667
2024.07.10,20:15,17563.39,17569.38,17539.88,17549.90,1425
2024.07.10,21:15,17549.89,17577.39,17546.88,17567.40,867
2024.07.11,04:15,17580.43,17776.94,17573.92,17776.94,9792
2024.07.11,05:15,17776.44,17791.94,17637.93,17695.92,7874
2024.07.11,06:15,17694.93,17736.44,17694.92,17731.43,2642
2024.07.11,08:00,17722.94,17807.92,17713.92,17805.43,5192
2024.07.11,09:00,17805.93,17836.44,17776.93,17832.92,4018
2024.07.11,10:00,17832.42,17858.44,17797.44,17838.42,3668
2024.07.11,11:00,17838.92,17840.44,17805.93,17815.92,1778
2024.07.11,12:15,17812.92,17832.44,17802.42,17817.43,930
2024.07.11,13:15,17818.93,17830.44,17802.92,17805.42,718
2024.07.11,14:15,17805.92,17818.43,17797.93,17809.43,897
2024.07.11,15:15,17809.94,17930.43,17792.94,17888.94,4720
2024.07.11,16:15,17889.42,17996.94,17870.94,17941.94,6146
2024.07.11,17:15,17942.42,17982.44,17908.43,17955.94,5611
2024.07.11,18:15,17956.42,17963.43,17916.42,17935.43,3687
2024.07.11,19:15,17935.44,17951.44,17920.92,17948.94,2907
2024.07.11,20:15,17948.42,17965.93,17926.44,17937.42,2458
2024.07.11,21:15,17937.92,17951.94,17930.43,17936.93,1427
2024.07.12,04:15,17950.90,18221.89,17950.90,18184.40,11173
2024.07.12,05:15,18184.41,18202.90,18114.39,18141.40,6893
2024.07.12,06:15,18141.39,18199.90,18135.89,18187.91,2965
2024.07.12,08:00,18175.91,18254.91,18166.40,18244.39,5604
2024.07.12,09:00,18244.91,18295.90,18227.39,18273.39,4144
2024.07.12,10:00,18273.89,18318.91,18260.91,18273.91,3772
2024.07.12,11:00,18274.90,18334.90,18269.89,18324.39,2289
2024.07.12,12:15,18323.90,18344.40,18291.41,18300.41,1507
2024.07.12,13:15,18300.90,18305.41,18271.41,18283.39,1474
2024.07.12,14:15,18282.91,18307.91,18279.90,18304.41,1128
2024.07.12,15:15,18303.89,18315.89,18249.39,18313.40,3732
2024.07.12,16:15,18312.91,18379.91,18280.89,18309.90,6436
2024.07.12,17:15,18309.41,18324.40,18218.41,18243.40,4660
2024.07.12,18:15,18243.90,18264.41,18226.91,18234.89,2941
2024.07.12,19:15,18234.91,18240.91,18217.90,18222.91,1756
2024.07.12,20:15,18221.91,18236.91,18214.90,18229.41,1357
2024.07.12,21:15,18228.89,18239.91,18214.89,18231.91,1290
2024.07.15,04:15,18171.38,18227.90,18107.90,18157.88,9781
2024.07.15,05:15,18157.39,18163.38,18039.38,18042.40,5742
2024.07.15,06:15,18042.90,18049.88,17998.88,18028.38,2558
2024.07.15,08:00,18025.40,18064.90,18019.88,18020.88,3930
2024.07.15,09:00,18020.39,18032.39,17965.38,17984.40,3862
2024.07.15,10:00,17983.89,17999.40,17925.38,17994.90,3594
2024.07.15,11:00,17994.39,18022.40,17989.90,18020.39,1723
2024.07.15,12:15,18017.38,18023.90,17982.38,17995.89,1307
2024.07.15,13:15,17996.39,18009.89,17984.88,18001.90,1135
2024.07.15,14:15,18002.38,18007.90,17975.88,17980.90,1739
2024.07.15,15:15,17980.38,17980.88,17941.88,17955.88,1888
2024.07.15,16:15,17956.40,17965.40,17872.88,17889.38,5606
2024.07.15,17:15,17890.39,17906.90,17849.39,17892.88,3287
2024.07.15,18:15,17892.40,17914.40,17867.88,17871.90,3179
2024.07.15,19:15,17871.38,17884.39,17809.90,17821.90,4093
2024.07.15,20:15,17822.39,17834.89,17800.38,17824.90,3768
2024.07.15,21:15,17825.40,17841.39,17820.39,17837.89,1585
2024.07.16,04:15,17849.78,17878.27,17704.28,17787.78,11039
2024.07.16,05:15,17788.78,17808.79,17716.78,17739.78,6782
2024.07.16,06:15,17739.27,17775.28,17738.77,17749.77,2433
2024.07.16,08:00,17740.79,17794.29,17721.27,17754.28,5567
2024.07.16,09:00,17753.28,17771.29,17716.27,17765.29,4258
2024.07.16,10:00,17765.27,17765.79,17718.78,17722.77,3008
2024.07.16,11:00,17723.77,17727.28,17693.27,17707.27,1888
2024.07.16,12:15,17705.78,17735.27,17705.78,17723.28,2228
2024.07.16,13:15,17722.29,17730.29,17701.77,17703.27,1949
2024.07.16,14:15,17703.78,17720.29,17695.27,17716.79,1752
2024.07.16,15:15,17716.28,17728.27,17664.27,17665.28,3314
2024.07.16,16:15,17664.29,17726.28,17624.29,17713.29,5708
2024.07.16,17:15,17714.27,17765.78,17713.29,17748.78,4162
2024.07.16,18:15,17748.27,17752.79,17720.77,17745.28,3530
2024.07.16,19:15,17746.29,17763.27,17730.29,17756.79,2975
2024.07.16,20:15,17756.27,17811.78,17750.77,17800.27,2015
2024.07.16,21:15,17800.77,17814.29,17792.77,17809.77,1674
2024.07.17,04:15,17739.12,17792.61,17639.62,17700.12,10244
2024.07.17,05:15,17700.11,17788.10,17682.60,17722.11,7693
2024.07.17,06:15,17722.12,17747.12,17685.60,17726.10,3197
2024.07.17,08:00,17712.10,17811.12,17672.11,17766.10,6461
2024.07.17,09:00,17766.60,17778.12,17709.11,17753.61,4868
2024.07.17,10:00,17754.11,17778.62,17731.60,17736.10,3621
2024.07.17,11:00,17736.61,17738.60,17698.60,17710.62,1741
2024.07.17,12:15,17708.10,17777.10,17708.10,17774.10,2477
2024.07.17,13:15,17774.62,17781.61,17736.12,17737.10,1904
2024.07.17,14:15,17736.62,17757.11,17724.61,17755.12,2639
2024.07.17,15:15,17754.61,17756.10,17689.10,17730.61,2528
2024.07.17,16:15,17731.12,17763.11,17691.11,17727.12,5922
2024.07.17,17:15,17727.11,17748.10,17698.10,17709.60,4968
2024.07.17,18:15,17709.10,17715.62,17644.10,17644.10,3612
2024.07.17,19:15,17643.61,17657.60,17622.10,17633.11,3128
2024.07.17,20:15,17633.62,17652.11,17626.11,17640.62,2564
2024.07.17,21:15,17641.11,17662.12,17640.60,17656.12,2196
2024.07.18,04:15,17629.36,17803.87,17610.36,17703.86,10604
2024.07.18,05:15,17706.36,17777.38,17600.86,17743.37,7899
2024.07.18,06:15,17743.87,17791.36,17725.88,17778.38,3120
2024.07.18,08:00,17772.37,17848.36,17752.86,17814.36,6261
2024.07.18,09:00,17814.88,17858.88,17786.36,17850.38,4449
2024.07.18,10:00,17850.87,17853.37,17769.36,17776.86,4037
2024.07.18,11:00,17777.36,17778.38,17744.86,17777.36,1613
2024.07.18,12:15,17772.86,17788.38,17720.36,17727.86,2767
2024.07.18,13:15,17728.38,17743.38,17712.37,17743.38,1992
2024.07.18,14:15,17742.38,17746.37,17695.37,17698.37,1471
2024.07.18,15:15,17699.88,17724.38,17687.36,17694.88,3043
2024.07.18,16:15,17694.37,17758.38,17663.87,17723.87,5378
2024.07.18,17:15,17724.38,17730.37,17607.87,17615.88,5803
2024.07.18,18:15,17616.36,17628.37,17547.87,17586.38,4889
2024.07.18,19:15,17585.88,17599.38,17572.36,17597.86,3784
2024.07.18,20:15,17597.36,17606.88,17549.36,17550.86,3668
2024.07.18,21:15,17551.86,17562.36,17543.38,17552.37,2310
2024.07.19,04:15,17547.16,17607.68,17390.17,17417.67,10854
2024.07.19,05:15,17417.66,17460.68,17384.17,17406.18,6911
2024.07.19,06:15,17405.68,17416.18,17347.16,17374.16,3271
2024.07.19,08:00,17366.66,17418.67,17366.17,17394.17,3991
2024.07.19,09:00,17416.66,17441.68,17393.66,17425.16,4537
2024.07.19,10:00,17425.67,17435.16,17356.66,17385.68,5173
2024.07.19,11:00,17386.16,17421.66,17377.16,17409.68,2465
2024.07.19,12:15,17408.17,17425.16,17381.16,17388.67,2893
2024.07.19,13:15,17387.17,17404.68,17366.17,17388.67,2056
2024.07.19,14:15,17388.16,17414.17,17388.16,17407.67,1796
2024.07.19,15:15,17408.68,17436.68,17391.16,17428.17,2139
2024.07.19,16:15,17428.68,17469.18,17416.66,17416.67,5615
2024.07.19,17:15,17417.18,17453.68,17393.17,17412.18,4615
2024.07.19,18:15,17412.66,17464.17,17408.66,17453.17,3073
2024.07.19,19:15,17453.68,17460.68,17423.17,17426.68,2753
2024.07.19,20:15,17426.16,17432.68,17407.16,17411.66,2417
2024.07.19,21:15,17412.16,17421.67,17398.66,17420.16,1564
2024.07.22,04:15,17479.41,17494.92,17294.91,17351.92,9676
2024.07.22,05:15,17350.91,17572.41,17331.92,17535.92,9050
2024.07.22,06:15,17535.91,17564.93,17514.41,17550.91,3152
2024.07.22,08:00,17557.42,17596.91,17502.41,17532.91,5102
2024.07.22,09:00,17533.42,17666.43,17533.42,17623.91,5204
2024.07.22,10:00,17625.93,17691.43,17615.41,17643.93,4194
2024.07.22,11:00,17644.42,17649.41,17625.91,17642.41,1726
2024.07.22,12:15,17638.42,17658.41,17625.42,17643.92,1464
2024.07.22,13:15,17642.43,17697.92,17641.42,17684.41,1306
2024.07.22,14:15,17684.91,17699.93,17665.92,17699.93,1063
2024.07.22,15:15,17699.91,17713.43,17680.91,17693.41,1569
2024.07.22,16:15,17693.91,17746.92,17625.93,17650.93,5109
2024.07.22,17:15,17650.92,17702.42,17637.43,17690.42,3701
2024.07.22,18:15,17691.41,17702.93,17655.91,17675.41,4446
2024.07.22,19:15,17675.91,17715.43,17673.41,17711.91,2127
2024.07.22,20:15,17711.41,17723.93,17704.91,17707.43,1918
2024.07.22,21:15,17707.92,17721.93,17703.41,17714.41,1348
2024.07.23,04:15,17709.49,17719.48,17547.98,17551.49,9768
2024.07.23,05:15,17551.97,17622.49,17534.98,17593.48,6462
2024.07.23,06:15,17593.99,17623.49,17560.47,17612.98,2660
2024.07.23,08:00,17607.99,17614.98,17494.47,17523.98,5615
2024.07.23,09:00,17523.49,17540.48,17435.48,17467.98,5505
2024.07.23,10:00,17467.99,17487.98,17445.97,17471.97,3710
2024.07.23,11:00,17470.98,17480.49,17439.99,17479.48,1654
2024.07.23,12:15,17476.47,17504.48,17475.99,17482.49,1333
2024.07.23,13:15,17481.97,17503.48,17476.47,17498.98,926
2024.07.23,14:15,17499.48,17506.98,17478.48,17480.49,1028
2024.07.23,15:15,17480.99,17482.99,17424.98,17429.98,1644
2024.07.23,16:15,17430.49,17436.47,17387.99,17398.49,4260
2024.07.23,17:15,17398.98,17440.49,17396.47,17434.49,3315
2024.07.23,18:15,17434.97,17481.98,17428.48,17480.49,2204
2024.07.23,19:15,17479.98,17480.99,17443.97,17465.49,2795
2024.07.23,20:15,17465.97,17468.99,17447.99,17459.49,1947
2024.07.23,21:15,17458.98,17463.99,17451.49,17457.48,1121
2024.07.24,04:15,17413.36,17511.37,17354.36,17424.38,10954
2024.07.24,05:15,17423.88,17438.38,17310.87,17341.36,8781
2024.07.24,06:15,17340.36,17372.88,17331.87,17353.88,3707
2024.07.24,08:00,17338.36,17375.36,17311.36,17337.37,6297
2024.07.24,09:00,17337.38,17337.87,17251.87,17265.86,6177
2024.07.24,10:00,17265.38,17302.88,17247.86,17296.38,3927
2024.07.24,11:00,17296.86,17330.38,17293.37,17330.36,1944
2024.07.24,12:15,17326.37,17335.37,17310.36,17334.37,1656
2024.07.24,13:15,17334.86,17349.38,17332.36,17341.88,1120
2024.07.24,14:15,17341.86,17367.36,17341.86,17347.87,1276
2024.07.24,15:15,17347.38,17354.38,17327.86,17334.36,1832
2024.07.24,16:15,17333.87,17411.37,17307.36,17354.86,5054
2024.07.24,17:15,17355.86,17409.36,17347.87,17365.38,3763
2024.07.24,18:15,17365.37,17374.38,17307.86,17317.37,2649
2024.07.24,19:15,17317.36,17330.86,17295.36,17312.38,2205
2024.07.24,20:15,17311.87,17313.88,17260.36,17260.88,1845
2024.07.24,21:15,17261.37,17268.36,17214.36,17232.86,1622
2024.07.25,04:15,17250.34,17289.84,17088.84,17101.32,10749
2024.07.25,05:15,17101.84,17128.82,17003.32,17018.82,9198
2024.07.25,06:15,17019.32,17088.33,17018.34,17062.84,4119
2024.07.25,08:00,17059.33,17065.84,16985.33,17005.33,7434
2024.07.25,09:00,17004.82,17038.32,16965.82,17005.83,7169
2024.07.25,10:00,17005.32,17022.84,16958.82,17017.32,5768
2024.07.25,11:00,17016.83,17035.82,16981.32,17014.82,2621
2024.07.25,12:15,17012.84,17045.82,17010.84,17036.82,2725
2024.07.25,13:15,17036.84,17059.84,17022.83,17053.83,2168
2024.07.25,14:15,17054.33,17062.84,17040.82,17048.82,1768
2024.07.25,15:15,17049.83,17070.33,17018.82,17041.32,3282
2024.07.25,16:15,17042.33,17115.34,17041.83,17064.33,7017
2024.07.25,17:15,17063.84,17122.83,17060.83,17114.84,5028
2024.07.25,18:15,17113.82,17133.82,17085.32,17128.83,3598
2024.07.25,19:15,17128.32,17149.33,17119.32,17135.83,3220
2024.07.25,20:15,17136.84,17137.33,17089.83,17095.84,3283
2024.07.25,21:15,17095.82,17101.34,17067.32,17069.84,2409
2024.07.26,04:15,17040.21,17217.71,17023.72,17115.73,12314
2024.07.26,05:15,17115.72,17135.23,16915.21,16951.22,9726
2024.07.26,06:15,16951.21,17030.73,16948.22,17014.73,4979
2024.07.26,08:00,17020.22,17052.23,16985.21,17036.22,7250
2024.07.26,09:00,17035.22,17065.73,16990.71,17027.23,6390
2024.07.26,10:00,17027.72,17061.73,16993.22,17010.72,6242
2024.07.26,11:00,17010.22,17017.23,16993.21,17011.73,2074
2024.07.26,12:15,17007.21,17011.22,16971.21,17002.23,1717
2024.07.26,13:15,17001.71,17015.71,16993.21,16993.21,1180
2024.07.26,14:15,16993.23,17013.23,16987.21,17005.71,1004
2024.07.26,15:15,17006.22,17021.73,16988.22,17010.21,2464
2024.07.26,16:15,17011.22,17018.73,16970.21,16998.73,5287
2024.07.26,17:15,16998.22,17065.71,16994.71,17053.23,4552
2024.07.26,18:15,17052.21,17112.73,17051.72,17111.22,2748
2024.07.26,19:15,17111.72,17157.22,17101.73,17143.23,2120
2024.07.26,20:15,17142.23,17151.73,17109.71,17135.71,2742
2024.07.26,21:15,17136.23,17139.23,17112.23,17118.22,1993
2024.07.29,04:15,17167.71,17286.71,17151.20,17169.70,11983
2024.07.29,05:15,17170.20,17302.70,17160.69,17298.20,8291
2024.07.29,06:15,17297.21,17350.71,17291.19,17342.19,4825
2024.07.29,08:00,17335.69,17371.21,17292.71,17294.19,6952
2024.07.29,09:00,17293.69,17333.19,17278.70,17292.70,5390
2024.07.29,10:00,17293.21,17316.19,17244.70,17246.70,4806
2024.07.29,11:00,17246.20,17259.21,17222.71,17247.69,2414
2024.07.29,12:15,17244.71,17263.69,17222.70,17251.20,1791
2024.07.29,13:15,17251.70,17256.71,17225.20,17225.71,1284
2024.07.29,14:15,17225.21,17243.21,17219.70,17238.21,1217
2024.07.29,15:15,17237.69,17244.71,17192.20,17197.69,1598
2024.07.29,16:15,17197.71,17205.69,17151.69,17165.71,5500
2024.07.29,17:15,17165.21,17178.71,17139.69,17155.69,4897
2024.07.29,18:15,17155.71,17184.69,17141.69,17170.21,3633
2024.07.29,19:15,17169.70,17190.21,17162.69,17176.21,2973
2024.07.29,20:15,17175.71,17187.20,17167.19,17180.71,1883
2024.07.29,21:15,17180.20,17206.69,17170.20,17205.70,1095
2024.07.30,04:15,17138.33,17179.35,16969.85,17037.85,10896
2024.07.30,05:15,17038.33,17038.34,16975.34,17032.85,7605
2024.07.30,06:15,17032.84,17043.35,16978.34,17014.35,2982
2024.07.30,08:00,17020.85,17046.83,16980.33,16994.83,5637
2024.07.30,09:00,16995.34,16999.35,16954.35,16994.34,6013
2024.07.30,10:00,16995.83,17001.35,16953.84,16968.34,5318
2024.07.30,11:00,16967.84,16997.84,16964.33,16997.34,2360
2024.07.30,12:15,16995.34,17026.35,16995.34,17019.83,1782
2024.07.30,13:15,17019.34,17036.35,17008.34,17034.84,1144
2024.07.30,14:15,17035.34,17038.85,17020.34,17035.34,987
2024.07.30,15:15,17033.83,17044.35,17012.33,17042.83,1347
2024.07.30,16:15,17041.85,17050.85,16992.84,17028.34,5388
2024.07.30,17:15,17027.84,17053.85,16997.83,17009.33,5473
2024.07.30,18:15,17010.35,17029.33,16996.33,17014.83,4243
2024.07.30,19:15,17013.85,17047.33,16998.33,17011.84,3743
2024.07.30,20:15,17012.33,17031.84,17002.83,17009.35,3308
2024.07.30,21:15,17009.84,17021.85,17002.83,17015.83,2091
2024.07.31,04:15,17055.43,17146.93,16999.92,17126.41,11960
2024.07.31,05:15,17126.43,17302.92,17114.43,17290.41,10156
2024.07.31,06:15,17289.43,17366.43,17284.41,17329.91,5007
2024.07.31,08:00,17340.92,17374.42,17300.93,17356.93,8177
2024.07.31,09:00,17356.43,17366.43,17328.92,17351.42,5420
2024.07.31,10:00,17351.91,17401.93,17337.93,17389.91,5125
2024.07.31,11:00,17388.92,17389.93,17311.93,17321.92,2815
2024.07.31,12:15,17318.41,17357.43,17318.41,17349.43,1938
2024.07.31,13:15,17349.41,17367.93,17343.41,17354.42,1278
2024.07.31,14:15,17353.41,17358.91,17333.41,17347.41,1280
2024.07.31,15:15,17346.92,17406.93,17346.92,17373.93,2964
2024.07.31,16:15,17374.41,17416.92,17287.43,17331.42,6217
2024.07.31,17:15,17331.91,17341.43,17286.41,17304.92,4971
2024.07.31,18:15,17305.92,17332.43,17298.41,17325.43,3330
2024.07.31,19:15,17324.93,17336.91,17301.41,17302.92,2282
2024.07.31,20:15,17302.43,17305.43,17257.41,17266.41,4237
2024.07.31,21:15,17265.91,17349.93,17264.91,17349.93,4544
2024.08.01,04:15,17334.32,17391.82,17222.80,17286.32,11804
2024.08.01,05:15,17286.31,17366.32,17251.30,17262.31,8446
2024.08.01,06:15,17261.82,17302.32,17257.31,17300.80,3048
2024.08.01,08:00,17286.31,17399.32,17276.30,17397.80,6380
2024.08.01,09:00,17398.80,17400.32,17315.31,17325.30,5442
2024.08.01,10:00,17325.80,17331.31,17286.30,17287.30,5209
2024.08.01,11:00,17287.81,17296.30,17264.80,17286.31,2406
2024.08.01,12:15,17283.32,17302.80,17276.80,17280.31,2046
2024.08.01,13:15,17279.81,17312.30,17278.30,17311.80,1641
2024.08.01,14:15,17312.30,17318.30,17284.30,17287.32,1722
2024.08.01,15:15,17287.82,17314.32,17273.30,17281.30,3063
2024.08.01,16:15,17281.32,17300.82,17184.31,17193.31,6295
2024.08.01,17:15,17193.81,17193.81,17121.30,17123.31,7009
2024.08.01,18:15,17122.81,17141.31,17095.30,17110.80,5199
2024.08.01,19:15,17110.31,17119.81,17044.30,17044.30,4191
2024.08.01,20:15,17044.82,17055.32,17019.30,17031.81,4264
2024.08.01,21:15,17032.32,17036.32,17007.80,17016.30,3011
2024.08.02,04:15,16970.68,17053.70,16927.68,16961.20,12101
2024.08.02,05:15,16959.68,16978.18,16874.20,16955.18,8817
2024.08.02,06:15,16954.18,16978.20,16931.68,16943.18,3006
2024.08.02,08:00,16931.68,16948.19,16853.69,16882.69,7529
2024.08.02,09:00,16882.70,16915.70,16865.68,16893.20,6226
2024.08.02,10:00,16893.19,16943.70,16872.70,16907.20,5642
2024.08.02,11:00,16909.70,16955.70,16909.20,16943.68,2878
2024.08.02,12:15,16940.20,16952.70,16892.68,16907.69,2787
2024.08.02,13:15,16907.68,16949.20,16906.69,16935.20,2821
2024.08.02,14:15,16934.18,16955.70,16916.18,16950.18,2445
2024.08.02,15:15,16950.70,16990.69,16889.68,16937.68,6148
2024.08.02,16:15,16937.69,16952.68,16843.68,16845.20,8526
2024.08.02,17:15,16845.18,16867.18,16800.18,16817.68,8386
2024.08.02,18:15,16816.68,16873.18,16808.20,16856.19,7100
2024.08.02,19:15,16856.68,16891.70,16854.68,16884.68,5990
2024.08.02,20:15,16884.20,16886.20,16848.18,16856.19,4557
2024.08.02,21:15,16856.70,16896.70,16853.68,16881.20,3236
2024.08.05,04:15,16675.86,16940.36,16569.86,16703.86,13778
2024.08.05,05:15,16704.36,16889.87,16704.36,16866.37,10162
2024.08.05,06:15,16865.86,16922.88,16844.88,16909.86,5044
2024.08.05,08:00,16892.86,16892.86,16421.87,16514.87,13446
2024.08.05,09:00,16514.88,16646.36,16477.88,16566.36,11604
2024.08.05,10:00,16567.87,16697.37,16558.86,16678.37,9781
2024.08.05,11:00,16678.87,16780.87,16669.37,16728.86,4522
2024.08.05,12:15,16716.86,16716.86,16658.37,16676.38,5746
2024.08.05,13:15,16676.86,16689.87,16618.36,16673.38,5776
2024.08.05,14:15,16672.86,16683.87,16543.86,16550.86,6251
2024.08.05,15:15,16551.38,16587.88,16493.37,16552.36,9719
2024.08.05,16:15,16552.86,16738.38,16538.36,16686.88,12210
2024.08.05,17:15,16687.37,16777.88,16651.86,16772.38,12649
2024.08.05,18:15,16771.38,16805.88,16757.36,16795.37,9118
2024.08.05,19:15,16795.86,16827.88,16773.86,16797.88,7755
2024.08.05,20:15,16797.38,16812.88,16775.86,16780.88,6866
2024.08.05,21:15,16780.38,16805.88,16759.87,16762.86,4369
2024.08.06,04:15,16813.21,16914.71,16700.71,16704.73,12407
2024.08.06,05:15,16705.23,16763.23,16677.71,16689.21,8327
2024.08.06,06:15,16689.22,16798.23,16679.73,16781.21,4222
2024.08.06,08:00,16762.22,16763.71,16619.72,16657.72,8497
2024.08.06,09:00,16658.72,16699.23,16607.23,16691.21,7684
2024.08.06,10:00,16689.23,16704.21,16640.71,16658.22,6712
2024.08.06,11:00,16657.71,16659.73,16579.22,16601.72,2869
2024.08.06,12:15,16551.73,16563.71,16516.21,16551.71,4608
2024.08.06,13:15,16551.21,16600.23,16535.22,16588.71,3958
2024.08.06,14:15,16589.21,16614.72,16511.71,16539.21,4064
2024.08.06,15:15,16539.73,16541.73,16488.21,16527.23,4910
2024.08.06,16:15,16526.71,16584.73,16501.21,16566.72,9054
2024.08.06,17:15,16569.73,16662.73,16553.71,16629.22,8041
2024.08.06,18:15,16629.73,16676.73,16613.22,16670.73,6783
2024.08.06,19:15,16671.23,16693.73,16645.71,16675.73,4556
2024.08.06,20:15,16675.23,16690.73,16666.23,16680.22,3938
2024.08.06,21:15,16680.72,16715.73,16680.21,16682.23,2451
2024.08.07,04:15,16640.15,16897.63,16621.63,16784.65,12552
2024.08.07,05:15,16785.14,16894.15,16778.64,16819.13,9268
2024.08.07,06:15,16818.63,16865.63,16787.65,16855.13,4146
2024.08.07,08:00,16856.65,16990.15,16854.14,16918.13,7935
2024.08.07,09:00,16919.14,16929.15,16805.63,16851.15,6212
2024.08.07,10:00,16851.63,16861.14,16783.64,16835.65,5836
2024.08.07,11:00,16835.14,16889.63,16823.14,16885.65,2593
2024.08.07,12:15,16908.64,16954.65,16905.14,16954.15,3437
2024.08.07,13:15,16953.15,16969.65,16934.64,16963.65,2452
2024.08.07,14:15,16963.14,16982.64,16934.63,16950.63,2810
2024.08.07,15:15,16951.15,16977.15,16950.13,16971.65,2842
2024.08.07,16:15,16971.14,16978.13,16863.13,16863.13,6981
2024.08.07,17:15,16863.64,16891.65,16844.14,16870.14,5940
2024.08.07,18:15,16869.65,16884.15,16840.14,16856.13,6137
2024.08.07,19:15,16856.65,16862.65,16784.13,16791.13,5060
2024.08.07,20:15,16790.65,16805.15,16718.65,16719.15,5287
2024.08.07,21:15,16720.14,16741.64,16698.14,16728.15,4214
2024.08.08,04:15,16734.00,16768.01,16639.00,16738.00,12346
2024.08.08,05:15,16738.02,17014.02,16721.50,17013.50,10884
2024.08.08,06:15,17014.01,17022.51,16966.01,16995.51,5469
2024.08.08,08:00,16975.51,17014.51,16848.51,16902.01,8498
2024.08.08,09:00,16901.00,16972.01,16873.01,16917.02,6880
2024.08.08,10:00,16917.50,16920.50,16827.00,16870.52,6965
2024.08.08,11:00,16871.00,16889.52,16851.51,16882.01,2468
2024.08.08,12:15,16898.02,16919.50,16863.00,16895.00,3162
2024.08.08,13:15,16894.52,16924.02,16890.00,16919.51,2492
2024.08.08,14:15,16920.01,16927.02,16901.00,16918.50,2288
2024.08.08,15:15,16919.01,16958.02,16894.52,16957.52,5268
2024.08.08,16:15,16957.01,17057.02,16949.51,17056.00,7512
2024.08.08,17:15,17055.01,17089.02,17037.52,17056.51,5111
2024.08.08,18:15,17055.02,17120.51,17044.50,17102.50,4416
2024.08.08,19:15,17102.02,17110.51,17070.50,17101.51,4558
2024.08.08,20:15,17102.01,17137.52,17098.01,17137.01,2738
2024.08.08,21:15,17136.50,17144.00,17120.50,17138.01,1997
2024.08.09,04:15,17119.77,17207.28,17076.27,17150.78,12489
2024.08.09,05:15,17148.77,17254.77,17138.29,17222.28,9363
2024.08.09,06:15,17221.78,17232.28,17180.77,17206.77,3623
2024.08.09,08:00,17183.28,17183.29,17066.29,17116.28,7612
2024.08.09,09:00,17113.29,17127.78,17082.78,17107.28,4854
2024.08.09,10:00,17107.79,17134.28,17084.29,17113.79,4001
2024.08.09,11:00,17114.27,17122.77,17062.27,17072.79,2131
2024.08.09,12:15,17073.78,17108.28,17073.78,17083.27,2340
2024.08.09,13:15,17081.77,17090.79,17070.27,17076.78,1806
2024.08.09,14:15,17076.29,17084.29,17029.27,17035.27,2408
2024.08.09,15:15,17035.77,17040.79,17001.77,17039.28,3244
2024.08.09,16:15,17038.78,17046.79,16966.29,17007.28,6432
2024.08.09,17:15,17006.27,17042.28,16991.77,17033.28,5678
2024.08.09,18:15,17033.79,17040.77,16988.77,16992.27,4286
2024.08.09,19:15,16992.78,17037.79,16989.28,17037.79,3265
2024.08.09,20:15,17038.28,17079.29,17036.77,17053.29,3709
2024.08.09,21:15,17052.79,17059.79,17042.27,17051.77,2268
2024.08.12,04:15,17099.48,17163.97,16991.96,17052.47,11274
2024.08.12,05:15,17053.46,17148.98,17027.97,17073.48,8258
2024.08.12,06:15,17074.46,17097.46,17025.48,17095.98,3117
2024.08.12,08:00,17092.47,17140.97,17063.96,17078.96,5946
2024.08.12,09:00,17078.46,17105.97,17052.96,17100.47,4512
2024.08.12,10:00,17100.97,17125.98,17090.46,17103.98,3928
2024.08.12,11:00,17103.47,17111.96,17069.48,17077.98,1560
2024.08.12,12:15,17073.48,17080.98,17048.96,17072.98,1469
2024.08.12,13:15,17072.46,17093.98,17063.46,17091.48,1056
2024.08.12,14:15,17090.97,17106.97,17087.96,17095.96,1085
2024.08.12,15:15,17096.97,17112.46,17082.47,17089.47,1352
2024.08.12,16:15,17089.48,17127.98,17066.97,17116.96,5432
2024.08.12,17:15,17116.47,17175.96,17103.46,17155.47,3805
2024.08.12,18:15,17155.48,17169.98,17107.48,17155.96,4845
2024.08.12,19:15,17155.98,17168.48,17135.97,17161.98,3549
2024.08.12,20:15,17162.47,17181.48,17148.96,17162.46,2920
2024.08.12,21:15,17161.98,17164.46,17138.47,17142.46,1644
2024.08.13,04:15,17128.44,17253.96,17081.44,17106.46,11207
2024.08.13,05:15,17106.44,17136.44,17060.46,17098.95,7258
2024.08.13,06:15,17099.46,17147.96,17071.44,17124.96,2945
2024.08.13,08:00,17122.96,17163.96,17091.46,17121.46,5690
2024.08.13,09:00,17122.45,17186.46,17093.95,17178.44,4584
2024.08.13,10:00,17178.45,17185.44,17140.45,17169.96,3418
2024.08.13,11:00,17169.46,17195.46,17154.44,17161.44,1578
2024.08.13,12:15,17151.46,17170.44,17132.44,17138.96,1627
2024.08.13,13:15,17139.45,17139.96,17111.44,17133.45,1877
2024.08.13,14:15,17132.95,17162.94,17127.46,17158.45,1383
2024.08.13,15:15,17159.94,17222.95,17153.94,17180.95,3160
2024.08.13,16:15,17181.44,17242.96,17180.96,17194.45,5464
2024.08.13,17:15,17194.94,17220.95,17179.94,17211.46,3504
2024.08.13,18:15,17211.45,17222.44,17185.45,17219.45,2103
2024.08.13,19:15,17219.44,17258.46,17212.45,17250.46,2037
2024.08.13,20:15,17249.95,17274.44,17241.94,17272.95,2514
2024.08.13,21:15,17272.45,17287.45,17264.44,17287.45,1214
2024.08.14,04:15,17266.14,17280.63,17092.14,17093.64,10905
2024.08.14,05:15,17092.12,17169.64,17083.63,17147.14,6629
2024.08.14,06:15,17148.14,17159.12,17114.13,17121.62,2473
2024.08.14,08:00,17118.63,17128.14,17054.12,17092.64,5649
2024.08.14,09:00,17093.12,17111.62,17067.14,17075.62,4422
2024.08.14,10:00,17076.14,17122.12,17072.62,17112.62,2677
2024.08.14,11:00,17114.14,17131.14,17102.62,17128.63,1297
2024.08.14,12:15,17158.14,17186.13,17158.14,17165.14,1453
2024.08.14,13:15,17165.62,17182.12,17164.12,17167.64,1149
2024.08.14,14:15,17167.14,17181.13,17160.12,17168.14,971
2024.08.14,15:15,17168.63,17193.13,17137.62,17174.13,3787
2024.08.14,16:15,17175.12,17181.64,17046.13,17051.63,5724
2024.08.14,17:15,17052.62,17071.64,17007.62,17032.13,5076
2024.08.14,18:15,17032.62,17067.63,17015.62,17016.12,3023
2024.08.14,19:15,17016.13,17020.12,16943.14,16959.62,4616
2024.08.14,20:15,16960.12,16985.64,16954.62,16962.62,3268
2024.08.14,21:15,16963.14,17008.64,16962.62,17008.64,1517
2024.08.15,04:15,17020.78,17183.80,16902.28,17182.30,12156
2024.08.15,05:15,17181.30,17298.79,17153.28,17183.30,10902
2024.08.15,06:15,17182.79,17213.79,17162.29,17180.30,3178
2024.08.15,08:00,17180.78,17190.79,17046.78,17068.28,6065
2024.08.15,09:00,17068.80,17084.30,17029.28,17070.30,5396
2024.08.15,10:00,17070.79,17126.29,17062.28,17103.28,3918
2024.08.15,11:00,17102.28,17139.30,17094.28,17111.79,1416
2024.08.15,12:15,17108.30,17193.79,17098.28,17160.79,1586
2024.08.15,13:15,17161.30,17167.30,17086.78,17102.80,2315
2024.08.15,14:15,17102.30,17128.29,17098.30,17111.30,1310
2024.08.15,15:15,17112.29,17185.30,17112.28,17176.78,3920
2024.08.15,16:15,17177.28,17320.30,17155.78,17294.28,6686
2024.08.15,17:15,17293.80,17314.28,17221.30,17251.29,4758
2024.08.15,18:15,17251.30,17301.29,17230.79,17293.78,3266
2024.08.15,19:15,17294.30,17298.79,17270.28,17280.78,2376
2024.08.15,20:15,17280.30,17285.30,17268.30,17280.28,1494
2024.08.15,21:15,17280.30,17297.29,17276.28,17291.29,971
2024.08.16,04:15,17265.33,17415.33,17249.31,17380.31,11751
2024.08.16,05:15,17378.82,17444.33,17370.31,17413.31,7706
2024.08.16,06:15,17413.33,17430.82,17394.81,17420.31,2671
2024.08.16,08:00,17415.83,17478.33,17382.31,17470.33,5742
2024.08.16,09:00,17469.81,17483.81,17406.83,17419.32,4958
2024.08.16,10:00,17418.82,17451.82,17410.33,17427.81,3896
2024.08.16,11:00,17426.81,17428.33,17404.31,17411.33,1919
2024.08.16,12:15,17411.81,17431.32,17390.32,17391.33,1792
2024.08.16,13:15,17391.83,17394.81,17371.32,17373.33,1329
2024.08.16,14:15,17372.33,17376.82,17351.32,17367.33,1243
2024.08.16,15:15,17367.82,17402.83,17338.32,17402.83,1889
2024.08.16,16:15,17403.33,17507.33,17397.81,17493.81,5867
2024.08.16,17:15,17493.33,17515.83,17476.32,17513.82,4623
2024.08.16,18:15,17514.32,17537.33,17485.81,17536.33,2766
2024.08.16,19:15,17536.31,17558.32,17530.32,17548.82,1849
2024.08.16,20:15,17549.31,17581.33,17543.32,17557.81,1892
2024.08.16,21:15,17557.33,17569.33,17552.33,17563.33,1408
2024.08.19,04:15,17548.86,17706.86,17537.36,17676.85,11326
2024.08.19,05:15,17676.86,17693.86,17590.34,17608.35,8226
2024.08.19,06:15,17608.85,17654.36,17597.84,17626.85,3542
2024.08.19,08:00,17611.35,17627.35,17572.35,17595.86,5491
2024.08.19,09:00,17596.36,17614.35,17571.84,17603.34,4524
2024.08.19,10:00,17602.86,17622.85,17558.35,17576.86,3495
2024.08.19,11:00,17578.85,17600.35,17568.34,17599.84,1993
2024.08.19,12:15,17591.84,17603.86,17572.85,17596.85,1366
2024.08.19,13:15,17597.34,17603.86,17589.85,17602.35,907
2024.08.19,14:15,17601.85,17625.34,17600.34,17616.34,862
2024.08.19,15:15,17616.85,17644.84,17614.34,17637.84,1348
2024.08.19,16:15,17637.34,17734.86,17630.34,17725.84,4899
2024.08.19,17:15,17726.35,17764.85,17698.35,17763.36,3709
2024.08.19,18:15,17763.85,17764.36,17708.35,17715.34,2666
2024.08.19,19:15,17714.85,17733.36,17708.86,17726.36,1516
2024.08.19,20:15,17727.36,17732.84,17712.35,17726.36,1310
2024.08.19,21:15,17725.86,17739.34,17720.34,17734.35,977
2024.08.20,04:15,17712.24,17733.73,17487.22,17501.22,10162
2024.08.20,05:15,17501.74,17533.24,17483.22,17519.22,6227
2024.08.20,06:15,17520.74,17538.23,17504.22,17507.22,2168
2024.08.20,08:00,17502.23,17533.72,17455.72,17495.73,5311
2024.08.20,09:00,17495.23,17506.24,17472.22,17481.23,4630
2024.08.20,10:00,17481.72,17501.24,17477.22,17489.22,3116
2024.08.20,11:00,17488.74,17536.23,17480.74,17526.73,2096
2024.08.20,12:15,17523.73,17524.73,17436.24,17449.73,1813
2024.08.20,13:15,17449.23,17467.24,17446.73,17461.22,837
2024.08.20,14:15,17461.72,17490.24,17453.22,17483.74,889
2024.08.20,15:15,17484.24,17519.24,17473.72,17512.74,1279
2024.08.20,16:15,17512.22,17517.24,17416.23,17424.73,4385
2024.08.20,17:15,17425.22,17426.72,17358.22,17360.22,4147
2024.08.20,18:15,17359.72,17380.23,17350.72,17365.22,3128
2024.08.20,19:15,17365.72,17366.22,17314.24,17331.22,2265
2024.08.20,20:15,17331.74,17362.24,17323.72,17361.22,1627
2024.08.20,21:15,17361.73,17372.73,17343.23,17351.74,992
2024.08.21,04:15,17314.44,17365.43,17245.42,17358.43,11965
2024.08.21,05:15,17358.93,17429.44,17348.92,17372.44,8164
2024.08.21,06:15,17372.94,17375.42,17345.44,17356.42,2864
2024.08.21,08:00,17353.44,17370.93,17323.42,17344.92,5071
2024.08.21,09:00,17345.94,17367.92,17325.93,17365.94,3373
2024.08.21,10:00,17364.92,17394.92,17360.43,17392.92,3017
2024.08.21,11:00,17392.43,17405.42,17357.93,17369.44,1969
2024.08.21,12:15,17367.93,17399.44,17365.92,17397.44,1241
2024.08.21,13:15,17397.42,17419.93,17384.42,17410.93,972
2024.08.21,14:15,17411.44,17412.42,17390.44,17397.42,1062
2024.08.21,15:15,17396.94,17417.43,17392.42,17397.92,1362
2024.08.21,16:15,17398.43,17466.44,17389.42,17450.92,5066
2024.08.21,17:15,17450.43,17510.43,17441.93,17495.43,5385
2024.08.21,18:15,17494.92,17516.93,17479.92,17485.92,3347
2024.08.21,19:15,17485.42,17505.93,17475.43,17498.42,2039
2024.08.21,20:15,17499.42,17511.44,17483.44,17509.92,2418
2024.08.21,21:15,17510.44,17522.42,17506.92,17510.94,1797
2024.08.22,04:15,17478.72,17541.73,17427.72,17461.23,10744
2024.08.22,05:15,17462.74,17506.73,17385.72,17408.73,7297
2024.08.22,06:15,17408.22,17466.72,17406.24,17461.22,2632
2024.08.22,08:00,17460.22,17515.23,17444.73,17499.72,5490
2024.08.22,09:00,17499.23,17606.72,17487.72,17606.72,5068
2024.08.22,10:00,17606.24,17663.24,17595.22,17643.22,5073
2024.08.22,11:00,17642.72,17669.24,17635.72,17650.24,2166
2024.08.22,12:15,17646.24,17649.74,17612.72,17613.22,1374
2024.08.22,13:15,17612.73,17635.74,17608.72,17610.24,1184
2024.08.22,14:15,17609.73,17624.24,17598.24,17599.74,1098
2024.08.22,15:15,17599.72,17620.74,17588.23,17606.24,2108
2024.08.22,16:15,17606.73,17614.72,17529.74,17538.24,5301
2024.08.22,17:15,17537.74,17544.24,17471.72,17477.73,4170
2024.08.22,18:15,17476.74,17484.74,17433.22,17465.24,4434
2024.08.22,19:15,17464.73,17484.74,17444.72,17463.72,3062
2024.08.22,20:15,17463.73,17471.24,17442.73,17464.74,2776
2024.08.22,21:15,17465.23,17481.24,17457.22,17478.72,1619
2024.08.23,04:15,17485.62,17592.62,17470.12,17533.11,10497
2024.08.23,05:15,17531.63,17568.13,17487.13,17560.61,6603
2024.08.23,06:15,17560.11,17615.62,17554.61,17593.61,3659
2024.08.23,08:00,17590.63,17621.63,17564.12,17570.63,4929
2024.08.23,09:00,17570.61,17601.63,17556.63,17600.63,4118
2024.08.23,10:00,17600.11,17646.13,17591.11,17623.62,3367
2024.08.23,11:00,17623.63,17641.63,17614.61,17626.63,1418
2024.08.23,12:15,17622.63,17663.62,17617.12,17650.62,1209
2024.08.23,13:15,17651.12,17664.63,17644.61,17647.62,786
2024.08.23,14:15,17648.13,17657.62,17640.63,17648.61,1097
2024.08.23,15:15,17648.63,17650.12,17616.63,17622.61,1308
2024.08.23,16:15,17622.12,17737.12,17578.61,17722.12,5880
2024.08.23,17:15,17721.62,17753.61,17671.11,17749.63,8131
2024.08.23,18:15,17750.61,17782.13,17718.12,17726.63,4994
2024.08.23,19:15,17727.12,17748.63,17715.12,17736.61,4056
2024.08.23,20:15,17737.13,17751.63,17730.12,17736.11,2271
2024.08.23,21:15,17736.62,17738.13,17720.13,17723.11,1528
2024.08.26,04:15,17740.28,17835.77,17708.27,17787.77,10639
2024.08.26,05:15,17787.79,17806.29,17719.77,17769.78,6341
2024.08.26,06:15,17770.29,17804.78,17750.78,17773.27,2883
2024.08.26,08:00,17772.27,17778.79,17729.78,17771.28,3641
2024.08.26,09:00,17771.78,17839.79,17771.78,17827.77,4313
2024.08.26,10:00,17827.29,17841.29,17795.78,17805.77,3161
2024.08.26,11:00,17806.79,17822.77,17793.77,17803.77,1477
2024.08.26,12:15,17801.27,17802.78,17779.28,17800.29,976
2024.08.26,13:15,17799.78,17814.78,17748.77,17751.28,1445
2024.08.26,14:15,17750.28,17754.77,17728.77,17733.28,1583
2024.08.26,15:15,17732.78,17741.77,17655.79,17661.29,2347
2024.08.26,16:15,17660.79,17742.79,17627.79,17722.29,6079
2024.08.26,17:15,17721.79,17726.29,17659.77,17680.78,4754
2024.08.26,18:15,17679.78,17698.28,17660.78,17661.27,3135
2024.08.26,19:15,17660.77,17701.29,17660.28,17699.77,2159
2024.08.26,20:15,17699.28,17703.79,17652.77,17666.29,2277
2024.08.26,21:15,17664.77,17689.78,17663.27,17689.78,1257
2024.08.27,04:15,17635.28,17737.80,17629.30,17708.28,9823
2024.08.27,05:15,17707.78,17805.29,17694.78,17765.28,6815
2024.08.27,06:15,17765.80,17795.30,17750.28,17769.80,2915
2024.08.27,08:00,17767.30,17863.29,17756.29,17854.78,5612
2024.08.27,09:00,17854.28,17880.29,17842.79,17857.78,4287
2024.08.27,10:00,17857.28,17902.29,17850.28,17899.30,3580
2024.08.27,11:00,17898.30,17915.80,17890.78,17909.30,1773
2024.08.27,12:15,17903.30,17928.29,17893.29,17906.29,1532
2024.08.27,13:15,17906.78,17926.80,17900.28,17912.80,1391
2024.08.27,14:15,17913.28,17921.79,17904.78,17912.28,1054
2024.08.27,15:15,17911.79,17915.80,17873.29,17886.80,1760
2024.08.27,16:15,17887.28,17912.80,17841.78,17848.29,5196
2024.08.27,17:15,17847.79,17887.78,17830.78,17866.30,3324
2024.08.27,18:15,17865.79,17868.78,17827.28,17842.30,2069
2024.08.27,19:15,17842.79,17847.30,17826.78,17845.80,1902
2024.08.27,20:15,17845.29,17874.28,17844.79,17870.78,1413
2024.08.27,21:15,17870.80,17877.80,17862.80,17863.79,1152
2024.08.28,04:15,17797.10,17898.61,17751.10,17752.11,9521
2024.08.28,05:15,17752.59,17766.09,17707.59,17725.59,7466
2024.08.28,06:15,17729.61,17751.60,17704.59,17714.59,3013
2024.08.28,08:00,17710.59,17723.61,17661.09,17701.61,6016
2024.08.28,09:00,17701.09,17718.59,17683.11,17707.61,4332
2024.08.28,10:00,17708.11,17713.59,17656.60,17673.59,3863
2024.08.28,11:00,17673.60,17709.61,17667.59,17708.11,2026
2024.08.28,12:15,17710.61,17803.61,17710.61,17729.60,1316
2024.08.28,13:15,17728.59,17739.11,17719.60,17727.60,853
2024.08.28,14:15,17726.59,17729.61,17676.60,17684.10,1224
2024.08.28,15:15,17684.60,17713.11,17670.10,17707.10,1261
2024.08.28,16:15,17706.61,17749.60,17673.59,17678.11,4419
2024.08.28,17:15,17677.59,17686.11,17629.10,17633.11,4140
2024.08.28,18:15,17632.59,17663.61,17616.61,17624.60,3016
2024.08.28,19:15,17624.10,17624.61,17594.10,17599.11,1838
2024.08.28,20:15,17598.60,17611.61,17573.59,17600.11,958
2024.08.28,21:15,17599.60,17651.11,17593.10,17646.11,600
2024.08.29,04:15,17623.48,17662.98,17533.97,17559.46,9194
2024.08.29,05:15,17560.46,17599.97,17501.96,17524.47,7844
2024.08.29,06:15,17524.97,17649.46,17524.97,17599.46,4212
2024.08.29,08:00,17599.97,17726.48,17592.98,17710.97,7595
2024.08.29,09:00,17710.98,17771.48,17708.96,17750.97,5733
2024.08.29,10:00,17750.98,17803.48,17746.98,17788.46,4819
2024.08.29,11:00,17789.46,17802.46,17765.97,17780.98,1865
2024.08.29,12:15,17800.96,17851.97,17800.96,17845.97,2032
2024.08.29,13:15,17845.47,17845.98,17808.47,17812.98,1443
2024.08.29,14:15,17813.98,17829.96,17798.96,17798.96,1322
2024.08.29,15:15,17798.98,17809.98,17761.47,17781.48,2534
2024.08.29,16:15,17780.97,17810.97,17746.46,17783.98,4932
2024.08.29,17:15,17784.48,17795.97,17754.98,17795.47,3359
2024.08.29,18:15,17794.97,17812.98,17776.98,17808.48,2252
2024.08.29,19:15,17808.96,17812.48,17788.98,17797.97,1588
2024.08.29,20:15,17798.97,17830.46,17797.97,17828.48,1370
2024.08.29,21:15,17827.98,17831.48,17774.97,17799.97,2525
2024.08.30,04:15,17804.02,18022.04,17776.03,17929.02,11147
2024.08.30,05:15,17928.53,18072.04,17918.52,18044.03,8196
2024.08.30,06:15,18044.04,18175.03,18031.52,18130.04,4817
2024.08.30,08:00,18131.03,18219.03,18087.04,18180.54,8402
2024.08.30,09:00,18180.04,18194.54,18074.53,18092.04,6289
2024.08.30,10:00,18091.02,18091.53,18023.54,18030.04,4377
2024.08.30,11:00,18030.02,18031.04,17975.53,18014.04,2797
2024.08.30,12:15,18011.02,18029.04,17963.03,17964.02,1485
2024.08.30,13:15,17963.54,17968.04,17945.54,17956.04,1174
2024.08.30,14:15,17955.54,18008.04,17954.03,18007.02,1050
2024.08.30,15:15,18006.54,18027.52,17951.52,17953.02,2399
2024.08.30,16:15,17953.03,17967.54,17894.52,17920.03,4642
2024.08.30,17:15,17921.04,17931.03,17845.03,17854.53,3787
2024.08.30,18:15,17855.03,17855.03,17793.54,17811.54,2845
2024.08.30,19:15,17811.02,17811.04,17769.52,17798.52,2375
2024.08.30,20:15,17799.04,17831.54,17796.02,17828.54,1509
2024.08.30,21:15,17829.02,17852.02,17826.52,17851.53,1060
2024.09.02,04:15,17828.07,17842.07,17704.55,17705.07,11115
2024.09.02,05:15,17705.57,17715.57,17657.56,17665.06,7062
2024.09.02,06:15,17665.56,17670.57,17636.06,17665.57,3149
2024.09.02,08:00,17660.05,17715.05,17643.57,17690.06,4811
2024.09.02,09:00,17689.56,17707.07,17644.06,17645.05,4511
2024.09.02,10:00,17645.55,17665.57,17624.56,17663.05,4930
2024.09.02,11:00,17662.55,17691.56,17660.07,17690.57,2001
2024.09.02,12:15,17686.06,17696.57,17657.55,17677.07,1195
2024.09.02,13:15,17677.57,17686.57,17664.05,17682.56,676
2024.09.02,14:15,17682.55,17683.07,17646.05,17649.05,836
2024.09.02,15:15,17649.56,17686.57,17647.05,17675.56,858
2024.09.02,16:15,17674.57,17691.07,17661.56,17667.56,1078
2024.09.02,17:15,17668.56,17683.07,17652.56,17675.05,1117
2024.09.02,18:15,17675.55,17701.07,17675.06,17698.06,769
2024.09.02,19:15,17698.07,17704.57,17690.06,17703.57,634
2024.09.02,20:15,17704.57,17717.05,17703.07,17717.05,202
2024.09.02,21:15,17717.56,17719.55,17710.56,17712.05,228
2024.09.03,04:15,17676.18,17721.16,17566.18,17697.16,10799
2024.09.03,05:15,17697.68,17709.66,17593.18,17608.67,8758
2024.09.03,06:15,17608.17,17626.68,17597.17,17613.67,2764
2024.09.03,08:00,17609.18,17623.67,17578.66,17600.16,4751
2024.09.03,09:00,17599.18,17631.66,17591.17,17613.66,3385
2024.09.03,10:00,17614.18,17657.18,17611.18,17629.68,2945
2024.09.03,11:00,17630.17,17646.18,17618.17,17625.67,1307
2024.09.03,12:15,17574.17,17580.68,17512.67,17518.16,2148
2024.09.03,13:15,17517.66,17532.18,17509.17,17531.67,1295
2024.09.03,14:15,17532.17,17545.68,17517.16,17542.16,1287
2024.09.03,15:15,17541.16,17552.18,17521.68,17537.66,1371
2024.09.03,16:15,17537.16,17559.17,17484.18,17507.16,5572
2024.09.03,17:15,17506.16,17546.17,17496.17,17546.17,3783
2024.09.03,18:15,17545.66,17570.68,17541.67,17570.18,2511
2024.09.03,19:15,17569.68,17583.68,17562.68,17568.16,1732
2024.09.03,20:15,17568.66,17581.68,17502.66,17504.66,2076
2024.09.03,21:15,17504.18,17526.68,17501.66,17518.68,2003
2024.09.04,04:15,17438.92,17537.92,17313.42,17324.92,11435
2024.09.04,05:15,17325.43,17523.43,17323.93,17471.42,8634
2024.09.04,06:15,17470.93,17487.93,17428.91,17451.41,3428
2024.09.04,08:00,17442.91,17447.43,17383.42,17439.91,5770
2024.09.04,09:00,17439.42,17460.93,17383.92,17386.93,4900
2024.09.04,10:00,17386.43,17461.91,17378.93,17454.92,4682
2024.09.04,11:00,17456.42,17468.93,17431.91,17455.93,1963
2024.09.04,12:15,17461.93,17509.93,17461.93,17484.93,1974
2024.09.04,13:15,17484.41,17499.91,17477.43,17493.92,1625
2024.09.04,14:15,17493.93,17508.93,17486.41,17499.93,1268
2024.09.04,15:15,17500.92,17514.92,17485.42,17504.43,1417
2024.09.04,16:15,17503.93,17551.93,17469.91,17532.41,4910
2024.09.04,17:15,17532.91,17562.43,17514.42,17544.91,3736
2024.09.04,18:15,17544.41,17544.93,17478.91,17497.92,2808
2024.09.04,19:15,17497.93,17530.92,17496.41,17519.43,2108
2024.09.04,20:15,17519.92,17522.43,17483.91,17494.42,2320
2024.09.04,21:15,17493.93,17508.43,17480.91,17484.41,1601
2024.09.05,04:15,17484.04,17554.56,17408.54,17421.05,10817
2024.09.05,05:15,17420.55,17506.06,17378.55,17389.55,7304
2024.09.05,06:15,17389.56,17412.54,17345.55,17360.05,3300
2024.09.05,08:00,17350.05,17372.06,17321.05,17333.54,4960
2024.09.05,09:00,17334.05,17373.06,17325.04,17369.06,3776
2024.09.05,10:00,17369.04,17425.56,17360.54,17417.56,3411
2024.09.05,11:00,17417.55,17457.05,17411.54,17456.06,1498
2024.09.05,12:15,17436.55,17451.06,17412.05,17443.56,1982
2024.09.05,13:15,17443.04,17450.04,17441.55,17442.55,364
2024.09.09,04:15,17264.80,17322.80,17127.28,17135.29,11465
2024.09.09,05:15,17136.28,17146.28,17093.79,17128.78,5850
2024.09.09,06:15,17127.30,17145.78,17102.30,17109.30,2583
2024.09.09,08:00,17122.78,17148.80,17094.78,17098.78,5770
2024.09.09,09:00,17099.79,17120.29,17071.29,17116.80,5306
2024.09.09,10:00,17117.29,17171.80,17107.78,17162.28,4249
2024.09.09,11:00,17161.78,17178.78,17156.78,17167.28,2226
2024.09.09,12:15,17172.79,17187.80,17117.79,17122.29,1228
2024.09.09,13:15,17122.30,17129.80,17104.28,17129.29,1160
2024.09.09,14:15,17128.79,17157.79,17123.28,17149.78,1328
2024.09.09,15:15,17149.30,17175.30,17143.78,17149.80,1325
2024.09.09,16:15,17150.79,17223.30,17146.79,17218.29,4325
2024.09.09,17:15,17218.80,17224.29,17162.79,17179.78,3977
2024.09.09,18:15,17180.28,17238.78,17177.80,17234.80,2593
2024.09.09,19:15,17235.28,17270.80,17230.78,17267.29,1596
2024.09.09,20:15,17266.80,17282.79,17236.79,17241.78,2081
2024.09.09,21:15,17242.30,17254.29,17227.78,17231.28,1735
2024.09.10,04:15,17223.30,17257.30,17121.29,17141.29,10756
2024.09.10,05:15,17140.80,17259.30,17137.28,17241.29,7412
2024.09.10,06:15,17240.79,17257.30,17197.79,17236.28,3339
2024.09.10,08:00,17224.30,17291.28,17207.78,17262.80,6812
2024.09.10,09:00,17263.29,17293.80,17242.28,17256.30,4831
2024.09.10,10:00,17256.78,17278.29,17225.78,17232.78,3320
2024.09.10,11:00,17233.30,17239.78,17189.28,17197.28,1675
2024.09.10,12:15,17165.30,17194.78,17147.29,17176.80,1870
2024.09.10,13:15,17176.28,17195.80,17170.28,17181.28,1382
2024.09.10,14:15,17180.29,17188.79,17157.30,17188.79,1436
2024.09.10,15:15,17189.30,17198.30,17163.28,17164.79,1404
2024.09.10,16:15,17163.78,17188.80,17087.28,17088.78,4940
2024.09.10,17:15,17088.28,17094.30,17054.28,17081.78,4330
2024.09.10,18:15,17082.30,17083.80,17019.28,17025.80,3149
2024.09.10,19:15,17024.80,17041.30,17022.28,17039.29,2562
2024.09.10,20:15,17038.79,17057.80,17025.79,17055.30,2080
2024.09.10,21:15,17054.79,17078.80,17054.79,17078.80,1123
2024.09.11,04:15,17025.93,17066.95,16944.93,17005.93,12083
2024.09.11,05:15,17004.95,17045.95,16959.94,16972.94,7678
2024.09.11,06:15,16973.44,16983.95,16950.94,16974.44,2989
2024.09.11,08:00,16961.93,17013.45,16961.43,17008.43,5633
2024.09.11,09:00,17008.44,17097.43,17003.94,17077.43,5480
2024.09.11,10:00,17076.95,17117.94,17074.95,17097.45,3819
2024.09.11,11:00,17097.44,17098.44,17079.44,17085.43,1490
2024.09.11,12:15,17074.93,17099.95,17067.93,17095.43,1297
2024.09.11,13:15,17095.45,17128.45,17093.44,17119.44,946
2024.09.11,14:15,17119.95,17139.95,17116.44,17119.95,892
2024.09.11,15:15,17120.95,17130.93,17052.44,17130.45,4201
2024.09.11,16:15,17129.95,17180.93,17079.95,17079.95,6033
2024.09.11,17:15,17079.43,17122.93,17014.93,17118.94,5579
2024.09.11,18:15,17119.95,17163.95,17112.95,17155.93,3962
2024.09.11,19:15,17155.43,17194.95,17149.93,17192.95,3415
2024.09.11,20:15,17191.94,17211.43,17179.93,17203.93,2483
2024.09.11,21:15,17202.94,17220.94,17191.43,17195.45,2055
2024.09.12,04:15,17169.05,17227.57,17111.55,17131.06,10933
2024.09.12,05:15,17131.55,17275.55,17129.55,17270.06,7510
2024.09.12,06:15,17269.56,17299.06,17259.57,17273.06,2525
2024.09.12,08:00,17278.05,17332.05,17271.05,17289.56,4701
2024.09.12,09:00,17289.05,17300.57,17263.05,17272.06,3038
2024.09.12,10:00,17272.57,17284.07,17226.06,17229.55,2920
2024.09.12,11:00,17229.05,17245.07,17208.05,17232.06,2077
2024.09.12,12:15,17247.56,17274.05,17247.05,17265.06,1404
2024.09.12,13:15,17265.05,17265.57,17236.55,17237.05,979
2024.09.12,14:15,17237.56,17262.07,17228.55,17258.57,1120
2024.09.12,15:15,17257.05,17268.06,17223.07,17246.06,3276
2024.09.12,16:15,17246.57,17248.57,17141.55,17175.56,4996
2024.09.12,17:15,17176.06,17221.07,17168.57,17211.05,4011
2024.09.12,18:15,17210.57,17230.07,17196.56,17227.56,3345
2024.09.12,19:15,17228.06,17271.07,17222.05,17260.57,2341
2024.09.12,20:15,17261.07,17291.57,17257.56,17279.56,1890
2024.09.12,21:15,17279.55,17283.06,17249.07,17273.07,1870
2024.09.13,04:15,17234.70,17524.22,17234.70,17521.22,10178
2024.09.13,05:15,17520.22,17546.70,17415.20,17445.20,6700
2024.09.13,06:15,17445.22,17461.71,17388.72,17420.70,2768
2024.09.13,08:00,17416.21,17436.20,17367.21,17393.22,4649
2024.09.13,09:00,17392.20,17404.22,17355.72,17380.70,4089
2024.09.13,10:00,17381.20,17393.71,17358.21,17360.72,3104
2024.09.13,11:00,17361.22,17370.72,17347.20,17351.70,1346
2024.09.13,12:15,17350.70,17391.21,17350.70,17376.21,1473
2024.09.13,13:15,17376.70,17377.21,17342.70,17345.72,1062
2024.09.13,14:15,17346.21,17350.22,17287.22,17335.70,1883
2024.09.13,15:15,17335.72,17382.22,17331.72,17375.20,1819
2024.09.13,16:15,17375.70,17395.72,17326.20,17341.22,5206
2024.09.13,17:15,17341.70,17378.71,17332.70,17359.21,3570
2024.09.13,18:15,17359.71,17378.70,17329.70,17333.21,2359
2024.09.13,19:15,17333.72,17333.72,17298.22,17306.22,1828
2024.09.13,20:15,17305.72,17325.71,17300.71,17323.72,1676
2024.09.13,21:15,17324.22,17337.21,17320.20,17325.21,1597
2024.09.16,04:15,17286.84,17327.83,17166.33,17278.85,8289
2024.09.16,05:15,17280.34,17335.85,17227.85,17328.84,4674
2024.09.16,06:15,17328.33,17348.85,17309.34,17322.85,2143
2024.09.16,08:00,17321.83,17378.85,17319.85,17376.85,3353
2024.09.16,09:00,17377.34,17378.35,17343.85,17373.34,2433
2024.09.16,10:00,17373.83,17411.85,17369.34,17410.35,2690
2024.09.16,11:00,17409.35,17430.85,17404.33,17430.85,1247
2024.09.16,12:15,17427.85,17444.84,17401.83,17416.83,1174
2024.09.16,13:15,17417.33,17429.34,17403.83,17418.33,804
2024.09.16,14:15,17417.35,17425.33,17403.84,17421.33,1055
2024.09.16,15:15,17421.84,17424.34,17388.84,17424.34,1638
2024.09.16,16:15,17423.83,17450.85,17401.84,17441.34,4654
2024.09.16,17:15,17441.85,17447.35,17386.34,17405.84,3907
2024.09.16,18:15,17405.83,17416.85,17392.83,17404.33,2324
2024.09.16,19:15,17403.85,17411.85,17395.83,17402.35,1547
2024.09.16,20:15,17402.34,17419.35,17393.34,17412.83,1295
2024.09.16,21:15,17413.85,17414.33,17396.33,17404.35,1005
2024.09.17,04:15,17420.72,17628.21,17374.21,17613.22,7943
2024.09.17,05:15,17612.73,17690.72,17573.72,17657.22,4558
2024.09.17,06:15,17656.71,17700.72,17656.22,17684.73,2285
2024.09.17,08:00,17683.73,17722.73,17658.71,17683.21,2869
2024.09.17,09:00,17683.23,17683.73,17617.72,17649.21,2562
2024.09.17,10:00,17649.73,17671.22,17640.21,17662.23,2760
2024.09.17,11:00,17662.22,17666.73,17644.21,17658.21,1445
2024.09.17,12:15,17663.22,17693.72,17661.71,17692.73,1155
2024.09.17,13:15,17692.21,17692.21,17641.21,17647.23,1099
2024.09.17,14:15,17647.72,17685.71,17637.71,17681.73,1192
2024.09.17,15:15,17682.21,17688.22,17635.21,17645.72,2742
2024.09.17,16:15,17646.23,17715.73,17619.71,17692.73,5833
2024.09.17,17:15,17692.22,17701.22,17668.72,17684.71,3509
2024.09.17,18:15,17684.73,17685.23,17643.71,17665.23,2524
2024.09.17,19:15,17664.71,17664.71,17616.71,17633.73,3791
2024.09.17,20:15,17632.72,17654.72,17623.21,17636.21,2967
2024.09.17,21:15,17636.72,17648.72,17628.23,17638.71,2012
2024.09.19,04:15,17701.79,17780.79,17584.31,17768.81,12336
2024.09.19,05:15,17769.30,17895.79,17740.29,17891.30,10300
2024.09.19,06:15,17890.81,17993.30,17885.29,17992.80,4265
2024.09.19,08:00,17995.81,18047.81,17966.80,18003.80,6970
2024.09.19,09:00,18003.31,18079.81,17979.79,18063.31,4844
2024.09.19,10:00,18064.29,18075.29,18002.29,18020.30,4442
2024.09.19,11:00,18019.81,18047.30,18013.31,18045.81,1845
2024.09.19,12:15,18044.80,18105.79,18044.80,18095.80,2092
2024.09.19,13:15,18095.31,18125.29,18089.30,18092.80,1490
2024.09.19,14:15,18093.29,18116.31,18071.29,18080.29,1768
2024.09.19,15:15,18080.81,18082.31,18017.29,18044.79,2527
2024.09.19,16:15,18044.30,18054.30,17939.29,17981.80,5929
2024.09.19,17:15,17981.30,18064.80,17973.29,18024.79,5277
2024.09.19,18:15,18024.31,18104.29,18021.80,18095.30,3392
2024.09.19,19:15,18094.79,18118.80,18088.79,18117.80,1960
2024.09.19,20:15,18117.30,18162.31,18117.29,18161.30,2025
2024.09.19,21:15,18161.29,18181.31,18136.30,18163.30,2180
2024.09.20,04:15,18098.32,18346.82,18033.30,18344.80,12022
2024.09.20,05:15,18345.31,18362.30,18240.30,18284.82,8726
2024.09.20,06:15,18285.30,18348.31,18196.82,18281.30,5164
2024.09.20,08:00,18278.82,18278.82,18164.80,18187.32,6463
2024.09.20,09:00,18187.80,18246.80,18175.31,18213.80,5842
2024.09.20,10:00,18212.81,18261.31,18211.31,18234.30,3622
2024.09.20,11:00,18233.82,18289.30,18229.30,18268.82,2202
2024.09.20,12:15,18267.82,18285.31,18240.30,18244.81,1399
2024.09.20,13:15,18244.30,18285.32,18242.32,18260.80,1103
2024.09.20,14:15,18261.32,18290.32,18257.81,18290.31,1094
2024.09.20,15:15,18290.82,18299.32,18256.30,18261.80,1377
2024.09.20,16:15,18261.30,18294.32,18169.30,18176.31,4695
2024.09.20,17:15,18176.81,18219.30,18151.82,18155.82,3559
2024.09.20,18:15,18155.32,18209.30,18150.80,18206.82,3282
2024.09.20,19:15,18206.30,18213.81,18179.82,18190.80,1989
2024.09.20,20:15,18191.32,18196.30,18153.30,18156.82,1802
2024.09.20,21:15,18156.30,18188.32,18154.30,18185.30,1373
2024.09.23,04:15,18239.62,18425.13,18213.12,18342.12,12533
2024.09.23,05:15,18341.11,18435.13,18323.11,18408.13,8432
2024.09.23,06:15,18408.11,18427.63,18362.61,18370.12,3360
2024.09.23,08:00,18370.61,18370.61,18295.12,18310.11,5880
2024.09.23,09:00,18309.62,18315.62,18245.63,18276.63,4731
2024.09.23,10:00,18276.61,18276.61,18211.12,18234.12,5743
2024.09.23,11:00,18234.61,18260.12,18220.61,18259.13,2008
2024.09.23,12:15,18255.61,18274.12,18241.11,18266.12,1385
2024.09.23,13:15,18267.12,18279.62,18258.12,18264.13,952
2024.09.23,14:15,18263.62,18294.61,18262.62,18288.13,1270
2024.09.23,15:15,18287.61,18354.61,18287.12,18342.62,1619
2024.09.23,16:15,18342.13,18430.63,18306.11,18424.62,5389
2024.09.23,17:15,18424.13,18527.12,18422.11,18482.61,4507
2024.09.23,18:15,18482.11,18484.13,18398.13,18400.11,2802
2024.09.23,19:15,18399.63,18445.63,18394.11,18443.13,2401
2024.09.23,20:15,18442.11,18461.63,18433.11,18441.61,1468
2024.09.23,21:15,18441.12,18454.63,18438.11,18453.63,939
2024.09.24,04:15,18514.05,18739.53,18514.05,18622.03,14166
2024.09.24,05:15,18621.55,18764.04,18541.03,18750.03,9474
2024.09.24,06:15,18750.53,18880.05,18750.53,18866.04,6145
2024.09.24,08:00,18887.04,18995.04,18872.54,18942.53,10107
2024.09.24,09:00,18943.53,18993.54,18891.55,18963.54,6723
2024.09.24,10:00,18963.03,19019.05,18960.03,18999.53,5899
2024.09.24,11:00,18999.04,19082.53,18997.55,19078.55,2826
2024.09.24,12:15,19077.03,19205.54,19058.03,19171.05,3680
2024.09.24,13:15,19170.04,19260.54,19169.03,19186.04,2617
2024.09.24,14:15,19187.04,19248.04,19183.55,19236.54,2744
2024.09.24,15:15,19236.03,19371.05,19226.53,19359.05,3429
2024.09.24,16:15,19357.53,19463.03,19277.05,19375.05,9232
2024.09.24,17:15,19374.54,19483.04,19314.04,19470.03,7040
2024.09.24,18:15,19470.04,19642.54,19450.53,19631.03,5109
2024.09.24,19:15,19632.05,19636.05,19484.03,19633.55,4567
2024.09.24,20:15,19633.03,19723.03,19626.53,19673.54,3245
2024.09.24,21:15,19674.04,19757.55,19640.55,19753.04,2450
2024.09.25,04:15,19723.20,19723.20,19332.70,19440.69,16202
2024.09.25,05:15,19441.21,19490.21,19297.69,19322.71,11616
2024.09.25,06:15,19322.19,19403.21,19308.69,19400.21,4981
2024.09.25,08:00,19396.71,19396.71,19212.69,19237.21,9772
2024.09.25,09:00,19238.69,19264.70,19109.71,19186.70,9200
2024.09.25,10:00,19187.19,19195.69,19079.19,19094.70,5513
2024.09.25,11:00,19095.70,19195.71,19094.69,19194.21,2715
2024.09.25,12:15,19194.20,19279.71,19135.19,19277.69,2634
2024.09.25,13:15,19277.70,19371.71,19262.69,19358.20,2251
2024.09.25,14:15,19357.71,19373.70,19306.69,19350.71,2309
2024.09.25,15:15,19351.19,19362.69,19249.69,19277.71,2753
2024.09.25,16:15,19278.19,19447.71,19232.69,19423.70,7760
2024.09.25,17:15,19423.21,19495.21,19385.69,19425.20,5888
2024.09.25,18:15,19424.70,19438.71,19336.21,19369.20,3950
2024.09.25,19:15,19369.19,19408.71,19355.69,19374.20,3051
2024.09.25,20:15,19373.69,19386.70,19343.21,19345.19,2813
2024.09.25,21:15,19344.69,19348.69,19325.69,19330.19,1526
2024.09.26,04:15,19344.77,19504.26,19164.75,19388.77,13943
2024.09.26,05:15,19387.77,19498.76,19359.27,19459.77,10137
2024.09.26,06:15,19460.25,19589.26,19457.25,19589.26,4961
2024.09.26,08:00,19584.77,19739.77,19533.25,19736.75,12380
2024.09.26,09:00,19737.25,19847.76,19701.75,19842.27,10477
2024.09.26,10:00,19842.26,19962.77,19816.26,19927.26,8834
2024.09.26,11:00,19927.25,20020.26,19909.75,20019.76,4568
2024.09.26,12:15,20002.76,20289.26,20002.76,20289.26,5408
2024.09.26,13:15,20288.76,20348.26,20222.76,20264.26,3551
2024.09.26,14:15,20263.77,20464.75,20232.76,20449.76,3320
2024.09.26,15:15,20449.27,20671.76,20437.25,20455.75,6015
2024.09.26,16:15,20456.25,20679.25,20345.77,20541.25,8375
2024.09.26,17:15,20541.75,20544.27,20234.25,20382.76,7108
2024.09.26,18:15,20382.75,20546.76,20299.25,20506.77,5305
2024.09.26,19:15,20507.25,20524.27,20408.26,20459.25,3303
2024.09.26,20:15,20458.75,20572.25,20420.76,20556.77,1231
2024.09.26,21:15,20555.76,20608.76,20553.75,20569.25,727
2024.09.27,04:15,20429.41,20549.41,20279.90,20435.42,18070
2024.09.27,05:15,20433.42,20534.92,20298.40,20495.41,14857
2024.09.27,06:15,20494.41,20719.41,20490.40,20647.90,9140
2024.09.27,08:00,20659.42,20762.41,20312.42,20457.41,18680
2024.09.27,09:00,20457.91,20586.41,20416.92,20571.42,14424
2024.09.27,10:00,20573.40,20645.42,20536.40,20645.41,9765
2024.09.27,11:00,20644.90,20916.42,20638.90,20845.91,4638
2024.09.27,12:15,20854.41,20906.41,20611.41,20641.91,5993
2024.09.27,13:15,20644.42,20803.41,20536.42,20802.92,4147
2024.09.27,14:15,20803.40,20842.92,20649.91,20756.42,4262
2024.09.27,15:15,20756.91,20807.90,20564.91,20578.42,5511
2024.09.27,16:15,20577.92,20926.92,20556.40,20919.42,10102
2024.09.27,17:15,20919.41,20987.40,20790.41,20834.92,10134
2024.09.27,18:15,20835.40,20882.42,20734.90,20782.90,7321
2024.09.27,19:15,20782.92,20882.92,20776.41,20846.90,4791
2024.09.27,20:15,20846.40,20873.41,20791.42,20854.90,4255
2024.09.27,21:15,20855.40,20865.41,20765.41,20835.42,3821
2024.09.30,04:15,20928.35,21322.35,20835.35,20972.35,21109
2024.09.30,05:15,20968.85,21117.84,20878.34,21110.85,16901
2024.09.30,06:15,21110.33,21384.35,21100.33,21366.35,9671
2024.09.30,08:00,21357.85,21493.35,21185.85,21474.35,18011
2024.09.30,09:00,21473.85,21515.83,21181.84,21359.33,15877
2024.09.30,10:00,21358.35,21367.34,21041.84,21178.33,11677
2024.09.30,11:00,21178.35,21276.85,21105.33,21202.33,4867
2024.09.30,12:15,21185.33,21271.85,21100.34,21171.85,3923
2024.09.30,13:15,21171.33,21206.84,21076.85,21082.34,3546
2024.09.30,14:15,21082.85,21194.85,21029.84,21194.85,3904
2024.09.30,15:15,21196.33,21199.33,21096.83,21146.85,3270
2024.09.30,16:15,21146.35,21146.35,20874.83,20993.33,9351
2024.09.30,17:15,20992.35,21039.83,20879.34,20922.34,6995
2024.09.30,18:15,20923.85,20962.34,20632.33,20695.34,8351
2024.09.30,19:15,20696.84,20783.34,20665.35,20703.35,5245
2024.09.30,20:15,20703.85,20753.33,20646.85,20715.83,5044
2024.09.30,21:15,20715.34,20715.34,20639.34,20683.34,4365
2024.10.02,04:15,21166.30,21935.28,21149.80,21833.80,18485
2024.10.02,05:15,21834.28,22450.30,21825.79,22439.79,16252
2024.10.02,06:15,22438.28,22700.28,22330.79,22431.29,11373
2024.10.02,08:00,22416.78,22718.29,21989.30,22211.30,16298
2024.10.02,09:00,22210.78,22531.28,22092.29,22460.29,13263
2024.10.02,10:00,22465.29,22498.79,22257.29,22492.80,11578
2024.10.02,11:00,22492.29,22493.28,22289.78,22399.79,5436
2024.10.02,12:15,22396.29,22522.78,22353.79,22449.80,5982
2024.10.02,13:15,22446.79,22800.79,22440.30,22669.30,7225
2024.10.02,14:15,22670.28,22723.80,22473.30,22529.78,4904
2024.10.02,15:15,22529.30,22577.29,22351.78,22385.79,5154
2024.10.02,16:15,22382.78,22441.29,22161.29,22271.79,10345
2024.10.02,17:15,22271.30,22365.29,22071.80,22082.80,8124
2024.10.02,18:15,22082.29,22326.78,22052.80,22254.28,6731
2024.10.02,19:15,22253.80,22368.30,22228.80,22256.30,4055
2024.10.02,20:15,22255.78,22306.29,22171.29,22292.29,3077
2024.10.02,21:15,22292.80,22376.78,22260.28,22374.78,2469
2024.10.03,04:15,22466.05,22638.04,21776.54,21801.05,17099
2024.10.03,05:15,21803.05,21836.55,21517.04,21562.55,13889
2024.10.03,06:15,21561.56,21814.54,21466.54,21764.55,8197
2024.10.03,08:00,21758.54,22263.06,21753.54,22165.06,14273
2024.10.03,09:00,22165.04,22330.54,22094.54,22317.05,9647
2024.10.03,10:00,22318.05,22466.54,22089.55,22143.04,11226
2024.10.03,11:00,22144.04,22146.56,22031.04,22097.04,3721
2024.10.03,12:15,22072.55,22285.54,21965.55,22027.55,5778
2024.10.03,13:15,22026.56,22038.06,21880.04,21964.54,4176
2024.10.03,14:15,21964.05,22022.06,21918.54,21927.05,2347
2024.10.03,15:15,21927.54,21942.06,21597.06,21667.55,3904
2024.10.03,16:15,21666.04,22167.04,21633.55,22099.55,8390
2024.10.03,17:15,22100.05,22170.04,21902.55,22028.55,9149
2024.10.03,18:15,22028.06,22155.54,22028.06,22145.06,5662
2024.10.03,19:15,22145.56,22192.04,22020.05,22030.54,4910
2024.10.03,20:15,22029.54,22084.05,22000.04,22042.06,3822
2024.10.03,21:15,22042.54,22086.05,22029.56,22033.06,2279
2024.10.04,04:15,21902.12,22324.14,21815.62,22270.13,16040
2024.10.04,05:15,22270.63,22676.14,22252.64,22584.62,14127
2024.10.04,06:15,22586.12,22640.14,22337.64,22506.63,8546
2024.10.04,08:00,22545.64,22678.13,22509.62,22546.13,9744
2024.10.04,09:00,22548.14,22617.63,22428.62,22562.63,9135
2024.10.04,10:00,22560.63,22763.63,22553.13,22744.64,7966
2024.10.04,11:00,22743.12,22824.14,22706.62,22819.62,3973
2024.10.04,12:15,22778.62,22811.13,22681.13,22756.12,4536
2024.10.04,13:15,22755.63,22787.13,22633.63,22724.63,3215
2024.10.04,14:15,22722.12,22754.14,22664.14,22702.64,2643
2024.10.04,15:15,22704.63,22756.12,22621.64,22697.64,5854
2024.10.04,16:15,22697.12,22720.14,22512.64,22671.62,8957
2024.10.04,17:15,22670.62,22706.64,22466.64,22533.63,7806
2024.10.04,18:15,22534.14,22589.14,22457.63,22495.13,5221
2024.10.04,19:15,22494.63,22553.63,22474.62,22547.63,3928
2024.10.04,20:15,22548.12,22592.64,22525.62,22544.13,3510
2024.10.04,21:15,22543.14,22584.62,22517.62,22574.63,1951
2024.10.07,04:15,22866.88,23272.36,22729.38,22906.87,16500
2024.10.07,05:15,22908.86,23042.36,22787.36,23008.88,10637
2024.10.07,06:15,23009.36,23093.37,22945.37,23022.38,6326
2024.10.07,08:00,23021.88,23106.86,22958.88,23041.38,8143
2024.10.07,09:00,23040.86,23161.38,22972.37,23088.88,7277
2024.10.07,10:00,23088.38,23127.38,22979.86,23125.37,8159
2024.10.07,11:00,23126.37,23158.86,23079.37,23139.88,3382
2024.10.07,12:15,23104.37,23183.86,23062.38,23152.37,3635
2024.10.07,13:15,23151.88,23218.88,23112.38,23174.87,3007
2024.10.07,14:15,23174.36,23215.88,23127.37,23141.37,2969
2024.10.07,15:15,23140.86,23147.38,23049.37,23077.87,3262
2024.10.07,16:15,23078.36,23219.38,23039.36,23165.88,8071
2024.10.07,17:15,23163.38,23164.87,22858.86,22899.87,8783
2024.10.07,18:15,22900.36,23071.36,22885.38,23069.87,5896
2024.10.07,19:15,23070.36,23168.88,23029.37,23160.88,3525
2024.10.07,20:15,23160.87,23274.38,23153.87,23198.37,4085
2024.10.07,21:15,23196.36,23238.88,23107.38,23119.37,3587
2024.10.08,04:15,22898.84,23024.36,21542.35,21554.35,18180
2024.10.08,05:15,21553.36,21875.36,20748.84,21821.85,20138
2024.10.08,06:15,21821.86,21916.86,21620.36,21823.84,9581
2024.10.08,08:00,21799.35,21999.84,21219.85,21442.36,18187
2024.10.08,09:00,21441.84,21576.84,21260.35,21509.84,15128
2024.10.08,10:00,21506.86,21507.35,20883.36,20910.36,13992
2024.10.08,11:00,20910.35,20998.86,20596.35,20726.85,7823
2024.10.08,12:15,20751.36,21108.84,20751.36,20957.35,6918
2024.10.08,13:15,20957.85,21209.36,20947.36,21122.35,4227
2024.10.08,14:15,21124.84,21374.36,21117.35,21309.84,5033
2024.10.08,15:15,21309.86,21362.85,21170.85,21256.85,4771
2024.10.08,16:15,21258.35,21454.36,21097.36,21249.36,10107
2024.10.08,17:15,21249.86,21368.35,21135.84,21298.35,6271
2024.10.08,18:15,21299.34,21328.86,21143.85,21256.85,4946
2024.10.08,19:15,21257.36,21270.85,21051.85,21068.86,3761
2024.10.08,20:15,21069.35,21085.36,20926.84,20973.34,4262
2024.10.08,21:15,20972.35,20998.84,20872.36,20905.84,2873
2024.10.09,04:15,21203.38,21427.39,20673.89,20879.87,17826
2024.10.09,05:15,20880.39,21023.37,20195.88,20231.87,16933
2024.10.09,06:15,20231.88,20740.89,20210.38,20622.37,11387
2024.10.09,08:00,20687.87,21340.39,20687.87,20975.88,17635
2024.10.09,09:00,20975.38,21082.38,20516.88,20527.88,14981
2024.10.09,10:00,20528.37,20769.87,20489.38,20608.87,12150
2024.10.09,11:00,20608.38,20632.37,20527.38,20581.37,4131
2024.10.09,12:15,20650.88,20852.38,20640.87,20805.89,3699
2024.10.09,13:15,20807.89,20838.88,20708.37,20781.89,2526
2024.10.09,14:15,20776.87,20820.39,20685.38,20785.88,2503
2024.10.09,15:15,20785.87,20788.87,20635.88,20655.87,3123
2024.10.09,16:15,20656.88,21059.87,20631.88,20949.88,7479
2024.10.09,17:15,20948.89,21164.88,20818.38,21050.37,6954
2024.10.09,18:15,21051.37,21132.87,20974.87,21083.89,5233
2024.10.09,19:15,21085.89,21112.39,21020.87,21022.38,4036
2024.10.09,20:15,21021.88,21088.89,20955.88,21084.39,3529
2024.10.09,21:15,21083.87,21132.89,21012.89,21029.39,2772
2024.10.10,04:15,21136.50,21357.49,21000.99,21067.00,15066
2024.10.10,05:15,21066.00,21457.98,20987.48,21421.49,14743
2024.10.10,06:15,21417.50,21513.00,21366.50,21502.98,7787
2024.10.10,08:00,21486.50,21606.99,21319.48,21375.00,14649
2024.10.10,09:00,21374.00,21407.48,21190.48,21274.99,12401
2024.10.10,10:00,21274.49,21301.99,21140.99,21278.00,8488
2024.10.10,11:00,21278.50,21279.48,21151.99,21231.98,3708
2024.10.10,12:15,21228.48,21329.50,21220.99,21290.00,1864
2024.10.10,13:15,21289.50,21312.98,21263.50,21269.98,1369
2024.10.10,14:15,21270.00,21288.99,21200.98,21254.48,2209
2024.10.10,15:15,21254.00,21405.98,21165.98,21350.98,4569
2024.10.10,16:15,21350.99,21355.50,20955.99,21171.48,7644
2024.10.10,17:15,21170.98,21241.98,21101.48,21237.99,5246
2024.10.10,18:15,21238.50,21317.48,21192.48,21268.98,4333
2024.10.10,19:15,21268.50,21316.99,21233.98,21264.99,3239
2024.10.10,20:15,21265.50,21400.99,21265.50,21336.98,2984
2024.10.10,21:15,21337.00,21343.50,21218.98,21234.98,2154
2024.10.14,04:15,20988.57,21316.57,20709.08,20841.07,15665
2024.10.14,05:15,20840.59,21065.08,20688.08,21047.59,14195
2024.10.14,06:15,21046.08,21267.07,20991.59,21177.07,7187
2024.10.14,08:00,21161.08,21360.08,21096.07,21238.58,13269
2024.10.14,09:00,21239.08,21257.59,21094.08,21143.59,10333
2024.10.14,10:00,21143.08,21165.08,21032.08,21076.09,7469
2024.10.14,11:00,21077.08,21112.09,21048.58,21051.57,2578
2024.10.14,12:15,21057.07,21095.09,21014.07,21057.57,1174
2024.10.14,13:15,21056.57,21084.57,20899.07,20965.58,1814
2024.10.14,14:15,20966.57,21015.58,20953.57,20967.59,1277
2024.10.14,15:15,20967.09,21023.58,20961.57,21020.07,1155
2024.10.14,16:15,21019.58,21389.08,20856.07,21198.58,7639
2024.10.14,17:15,21199.09,21337.09,21148.57,21202.07,5221
2024.10.14,18:15,21202.58,21246.08,21097.09,21183.57,3588
2024.10.14,19:15,21184.08,21184.09,21048.09,21048.09,2202
2024.10.14,20:15,21047.07,21145.58,21045.58,21099.07,1945
2024.10.14,21:15,21098.57,21127.57,21047.08,21071.59,1534
2024.10.15,04:15,21031.49,21111.98,20904.98,20928.48,14391
2024.10.15,05:15,20928.97,21018.97,20754.48,20759.98,13211
2024.10.15,06:15,20759.49,20838.99,20740.97,20819.49,5463
2024.10.15,08:00,20798.99,20825.97,20529.47,20565.98,11968
2024.10.15,09:00,20563.47,20589.99,20221.98,20270.99,13650
2024.10.15,10:00,20269.49,20334.47,20152.48,20310.98,9854
2024.10.15,11:00,20310.99,20365.99,20294.97,20332.97,4027
2024.10.15,12:15,20329.99,20359.47,20262.48,20282.98,1967
2024.10.15,13:15,20283.49,20335.99,20254.99,20326.97,1737
2024.10.15,14:15,20326.47,20426.99,20274.97,20426.47,2826
2024.10.15,15:15,20425.97,20447.48,20323.98,20447.48,2945
2024.10.15,16:15,20447.98,20490.98,20361.99,20419.97,6634
2024.10.15,17:15,20420.48,20454.48,20230.97,20245.99,6664
2024.10.15,18:15,20245.98,20266.49,20135.98,20160.47,5382
2024.10.15,19:15,20160.48,20215.49,20133.97,20179.98,3014
2024.10.15,20:15,20180.48,20197.49,20088.98,20093.49,2593
2024.10.15,21:15,20093.47,20146.99,20059.97,20066.47,2178
2024.10.16,04:15,20196.41,20475.41,20122.41,20233.90,15507
2024.10.16,05:15,20233.41,20531.41,20159.89,20518.89,13692
2024.10.16,06:15,20516.41,20518.90,20361.39,20507.91,5720
2024.10.16,08:00,20502.91,20562.90,20365.89,20420.39,10740
2024.10.16,09:00,20421.90,20424.40,20247.39,20399.39,10252
2024.10.16,10:00,20399.40,20428.40,20320.40,20327.39,7152
2024.10.16,11:00,20328.41,20330.41,20216.39,20258.39,3160
2024.10.16,12:15,20262.91,20318.40,20232.89,20247.91,1840
2024.10.16,13:15,20248.89,20280.91,20231.89,20266.39,1275
2024.10.16,14:15,20265.91,20356.39,20261.40,20332.41,1704
2024.10.16,15:15,20331.91,20335.89,20266.39,20293.91,2013
2024.10.16,16:15,20292.90,20435.39,20277.90,20398.39,6120
2024.10.16,17:15,20397.39,20484.41,20359.39,20484.41,4334
2024.10.16,18:15,20484.90,20509.90,20401.41,20415.41,3534
2024.10.16,19:15,20414.41,20443.89,20394.41,20425.40,2345
2024.10.16,20:15,20424.89,20477.89,20418.41,20456.39,1591
2024.10.16,21:15,20455.90,20474.89,20426.41,20446.41,1330
2024.10.17,04:15,20410.53,20775.52,20409.02,20564.54,13609
2024.10.17,05:15,20562.04,20616.04,20354.54,20436.53,13555
2024.10.17,06:15,20437.54,20454.53,20334.52,20442.54,5148
2024.10.17,08:00,20437.54,20472.53,20310.52,20353.52,9326
2024.10.17,09:00,20352.52,20363.53,20141.03,20157.04,10026
2024.10.17,10:00,20157.53,20164.53,19972.53,20058.04,8767
2024.10.17,11:00,20057.54,20081.04,19997.03,20011.54,2847
2024.10.17,12:15,20008.54,20048.02,19929.03,20046.03,2861
2024.10.17,13:15,20045.54,20071.04,20017.04,20051.54,1647
2024.10.17,14:15,20049.03,20067.02,19995.53,20029.54,1696
2024.10.17,15:15,20030.02,20058.03,19960.52,19960.52,3034
2024.10.17,16:15,19961.04,20053.02,19835.52,19888.53,8028
2024.10.17,17:15,19888.52,20028.53,19878.52,19933.03,6377
2024.10.17,18:15,19933.52,19990.02,19904.52,19970.04,3948
2024.10.17,19:15,19972.03,19998.53,19945.54,19948.03,2035
2024.10.17,20:15,19947.53,20025.54,19927.04,19953.52,1887
2024.10.17,21:15,19954.53,19968.54,19936.04,19940.52,1675
2024.10.18,04:15,20051.17,20298.66,20026.16,20108.17,14681
2024.10.18,05:15,20109.17,20436.68,20052.66,20234.17,15543
2024.10.18,06:15,20235.18,20307.67,20194.67,20245.16,5195
2024.10.18,08:00,20248.68,20683.66,20244.67,20666.18,16089
2024.10.18,09:00,20665.66,20949.18,20596.66,20721.67,16670
2024.10.18,10:00,20724.18,20850.67,20646.66,20802.17,10448
2024.10.18,11:00,20802.66,20846.68,20757.66,20838.66,4086
2024.10.18,12:15,20833.66,20859.18,20757.66,20782.67,2501
2024.10.18,13:15,20783.16,20900.18,20756.68,20840.67,2552
2024.10.18,14:15,20845.16,20907.68,20833.16,20852.67,2368
2024.10.18,15:15,20852.66,20882.67,20836.68,20857.67,1845
2024.10.18,16:15,20857.17,20869.18,20644.17,20668.68,7220
2024.10.18,17:15,20668.18,20780.18,20652.16,20752.68,4799
2024.10.18,18:15,20752.17,20755.17,20668.66,20685.18,3185
2024.10.18,19:15,20684.68,20741.17,20683.66,20733.18,2479
2024.10.18,20:15,20732.66,20751.16,20716.68,20726.67,2020
2024.10.18,21:15,20727.16,20757.16,20723.66,20757.16,1313
2024.10.21,04:15,20802.18,20840.68,20564.18,20723.68,15840
2024.10.21,05:15,20724.16,20789.17,20627.17,20722.67,14624
2024.10.21,06:15,20723.17,20792.17,20671.66,20683.68,5953
2024.10.21,08:00,20670.17,20744.68,20442.68,20447.18,13110
2024.10.21,09:00,20446.17,20541.18,20414.16,20463.68,10244
2024.10.21,10:00,20463.17,20528.16,20439.67,20456.67,4903
2024.10.21,11:00,20456.18,20480.66,20442.66,20447.17,2039
2024.10.21,12:15,20462.16,20471.16,20380.16,20409.67,1972
2024.10.21,13:15,20410.17,20410.17,20301.18,20365.18,1800
2024.10.21,14:15,20365.67,20377.16,20342.16,20361.16,1492
2024.10.21,15:15,20361.67,20395.68,20358.17,20377.16,1409
2024.10.21,16:15,20375.68,20507.16,20375.16,20402.66,5454
2024.10.21,17:15,20402.17,20415.17,20307.16,20332.18,4689
2024.10.21,18:15,20331.17,20364.67,20257.18,20335.67,3530
2024.10.21,19:15,20336.16,20389.68,20326.18,20372.67,2062
2024.10.21,20:15,20371.66,20376.17,20305.66,20362.16,1961
2024.10.21,21:15,20361.66,20404.68,20359.18,20371.18,1227
2024.10.22,04:15,20315.85,20626.34,20315.84,20574.34,14266
2024.10.22,05:15,20573.84,20611.35,20426.84,20514.35,12111
2024.10.22,06:15,20513.84,20594.84,20461.34,20574.83,4697
2024.10.22,08:00,20574.84,20617.84,20365.34,20439.84,10108
2024.10.22,09:00,20439.33,20499.33,20410.83,20473.84,7811
2024.10.22,10:00,20473.33,20513.84,20440.34,20464.34,3750
2024.10.22,11:00,20465.85,20504.34,20456.35,20472.34,1870
2024.10.22,12:15,20448.33,20451.35,20366.83,20394.33,2255
2024.10.22,13:15,20393.35,20399.35,20366.33,20393.84,1575
2024.10.22,14:15,20393.34,20449.84,20382.33,20428.84,1644
2024.10.22,15:15,20429.35,20445.33,20419.83,20437.84,1783
2024.10.22,16:15,20437.83,20675.34,20437.83,20672.85,6193
2024.10.22,17:15,20673.83,20724.35,20631.83,20653.83,4761
2024.10.22,18:15,20654.34,20662.34,20547.35,20596.35,3534
2024.10.22,19:15,20595.83,20649.34,20593.34,20626.84,1830
2024.10.22,20:15,20627.35,20656.84,20605.84,20606.35,1796
2024.10.22,21:15,20606.34,20630.85,20593.85,20603.83,1233
2024.10.23,04:15,20540.71,20810.22,20434.22,20777.72,13899
2024.10.23,05:15,20778.70,20855.21,20684.22,20783.70,11734
2024.10.23,06:15,20783.71,20833.22,20744.70,20831.22,4547
2024.10.23,08:00,20831.72,20932.72,20783.21,20822.21,10279
2024.10.23,09:00,20822.72,20828.72,20667.20,20710.71,8691
2024.10.23,10:00,20710.72,20790.22,20704.71,20747.72,3693
2024.10.23,11:00,20747.71,20769.70,20705.71,20713.20,2118
2024.10.23,12:15,20695.70,20738.21,20680.70,20716.71,1388
2024.10.23,13:15,20716.21,20720.21,20660.71,20688.22,1261
2024.10.23,14:15,20688.20,20710.22,20627.21,20655.22,1766
2024.10.23,15:15,20655.70,20672.72,20634.72,20669.21,1693
2024.10.23,16:15,20669.72,20735.21,20629.72,20667.71,5115
2024.10.23,17:15,20668.21,20686.72,20510.72,20527.22,4946
2024.10.23,18:15,20526.71,20549.70,20505.70,20534.20,3196
2024.10.23,19:15,20534.72,20554.72,20488.20,20488.72,2361
2024.10.23,20:15,20489.20,20508.71,20457.22,20461.22,2220
2024.10.23,21:15,20460.72,20513.20,20452.70,20499.71,1869
2024.10.24,04:15,20588.91,20601.41,20443.40,20524.40,12566
2024.10.24,05:15,20524.90,20675.41,20499.40,20610.41,9709
2024.10.24,06:15,20607.91,20622.41,20514.40,20534.89,3762
2024.10.24,08:00,20532.39,20549.41,20432.39,20443.41,7720
2024.10.24,09:00,20442.90,20541.90,20436.40,20510.40,6072
2024.10.24,10:00,20510.91,20514.41,20441.89,20460.41,4364
2024.10.24,11:00,20459.41,20489.91,20450.89,20487.91,1969
2024.10.24,12:15,20479.39,20479.89,20415.41,20445.90,1407
2024.10.24,13:15,20444.91,20449.90,20412.39,20425.41,1029
2024.10.24,14:15,20426.41,20428.40,20377.40,20412.90,1412
2024.10.24,15:15,20412.39,20431.91,20385.89,20429.41,1866
2024.10.24,16:15,20428.89,20510.41,20323.90,20333.89,5249
2024.10.24,17:15,20332.40,20370.89,20267.40,20345.90,3624
2024.10.24,18:15,20345.40,20365.41,20307.41,20318.41,2535
2024.10.24,19:15,20317.89,20379.91,20309.91,20370.39,1860
2024.10.24,20:15,20370.41,20406.90,20363.39,20381.40,1830
2024.10.24,21:15,20380.91,20401.41,20370.90,20395.39,1139
2024.10.25,04:15,20465.96,20661.46,20456.46,20651.95,12342
2024.10.25,05:15,20649.94,20734.95,20604.45,20687.94,10797
2024.10.25,06:15,20687.45,20733.95,20646.46,20700.96,4577
2024.10.25,08:00,20696.94,20771.94,20590.95,20629.44,10118
2024.10.25,09:00,20627.45,20634.95,20545.44,20565.44,7444
2024.10.25,10:00,20565.95,20608.45,20555.44,20587.95,4395
2024.10.25,11:00,20588.46,20606.95,20553.96,20596.96,2064
2024.10.25,12:15,20598.44,20657.95,20598.44,20609.44,1302
2024.10.25,13:15,20610.46,20615.44,20565.45,20578.95,1066
2024.10.25,14:15,20579.45,20592.46,20532.95,20590.96,1258
2024.10.25,15:15,20590.94,20611.46,20564.94,20597.44,1490
2024.10.25,16:15,20597.96,20626.46,20490.45,20626.46,4862
2024.10.25,17:15,20628.45,20676.94,20543.96,20552.46,4067
2024.10.25,18:15,20551.95,20573.44,20493.46,20512.44,3047
2024.10.25,19:15,20511.96,20516.96,20484.44,20490.94,1909
2024.10.25,20:15,20490.45,20500.96,20456.95,20468.96,2736
2024.10.25,21:15,20468.46,20511.94,20465.95,20506.46,1650
2024.10.28,04:15,20566.85,20641.84,20403.86,20639.86,13077
2024.10.28,05:15,20639.34,20648.36,20500.86,20508.84,9950
2024.10.28,06:15,20509.36,20568.86,20503.34,20532.34,3607
2024.10.28,08:00,20536.36,20657.36,20511.34,20616.35,7278
2024.10.28,09:00,20616.86,20652.36,20575.84,20635.35,5936
2024.10.28,10:00,20635.85,20654.86,20604.34,20613.86,3501
2024.10.28,11:00,20613.36,20617.86,20567.84,20592.34,2136
2024.10.28,12:15,20583.36,20597.85,20521.85,20551.85,1725
2024.10.28,13:15,20551.84,20573.86,20531.34,20553.36,1457
2024.10.28,14:15,20552.84,20567.36,20539.84,20563.36,1246
2024.10.28,15:15,20562.85,20579.86,20545.84,20574.84,1425
2024.10.28,16:15,20574.34,20688.36,20531.84,20681.34,4913
2024.10.28,17:15,20683.35,20785.86,20658.84,20770.84,4031
2024.10.28,18:15,20772.36,20799.85,20739.34,20740.85,3183
2024.10.28,19:15,20740.36,20776.86,20706.84,20712.84,2493
2024.10.28,20:15,20713.34,20759.36,20712.84,20724.86,1682
2024.10.28,21:15,20724.85,20748.36,20719.35,20730.35,1115
2024.10.29,04:15,20686.03,20887.05,20662.05,20707.04,12983
2024.10.29,05:15,20706.53,20858.03,20692.53,20735.05,9308
2024.10.29,06:15,20734.53,20736.54,20543.04,20571.04,4961
2024.10.29,08:00,20585.03,20727.05,20551.53,20669.53,8631
2024.10.29,09:00,20670.03,20701.05,20626.54,20641.05,6596
2024.10.29,10:00,20640.55,20672.53,20625.03,20644.05,4069
2024.10.29,11:00,20644.54,20787.03,20644.53,20785.03,2784
2024.10.29,12:15,20835.03,21104.05,20835.03,21019.04,5571
2024.10.29,13:15,21018.04,21062.55,20968.03,21011.54,2738
2024.10.29,14:15,21012.04,21050.04,20974.55,20982.54,1837
2024.10.29,15:15,20983.04,20984.05,20857.53,20871.54,2410
2024.10.29,16:15,20872.05,20889.05,20681.03,20688.05,3972
2024.10.29,17:15,20688.54,20807.55,20688.03,20764.55,2539
2024.10.29,18:15,20764.03,20783.03,20700.05,20757.04,1688
2024.10.29,19:15,20756.05,20758.55,20691.03,20710.04,1231
2024.10.29,20:15,20708.55,20710.05,20669.04,20680.53,666
2024.10.29,21:15,20679.54,20749.03,20675.03,20737.03,533
2024.10.30,04:15,20738.11,20750.09,20515.61,20578.11,12818
2024.10.30,05:15,20575.61,20600.61,20496.60,20499.60,8640
2024.10.30,06:15,20500.10,20508.11,20335.11,20357.59,5496
2024.10.30,08:00,20357.11,20414.11,20294.59,20366.11,9352
2024.10.30,09:00,20365.61,20447.11,20324.09,20387.11,7746
2024.10.30,10:00,20386.10,20413.61,20363.09,20369.61,4698
2024.10.30,11:00,20370.11,20413.09,20366.61,20412.10,2315
2024.10.30,12:15,20407.09,20407.09,20339.09,20366.09,1691
2024.10.30,13:15,20366.60,20367.10,20306.61,20348.10,1832
2024.10.30,14:15,20347.60,20351.11,20297.10,20333.61,1382
2024.10.30,15:15,20334.11,20340.09,20268.09,20289.10,2633
2024.10.30,16:15,20288.61,20459.61,20262.61,20457.61,5831
2024.10.30,17:15,20458.61,20492.60,20427.09,20439.59,4815
2024.10.30,18:15,20439.11,20483.61,20435.61,20435.61,3228
2024.10.30,19:15,20435.60,20463.11,20427.59,20442.60,1994
2024.10.30,20:15,20441.59,20472.61,20427.61,20471.59,2019
2024.10.30,21:15,20472.10,20493.09,20466.59,20490.09,1602
2024.10.31,04:15,20464.27,20573.79,20414.78,20502.79,13789
2024.10.31,05:15,20501.79,20572.78,20456.29,20545.27,11957
2024.10.31,06:15,20544.79,20548.29,20466.77,20495.27,3718
2024.10.31,08:00,20493.29,20493.29,20336.77,20428.28,9552
2024.10.31,09:00,20427.78,20485.27,20391.77,20397.78,7898
2024.10.31,10:00,20398.28,20438.28,20380.77,20384.77,4062
2024.10.31,11:00,20384.79,20387.29,20307.77,20323.28,3355
2024.10.31,12:15,20315.78,20327.28,20294.27,20311.29,1548
2024.10.31,13:15,20310.79,20352.78,20308.27,20348.28,1406
2024.10.31,14:15,20347.77,20389.28,20327.78,20382.29,1328
2024.10.31,15:15,20381.78,20393.79,20361.78,20383.79,2687
2024.10.31,16:15,20382.28,20410.77,20204.77,20258.79,6040
2024.10.31,17:15,20259.77,20303.27,20206.28,20272.28,4849
2024.10.31,18:15,20271.79,20321.79,20254.27,20317.28,3694
2024.10.31,19:15,20317.79,20381.77,20304.27,20379.77,3009
2024.10.31,20:15,20379.28,20412.78,20370.27,20402.27,2518
2024.10.31,21:15,20401.77,20422.29,20378.77,20412.27,1999
2024.11.01,04:15,20438.11,20556.60,20359.59,20418.60,14211
2024.11.01,05:15,20419.09,20553.59,20405.59,20527.61,12448
2024.11.01,06:15,20526.61,20663.10,20482.60,20650.09,5135
2024.11.01,08:00,20644.61,20686.61,20455.59,20508.61,9684
2024.11.01,09:00,20509.61,20527.61,20468.61,20475.10,6894
2024.11.01,10:00,20474.10,20516.11,20471.11,20503.60,3076
2024.11.01,11:00,20503.09,20526.60,20492.11,20510.09,1951
2024.11.01,12:15,20509.60,20534.10,20460.59,20465.10,1269
2024.11.01,13:15,20467.09,20493.61,20451.11,20479.09,1459
2024.11.01,14:15,20479.61,20533.11,20475.11,20531.61,1402
2024.11.01,15:15,20532.10,20637.61,20516.11,20580.11,3523
2024.11.01,16:15,20579.10,20634.10,20542.09,20577.09,5385
2024.11.01,17:15,20576.61,20584.60,20492.09,20531.59,4147
2024.11.01,18:15,20531.11,20579.61,20500.10,20549.60,2715
2024.11.01,19:15,20549.61,20557.60,20513.09,20534.09,2372
2024.11.01,20:15,20533.60,20535.61,20442.59,20450.10,2383
2024.11.01,21:15,20450.09,20471.59,20435.60,20471.59,1570
2024.11.04,03:15,20595.14,20641.65,20435.65,20525.15,13009
2024.11.04,04:15,20524.66,20580.66,20468.15,20539.64,9098
2024.11.04,05:15,20541.14,20552.65,20508.14,20528.65,3502
2024.11.04,07:00,20522.66,20561.16,20474.14,20554.65,6474
2024.11.04,08:00,20554.16,20581.64,20520.14,20559.15,5733
2024.11.04,09:00,20559.65,20583.66,20541.64,20544.66,3294
2024.11.04,10:00,20544.65,20583.64,20540.64,20568.16,1732
2024.11.04,11:15,20562.16,20629.65,20551.66,20607.14,1571
2024.11.04,12:15,20607.64,20623.65,20601.64,20618.66,1002
2024.11.04,13:15,20618.64,20638.15,20605.64,20615.14,1199
2024.11.04,14:15,20614.64,20628.64,20592.64,20597.64,1433
2024.11.04,15:15,20598.15,20604.15,20561.64,20584.16,1797
2024.11.04,16:15,20586.16,20736.16,20585.16,20625.64,5730
2024.11.04,17:15,20626.64,20684.15,20605.66,20654.16,3466
2024.11.04,18:15,20653.65,20653.65,20523.15,20555.66,2905
2024.11.04,19:15,20555.16,20581.64,20529.14,20548.65,1980
2024.11.04,20:15,20547.64,20562.65,20532.16,20543.66,1266
2024.11.05,03:15,20482.10,20740.60,20357.58,20738.59,13690
2024.11.05,04:15,20737.60,20792.59,20603.58,20738.09,12013
2024.11.05,05:15,20737.60,20848.60,20693.10,20835.09,5396
2024.11.05,07:00,20828.58,20895.59,20817.10,20838.08,10649
2024.11.05,08:00,20837.08,20893.59,20792.58,20876.60,7875
2024.11.05,09:00,20876.10,21003.58,20872.58,20997.08,6063
2024.11.05,10:00,20996.60,21040.59,20968.59,20983.58,3186
2024.11.05,11:15,21008.09,21044.10,20972.08,20972.08,1894
2024.11.05,12:15,20972.58,20986.08,20937.08,20976.09,1413
2024.11.05,13:15,20976.59,20987.59,20937.10,20940.08,1184
2024.11.05,14:15,20940.10,20949.60,20907.08,20910.10,1640
2024.11.05,15:15,20910.59,20985.08,20902.09,20980.08,2180
2024.11.05,16:15,20979.60,21008.60,20860.58,20883.08,5349
2024.11.05,17:15,20884.09,20958.59,20854.08,20956.09,3863
2024.11.05,18:15,20956.58,20980.58,20929.08,20949.09,2468
2024.11.05,19:15,20950.08,20961.09,20927.59,20946.59,1931
2024.11.05,20:15,20947.10,20959.09,20910.08,20942.58,1416
2024.11.06,03:15,20817.79,20854.27,20699.27,20802.79,13864
2024.11.06,04:15,20803.77,20839.77,20347.28,20364.29,13571
2024.11.06,05:15,20363.28,20530.78,20356.78,20437.29,8108
2024.11.06,07:00,20414.77,20639.79,20334.27,20581.77,12564
2024.11.06,08:00,20581.79,20619.28,20421.27,20459.27,10264
2024.11.06,09:00,20458.78,20514.29,20389.27,20507.78,7007
2024.11.06,10:00,20507.27,20604.27,20495.27,20599.27,3581
2024.11.06,11:15,20596.29,20596.29,20486.77,20504.29,3052
2024.11.06,12:15,20506.29,20512.79,20436.28,20473.28,2037
2024.11.06,13:15,20472.77,20498.77,20431.78,20474.27,2856
2024.11.06,14:15,20474.77,20491.79,20420.28,20424.29,2629
2024.11.06,15:15,20425.27,20428.78,20319.77,20330.77,3580
2024.11.06,16:15,20331.29,20438.27,20203.27,20435.27,7944
2024.11.06,17:15,20433.79,20537.78,20422.28,20479.29,5842
2024.11.06,18:15,20479.77,20502.77,20414.77,20487.77,3277
2024.11.06,19:15,20487.27,20526.77,20450.78,20522.29,2214
2024.11.06,20:15,20523.29,20552.28,20490.27,20501.28,1655
2024.11.07,03:15,20398.91,20802.90,20326.42,20725.91,14671
2024.11.07,04:15,20726.41,20768.40,20602.41,20693.41,11742
2024.11.07,05:15,20692.92,20773.42,20663.40,20771.90,4454
2024.11.07,07:00,20779.91,20874.91,20701.91,20863.92,9924
2024.11.07,08:00,20864.42,20911.41,20796.40,20899.92,10499
2024.11.07,09:00,20900.42,20992.41,20877.91,20930.41,6924
2024.11.07,10:00,20930.40,21044.42,20913.41,21035.92,3446
2024.11.07,11:15,21037.40,21064.41,21017.40,21038.91,2345
2024.11.07,12:15,21038.40,21043.42,20970.42,20971.90,1711
2024.11.07,13:15,20971.92,21021.40,20961.41,21001.40,1836
2024.11.07,14:15,21004.40,21101.42,20981.41,21090.41,2148
2024.11.07,15:15,21090.92,21172.42,21088.41,21146.40,3691
2024.11.07,16:15,21145.92,21223.42,21108.91,21206.91,6343
2024.11.07,17:15,21207.90,21262.40,21163.91,21190.40,4956
2024.11.07,18:15,21189.91,21240.42,21149.42,21239.42,3268
2024.11.07,19:15,21239.91,21316.92,21236.40,21273.91,3049
2024.11.07,20:15,21273.90,21295.42,21247.42,21260.42,1941
2024.11.08,03:15,21241.41,21346.41,21058.90,21058.90,15241
2024.11.08,04:15,21057.90,21138.40,20849.40,20938.90,12941
2024.11.08,05:15,20938.40,20941.92,20687.41,20757.40,6913
2024.11.08,07:00,20748.90,20909.91,20748.90,20818.92,10668
2024.11.08,08:00,20817.90,20851.41,20754.90,20800.90,9081
2024.11.08,09:00,20802.41,20827.92,20713.40,20790.91,5283
2024.11.08,10:00,20790.41,20800.40,20363.42,20551.92,7905
2024.11.08,11:15,20639.90,20646.90,20442.90,20460.90,3601
2024.11.08,12:15,20461.40,20522.92,20382.92,20416.42,2590
2024.11.08,13:15,20414.90,20445.91,20367.90,20403.90,2094
2024.11.08,14:15,20402.92,20439.92,20358.90,20437.92,2167
2024.11.08,15:15,20438.42,20461.90,20386.92,20439.91,2201
2024.11.08,16:15,20440.42,20579.42,20372.41,20396.41,5566
2024.11.08,17:15,20395.40,20395.40,20240.91,20262.91,4797
2024.11.08,18:15,20264.92,20326.91,20154.41,20179.41,3854
2024.11.08,19:15,20180.41,20248.42,20178.92,20216.42,2772
2024.11.08,20:15,20216.40,20270.91,20163.40,20242.92,1919
2024.11.11,03:15,20272.73,20377.73,20184.22,20250.73,15113
2024.11.11,04:15,20249.74,20293.24,20133.24,20274.22,11395
2024.11.11,05:15,20274.73,20321.23,20212.73,20281.72,5041
2024.11.11,07:00,20278.22,20401.22,20273.24,20317.72,10857
2024.11.11,08:00,20316.73,20489.74,20288.23,20398.23,9749
2024.11.11,09:00,20397.24,20408.24,20328.22,20381.74,5235
2024.11.11,10:00,20381.24,20464.74,20374.23,20420.24,2623
2024.11.11,11:15,20406.24,20427.72,20362.22,20400.23,1972
2024.11.11,12:15,20399.22,20456.22,20386.73,20395.74,1491
2024.11.11,13:15,20395.73,20395.73,20333.73,20366.23,1361
2024.11.11,14:15,20367.73,20368.24,20339.72,20339.72,1271
2024.11.11,15:15,20340.22,20365.24,20319.23,20348.74,1790
2024.11.11,16:15,20348.22,20367.72,20240.73,20295.73,4940
2024.11.11,17:15,20296.24,20327.72,20252.73,20257.24,3345
2024.11.11,18:15,20255.73,20292.24,20244.22,20277.23,2568
2024.11.11,19:15,20278.72,20300.24,20244.74,20251.73,2084
2024.11.11,20:15,20251.74,20294.72,20235.74,20293.22,1245
2024.11.12,03:15,20277.30,20520.82,20265.30,20309.31,13745
2024.11.12,04:15,20307.82,20361.32,20159.30,20161.32,10961
2024.11.12,05:15,20161.81,20168.80,20038.30,20065.32,5554
2024.11.12,07:00,20066.31,20077.81,19807.81,19857.82,12571
2024.11.12,08:00,19857.31,19859.80,19749.31,19812.81,10015
2024.11.12,09:00,19812.30,19860.31,19773.80,19799.82,6458
2024.11.12,10:00,19799.81,19877.82,19784.82,19868.30,3211
2024.11.12,11:15,19855.30,19886.82,19781.30,19781.30,2524
2024.11.12,12:15,19780.81,19793.82,19711.80,19777.31,2501
2024.11.12,13:15,19777.80,19789.31,19723.30,19741.80,2203
2024.11.12,14:15,19741.30,19817.82,19705.81,19817.31,2324
2024.11.12,15:15,19817.80,19853.81,19755.30,19765.80,2229
2024.11.12,16:15,19766.81,19824.31,19667.82,19687.80,5348
2024.11.12,17:15,19687.30,19714.82,19616.32,19617.30,4820
2024.11.12,18:15,19618.30,19656.81,19559.81,19567.31,3772
2024.11.12,19:15,19566.82,19621.30,19542.81,19605.81,3026
2024.11.12,20:15,19606.31,19626.82,19595.80,19617.30,1539
2024.11.13,03:15,19596.48,19746.48,19584.47,19738.48,13991
2024.11.13,04:15,19739.46,19760.47,19602.46,19731.98,11655
2024.11.13,05:15,19732.48,19747.98,19681.46,19712.98,4674
2024.11.13,07:00,19710.46,19720.96,19623.96,19697.47,8175
2024.11.13,08:00,19696.96,19760.48,19676.47,19726.96,8497
2024.11.13,09:00,19727.48,19833.98,19706.47,19816.48,4945
2024.11.13,10:00,19815.46,19817.48,19762.96,19792.96,2451
2024.11.13,11:15,19788.96,19952.48,19780.48,19874.48,3038
2024.11.13,12:15,19873.96,19885.46,19820.96,19829.47,1663
2024.11.13,13:15,19828.47,19844.48,19799.96,19807.96,1575
2024.11.13,14:15,19808.46,19822.48,19746.96,19750.46,2121
2024.11.13,15:15,19749.97,19836.96,19731.96,19770.96,3448
2024.11.13,16:15,19770.97,19772.48,19570.98,19619.97,5645
2024.11.13,17:15,19620.98,19655.47,19608.48,19638.96,4837
2024.11.13,18:15,19637.47,19639.98,19593.47,19628.46,2686
2024.11.13,19:15,19627.98,19631.98,19580.98,19600.47,1759
2024.11.13,20:15,19602.46,19602.48,19563.98,19582.48,1291
2024.11.14,03:15,19603.06,19834.57,19562.06,19670.57,13113
2024.11.14,04:15,19671.56,19725.58,19586.56,19716.56,9509
2024.11.14,05:15,19715.58,19722.08,19601.57,19631.57,3920
2024.11.14,07:00,19626.58,19651.56,19490.06,19516.58,7900
2024.11.14,08:00,19516.56,19518.07,19366.58,19406.56,8213
2024.11.14,09:00,19406.08,19438.56,19369.08,19397.06,6002
2024.11.14,10:00,19396.57,19426.58,19378.06,19422.56,2962
2024.11.14,11:15,19419.58,19460.57,19405.08,19429.58,2480
2024.11.14,12:15,19432.57,19447.56,19387.06,19403.07,1511
2024.11.14,13:15,19402.08,19439.58,19401.07,19428.58,1438
2024.11.14,14:15,19429.06,19496.08,19425.58,19492.08,2034
2024.11.14,15:15,19491.56,19511.06,19439.06,19504.56,3295
2024.11.14,16:15,19505.08,19532.07,19336.57,19394.58,6949
2024.11.14,17:15,19393.57,19491.06,19390.57,19448.57,4410
2024.11.14,18:15,19449.06,19486.08,19424.56,19431.57,3368
2024.11.14,19:15,19431.07,19461.57,19405.08,19454.08,2352
2024.11.14,20:15,19455.07,19463.06,19436.56,19444.07,1417
2024.11.15,03:15,19493.98,19579.48,19316.97,19576.98,13116
2024.11.15,04:15,19577.48,19603.46,19443.48,19558.98,11023
2024.11.15,05:15,19557.96,19572.48,19478.97,19496.98,4004
2024.11.15,07:00,19490.97,19590.98,19459.47,19530.97,7439
2024.11.15,08:00,19530.48,19558.48,19422.47,19447.96,7489
2024.11.15,09:00,19448.46,19479.98,19419.48,19428.98,4775
2024.11.15,10:00,19431.46,19434.48,19381.96,19400.96,2631
2024.11.15,11:15,19400.98,19474.98,19400.98,19455.46,1623
2024.11.15,12:15,19455.98,19495.98,19435.46,19487.48,1317
2024.11.15,13:15,19487.98,19601.46,19453.97,19541.47,2510
2024.11.15,14:15,19541.98,19566.47,19512.97,19513.48,1623
2024.11.15,15:15,19514.46,19530.48,19461.97,19470.97,2805
2024.11.15,16:15,19470.96,19499.48,19403.46,19451.98,5934
2024.11.15,17:15,19451.47,19463.46,19381.98,19447.98,3843
2024.11.15,18:15,19446.96,19470.97,19414.96,19437.46,2942
2024.11.15,19:15,19436.46,19450.48,19409.46,19445.98,2074
2024.11.15,20:15,19445.47,19460.98,19419.98,19435.96,1960
2024.11.18,03:15,19599.16,19713.14,19463.65,19704.14,13379
2024.11.18,04:15,19706.14,19775.66,19649.66,19699.64,11150
2024.11.18,05:15,19701.15,19732.15,19628.66,19655.65,3939
2024.11.18,07:00,19660.66,19674.16,19556.66,19562.14,8994
2024.11.18,08:00,19561.64,19568.66,19495.66,19563.15,8902
2024.11.18,09:00,19565.64,19589.16,19538.15,19566.16,3925
2024.11.18,10:00,19566.66,19597.15,19517.64,19587.64,2238
2024.11.18,11:15,19585.64,19639.64,19566.66,19626.14,2099
2024.11.18,12:15,19625.65,19635.66,19597.64,19598.65,1002
2024.11.18,13:15,19598.14,19604.14,19568.14,19593.15,1332
2024.11.18,14:15,19593.64,19617.65,19585.64,19598.65,1150
2024.11.18,15:15,19599.16,19650.16,19590.64,19647.66,1746
2024.11.18,16:15,19647.16,19714.65,19620.65,19636.14,4639
2024.11.18,17:15,19635.64,19692.66,19605.64,19687.65,3047
2024.11.18,18:15,19687.14,19719.65,19661.14,19718.64,2155
2024.11.18,19:15,19718.14,19744.16,19706.64,19741.14,1511
2024.11.18,20:15,19742.15,19756.64,19722.14,19743.64,1424
2024.11.19,03:15,19728.46,19767.46,19624.97,19656.45,11840
2024.11.19,04:15,19656.95,19666.95,19555.46,19608.47,8147
2024.11.19,05:15,19607.46,19650.97,19598.46,19644.96,2850
2024.11.19,07:00,19636.45,19636.45,19509.97,19609.95,7437
2024.11.19,08:00,19608.96,19703.45,19588.46,19645.96,8867
2024.11.19,09:00,19644.97,19657.97,19608.95,19645.96,3437
2024.11.19,10:00,19645.47,19672.97,19631.97,19668.47,2108
2024.11.19,11:15,19642.97,19645.47,19394.97,19481.95,4416
2024.11.19,12:15,19482.46,19531.96,19476.96,19519.47,1937
2024.11.19,13:15,19519.45,19545.95,19486.95,19540.96,1407
2024.11.19,14:15,19541.47,19562.97,19516.95,19549.47,1413
2024.11.19,15:15,19548.96,19569.97,19502.96,19537.96,2930
2024.11.19,16:15,19537.45,19565.97,19519.95,19538.47,4764
2024.11.19,17:15,19539.97,19596.97,19520.95,19572.45,3780
2024.11.19,18:15,19572.96,19592.46,19555.47,19571.96,2612
2024.11.19,19:15,19573.95,19578.97,19539.45,19549.46,2113
2024.11.19,20:15,19548.97,19597.45,19543.97,19597.45,1235
2024.11.20,03:15,19585.20,19735.71,19566.70,19660.19,9584
2024.11.20,04:15,19659.71,19680.19,19586.69,19633.21,7520
2024.11.20,05:15,19633.69,19691.19,19626.20,19650.71,3076
2024.11.20,07:00,19645.70,19759.71,19602.70,19634.69,7286
2024.11.20,08:00,19634.71,19718.70,19606.70,19689.71,5155
2024.11.20,09:00,19689.21,19718.20,19684.19,19695.21,2939
2024.11.20,10:00,19694.20,19702.70,19670.21,19700.21,1573
2024.11.20,11:15,19697.19,19697.19,19635.69,19654.70,1790
2024.11.20,12:15,19653.21,19660.19,19620.69,19626.20,1419
2024.11.20,13:15,19625.70,19635.71,19611.69,19624.69,1592
2024.11.20,14:15,19623.70,19665.69,19623.70,19664.19,1233
2024.11.20,15:15,19663.20,19675.69,19638.70,19640.20,1306
2024.11.20,16:15,19640.70,19659.70,19583.70,19592.20,4379
2024.11.20,17:15,19591.70,19646.71,19588.71,19600.19,3636
2024.11.20,18:15,19600.20,19606.21,19567.20,19600.20,2587
2024.11.20,19:15,19600.70,19632.70,19599.19,19623.21,2165
2024.11.20,20:15,19622.71,19626.21,19588.69,19599.21,1288
2024.11.21,03:15,19588.91,19729.42,19585.41,19648.42,9699
2024.11.21,04:15,19647.41,19769.40,19631.40,19668.40,7565
2024.11.21,05:15,19667.90,19692.41,19653.40,19681.92,1868
2024.11.21,07:00,19672.40,19685.41,19620.91,19621.91,5399
2024.11.21,08:00,19620.92,19655.41,19598.40,19644.42,4819
2024.11.21,09:00,19643.90,19663.41,19536.40,19608.90,3839
2024.11.21,10:00,19608.91,19611.92,19559.92,19575.40,2560
2024.11.21,11:15,19556.41,19565.42,19477.90,19519.40,2618
2024.11.21,12:15,19518.91,19555.92,19498.40,19552.42,1418
2024.11.21,13:15,19550.92,19586.40,19512.41,19543.41,2131
2024.11.21,14:15,19543.90,19562.42,19532.91,19541.92,1610
2024.11.21,15:15,19542.42,19609.42,19535.91,19606.42,2416
2024.11.21,16:15,19606.40,19616.42,19532.90,19601.90,5402
2024.11.21,17:15,19602.41,19613.91,19549.40,19554.41,4314
2024.11.21,18:15,19553.41,19576.42,19531.90,19553.90,3208
2024.11.21,19:15,19552.91,19618.41,19545.90,19614.91,2016
2024.11.21,20:15,19615.42,19628.91,19575.90,19586.41,1233
2024.11.22,03:15,19630.83,19708.33,19534.83,19556.33,9359
2024.11.22,04:15,19554.81,19607.83,19508.31,19588.31,8226
2024.11.22,05:15,19588.81,19589.33,19297.33,19338.32,5514
2024.11.22,07:00,19348.32,19374.82,19246.33,19260.83,8777
2024.11.22,08:00,19260.32,19285.83,19170.82,19184.32,7252
2024.11.22,09:00,19182.81,19242.33,19119.81,19210.81,4805
2024.11.22,10:00,19211.32,19236.31,19187.31,19202.31,2554
2024.11.22,11:15,19167.83,19167.83,19026.32,19073.31,4334
2024.11.22,12:15,19073.81,19159.83,19069.32,19130.83,2596
2024.11.22,13:15,19131.33,19147.31,19108.83,19124.83,2192
2024.11.22,14:15,19123.83,19191.83,19121.31,19183.31,1975
2024.11.22,15:15,19184.32,19198.33,19164.31,19190.83,2017
2024.11.22,16:15,19191.33,19202.82,19127.81,19154.32,5512
2024.11.22,17:15,19155.32,19182.83,19130.32,19152.32,4102
2024.11.22,18:15,19152.33,19184.83,19130.81,19182.31,2715
2024.11.22,19:15,19182.33,19201.81,19157.81,19188.81,2189
2024.11.22,20:15,19188.82,19200.31,19174.33,19189.32,1431
2024.11.25,03:15,19334.01,19372.51,19227.52,19325.52,11078
2024.11.25,04:15,19324.52,19336.51,19177.01,19209.02,8737
2024.11.25,05:15,19208.53,19243.53,19118.51,19157.03,3935
2024.11.25,07:00,19151.53,19208.53,19113.53,19159.02,7239
2024.11.25,08:00,19159.51,19221.02,19138.02,19203.53,7163
2024.11.25,09:00,19204.03,19220.52,19150.51,19163.53,3859
2024.11.25,10:00,19164.52,19169.53,19101.02,19124.53,2666
2024.11.25,11:15,19124.53,19169.52,19118.02,19136.03,1763
2024.11.25,12:15,19136.52,19161.01,19113.01,19113.03,1150
2024.11.25,13:15,19112.51,19148.51,19108.53,19127.52,1303
2024.11.25,14:15,19128.01,19151.53,19107.53,19137.51,1425
2024.11.25,15:15,19136.02,19175.53,19132.52,19173.52,2275
2024.11.25,16:15,19173.51,19225.53,19125.01,19150.01,5037
2024.11.25,17:15,19149.52,19206.01,19146.51,19163.03,3692
2024.11.25,18:15,19162.53,19182.02,19131.53,19160.52,2492
2024.11.25,19:15,19161.51,19193.03,19148.02,19182.01,1750
2024.11.25,20:15,19181.53,19245.51,19172.02,19242.51,1235
2024.11.26,03:15,18996.37,19304.38,18956.36,19251.37,13031
2024.11.26,04:15,19251.36,19293.88,19194.86,19243.37,8113
2024.11.26,05:15,19242.88,19300.38,19232.88,19262.37,3092
2024.11.26,07:00,19258.86,19265.38,19141.86,19160.38,6456
2024.11.26,08:00,19159.88,19201.38,19142.38,19169.86,5351
2024.11.26,09:00,19169.38,19181.86,19129.86,19153.38,3657
2024.11.26,10:00,19152.86,19172.88,19134.38,19160.38,2194
2024.11.26,11:15,19159.86,19252.37,19159.86,19242.36,1902
2024.11.26,12:15,19242.87,19274.88,19232.86,19255.86,1312
2024.11.26,13:15,19255.88,19260.88,19229.36,19258.88,1241
2024.11.26,14:15,19257.86,19298.86,19256.37,19277.87,1629
2024.11.26,15:15,19278.36,19281.88,19231.37,19232.88,1415
2024.11.26,16:15,19233.36,19262.88,19111.38,19116.36,3720
2024.11.26,17:15,19116.87,19139.88,19068.86,19097.88,2926
2024.11.26,18:15,19098.38,19153.86,19094.38,19128.38,1858
2024.11.26,19:15,19128.37,19180.38,19119.37,19146.86,1288
2024.11.26,20:15,19145.88,19166.88,19140.36,19164.38,789
2024.11.27,03:15,19176.40,19244.41,19074.42,19159.91,9502
2024.11.27,04:15,19160.40,19298.92,19147.40,19241.42,8990
2024.11.27,05:15,19241.41,19280.91,19215.42,19267.42,3028
2024.11.27,07:00,19258.92,19300.41,19229.90,19273.90,6020
2024.11.27,08:00,19274.41,19507.42,19272.42,19504.92,7279
2024.11.27,09:00,19505.40,19686.42,19504.42,19634.92,8080
2024.11.27,10:00,19626.40,19630.42,19583.40,19592.92,2990
2024.11.27,11:15,19585.90,19595.92,19522.92,19559.92,2069
2024.11.27,12:15,19559.40,19574.90,19539.92,19545.92,989
2024.11.27,13:15,19546.41,19561.92,19524.41,19553.41,1082
2024.11.27,14:15,19553.92,19590.42,19536.41,19551.92,1355
2024.11.27,15:15,19552.42,19622.42,19550.42,19613.91,2020
2024.11.27,16:15,19614.42,19643.42,19573.90,19590.92,3432
2024.11.27,17:15,19591.92,19618.41,19541.90,19543.41,3096
2024.11.27,18:15,19543.90,19592.40,19534.41,19558.42,1766
2024.11.27,19:15,19557.91,19610.92,19552.40,19607.40,463
2024.11.27,20:15,19607.42,19638.40,19602.41,19616.92,363
2024.11.28,03:15,19586.33,19596.33,19360.84,19394.83,10548
2024.11.28,04:15,19393.35,19433.85,19325.33,19346.33,7968
2024.11.28,05:15,19347.83,19354.83,19299.85,19323.84,3730
2024.11.28,07:00,19318.33,19400.34,19307.83,19369.34,6463
2024.11.28,08:00,19368.83,19384.84,19322.83,19337.84,5539
2024.11.28,09:00,19335.34,19375.34,19331.33,19364.33,3067
2024.11.28,10:00,19363.85,19372.35,19323.33,19341.85,1919
2024.11.28,11:15,19333.85,19381.35,19333.85,19367.85,1412
2024.11.28,12:15,19366.33,19373.34,19339.85,19367.34,942
2024.11.28,13:15,19367.85,19367.85,19342.33,19347.34,764
2024.11.28,14:15,19346.33,19365.84,19343.83,19364.35,760
2024.11.28,15:15,19364.85,19378.35,19357.35,19377.33,1235
2024.11.28,16:15,19377.84,19413.35,19373.84,19398.33,1654
2024.11.28,17:15,19398.84,19404.34,19374.83,19390.83,1288
2024.11.28,18:15,19390.33,19407.85,19381.85,19402.84,601
2024.11.28,19:15,19402.33,19407.35,19388.84,19389.35,354
2024.11.28,20:15,19389.85,19395.35,19377.83,19395.35,384
2024.11.29,03:15,19333.48,19476.96,19333.48,19387.96,9554
2024.11.29,04:15,19387.47,19466.98,19303.46,19408.98,8125
2024.11.29,05:15,19408.48,19642.47,19403.46,19630.96,6421
2024.11.29,07:00,19619.46,19659.97,19413.47,19442.47,9227
2024.11.29,08:00,19442.96,19446.98,19314.48,19369.98,8371
2024.11.29,09:00,19369.47,19427.98,19362.47,19404.96,3648
2024.11.29,10:00,19405.96,19465.96,19400.98,19450.96,1904
2024.11.29,11:15,19489.46,19516.48,19429.96,19439.98,1618
2024.11.29,12:15,19438.98,19458.97,19421.96,19438.97,1222
2024.11.29,13:15,19438.47,19503.48,19436.46,19475.46,1182
2024.11.29,14:15,19476.46,19496.96,19463.96,19481.46,1448
2024.11.29,15:15,19480.97,19489.47,19457.96,19457.98,1370
2024.11.29,16:15,19455.47,19495.46,19390.48,19488.46,4673
2024.11.29,17:15,19488.98,19579.47,19439.46,19566.97,3447
2024.11.29,18:15,19567.47,19597.47,19536.98,19580.47,2634
2024.11.29,19:15,19578.97,19608.48,19574.48,19600.47,2319
2024.11.29,20:15,19599.97,19600.48,19581.96,19584.48,594
2024.12.02,03:15,19529.32,19695.34,19391.32,19580.33,12343
2024.12.02,04:15,19579.33,19597.82,19429.34,19481.83,9586
2024.12.02,05:15,19481.34,19487.82,19443.82,19474.33,3541
2024.12.02,07:00,19471.83,19547.32,19398.34,19491.83,7545
2024.12.02,08:00,19492.34,19522.34,19437.83,19519.34,5970
2024.12.02,09:00,19519.84,19611.34,19511.33,19528.34,5484
2024.12.02,10:00,19530.32,19575.34,19524.34,19567.32,1926
2024.12.02,11:15,19585.83,19597.84,19560.34,19589.82,1684
2024.12.02,12:15,19589.34,19620.34,19575.33,19592.34,1543
2024.12.02,13:15,19591.34,19649.84,19586.34,19643.82,1519
2024.12.02,14:15,19643.33,19651.33,19583.34,19596.83,1865
2024.12.02,15:15,19597.33,19603.33,19580.83,19588.34,1827
2024.12.02,16:15,19588.33,19601.82,19480.33,19500.83,4090
2024.12.02,17:15,19501.32,19526.82,19450.82,19511.84,3222
2024.12.02,18:15,19512.84,19552.83,19511.83,19541.32,2165
2024.12.02,19:15,19543.33,19560.83,19533.84,19552.82,1466
2024.12.02,20:15,19554.83,19573.83,19531.32,19573.83,1171
2024.12.03,03:15,19560.03,19604.53,19420.01,19429.02,10641
2024.12.03,04:15,19428.03,19509.03,19372.01,19498.02,8126
2024.12.03,05:15,19497.02,19647.53,19497.02,19628.52,4396
2024.12.03,07:00,19630.02,19636.02,19501.02,19608.51,6717
2024.12.03,08:00,19609.01,19774.53,19609.01,19653.03,9065
2024.12.03,09:00,19652.53,19737.03,19613.03,19685.01,4070
2024.12.03,10:00,19687.53,19763.01,19681.51,19759.52,2068
2024.12.03,11:15,19751.02,19762.02,19718.51,19727.02,1787
2024.12.03,12:15,19726.51,19742.02,19710.51,19722.01,1277
2024.12.03,13:15,19721.53,19751.01,19719.52,19744.01,872
2024.12.03,14:15,19743.53,19779.53,19718.01,19766.51,1273
2024.12.03,15:15,19766.03,19778.53,19675.03,19707.03,2248
2024.12.03,16:15,19706.51,19731.53,19641.03,19652.53,4882
2024.12.03,17:15,19651.52,19707.51,19625.01,19698.01,3844
2024.12.03,18:15,19697.51,19759.03,19694.53,19731.02,3078
2024.12.03,19:15,19731.51,19756.03,19725.03,19740.02,1786
2024.12.03,20:15,19740.51,19749.51,19722.01,19724.52,917
2024.12.04,03:15,19709.77,19731.28,19604.28,19698.78,9731
2024.12.04,04:15,19699.76,19821.78,19636.28,19797.76,8853
2024.12.04,05:15,19798.26,19831.27,19748.28,19778.28,3289
2024.12.04,07:00,19789.78,19829.28,19754.77,19809.27,6930
2024.12.04,08:00,19810.27,19815.77,19701.26,19770.28,7400
2024.12.04,09:00,19770.76,19789.28,19731.76,19751.77,4798
2024.12.04,10:00,19751.26,19762.28,19701.76,19736.26,1671
2024.12.04,11:15,19738.28,19740.27,19680.76,19720.76,1466
2024.12.04,12:15,19721.78,19742.78,19700.26,19721.26,1291
2024.12.04,13:15,19721.77,19742.26,19708.26,19728.28,1077
2024.12.04,14:15,19729.77,19737.26,19689.28,19698.28,1106
2024.12.04,15:15,19697.78,19722.27,19687.26,19691.77,1894
2024.12.04,16:15,19691.26,19713.26,19588.76,19597.28,4123
2024.12.04,17:15,19597.77,19614.78,19530.26,19560.78,4494
2024.12.04,18:15,19559.78,19591.76,19548.77,19586.28,2054
2024.12.04,19:15,19586.76,19619.28,19577.26,19593.26,1565
2024.12.04,20:15,19592.78,19593.78,19560.78,19569.26,1054
2024.12.05,03:15,19579.59,19631.60,19444.59,19509.10,9119
2024.12.05,04:15,19508.59,19583.10,19478.60,19516.61,6769
2024.12.05,05:15,19517.11,19564.11,19494.10,19544.09,2563
2024.12.05,07:00,19536.09,19562.09,19498.10,19532.11,5508
2024.12.05,08:00,19531.11,19537.11,19490.09,19529.11,4984
2024.12.05,09:00,19529.10,19565.11,19515.09,19534.11,2814
2024.12.05,10:00,19533.60,19612.61,19522.10,19609.60,2234
2024.12.05,11:15,19593.10,19623.10,19567.09,19589.61,1446
2024.12.05,12:15,19589.09,19599.11,19565.59,19575.10,1027
2024.12.05,13:15,19574.60,19583.11,19565.11,19570.60,935
2024.12.05,14:15,19570.11,19583.09,19544.60,19577.11,1225
2024.12.05,15:15,19577.60,19604.11,19567.59,19601.10,1504
2024.12.05,16:15,19601.11,19657.61,19575.09,19628.11,3347
2024.12.05,17:15,19629.10,19656.60,19615.11,19633.11,2728
2024.12.05,18:15,19632.61,19638.11,19620.60,19625.61,1569
2024.12.05,19:15,19626.10,19626.11,19595.59,19602.11,1212
2024.12.05,20:15,19601.61,19606.09,19570.09,19597.59,1229
2024.12.06,03:15,19625.23,19699.75,19568.23,19605.24,9128
2024.12.06,04:15,19604.25,19858.74,19568.24,19837.24,10732
2024.12.06,05:15,19836.74,19937.74,19816.24,19864.23,5319
2024.12.06,07:00,19862.73,19897.73,19782.25,19895.75,7164
2024.12.06,08:00,19895.73,19953.73,19879.23,19898.74,5649
2024.12.06,09:00,19898.24,19902.73,19828.25,19890.24,3422
2024.12.06,10:00,19889.75,19906.25,19867.74,19886.23,2430
2024.12.06,11:15,19882.74,19919.24,19872.74,19875.75,1339
2024.12.06,12:15,19875.25,19910.25,19874.23,19878.25,1237
2024.12.06,13:15,19878.74,19909.24,19867.23,19893.24,1132
2024.12.06,14:15,19893.75,19941.74,19878.73,19883.73,1336
2024.12.06,15:15,19884.23,19958.25,19861.24,19862.73,2849
2024.12.06,16:15,19863.24,19877.25,19781.75,19787.74,4527
2024.12.06,17:15,19786.73,19844.25,19767.75,19793.73,3083
2024.12.06,18:15,19793.25,19818.75,19780.23,19786.23,1656
2024.12.06,19:15,19785.23,19788.73,19769.73,19786.24,1065
2024.12.06,20:15,19786.75,19788.75,19758.25,19774.73,863
2024.12.09,03:15,19738.68,19869.20,19687.68,19868.18,9940
2024.12.09,04:15,19868.69,19946.20,19793.19,19801.70,7841
2024.12.09,05:15,19800.18,19814.69,19701.20,19759.19,3903
2024.12.09,07:00,19755.18,19792.20,19693.18,19734.20,6803
2024.12.09,08:00,19733.20,19817.19,19723.18,19803.70,5502
2024.12.09,09:00,19804.18,20455.19,19778.18,20447.20,12372
2024.12.09,10:00,20447.68,20641.69,20423.69,20609.69,6425
2024.12.09,11:15,20679.20,20838.68,20626.18,20807.19,5034
2024.12.09,12:15,20806.19,20847.18,20753.70,20794.68,2257
2024.12.09,13:15,20792.69,20828.69,20767.70,20797.70,1656
2024.12.09,14:15,20797.19,20841.20,20783.68,20833.69,1578
2024.12.09,15:15,20834.18,21044.69,20821.18,20944.69,3757
2024.12.09,16:15,20944.19,21235.70,20909.69,21150.18,7763
2024.12.09,17:15,21150.69,21305.18,21066.18,21214.70,5949
2024.12.09,18:15,21214.18,21339.68,21186.20,21315.18,3966
2024.12.09,19:15,21314.70,21340.68,21249.68,21261.68,2740
2024.12.09,20:15,21262.20,21326.20,21238.70,21322.19,1728
2024.12.10,03:15,21126.15,21192.15,20608.66,20751.15,17716
2024.12.10,04:15,20752.16,20824.17,20550.67,20652.66,12770
2024.12.10,05:15,20653.15,20691.66,20609.66,20662.17,5428
2024.12.10,07:00,20671.15,20714.66,20532.66,20568.16,9145
2024.12.10,08:00,20568.65,20572.15,20420.15,20458.67,8975
2024.12.10,09:00,20459.15,20478.66,20335.65,20366.17,6220
2024.12.10,10:00,20367.17,20421.66,20325.65,20398.67,2898
2024.12.10,11:15,20388.67,20410.16,20210.16,20273.16,3152
2024.12.10,12:15,20272.15,20318.65,20268.66,20318.65,1299
2024.12.10,13:15,20319.65,20434.16,20318.66,20407.15,1959
2024.12.10,14:15,20406.65,20449.66,20378.15,20432.15,1736
2024.12.10,15:15,20431.65,20435.65,20388.65,20419.66,2008
2024.12.10,16:15,20419.17,20473.16,20330.67,20379.67,6100
2024.12.10,17:15,20379.15,20422.66,20325.65,20355.67,4170
2024.12.10,18:15,20355.16,20402.67,20341.67,20368.67,2679
2024.12.10,19:15,20368.16,20381.66,20360.65,20376.66,1723
2024.12.10,20:15,20377.16,20426.67,20375.65,20392.65,1419
2024.12.11,03:15,20417.37,20522.89,20410.87,20509.39,11731
2024.12.11,04:15,20510.87,20512.87,20265.37,20350.88,8887
2024.12.11,05:15,20351.39,20393.87,20289.88,20341.87,4013
2024.12.11,07:00,20337.88,20337.88,20207.37,20241.87,7073
2024.12.11,08:00,20242.39,20243.37,20167.87,20222.87,6314
2024.12.11,09:00,20223.38,20236.39,20113.89,20203.88,6402
2024.12.11,10:00,20203.38,20206.37,20158.38,20165.88,2689
2024.12.11,11:15,20164.37,20167.37,20086.87,20144.87,2631
2024.12.11,12:15,20142.38,20211.37,20137.89,20205.38,1932
2024.12.11,13:15,20205.87,20239.89,20197.37,20227.87,1328
2024.12.11,14:15,20227.89,20266.39,20220.39,20232.88,1737
2024.12.11,15:15,20231.89,20278.89,20194.38,20208.39,3059
2024.12.11,16:15,20208.87,20210.38,20093.66,20142.17,5447
2024.12.11,17:15,20141.66,20159.17,20102.67,20152.67,3777
2024.12.11,18:15,20152.17,20200.18,20142.18,20163.16,2506
2024.12.11,19:15,20163.66,20185.68,20146.66,20184.66,1775
2024.12.11,20:15,20184.16,20184.68,20157.66,20160.18,1138
2024.12.12,03:15,20199.69,20262.18,20127.69,20231.67,10784
2024.12.12,04:15,20232.18,20380.17,20173.68,20366.19,8815
2024.12.12,05:15,20366.18,20527.19,20366.18,20521.19,8044
2024.12.12,07:00,20518.68,20555.19,20399.17,20458.18,9644
2024.12.12,08:00,20459.19,20564.17,20459.19,20525.69,7167
2024.12.12,09:00,20526.17,20526.17,20371.67,20395.67,4714
2024.12.12,10:00,20395.19,20436.17,20380.68,20435.68,2175
2024.12.12,11:15,20432.18,20499.69,20423.19,20487.67,1978
2024.12.12,12:15,20488.17,20514.68,20195.18,20205.17,3180
2024.12.12,13:15,20205.18,20325.67,20195.67,20208.18,3793
2024.12.12,14:15,20207.68,20222.18,20039.19,20142.19,3075
2024.12.12,15:15,20142.67,20205.19,20136.67,20166.18,2256
2024.12.12,16:15,20164.17,20296.18,20093.17,20212.19,5028
2024.12.12,17:15,20213.19,20213.68,20112.67,20175.17,3034
2024.12.12,18:15,20176.18,20217.69,20169.69,20196.18,1857
2024.12.12,19:15,20195.18,20211.19,20162.17,20172.68,1526
2024.12.12,20:15,20172.69,20195.18,20162.69,20177.18,996
2024.12.13,03:15,20202.52,20240.02,20003.51,20031.03,11994
2024.12.13,04:15,20029.02,20129.02,20009.02,20078.01,9489
2024.12.13,05:15,20077.01,20106.03,20057.51,20065.01,3579
2024.12.13,07:00,20061.02,20118.52,19991.02,20086.53,7759
2024.12.13,08:00,20085.02,20121.03,20005.01,20032.01,6756
2024.12.13,09:00,20031.53,20033.02,19918.53,19955.03,5116
2024.12.13,10:00,19954.52,19987.52,19904.02,19986.02,2932
2024.12.13,11:15,19977.01,20032.53,19964.52,20021.01,1512
2024.12.13,12:15,20022.03,20047.52,19977.03,20014.52,1738
2024.12.13,13:15,20014.02,20024.53,19996.52,20017.53,1276
2024.12.13,14:15,20016.02,20035.03,19985.02,20019.53,1630
2024.12.13,15:15,20020.51,20033.03,19990.51,19991.03,1494
2024.12.13,16:15,19991.52,20002.02,19846.01,19874.53,4757
2024.12.13,17:15,19874.03,19903.53,19854.02,19884.03,3819
2024.12.13,18:15,19884.51,19911.01,19864.03,19896.01,2670
2024.12.13,19:15,19897.03,19924.03,19884.01,19908.03,2248
2024.12.13,20:15,19907.52,19943.02,19906.53,19927.53,1520
2024.12.16,03:15,19958.17,20061.67,19918.68,19956.18,10062
2024.12.16,04:15,19955.69,19984.67,19793.67,19831.18,8253
2024.12.16,05:15,19831.69,19899.67,19827.67,19858.18,3145
2024.12.16,07:00,19859.19,19881.67,19799.68,19823.67,6109
2024.12.16,08:00,19823.68,19826.69,19726.17,19769.69,6061
2024.12.16,09:00,19770.18,19811.68,19753.68,19785.17,3833
2024.12.16,10:00,19785.69,19809.69,19776.17,19794.69,2018
2024.12.16,11:15,19780.18,19793.68,19731.67,19737.17,1685
2024.12.16,12:15,19736.18,19759.19,19706.67,19706.67,1299
2024.12.16,13:15,19707.69,19747.18,19707.69,19726.18,1117
2024.12.16,14:15,19726.68,19743.67,19702.19,19720.18,1581
2024.12.16,15:15,19719.69,19728.68,19684.67,19692.18,1674
2024.12.16,16:15,19692.69,19790.18,19672.17,19747.68,4846
2024.12.16,17:15,19748.19,19749.69,19695.19,19700.19,3630
2024.12.16,18:15,19699.69,19737.69,19673.18,19730.68,2822
2024.12.16,19:15,19731.17,19737.68,19700.67,19703.18,1935
2024.12.16,20:15,19702.67,19728.67,19681.18,19728.67,1188
2024.12.17,03:15,19686.74,19796.74,19610.72,19762.74,11071
2024.12.17,04:15,19763.22,19791.23,19633.22,19652.22,8480
2024.12.17,05:15,19652.72,19739.74,19652.72,19723.22,2808
2024.12.17,07:00,19731.22,19944.74,19667.73,19763.23,9385
2024.12.17,08:00,19762.74,19777.24,19687.72,19736.23,6304
2024.12.17,09:00,19736.72,19796.74,19734.22,19758.73,3784
2024.12.17,10:00,19759.24,19759.24,19698.22,19717.72,2252
2024.12.17,11:15,19701.73,19732.23,19685.72,19717.74,1247
2024.12.17,12:15,19716.74,19727.24,19710.22,19723.24,907
2024.12.17,13:15,19722.72,19767.74,19719.73,19758.23,1241
2024.12.17,14:15,19759.24,19760.22,19707.24,19719.72,1082
2024.12.17,15:15,19718.24,19749.74,19693.22,19729.24,1269
2024.12.17,16:15,19731.24,19780.74,19691.72,19776.72,3384
2024.12.17,17:15,19775.74,19904.73,19768.72,19869.23,3808
2024.12.17,18:15,19868.72,19893.74,19855.22,19871.73,2282
2024.12.17,19:15,19870.74,19917.72,19863.23,19891.23,1472
2024.12.17,20:15,19892.22,19902.74,19837.72,19846.24,1448
2024.12.18,03:15,19912.04,19938.54,19830.03,19871.03,9537
2024.12.18,04:15,19870.53,19904.55,19809.53,19833.05,7063
2024.12.18,05:15,19832.53,19854.05,19802.03,19828.05,2611
2024.12.18,07:00,19822.53,19970.03,19808.04,19862.55,6872
2024.12.18,08:00,19861.03,19916.05,19844.55,19892.53,5200
2024.12.18,09:00,19893.55,19928.54,19854.03,19866.04,3319
2024.12.18,10:00,19865.55,19875.53,19836.03,19854.53,1842
2024.12.18,11:15,19837.55,19870.53,19753.05,19815.05,2097
2024.12.18,12:15,19816.55,19844.53,19813.54,19842.53,879
2024.12.18,13:15,19843.04,19848.53,19810.55,19821.04,983
2024.12.18,14:15,19821.05,19838.03,19805.05,19817.05,648
2024.12.18,15:15,19821.53,19823.04,19796.03,19810.55,893
2024.12.18,16:15,19811.03,19876.55,19779.53,19814.04,3571
2024.12.18,17:15,19814.54,19844.55,19799.54,19818.05,2251
2024.12.18,18:15,19818.54,19823.05,19791.54,19793.04,1735
2024.12.18,19:15,19793.03,19817.55,19792.54,19807.53,1274
2024.12.18,20:15,19808.05,19844.04,19805.53,19843.55,999
2024.12.19,03:15,19575.55,19706.55,19558.55,19611.04,11242
2024.12.19,04:15,19610.55,19670.04,19596.04,19633.05,7210
2024.12.19,05:15,19634.06,19662.55,19616.55,19659.56,2614
2024.12.19,07:00,19657.55,19744.04,19645.54,19695.56,7601
2024.12.19,08:00,19696.04,19815.56,19686.55,19812.54,7316
2024.12.19,09:00,19814.56,19844.55,19745.05,19753.06,5028
2024.12.19,10:00,19752.54,19778.55,19729.06,19768.54,2110
2024.12.19,11:15,19766.55,19799.05,19734.04,19758.04,1640
2024.12.19,12:15,19757.55,19763.04,19711.04,19726.56,1248
2024.12.19,13:15,19727.05,19757.55,19713.55,19750.05,1237
2024.12.19,14:15,19750.56,19756.04,19718.54,19735.04,1438
2024.12.19,15:15,19734.55,19754.05,19719.05,19743.56,2118
2024.12.19,16:15,19744.06,19783.06,19709.05,19777.54,4959
2024.12.19,17:15,19778.04,19778.04,19690.55,19705.56,4692
2024.12.19,18:15,19705.05,19726.56,19686.04,19689.56,3366
2024.12.19,19:15,19690.05,19701.56,19654.54,19684.06,2586
2024.12.19,20:15,19684.55,19716.56,19679.54,19700.54,1673
2024.12.20,03:15,19657.66,19825.16,19627.16,19729.66,10576
2024.12.20,04:15,19730.16,19865.66,19676.65,19829.67,8034
2024.12.20,05:15,19827.66,19834.16,19742.15,19767.16,3512
2024.12.20,07:00,19764.67,19785.67,19688.15,19739.66,5742
2024.12.20,08:00,19740.67,19796.66,19710.65,19777.16,4410
2024.12.20,09:00,19776.66,19783.66,19730.66,19741.66,3387
2024.12.20,10:00,19741.15,19742.65,19625.65,19665.16,3069
2024.12.20,11:15,19626.65,19708.66,19608.16,19645.17,2416
2024.12.20,12:15,19645.66,19675.16,19636.16,19669.67,1768
2024.12.20,13:15,19669.17,19672.67,19640.16,19643.16,1568
2024.12.20,14:15,19643.65,19698.17,19639.17,19695.67,1826
2024.12.20,15:15,19695.15,19725.17,19657.66,19678.67,2758
2024.12.20,16:15,19678.15,19776.15,19642.17,19770.67,5369
2024.12.20,17:15,19769.66,19845.67,19766.67,19827.67,4457
2024.12.20,18:15,19828.67,19878.67,19827.16,19871.16,3574
2024.12.20,19:15,19870.15,19898.17,19856.15,19876.67,2739
2024.12.20,20:15,19877.15,19884.17,19854.16,19866.67,1799
2024.12.23,03:15,19874.41,19913.92,19752.93,19761.41,9883
2024.12.23,04:15,19760.42,19841.93,19741.41,19801.42,7995
2024.12.23,05:15,19800.41,19862.92,19786.92,19861.92,2906
2024.12.23,07:00,19860.91,19945.41,19809.42,19851.41,7637
2024.12.23,08:00,19852.91,19870.41,19814.91,19857.42,6063
2024.12.23,09:00,19856.42,19927.92,19840.43,19860.41,3760
2024.12.23,10:00,19861.41,19910.43,19857.41,19876.93,1874
2024.12.23,11:15,19874.43,19942.93,19870.43,19890.42,1447
2024.12.23,12:15,19888.91,19891.91,19849.42,19866.93,1288
2024.12.23,13:15,19866.43,19873.92,19841.93,19863.93,1136
2024.12.23,14:15,19863.43,19879.93,19852.41,19865.92,1394
2024.12.23,15:15,19864.42,19864.93,19814.93,19819.42,1772
2024.12.23,16:15,19820.42,19869.41,19800.43,19814.42,4040
2024.12.23,17:15,19813.92,19842.91,19796.91,19813.41,3079
2024.12.23,18:15,19813.92,19876.42,19806.91,19862.93,2045
2024.12.23,19:15,19862.43,19893.43,19854.92,19890.91,1786
2024.12.23,20:15,19891.41,19915.42,19885.91,19903.93,1076
2024.12.24,03:15,19875.69,20080.20,19871.71,20068.21,9278
2024.12.24,04:15,20068.71,20145.19,20046.21,20130.19,8202
2024.12.24,05:15,20131.21,20144.19,20089.21,20115.20,3925
2024.12.27,03:15,20161.54,20165.04,19991.03,20034.02,10593
2024.12.27,04:15,20034.53,20142.02,19980.03,20131.53,7027
2024.12.27,05:15,20131.03,20147.04,20047.52,20097.04,3386
2024.12.27,07:00,20090.54,20156.03,20076.52,20085.52,5436
2024.12.27,08:00,20084.53,20091.04,20043.53,20043.53,4373
2024.12.27,09:00,20044.02,20091.54,20028.02,20052.54,2953
2024.12.27,10:00,20052.52,20085.54,20042.52,20064.52,2262
2024.12.27,11:15,20051.52,20055.52,20017.02,20029.02,1220
2024.12.27,12:15,20029.53,20063.52,20018.52,20030.54,872
2024.12.27,13:15,20030.04,20079.02,20030.02,20072.03,763
2024.12.27,14:15,20072.53,20081.04,20054.02,20054.02,856
2024.12.27,15:15,20054.52,20060.52,20024.03,20025.03,880
2024.12.27,16:15,20026.02,20062.03,19973.53,19992.03,3842
2024.12.27,17:15,19993.02,20072.04,19982.54,20066.03,4029
2024.12.27,18:15,20066.52,20079.02,20032.53,20041.02,2225
2024.12.27,19:15,20040.52,20073.52,20030.52,20073.04,708
2024.12.27,20:15,20073.52,20085.03,20056.52,20080.02,534
2024.12.30,03:15,20103.68,20227.69,20063.19,20068.19,10397
2024.12.30,04:15,20069.20,20088.20,19988.70,20017.19,7351
2024.12.30,05:15,20018.18,20051.18,19999.19,20011.70,3153
2024.12.30,07:00,20004.20,20136.69,19979.69,20091.20,6484
2024.12.30,08:00,20092.18,20151.68,20090.18,20116.19,4927
2024.12.30,09:00,20117.19,20142.69,20075.18,20077.70,3142
2024.12.30,10:00,20077.20,20078.19,20021.68,20038.19,1721
2024.12.30,11:15,20023.19,20053.19,20023.19,20045.19,1248
2024.12.30,12:15,20045.68,20076.69,20043.69,20071.19,727
2024.12.30,13:15,20072.18,20089.70,20069.68,20089.19,809
2024.12.30,14:15,20090.68,20093.70,20026.70,20032.20,1660
2024.12.30,15:15,20032.70,20050.20,20007.20,20045.18,2147
2024.12.30,16:15,20044.69,20047.20,19928.19,19940.19,4164
2024.12.30,17:15,19939.68,19947.70,19895.68,19935.18,3610
2024.12.30,18:15,19936.19,19955.20,19919.18,19949.68,2119
2024.12.30,19:15,19950.69,19978.70,19945.18,19972.70,2001
2024.12.30,20:15,19973.19,20000.69,19950.70,19998.20,1808
2024.12.31,03:15,20001.96,20145.97,19981.97,20118.97,8580
2024.12.31,04:15,20117.46,20191.96,20054.96,20118.46,6867
2024.12.31,05:15,20118.97,20198.98,20106.47,20110.97,3601
2025.01.02,07:00,19849.72,19859.21,19693.20,19732.72,7049
2025.01.02,08:00,19733.72,19733.72,19609.70,19661.71,8569
2025.01.02,09:00,19661.70,19677.71,19621.20,19623.71,3756
2025.01.02,10:00,19624.22,19668.21,19613.20,19645.72,2738
2025.01.02,11:15,19643.71,19676.22,19628.70,19635.21,2186
2025.01.02,12:15,19634.72,19647.22,19572.20,19602.71,1757
2025.01.02,13:15,19600.71,19655.72,19587.72,19646.71,1386
2025.01.02,14:15,19647.22,19664.70,19635.72,19661.20,1420
2025.01.02,15:15,19661.71,19684.72,19636.70,19684.22,1879
2025.01.02,16:15,19683.72,19729.20,19666.22,19679.22,5231
2025.01.02,17:15,19679.70,19737.72,19663.70,19680.21,5350
2025.01.02,18:15,19679.72,19708.72,19653.20,19708.72,3365
2025.01.02,19:15,19708.20,19708.22,19624.70,19635.70,4592
2025.01.02,20:15,19635.20,19645.72,19607.20,19626.22,2499
2025.01.03,03:15,19682.41,19740.92,19621.92,19736.92,10832
2025.01.03,04:15,19737.42,19904.93,19735.43,19894.91,10113
2025.01.03,05:15,19895.91,19901.92,19785.43,19801.92,4252
2025.01.03,07:00,19794.41,19794.41,19680.92,19715.43,8345
2025.01.03,08:00,19714.92,19717.43,19632.91,19696.43,8503
2025.01.03,09:00,19695.93,19747.43,19660.91,19740.43,4273
2025.01.03,10:00,19740.92,19765.92,19700.93,19721.42,1886
2025.01.03,11:15,19724.91,19755.93,19694.41,19701.43,1507
2025.01.03,12:15,19701.92,19722.93,19687.43,19716.92,978
2025.01.03,13:15,19716.41,19743.42,19711.43,19724.91,1068
2025.01.03,14:15,19725.41,19741.43,19721.41,19734.41,1123
2025.01.03,15:15,19732.91,19773.91,19718.41,19767.42,1372
2025.01.03,16:15,19767.93,19796.93,19734.42,19744.41,4478
2025.01.03,17:15,19743.93,19771.92,19715.41,19767.91,3513
2025.01.03,18:15,19768.41,19798.41,19762.41,19786.43,2366
2025.01.03,19:15,19786.92,19793.92,19771.41,19789.93,1754
2025.01.03,20:15,19790.42,19801.41,19774.43,19796.43,977
2025.01.06,03:15,19863.45,19893.45,19648.93,19788.45,11801
2025.01.06,04:15,19787.44,19835.45,19750.93,19796.93,8862
2025.01.06,05:15,19796.95,19796.95,19698.94,19718.44,3453
2025.01.06,07:00,19715.45,19719.44,19629.94,19655.45,6170
2025.01.06,08:00,19654.94,19703.45,19641.44,19655.95,5847
2025.01.06,09:00,19656.44,19708.45,19655.45,19686.45,2615
2025.01.06,10:00,19686.95,19740.44,19675.45,19711.94,1768
2025.01.06,11:15,19717.43,19745.93,19711.93,19712.44,1213
2025.01.06,12:15,19711.94,19775.95,19681.44,19773.45,1626
2025.01.06,13:15,19773.44,20117.93,19773.44,20042.43,5460
2025.01.06,14:15,20041.93,20143.45,20034.94,20100.43,3244
2025.01.06,15:15,20100.94,20153.44,20090.43,20126.44,2601
2025.01.06,16:15,20124.44,20125.95,19830.43,19966.94,6761
2025.01.06,17:15,19966.45,19966.93,19739.94,19783.45,5209
2025.01.06,18:15,19782.93,19784.44,19719.94,19722.45,2744
2025.01.06,19:15,19721.94,19727.93,19598.93,19607.94,2775
2025.01.06,20:15,19608.94,19660.95,19597.93,19639.44,1770
2025.01.07,03:15,19607.07,19671.55,19495.56,19615.06,11677
2025.01.07,04:15,19615.07,19617.06,19290.56,19345.55,10287
2025.01.07,05:15,19346.07,19355.56,19279.57,19312.06,4022
2025.01.07,07:00,19311.56,19359.56,19246.05,19321.57,8427
2025.01.07,08:00,19321.55,19377.56,19304.07,19344.07,6164
2025.01.07,09:00,19344.56,19462.07,19343.55,19430.55,4349
2025.01.07,10:00,19431.55,19487.05,19422.55,19460.05,2549
2025.01.07,11:15,19474.56,19509.55,19463.55,19506.05,1810
2025.01.07,12:15,19505.57,19533.05,19496.55,19499.05,1242
2025.01.07,13:15,19498.56,19499.56,19453.05,19470.57,1479
2025.01.07,14:15,19470.56,19504.07,19470.05,19502.06,1071
2025.01.07,15:15,19502.57,19516.07,19482.55,19494.57,1416
2025.01.07,16:15,19495.06,19550.07,19448.56,19465.05,4998
2025.01.07,17:15,19463.55,19522.56,19450.56,19465.56,5329
2025.01.07,18:15,19465.07,19483.07,19438.05,19462.05,3777
2025.01.07,19:15,19461.06,19469.07,19428.05,19446.07,2573
2025.01.07,20:15,19445.57,19452.06,19409.05,19421.07,1212
2025.01.08,03:15,19453.01,19495.01,19327.99,19381.49,10768
2025.01.08,04:15,19382.01,19388.01,19218.49,19222.51,8636
2025.01.08,05:15,19223.01,19236.01,19116.49,19141.99,4542
2025.01.08,07:00,19139.99,19298.51,19130.00,19284.00,9103
2025.01.08,08:00,19283.99,19351.00,19236.99,19257.50,8185
2025.01.08,09:00,19257.01,19303.49,19257.01,19275.00,3593
2025.01.08,10:00,19275.51,19295.51,19270.99,19280.00,1913
2025.01.08,11:15,19312.49,19335.50,19298.00,19310.01,1649
2025.01.08,12:15,19310.50,19324.00,19283.49,19283.49,1096
2025.01.08,13:15,19281.99,19283.49,19092.99,19167.01,4108
2025.01.08,14:15,19166.49,19173.01,19122.99,19158.00,2799
2025.01.08,15:15,19157.50,19203.01,19153.00,19181.01,2572
2025.01.08,16:15,19181.99,19240.99,19134.00,19210.49,5008
2025.01.08,17:15,19211.00,19241.01,19186.99,19212.01,3626
2025.01.08,18:15,19212.51,19274.99,19211.49,19242.50,2532
2025.01.08,19:15,19241.99,19256.51,19213.01,19234.01,2784
2025.01.08,20:15,19233.50,19263.50,19224.99,19241.00,1572
2025.01.09,03:15,19256.48,19410.49,19234.99,19364.47,10722
2025.01.09,04:15,19364.97,19380.97,19294.48,19366.99,7404
2025.01.09,05:15,19367.99,19373.99,19281.47,19291.97,2890
2025.01.09,07:00,19286.98,19296.99,19256.98,19256.98,4967
2025.01.09,08:00,19256.47,19312.48,19225.48,19270.48,4938
2025.01.09,09:00,19271.98,19284.49,19238.98,19251.98,3031
2025.01.09,10:00,19251.48,19290.49,19222.99,19287.99,1953
2025.01.09,11:15,19292.98,19375.48,19283.97,19339.99,2027
2025.01.09,12:15,19340.49,19347.99,19307.97,19316.98,1397
2025.01.09,13:15,19317.49,19325.49,19310.47,19322.99,853
2025.01.09,14:15,19322.49,19339.97,19298.97,19334.49,1239
2025.01.09,15:15,19334.47,19356.48,19327.48,19339.48,1446
2025.01.09,16:15,19339.99,19347.49,19301.48,19302.48,1289
2025.01.09,17:15,19302.97,19325.49,19301.47,19305.99,857
2025.01.09,18:15,19306.47,19317.97,19282.47,19282.47,832
2025.01.09,19:15,19282.99,19294.99,19281.48,19288.99,427
2025.01.09,20:15,19288.98,19295.48,19285.98,19292.98,298
2025.01.10,03:15,19317.10,19376.12,19151.11,19233.10,10696
2025.01.10,04:15,19233.60,19308.11,19189.10,19193.61,7782
2025.01.10,05:15,19193.11,19203.61,19115.10,19162.62,3604
2025.01.10,07:00,19155.60,19169.12,19100.11,19111.61,6263
2025.01.10,08:00,19112.11,19112.11,19037.10,19045.62,6396
2025.01.10,09:00,19045.11,19086.10,19041.60,19073.10,3306
2025.01.10,10:00,19072.62,19098.62,19061.10,19096.10,2013
2025.01.10,11:15,19074.10,19101.11,19064.10,19081.11,1620
2025.01.10,12:15,19080.61,19100.12,19077.60,19088.10,1069
2025.01.10,13:15,19088.61,19099.60,19072.12,19082.62,1191
2025.01.10,14:15,19082.61,19094.11,19076.61,19089.61,1068
2025.01.10,15:15,19090.10,19116.61,18972.11,19027.12,4871
2025.01.10,16:15,19025.61,19044.10,18894.12,18933.12,7440
2025.01.10,17:15,18934.11,18976.12,18915.60,18928.60,5840
2025.01.10,18:15,18929.12,18942.60,18882.12,18900.12,3689
2025.01.10,19:15,18899.62,18916.62,18886.60,18910.10,2440
2025.01.10,20:15,18909.61,18956.10,18900.10,18956.10,1707
2025.01.13,03:15,18915.87,18944.88,18663.36,18688.87,12844
2025.01.13,04:15,18689.88,18875.87,18679.88,18825.37,9644
2025.01.13,05:15,18824.88,18869.36,18799.86,18813.87,3598
2025.01.13,07:00,18816.36,18876.88,18797.86,18869.37,5989
2025.01.13,08:00,18869.87,18874.88,18816.86,18859.38,5140
2025.01.13,09:00,18858.87,18927.38,18847.36,18890.86,3760
2025.01.13,10:00,18891.88,18897.38,18852.87,18864.86,1851
2025.01.13,11:15,18832.38,18847.37,18800.36,18834.87,2493
2025.01.13,12:15,18834.37,18858.88,18817.87,18821.36,1604
2025.01.13,13:15,18820.88,18860.87,18809.36,18817.88,1700
2025.01.13,14:15,18817.36,18858.37,18816.37,18832.38,1879
2025.01.13,15:15,18832.37,18851.37,18823.37,18823.87,1550
2025.01.13,16:15,18823.36,18912.37,18804.38,18822.36,5092
2025.01.13,17:15,18822.37,18863.36,18805.88,18822.38,3647
2025.01.13,18:15,18822.88,18830.38,18784.37,18788.38,2602
2025.01.13,19:15,18788.86,18863.88,18788.86,18860.38,1960
2025.01.13,20:15,18860.88,18878.86,18849.37,18872.38,1599
2025.01.14,03:15,18902.71,19056.71,18899.70,18999.69,11325
2025.01.14,04:15,18998.69,19214.19,18995.69,19208.69,10354
2025.01.14,05:15,19207.71,19207.71,19135.19,19152.70,4195
2025.01.14,07:00,19150.71,19274.71,19128.69,19274.70,8162
2025.01.14,08:00,19276.20,19337.71,19195.20,19237.69,8212
2025.01.14,09:00,19237.21,19248.21,19206.20,19237.19,4286
2025.01.14,10:00,19238.19,19241.20,19211.69,19233.20,2147
2025.01.14,11:15,19229.21,19237.71,19201.69,19219.69,1620
2025.01.14,12:15,19220.20,19233.20,19204.20,19218.69,1153
2025.01.14,13:15,19218.70,19223.20,19198.70,19199.20,1541
2025.01.14,14:15,19199.70,19214.20,19183.69,19202.69,1549
2025.01.14,15:15,19202.19,19280.70,19182.19,19219.20,4225
2025.01.14,16:15,19218.71,19260.70,19145.19,19178.21,5495
2025.01.14,17:15,19178.69,19206.71,19156.69,19182.21,4541
2025.01.14,18:15,19181.70,19205.21,19149.20,19157.19,3548
2025.01.14,19:15,19155.70,19199.70,19155.19,19196.71,2320
2025.01.14,20:15,19196.19,19202.21,19174.71,19191.20,1328
2025.01.15,03:15,19182.96,19250.97,19147.47,19182.95,10324
2025.01.15,04:15,19182.97,19321.97,19182.95,19279.47,8773
2025.01.15,05:15,19279.95,19286.96,19234.97,19270.47,2992
2025.01.15,07:00,19264.95,19268.47,19197.45,19226.97,5532
2025.01.15,08:00,19227.97,19267.47,19213.96,19257.96,4619
2025.01.15,09:00,19258.95,19276.45,19249.96,19269.96,2657
2025.01.15,10:00,19269.97,19287.46,19245.96,19285.45,1627
2025.01.15,11:15,19281.96,19293.96,19269.45,19274.95,1378
2025.01.15,12:15,19275.95,19301.45,19258.97,19300.45,1008
2025.01.15,13:15,19299.96,19317.47,19295.95,19306.47,1627
2025.01.15,14:15,19304.97,19314.46,19290.95,19297.96,1134
2025.01.15,15:15,19298.45,19468.97,19284.97,19402.95,5782
2025.01.15,16:15,19403.45,19423.96,19336.45,19378.95,5864
2025.01.15,17:15,19378.97,19407.97,19354.96,19364.45,3440
2025.01.15,18:15,19364.47,19379.97,19334.97,19366.47,3005
2025.01.15,19:15,19365.95,19393.46,19360.95,19393.46,1667
2025.01.15,20:15,19392.95,19403.96,19387.45,19401.97,930
2025.01.16,03:15,19430.53,19685.02,19419.04,19614.03,12453
2025.01.16,04:15,19614.54,19632.04,19425.03,19426.02,8754
2025.01.16,05:15,19425.54,19474.03,19396.53,19455.02,3259
2025.01.16,07:00,19442.04,19466.04,19343.54,19447.04,7364
2025.01.16,08:00,19447.02,19534.03,19444.04,19513.04,5865
2025.01.16,09:00,19513.02,19533.03,19487.02,19524.02,3499
2025.01.16,10:00,19525.04,19552.52,19520.02,19538.03,1977
2025.01.16,11:15,19525.02,19525.52,19474.52,19498.02,2123
2025.01.16,12:15,19499.04,19501.04,19486.02,19494.02,1251
2025.01.16,13:15,19493.52,19498.54,19455.02,19462.02,1425
2025.01.16,14:15,19462.53,19466.54,19437.52,19452.52,1719
2025.01.16,15:15,19453.03,19476.04,19444.04,19453.52,2891
2025.01.16,16:15,19454.02,19469.03,19421.52,19447.54,5425
2025.01.16,17:15,19447.04,19469.03,19429.53,19435.02,4109
2025.01.16,18:15,19435.52,19472.53,19434.52,19471.04,3380
2025.01.16,19:15,19471.53,19499.04,19448.52,19480.03,2425
2025.01.16,20:15,19480.54,19480.54,19453.03,19456.04,1644
2025.01.17,03:15,19492.60,19586.08,19415.08,19557.10,10240
2025.01.17,04:15,19558.08,19580.10,19471.58,19510.59,7456
2025.01.17,05:15,19510.09,19655.10,19491.59,19571.09,4841
2025.01.17,07:00,19567.09,19612.08,19528.10,19589.59,7429
2025.01.17,08:00,19589.10,19619.60,19568.08,19583.58,4634
2025.01.17,09:00,19584.59,19599.59,19559.58,19577.58,2966
2025.01.17,10:00,19577.60,19591.10,19570.59,19575.09,1716
2025.01.17,11:15,19594.58,19604.08,19552.59,19568.60,1920
2025.01.17,12:15,19568.09,19585.09,19558.08,19583.09,1240
2025.01.17,13:15,19582.58,19588.08,19545.09,19546.58,1190
2025.01.17,14:15,19545.08,19555.09,19527.08,19540.59,1569
2025.01.17,15:15,19540.10,19634.08,19518.58,19561.58,3647
2025.01.17,16:15,19562.09,19984.10,19533.59,19880.10,10232
2025.01.17,17:15,19880.59,19918.58,19810.60,19862.59,7182
2025.01.17,18:15,19862.58,19877.10,19830.10,19866.60,3641
2025.01.17,19:15,19866.08,19870.10,19787.60,19790.60,2518
2025.01.17,20:15,19790.59,19829.60,19790.59,19822.60,1630
2025.01.20,03:15,19877.49,20003.48,19799.48,19942.47,12974
2025.01.20,04:15,19942.98,20080.49,19931.48,20002.47,9758
2025.01.20,05:15,20002.48,20098.49,19992.97,20074.98,4000
2025.01.20,07:00,20067.47,20128.49,20030.49,20052.99,6994
2025.01.20,08:00,20053.49,20063.48,19906.48,19959.98,6355
2025.01.20,09:00,19959.49,19971.49,19921.47,19954.49,3688
2025.01.20,10:00,19953.48,19953.48,19923.97,19940.49,2001
2025.01.20,11:15,19924.49,19948.47,19911.97,19914.47,1786
2025.01.20,12:15,19914.97,19934.97,19891.97,19913.98,1409
2025.01.20,13:15,19913.47,19945.99,19896.49,19921.98,1344
2025.01.20,14:15,19921.47,19935.47,19906.48,19911.99,1420
2025.01.20,15:15,19911.49,20209.98,19875.49,20151.99,6971
2025.01.20,16:15,20150.98,20390.48,20138.99,20342.47,6302
2025.01.20,17:15,20341.99,20356.99,20253.97,20270.47,4236
2025.01.20,18:15,20270.97,20318.49,20253.97,20254.98,2107
2025.01.20,19:15,20254.49,20297.98,20190.47,20265.49,3856
2025.01.20,20:15,20265.99,20275.97,20252.99,20265.49,545
2025.01.21,03:15,20190.89,20218.39,19935.89,20089.39,13056
2025.01.21,04:15,20091.38,20129.38,20006.40,20078.88,8188
2025.01.21,05:15,20078.90,20243.88,20078.90,20180.40,5936
2025.01.21,07:00,20181.90,20221.40,20078.89,20104.89,7260
2025.01.21,08:00,20105.40,20167.90,20080.90,20124.90,5876
2025.01.21,09:00,20123.88,20160.89,20114.89,20147.88,4009
2025.01.21,10:00,20147.38,20156.89,20116.39,20151.89,2024
2025.01.21,11:15,20151.90,20151.90,20045.40,20073.40,2603
2025.01.21,12:15,20072.88,20097.40,20037.88,20050.39,1339
2025.01.21,13:15,20050.89,20051.39,19996.88,20028.38,1717
2025.01.21,14:15,20028.90,20047.38,19990.39,20002.39,1672
2025.01.21,15:15,20001.88,20061.89,19994.89,20041.39,2503
2025.01.21,16:15,20040.88,20075.90,19883.90,19904.39,7364
2025.01.21,17:15,19904.88,19952.40,19889.89,19944.90,4609
2025.01.21,18:15,19944.40,20018.90,19939.90,20003.90,3097
2025.01.21,19:15,20003.89,20024.40,19997.90,20010.88,1923
2025.01.21,20:15,20010.38,20024.39,20007.89,20017.38,1307
2025.01.22,03:15,20006.65,20059.65,19775.15,19834.17,11552
2025.01.22,04:15,19833.65,19924.66,19804.15,19856.17,8259
2025.01.22,05:15,19855.65,19875.17,19825.65,19851.17,2912
2025.01.22,07:00,19849.17,19873.67,19759.15,19807.65,6199
2025.01.22,08:00,19807.67,19820.16,19750.65,19768.15,5375
2025.01.22,09:00,19767.67,19808.66,19759.65,19768.67,3845
2025.01.22,10:00,19767.17,19833.66,19761.15,19829.65,2700
2025.01.22,11:15,19859.67,20010.66,19859.67,19947.17,3487
2025.01.22,12:15,19948.67,19981.67,19943.67,19979.16,1550
2025.01.22,13:15,19978.67,19983.65,19920.15,19930.65,1390
2025.01.22,14:15,19930.15,19950.65,19905.17,19945.17,1306
2025.01.22,15:15,19945.65,19945.66,19852.65,19854.17,2081
2025.01.22,16:15,19853.15,19903.67,19784.16,19900.65,5831
2025.01.22,17:15,19901.15,19908.17,19816.66,19819.65,3226
2025.01.22,18:15,19819.17,19882.67,19815.17,19880.17,2122
2025.01.22,19:15,19879.67,19902.15,19862.16,19899.66,1519
2025.01.22,20:15,19899.16,19927.17,19899.16,19913.66,1052
2025.01.23,03:15,19940.11,20071.61,19828.59,19842.60,12199
2025.01.23,04:15,19843.11,19927.11,19810.59,19817.61,8384
2025.01.23,05:15,19818.09,19860.60,19792.60,19845.59,3374
2025.01.23,07:00,19849.59,19903.10,19696.60,19706.60,8714
2025.01.23,08:00,19705.60,19734.61,19651.60,19674.11,6546
2025.01.23,09:00,19674.10,19716.11,19658.61,19707.60,3709
2025.01.23,10:00,19708.61,19724.11,19695.60,19723.09,1580
2025.01.23,11:15,19704.61,19715.61,19670.59,19715.59,1348
2025.01.23,12:15,19715.11,19730.09,19704.09,19708.59,867
2025.01.23,13:15,19709.59,19725.61,19697.11,19705.60,738
2025.01.23,14:15,19706.10,19735.61,19699.59,19710.09,970
2025.01.23,15:15,19710.59,19746.11,19709.09,19740.61,1697
2025.01.23,16:15,19740.60,19748.61,19685.09,19737.61,3893
2025.01.23,17:15,19738.10,19751.09,19687.60,19722.11,3002
2025.01.23,18:15,19721.59,19809.59,19711.09,19765.60,4628
2025.01.23,19:15,19765.59,19804.60,19751.09,19802.10,1932
2025.01.23,20:15,19801.61,19802.09,19769.61,19793.59,1112
2025.01.24,03:15,19810.34,19986.36,19777.35,19982.86,11602
2025.01.24,04:15,19982.35,20138.35,19965.35,20052.35,11416
2025.01.24,05:15,20052.36,20105.34,20029.84,20086.85,4807
2025.01.24,07:00,20082.35,20162.35,20051.34,20107.34,6988
2025.01.24,08:00,20107.35,20147.35,20069.34,20081.34,5531
2025.01.24,09:00,20081.36,20093.35,20023.34,20062.34,4407
2025.01.24,10:00,20060.35,20098.84,20041.84,20095.36,2212
2025.01.24,11:15,20072.36,20115.85,20060.84,20062.36,2153
2025.01.24,12:15,20063.86,20087.34,20053.35,20063.84,1303
2025.01.24,13:15,20064.35,20076.34,20030.84,20041.36,1027
2025.01.24,14:15,20041.85,20073.86,20041.85,20055.34,1282
2025.01.24,15:15,20055.84,20082.86,20039.85,20054.86,1600
2025.01.24,16:15,20055.35,20078.86,19985.84,20036.86,5162
2025.01.24,17:15,20036.35,20137.36,20034.36,20133.84,3742
2025.01.24,18:15,20134.34,20179.86,20122.85,20166.86,3487
2025.01.24,19:15,20166.34,20197.35,20152.34,20178.35,1398
2025.01.24,20:15,20178.86,20183.35,20129.85,20138.34,867
2025.01.27,03:15,20075.04,20304.56,20046.54,20244.05,12211
2025.01.27,04:15,20243.54,20283.56,20143.55,20275.06,7986
2025.01.27,05:15,20275.54,20317.55,20225.06,20248.56,3936
2025.01.27,07:00,20248.56,20272.55,20200.54,20247.56,5788
2025.01.27,08:00,20247.06,20283.05,20193.04,20212.55,5685
2025.01.27,09:00,20211.56,20231.56,20161.54,20176.06,4214
2025.01.27,10:00,20174.56,20213.56,20157.05,20210.04,2351
2025.01.27,11:15,20195.54,20395.54,20190.55,20355.56,3786
2025.01.27,12:15,20356.04,20474.54,20353.04,20429.54,4248
2025.01.27,13:15,20430.05,20451.56,20375.56,20406.55,3292
2025.01.27,14:15,20407.05,20448.04,20394.54,20432.04,2381
2025.01.27,15:15,20433.55,20435.04,20372.05,20372.56,2958
2025.01.27,16:15,20373.55,20392.05,20235.04,20262.06,7688
2025.01.27,17:15,20261.56,20372.06,20256.05,20352.55,6245
2025.01.27,18:15,20353.06,20364.55,20313.54,20347.05,4522
2025.01.27,19:15,20347.56,20387.55,20331.56,20366.04,3230
2025.01.27,20:15,20365.56,20379.04,20351.55,20374.04,1910
2025.01.28,03:15,20375.08,20398.07,20177.56,20217.06,9957
2025.01.28,04:15,20216.58,20288.07,20172.07,20257.08,5992
2025.01.28,05:15,20258.06,20267.56,20224.06,20249.06,2445
2025.02.03,03:15,19907.37,20136.37,19740.35,19795.37,14376
2025.02.03,04:15,19796.36,20015.86,19790.37,20005.37,8513
2025.02.03,05:15,20006.36,20189.86,20006.36,20097.86,6190
2025.02.03,07:00,20095.37,20122.87,19992.86,20108.85,6027
2025.02.03,08:00,20109.35,20176.35,20087.85,20161.35,4591
2025.02.03,09:00,20161.37,20246.37,20152.85,20195.85,5313
2025.02.03,10:00,20195.86,20279.86,20191.35,20277.36,2709
2025.02.03,11:15,20254.37,20292.86,20210.35,20236.87,2475
2025.02.03,12:15,20237.36,20290.35,20219.86,20286.85,1678
2025.02.03,13:15,20286.35,20286.35,20250.86,20264.37,1662
2025.02.03,14:15,20264.85,20296.87,20231.35,20258.35,2719
2025.02.03,15:15,20257.85,20260.87,20220.35,20248.87,2373
2025.02.03,16:15,20248.85,20455.37,20179.85,20404.87,8777
2025.02.03,17:15,20404.37,20639.37,20387.85,20568.36,11419
2025.02.03,18:15,20568.37,20614.37,20504.86,20530.36,6098
2025.02.03,19:15,20529.86,20551.86,20428.35,20490.36,5594
2025.02.03,20:15,20490.87,20500.36,20450.36,20452.35,2883
2025.02.04,03:15,20457.31,20759.82,20431.80,20746.81,12498
2025.02.04,04:15,20748.80,20914.30,20712.80,20772.30,10427
2025.02.04,05:15,20771.80,20789.30,20594.32,20643.81,5430
2025.02.04,07:00,20621.30,20651.30,20288.80,20566.32,12785
2025.02.04,08:00,20566.80,20733.81,20565.80,20714.82,6526
2025.02.04,09:00,20715.30,20818.32,20690.82,20810.80,5635
2025.02.04,10:00,20811.80,20824.82,20757.81,20805.31,3497
2025.02.04,11:15,20800.31,20814.81,20724.30,20755.31,2701
2025.02.04,12:15,20755.30,20787.82,20719.32,20767.82,1748
2025.02.04,13:15,20768.32,20769.32,20720.81,20729.80,1691
2025.02.04,14:15,20729.32,20781.32,20727.30,20754.82,1676
2025.02.04,15:15,20754.30,20786.31,20740.82,20783.30,1935
2025.02.04,16:15,20783.82,20871.82,20746.31,20860.31,7180
2025.02.04,17:15,20861.32,21009.81,20854.32,21002.82,6562
2025.02.04,18:15,21003.30,21030.32,20940.30,20954.32,4269
2025.02.04,19:15,20953.81,20974.80,20878.30,20964.30,4444
2025.02.04,20:15,20963.82,20969.32,20933.80,20942.31,1892
2025.02.05,03:15,20907.41,20913.40,20423.40,20559.90,15231
2025.02.05,04:15,20559.40,20694.92,20508.90,20678.90,10718
2025.02.05,05:15,20678.91,20729.41,20638.91,20647.92,5053
2025.02.05,07:00,20644.90,20666.42,20513.91,20554.90,8558
2025.02.05,08:00,20555.41,20597.92,20520.92,20539.90,6250
2025.02.05,09:00,20539.40,20612.42,20538.92,20590.42,4200
2025.02.05,10:00,20589.90,20627.40,20581.40,20610.91,2220
2025.02.05,11:15,20594.40,20606.41,20473.90,20516.41,2631
2025.02.05,12:15,20515.92,20597.42,20514.92,20597.42,1704
2025.02.05,13:15,20596.92,20602.92,20571.90,20582.90,1313
2025.02.05,14:15,20583.91,20685.40,20561.92,20648.92,1978
2025.02.05,15:15,20651.92,20657.41,20573.40,20604.91,2767
2025.02.05,16:15,20605.40,20673.92,20565.91,20600.41,6218
2025.02.05,17:15,20599.91,20679.42,20595.40,20607.91,4476
2025.02.05,18:15,20607.42,20636.41,20564.41,20617.42,3805
2025.02.05,19:15,20616.90,20639.91,20596.90,20639.40,2212
2025.02.05,20:15,20638.92,20661.42,20638.90,20642.92,1407
2025.02.06,03:15,20619.77,20733.25,20552.25,20590.76,12266
2025.02.06,04:15,20589.77,20807.77,20535.25,20717.77,11204
2025.02.06,05:15,20718.76,20737.77,20643.77,20668.77,4343
2025.02.06,07:00,20661.77,20775.26,20656.75,20769.75,8569
2025.02.06,08:00,20769.77,20836.25,20726.76,20810.75,6392
2025.02.06,09:00,20811.77,20884.25,20796.75,20879.27,4886
2025.02.06,10:00,20879.75,20915.25,20865.76,20903.75,2711
2025.02.06,11:15,20923.75,20955.25,20881.25,20934.75,2026
2025.02.06,12:15,20935.26,20955.76,20886.76,20900.77,1562
2025.02.06,13:15,20899.76,20916.76,20867.76,20880.76,2056
2025.02.06,14:15,20880.26,20885.77,20839.75,20857.27,1765
2025.02.06,15:15,20857.76,20903.76,20834.76,20897.75,2674
2025.02.06,16:15,20897.76,20931.76,20844.26,20851.76,5027
2025.02.06,17:15,20851.25,20956.27,20850.77,20928.27,4608
2025.02.06,18:15,20928.77,20938.75,20851.26,20852.27,2790
2025.02.06,19:15,20852.75,20895.76,20851.75,20863.75,2137
2025.02.06,20:15,20864.77,20899.76,20862.27,20866.25,1666
2025.02.07,03:15,20898.11,21069.62,20807.62,21032.63,12764
2025.02.07,04:15,21034.12,21201.63,21015.63,21188.62,11735
2025.02.07,05:15,21188.61,21233.63,21130.11,21220.61,5987
2025.02.07,07:00,21218.61,21230.62,21025.62,21070.12,12385
2025.02.07,08:00,21070.61,21118.63,20930.63,21112.61,10042
2025.02.07,09:00,21112.13,21145.62,21089.62,21131.62,4888
2025.02.07,10:00,21130.62,21187.61,21129.61,21182.11,2318
2025.02.07,11:15,21175.61,21198.62,21142.62,21167.61,1916
2025.02.07,12:15,21168.12,21296.11,21167.61,21227.63,3167
2025.02.07,13:15,21227.61,21244.63,21154.62,21186.11,2133
2025.02.07,14:15,21186.63,21212.11,21170.62,21192.62,1548
2025.02.07,15:15,21192.12,21240.63,21142.13,21238.12,4284
2025.02.07,16:15,21237.62,21394.63,21225.11,21317.13,8584
2025.02.07,17:15,21317.63,21380.63,21096.13,21152.63,9083
2025.02.07,18:15,21153.12,21212.13,21079.12,21177.63,8385
2025.02.07,19:15,21177.62,21189.63,21100.11,21178.61,5082
2025.02.07,20:15,21179.13,21184.61,21099.13,21108.13,2206
2025.02.10,03:15,21212.07,21542.05,21192.55,21456.57,15255
2025.02.10,04:15,21457.05,21526.06,21366.57,21406.06,12206
2025.02.10,05:15,21405.57,21481.05,21385.56,21462.55,4851
2025.02.10,07:00,21449.55,21536.55,21397.55,21491.55,8719
2025.02.10,08:00,21492.57,21559.07,21460.05,21494.55,7585
2025.02.10,09:00,21494.07,21555.07,21491.05,21528.06,5279
2025.02.10,10:00,21527.55,21540.56,21491.55,21535.56,2323
2025.02.10,11:15,21520.57,21558.07,21511.57,21532.56,2215
2025.02.10,12:15,21532.05,21630.06,21520.05,21602.05,2131
2025.02.10,13:15,21600.57,21605.55,21536.05,21540.06,1877
2025.02.10,14:15,21540.55,21598.55,21540.55,21596.06,1438
2025.02.10,15:15,21595.56,21607.57,21544.55,21551.56,1572
2025.02.10,16:15,21551.55,21560.06,21448.57,21541.06,6472
2025.02.10,17:15,21541.57,21629.57,21535.05,21566.57,5554
2025.02.10,18:15,21566.07,21576.56,21524.56,21544.57,4104
2025.02.10,19:15,21544.05,21550.07,21492.56,21520.06,2945
2025.02.10,20:15,21519.55,21546.56,21511.05,21546.55,1596
2025.02.11,03:15,21589.99,21688.50,21462.48,21496.48,14202
2025.02.11,04:15,21495.48,21523.50,21303.49,21318.98,11610
2025.02.11,05:15,21318.50,21446.50,21316.48,21418.49,5229
2025.02.11,07:00,21407.50,21497.98,21393.00,21464.48,7800
2025.02.11,08:00,21464.50,21491.00,21390.48,21405.49,6856
2025.02.11,09:00,21406.49,21422.49,21292.98,21310.99,5763
2025.02.11,10:00,21310.50,21339.50,21290.48,21307.48,2368
2025.02.11,11:15,21310.48,21335.50,21283.49,21328.98,1549
2025.02.11,12:15,21329.48,21352.50,21318.49,21352.00,1324
2025.02.11,13:15,21351.49,21379.00,21337.50,21371.98,1497
2025.02.11,14:15,21372.49,21385.50,21327.98,21338.99,1615
2025.02.11,15:15,21338.48,21441.99,21275.48,21431.00,3837
2025.02.11,16:15,21430.00,21543.00,21383.99,21536.49,7519
2025.02.11,17:15,21535.99,21610.49,21513.98,21580.00,5813
2025.02.11,18:15,21579.50,21593.49,21530.48,21550.98,3697
2025.02.11,19:15,21549.98,21555.00,21517.99,21527.98,2597
2025.02.11,20:15,21528.00,21549.00,21511.98,21521.49,1914
2025.02.12,03:15,21565.82,21741.33,21425.82,21660.84,14407
2025.02.12,04:15,21660.83,21795.34,21607.83,21691.84,13354
2025.02.12,05:15,21691.33,21731.32,21593.84,21652.82,6714
2025.02.12,07:00,21640.84,21713.34,21583.82,21705.84,8250
2025.02.12,08:00,21706.84,21836.83,21688.34,21787.84,9757
2025.02.12,09:00,21788.84,21869.84,21766.83,21865.34,6576
2025.02.12,10:00,21864.82,21874.34,21832.84,21841.83,2988
2025.02.12,11:15,21818.82,21927.34,21805.33,21909.33,3308
2025.02.12,12:15,21908.34,21938.34,21897.33,21909.83,2005
2025.02.12,13:15,21909.32,21910.34,21830.33,21836.82,2168
2025.02.12,14:15,21837.32,21915.33,21833.34,21870.84,2484
2025.02.12,15:15,21870.82,21879.33,21738.83,21776.34,4546
2025.02.12,16:15,21776.33,21867.84,21724.82,21782.32,6419
2025.02.12,17:15,21781.83,21986.83,21773.84,21946.34,6635
2025.02.12,18:15,21945.82,22074.32,21924.33,22074.32,4107
2025.02.12,19:15,22074.82,22129.32,22062.84,22109.34,4318
2025.02.12,20:15,22109.83,22120.33,22036.34,22041.84,2792
2025.02.13,03:15,22017.25,22178.74,21926.23,22072.74,15222
2025.02.13,04:15,22073.73,22184.24,22044.73,22138.74,13083
2025.02.13,05:15,22137.73,22222.73,22133.74,22209.25,5514
2025.02.13,07:00,22212.74,22424.25,22195.23,22401.73,12932
2025.02.13,08:00,22401.23,22536.75,22152.75,22156.25,16899
2025.02.13,09:00,22155.73,22173.25,21734.73,21792.74,15845
2025.02.13,10:00,21793.23,21840.74,21772.23,21835.25,4205
2025.02.13,11:15,21784.73,21819.75,21706.73,21785.74,3202
2025.02.13,12:15,21786.24,21811.75,21773.25,21808.75,1761
2025.02.13,13:15,21807.75,21821.74,21712.24,21735.24,2579
2025.02.13,14:15,21733.75,21789.75,21716.74,21765.24,1749
2025.02.13,15:15,21764.25,21796.75,21679.74,21690.24,3430
2025.02.13,16:15,21689.73,21867.73,21630.25,21845.75,7804
2025.02.13,17:15,21845.24,21921.75,21801.73,21918.73,5458
2025.02.13,18:15,21918.25,21974.75,21887.75,21914.23,4024
2025.02.13,19:15,21914.73,21925.75,21886.73,21897.74,2602
2025.02.13,20:15,21898.24,21923.24,21821.25,21919.23,3599
2025.02.14,03:15,22013.59,22279.57,21976.07,22153.07,15413
2025.02.14,04:15,22153.58,22402.08,22103.57,22397.07,13346
2025.02.14,05:15,22397.59,22410.07,22292.57,22315.09,7135
2025.02.14,07:00,22310.08,22416.58,22116.09,22231.07,14353
2025.02.14,08:00,22230.57,22440.58,22228.58,22430.58,13567
2025.02.14,09:00,22430.57,22599.07,22403.57,22586.08,12367
2025.02.14,10:00,22585.58,22671.09,22575.07,22646.07,4802
2025.02.14,11:15,22599.57,22649.08,22588.58,22619.07,2656
2025.02.14,12:15,22618.59,22652.57,22552.59,22562.58,2022
2025.02.14,13:15,22563.07,22577.07,22485.07,22553.58,2444
2025.02.14,14:15,22555.58,22607.08,22555.09,22578.07,1880
2025.02.14,15:15,22577.59,22611.57,22556.58,22592.07,2031
2025.02.14,16:15,22592.08,22625.08,22496.59,22506.59,6370
2025.02.14,17:15,22505.59,22522.08,22411.07,22430.58,5849
2025.02.14,18:15,22430.07,22513.58,22401.09,22498.57,4391
2025.02.14,19:15,22499.08,22542.09,22494.08,22534.59,2796
2025.02.14,20:15,22535.07,22550.58,22494.57,22494.57,2025
2025.02.17,03:15,22659.29,22973.81,22529.29,22670.80,18632
2025.02.17,04:15,22670.31,22822.79,22580.79,22666.29,15628
2025.02.17,05:15,22665.81,22690.31,22518.29,22656.79,10052
2025.02.17,07:00,22653.79,22697.30,22333.29,22468.29,16204
2025.02.17,08:00,22467.31,22738.81,22455.29,22690.79,13049
2025.02.17,09:00,22690.81,22747.31,22572.29,22600.29,9431
2025.02.17,10:00,22601.79,22642.30,22583.79,22621.80,2113
2025.02.17,11:15,22595.31,22648.29,22580.79,22634.79,2016
2025.02.17,12:15,22637.81,22648.30,22583.79,22605.80,1472
2025.02.17,13:15,22604.81,22629.31,22589.30,22627.30,1071
2025.02.17,14:15,22629.29,22632.31,22607.29,22618.80,840
2025.02.17,15:15,22619.29,22652.80,22618.79,22633.81,1174
2025.02.17,16:15,22636.81,22700.79,22635.79,22698.30,1985
2025.02.17,17:15,22696.80,22707.31,22665.31,22680.30,1405
2025.02.17,18:15,22680.79,22726.31,22677.29,22684.79,1778
2025.02.17,19:15,22683.79,22702.80,22676.80,22694.29,897
2025.02.17,20:15,22694.81,22700.80,22685.30,22690.81,406
2025.02.18,03:15,22648.94,22872.96,22618.45,22775.45,15606
2025.02.18,04:15,22775.96,23053.95,22773.44,22968.95,15731
2025.02.18,05:15,22968.44,23101.45,22959.96,23100.94,7855
2025.02.18,07:00,23102.95,23150.96,22782.96,22824.44,15062
2025.02.18,08:00,22823.95,22901.95,22703.45,22830.96,14391
2025.02.18,09:00,22829.94,22956.96,22818.94,22953.95,8081
2025.02.18,10:00,22953.44,22990.96,22932.96,22988.96,2982
2025.02.18,11:15,23005.95,23005.95,22875.46,22877.44,2414
2025.02.18,12:15,22876.95,22890.45,22848.96,22852.95,1643
2025.02.18,13:15,22852.46,22890.95,22851.45,22870.96,1487
2025.02.18,14:15,22870.45,22882.96,22852.46,22858.46,1557
2025.02.18,15:15,22857.94,22886.96,22849.95,22880.94,1826
2025.02.18,16:15,22880.44,22886.46,22700.46,22736.44,7223
2025.02.18,17:15,22736.95,22737.96,22657.95,22719.95,5257
2025.02.18,18:15,22719.96,22802.44,22717.44,22752.45,4130
2025.02.18,19:15,22752.94,22768.46,22703.46,22719.96,2684
2025.02.18,20:15,22720.46,22763.45,22713.44,22747.95,1994
2025.02.19,03:15,22785.09,22897.59,22633.60,22886.09,15159
2025.02.19,04:15,22883.59,22972.59,22851.60,22887.59,13442
2025.02.19,05:15,22887.60,22933.09,22832.10,22920.58,5882
2025.02.19,07:00,22921.58,22968.60,22769.58,22839.59,12140
2025.02.19,08:00,22838.60,22940.58,22819.60,22917.59,9635
2025.02.19,09:00,22916.08,22937.58,22858.59,22924.58,4883
2025.02.19,10:00,22925.09,22949.59,22893.60,22901.58,2038
2025.02.19,11:15,22903.08,22939.60,22891.58,22899.58,1934
2025.02.19,12:15,22900.08,22903.60,22846.08,22847.58,1750
2025.02.19,13:15,22847.10,22852.60,22751.58,22800.59,2828
2025.02.19,14:15,22799.10,22831.08,22787.58,22815.59,2167
2025.02.19,15:15,22814.58,22870.09,22790.08,22811.58,2516
2025.02.19,16:15,22811.09,22821.59,22670.08,22714.60,7035
2025.02.19,17:15,22715.08,22827.58,22695.59,22776.59,5854
2025.02.19,18:15,22777.08,22781.10,22691.08,22707.09,3062
2025.02.19,19:15,22706.58,22737.60,22692.08,22719.59,2231
2025.02.19,20:15,22719.10,22746.60,22714.10,22734.59,1623
2025.02.20,03:15,22703.39,22842.89,22495.87,22568.89,15531
2025.02.20,04:15,22569.39,22631.39,22439.38,22557.39,14700
2025.02.20,05:15,22556.88,22644.89,22514.37,22615.37,6333
2025.02.20,07:00,22614.39,22774.89,22605.87,22711.39,11486
2025.02.20,08:00,22712.38,22731.39,22604.87,22627.88,9257
2025.02.20,09:00,22627.39,22640.39,22572.88,22575.87,5696
2025.02.20,10:00,22575.38,22593.89,22551.37,22581.87,2386
2025.02.20,11:15,22579.39,22616.37,22552.38,22607.37,2117
2025.02.20,12:15,22609.37,22908.38,22601.89,22880.87,5354
2025.02.20,13:15,22881.38,22937.39,22852.37,22935.88,3306
2025.02.20,14:15,22934.89,23009.38,22904.89,22995.88,4398
2025.02.20,15:15,22994.87,23040.38,22961.37,22966.87,3701
2025.02.20,16:15,22967.37,23308.39,22963.38,23152.38,12016
2025.02.20,17:15,23152.39,23176.88,23029.38,23092.37,8798
2025.02.20,18:15,23091.37,23091.37,22866.38,22875.87,6978
2025.02.20,19:15,22875.38,23022.39,22851.38,23020.37,5324
2025.02.20,20:15,23021.38,23043.37,22992.38,23026.89,2741
2025.02.21,03:15,23077.78,23127.30,22898.29,23119.79,15850
2025.02.21,04:15,23118.78,23212.79,23038.79,23170.29,14842
2025.02.21,05:15,23170.28,23254.29,23152.28,23221.79,6932
2025.02.21,07:00,23218.28,23349.29,23148.79,23226.80,14653
2025.02.21,08:00,23225.79,23369.80,23225.78,23318.80,10428
2025.02.21,09:00,23319.78,23477.80,23319.78,23446.80,8695
2025.02.21,10:00,23445.29,23481.28,23362.80,23442.80,4578
2025.02.21,11:15,23431.79,23463.79,23397.28,23446.30,2703
2025.02.21,12:15,23445.30,23516.80,23438.78,23465.29,2736
2025.02.21,13:15,23466.29,23494.29,23454.79,23463.79,2034
2025.02.21,14:15,23465.30,23495.79,23439.79,23468.79,2088
2025.02.21,15:15,23468.80,23495.79,23442.78,23486.78,2691
2025.02.21,16:15,23486.28,23701.80,23462.29,23590.28,9460
2025.02.21,17:15,23589.78,23637.30,23427.29,23527.30,8309
2025.02.21,18:15,23526.80,23628.30,23521.29,23570.78,5518
2025.02.21,19:15,23570.79,23587.79,23398.80,23424.30,5168
2025.02.21,20:15,23422.78,23455.29,23384.30,23386.28,3910
2025.02.24,03:15,23386.59,23670.59,23220.10,23606.59,17785
2025.02.24,04:15,23604.60,23605.09,23440.09,23519.08,14597
2025.02.24,05:15,23520.09,23556.08,23311.08,23335.09,7996
2025.02.24,07:00,23332.59,23400.10,23235.10,23336.10,11587
2025.02.24,08:00,23335.58,23527.10,23254.58,23504.09,11521
2025.02.24,09:00,23503.58,23537.59,23369.58,23374.10,7210
2025.02.24,10:00,23373.09,23377.08,23290.60,23317.60,2945
2025.02.24,11:15,23341.60,23362.59,23288.08,23303.60,2765
2025.02.24,12:15,23304.10,23304.59,23264.10,23280.59,2325
2025.02.24,13:15,23281.09,23318.60,23250.08,23256.10,2029
2025.02.24,14:15,23256.58,23294.60,23250.08,23285.09,2238
2025.02.24,15:15,23285.60,23296.10,23140.09,23165.58,3130
2025.02.24,16:15,23164.60,23200.60,22832.58,22919.60,11711
2025.02.24,17:15,22919.58,22927.10,22792.10,22796.10,7999
2025.02.24,18:15,22795.59,22848.60,22767.08,22831.09,5539
2025.02.24,19:15,22830.58,22870.58,22826.58,22829.59,3722
2025.02.24,20:15,22829.10,22866.59,22816.58,22818.08,2413
2025.02.25,03:15,22804.78,22993.76,22735.26,22882.78,15430
2025.02.25,04:15,22882.77,23210.78,22882.76,23207.78,14873
2025.02.25,05:15,23208.78,23209.77,23141.76,23193.78,7452
2025.02.25,07:00,23190.76,23236.78,23081.78,23109.27,11622
2025.02.25,08:00,23108.28,23151.28,22899.78,22952.77,11172
2025.02.25,09:00,22951.77,23029.26,22882.78,23008.76,8750
2025.02.25,10:00,23009.26,23047.76,22979.26,22997.78,2988
2025.02.25,11:15,22987.27,23115.28,22954.76,23100.26,3183
2025.02.25,12:15,23100.78,23122.28,23078.27,23115.77,2069
2025.02.25,13:15,23116.26,23191.77,23111.26,23185.26,2655
2025.02.25,14:15,23184.78,23191.28,23121.78,23177.26,2252
2025.02.25,15:15,23178.26,23199.78,23129.26,23162.76,2548
2025.02.25,16:15,23163.27,23170.28,22994.76,23027.28,8268
2025.02.25,17:15,23027.26,23155.78,22952.26,23136.77,8344
2025.02.25,18:15,23135.77,23153.78,23078.26,23125.78,4902
2025.02.25,19:15,23125.26,23164.28,23088.76,23146.26,3108
2025.02.25,20:15,23146.27,23150.78,23106.76,23135.76,2431
2025.02.26,03:15,23204.47,23569.95,23202.97,23486.97,15100
2025.02.26,04:15,23485.45,23683.97,23433.45,23648.96,13456
2025.02.26,05:15,23649.45,23657.95,23525.45,23601.46,6578
2025.02.26,07:00,23606.97,23782.45,23599.46,23749.96,13580
2025.02.26,08:00,23749.46,23844.46,23683.96,23823.97,10518
2025.02.26,09:00,23823.96,23976.45,23647.95,23727.46,11123
2025.02.26,10:00,23727.96,23772.96,23697.96,23742.46,4535
2025.02.26,11:15,23738.95,23761.97,23659.96,23746.45,3437
2025.02.26,12:15,23745.95,23773.95,23698.47,23706.46,2312
2025.02.26,13:15,23706.96,23745.46,23699.97,23736.47,2045
2025.02.26,14:15,23736.96,23763.46,23715.47,23723.97,2153
2025.02.26,15:15,23723.46,23736.97,23666.95,23676.47,2502
2025.02.26,16:15,23676.46,23767.47,23616.45,23744.46,8036
2025.02.26,17:15,23743.95,23852.46,23695.95,23814.47,6123
2025.02.26,18:15,23813.95,23821.97,23749.45,23777.46,4140
2025.02.26,19:15,23776.46,23804.47,23692.97,23709.46,2958
2025.02.26,20:15,23710.46,23740.97,23608.97,23621.95,1815
2025.02.27,03:15,23766.11,24072.11,23723.11,23809.09,16352
2025.02.27,04:15,23807.11,23833.10,23545.59,23697.10,17191
2025.02.27,05:15,23696.61,23699.09,23545.59,23578.61,8802
2025.02.27,07:00,23580.61,23785.11,23470.60,23742.59,14966
2025.02.27,08:00,23741.59,23914.59,23677.59,23861.11,14232
2025.02.27,09:00,23858.11,23900.10,23641.60,23703.11,11047
2025.02.27,10:00,23704.09,23738.09,23674.61,23700.09,3389
2025.02.27,11:15,23696.59,23802.11,23696.59,23783.11,3407
2025.02.27,12:15,23783.59,23882.10,23748.59,23867.60,2480
2025.02.27,13:15,23868.10,23869.11,23804.10,23832.09,2436
2025.02.27,14:15,23831.60,23931.60,23830.61,23905.59,3594
2025.02.27,15:15,23906.61,23916.59,23576.61,23640.09,6974
2025.02.27,16:15,23641.61,23706.10,23421.60,23537.11,11072
2025.02.27,17:15,23535.59,23686.11,23489.11,23681.60,8728
2025.02.27,18:15,23684.59,23709.10,23660.60,23679.60,5060
2025.02.27,19:15,23680.10,23714.11,23659.60,23710.09,3294
2025.02.27,20:15,23709.60,23753.60,23702.61,23732.61,2237
2025.02.28,03:15,23539.83,23645.83,23177.81,23320.31,17355
2025.02.28,04:15,23317.82,23428.31,23207.31,23239.81,14280
2025.02.28,05:15,23240.83,23242.82,23118.81,23165.83,7186
2025.02.28,07:00,23186.33,23186.33,23020.81,23120.83,12734
2025.02.28,08:00,23119.83,23119.83,22892.31,22896.82,13546
2025.02.28,09:00,22896.31,22957.83,22799.32,22910.32,10978
2025.02.28,10:00,22910.31,23004.82,22908.31,22985.33,4299
2025.02.28,11:15,22991.83,23043.81,22929.81,22966.33,3391
2025.02.28,12:15,22965.32,23033.33,22964.83,23015.83,1948
2025.02.28,13:15,23016.33,23059.33,22992.83,22997.31,2156
2025.02.28,14:15,22996.33,23034.33,22957.31,23017.81,3059
2025.02.28,15:15,23018.81,23060.83,23000.81,23043.31,2858
2025.02.28,16:15,23043.81,23095.82,22917.82,23054.31,9533
2025.02.28,17:15,23054.32,23107.31,23000.32,23084.31,7413
2025.02.28,18:15,23086.31,23097.33,23025.82,23044.83,5288
2025.02.28,19:15,23044.33,23072.83,22952.31,22971.81,4529
2025.02.28,20:15,22972.33,22998.83,22897.33,22941.82,5206
2025.03.03,03:15,23118.75,23342.27,23026.77,23263.77,16894
2025.03.03,04:15,23263.76,23403.25,23150.25,23205.26,14790
2025.03.03,05:15,23203.26,23271.76,23172.26,23223.75,6627
2025.03.03,07:00,23227.77,23293.77,23002.76,23060.76,11331
2025.03.03,08:00,23060.26,23073.76,22866.77,22970.76,12752
2025.03.03,09:00,22971.76,23066.26,22917.76,23013.25,8026
2025.03.03,10:00,23013.27,23025.76,22968.25,22988.26,2644
2025.03.03,11:15,22998.26,23018.26,22912.25,22984.77,4265
2025.03.03,12:15,22983.26,23049.75,22980.77,23048.25,2979
2025.03.03,13:15,23047.76,23105.26,23021.25,23100.77,2372
2025.03.03,14:15,23101.76,23121.76,23070.76,23080.77,3078
2025.03.03,15:15,23081.77,23142.77,23058.77,23121.27,2576
2025.03.03,16:15,23121.77,23137.77,22964.25,22983.26,7465
2025.03.03,17:15,22982.76,23121.75,22976.76,23077.75,6231
2025.03.03,18:15,23078.25,23094.27,23026.25,23085.26,4578
2025.03.03,19:15,23084.26,23094.25,22990.26,22996.26,3185
2025.03.03,20:15,22995.27,23008.25,22892.77,22936.76,3710
2025.03.04,03:15,22769.79,22793.77,22551.27,22627.77,16205
2025.03.04,04:15,22628.78,22874.29,22618.27,22823.27,13687
2025.03.04,05:15,22823.79,22928.79,22823.79,22896.29,6617
2025.03.04,07:00,22878.27,23043.29,22798.78,22989.78,12897
2025.03.04,08:00,22990.28,23028.29,22899.27,23008.79,8450
2025.03.04,09:00,23009.29,23021.28,22896.29,22963.27,6468
2025.03.04,10:00,22962.78,22963.27,22867.28,22909.79,3092
2025.03.04,11:15,22901.28,22957.29,22861.27,22882.27,3171
2025.03.04,12:15,22881.78,22919.79,22873.27,22916.79,2348
2025.03.04,13:15,22915.79,22972.77,22884.29,22910.77,2692
2025.03.04,14:15,22911.28,22933.78,22850.79,22852.77,3616
2025.03.04,15:15,22853.29,22897.28,22807.79,22881.29,3763
2025.03.04,16:15,22879.78,22909.27,22750.27,22796.77,9175
2025.03.04,17:15,22796.29,22848.28,22677.77,22809.28,8612
2025.03.04,18:15,22808.27,22945.79,22740.77,22941.29,6391
2025.03.04,19:15,22940.79,23033.79,22889.29,23019.78,6507
2025.03.04,20:15,23019.29,23044.28,22983.29,23042.29,3673
2025.03.05,03:15,23236.18,23530.19,23157.19,23286.20,15576
2025.03.05,04:15,23286.68,23336.20,23085.68,23245.68,13235
2025.03.05,05:15,23244.70,23350.20,23231.20,23332.68,6355
2025.03.05,07:00,23338.19,23480.19,23324.18,23478.19,9708
2025.03.05,08:00,23479.69,23568.70,23440.68,23526.19,9714
2025.03.05,09:00,23527.20,23641.20,23527.20,23602.70,7267
2025.03.05,10:00,23603.69,23636.20,23559.20,23634.19,3424
2025.03.05,11:15,23587.20,23669.69,23561.19,23620.68,3175
2025.03.05,12:15,23620.19,23620.20,23540.18,23546.18,2735
2025.03.05,13:15,23545.69,23560.70,23501.69,23550.70,3130
2025.03.05,14:15,23550.20,23585.70,23494.20,23519.18,3532
2025.03.05,15:15,23519.20,23572.19,23499.69,23570.68,4999
2025.03.05,16:15,23572.70,23751.19,23512.18,23706.18,10320
2025.03.05,17:15,23706.68,23846.20,23636.68,23774.18,9712
2025.03.05,18:15,23773.68,23884.20,23700.18,23874.68,7424
2025.03.05,19:15,23873.70,23952.19,23858.68,23887.19,6206
2025.03.05,20:15,23886.20,23998.70,23879.18,23998.18,4147
2025.03.06,03:15,24007.73,24202.25,23946.24,24160.25,15736
2025.03.06,04:15,24160.73,24212.25,24030.24,24210.25,12536
2025.03.06,05:15,24208.73,24252.75,24169.74,24225.24,5718
2025.03.06,07:00,24225.75,24300.25,24157.74,24258.23,11352
2025.03.06,08:00,24256.73,24319.25,24209.24,24304.75,9627
2025.03.06,09:00,24305.75,24415.25,24295.25,24346.23,6968
2025.03.06,10:00,24344.73,24382.73,24274.23,24378.25,4342
2025.03.06,11:15,24304.24,24469.25,24276.73,24332.73,5156
2025.03.06,12:15,24333.23,24340.23,24227.24,24268.24,3749
2025.03.06,13:15,24269.74,24320.25,24237.74,24310.25,2686
2025.03.06,14:15,24309.74,24350.75,24285.24,24303.73,2795
2025.03.06,15:15,24303.24,24345.25,24247.75,24288.23,4928
2025.03.06,16:15,24287.74,24355.25,24187.24,24279.25,10709
2025.03.06,17:15,24278.75,24290.25,24055.75,24134.25,9702
2025.03.06,18:15,24133.73,24195.25,24019.23,24055.23,8111
2025.03.06,19:15,24055.73,24103.25,24015.73,24099.23,6106
2025.03.06,20:15,24098.75,24155.24,24045.25,24062.25,3820
2025.03.07,03:15,24190.03,24252.52,24066.02,24183.03,14239
2025.03.07,04:15,24183.02,24447.53,24183.01,24376.03,13264
2025.03.07,05:15,24375.01,24523.03,24358.02,24520.01,7940
2025.03.07,07:00,24520.52,24661.02,24304.03,24428.52,15329
2025.03.07,08:00,24430.01,24438.02,24139.53,24189.03,13629
2025.03.07,09:00,24188.51,24252.52,24142.51,24181.51,8445
2025.03.07,10:00,24180.03,24237.01,24176.03,24201.52,3159
2025.03.07,11:15,24218.53,24219.52,24145.51,24153.51,2639
2025.03.07,12:15,24153.53,24214.02,24114.52,24183.53,2633
2025.03.07,13:15,24183.03,24218.51,24155.01,24172.02,1992
2025.03.07,14:15,24173.02,24176.02,24084.51,24086.02,2606
2025.03.07,15:15,24086.53,24177.01,24056.01,24084.53,6352
2025.03.07,16:15,24084.02,24295.53,24026.51,24269.52,9881
2025.03.07,17:15,24268.51,24271.53,24086.03,24159.53,9773
2025.03.07,18:15,24160.51,24163.53,23966.51,23989.52,8014
2025.03.07,19:15,23990.02,24075.53,23945.02,24049.01,7173
2025.03.07,20:15,24048.53,24108.02,24015.52,24108.02,4425
2025.03.10,04:15,24046.39,24297.89,23957.89,23958.91,15604
2025.03.10,05:15,23957.90,24076.41,23785.89,23795.89,13713
2025.03.10,06:15,23796.41,23801.39,23696.40,23716.90,6187
2025.03.10,08:00,23709.40,23745.91,23626.39,23702.89,10832
2025.03.10,09:00,23703.41,23893.90,23684.39,23792.39,11059
2025.03.10,10:00,23793.41,23828.90,23709.89,23785.89,7601
2025.03.10,11:00,23786.40,23812.90,23714.90,23723.91,3326
2025.03.10,12:15,23714.40,23736.39,23613.41,23714.91,3989
2025.03.10,13:15,23714.41,23714.41,23634.39,23679.39,3096
2025.03.10,14:15,23677.90,23726.39,23592.90,23602.41,3119
2025.03.10,15:15,23601.91,23657.39,23518.40,23650.90,4289
2025.03.10,16:15,23650.41,23684.91,23531.39,23535.89,9537
2025.03.10,17:15,23532.91,23538.89,23357.89,23463.90,10515
2025.03.10,18:15,23463.39,23569.41,23451.91,23543.40,8414
2025.03.10,19:15,23542.89,23545.91,23389.89,23408.90,6404
2025.03.10,20:15,23408.39,23449.41,23282.91,23328.40,6861
2025.03.10,21:15,23328.90,23346.41,23287.91,23297.91,4634
2025.03.11,04:15,23219.28,23653.29,23217.30,23644.30,16721
2025.03.11,05:15,23644.78,23722.28,23505.79,23589.30,14892
2025.03.11,06:15,23588.28,23706.28,23545.80,23562.78,6710
2025.03.11,08:00,23591.28,23637.80,23490.28,23562.78,12074
2025.03.11,09:00,23562.30,23667.30,23539.28,23648.30,10949
2025.03.11,10:00,23647.78,23860.79,23629.30,23831.29,10361
2025.03.11,11:00,23831.79,23833.80,23734.30,23767.79,3687
2025.03.11,12:15,23761.30,23918.80,23761.30,23843.30,5131
2025.03.11,13:15,23842.79,23859.80,23783.79,23802.30,3371
2025.03.11,14:15,23801.78,23848.30,23784.29,23786.28,3553
2025.03.11,15:15,23786.29,23863.80,23783.28,23819.80,3911
2025.03.11,16:15,23820.30,23933.30,23644.28,23677.79,11777
2025.03.11,17:15,23678.28,23700.79,23536.80,23681.29,12395
2025.03.11,18:15,23680.78,23743.29,23632.28,23636.30,10227
2025.03.11,19:15,23635.78,23675.30,23581.29,23581.30,7366
2025.03.11,20:15,23582.28,23701.80,23539.28,23700.78,8325
2025.03.11,21:15,23700.80,23770.78,23671.29,23740.28,6588
2025.03.12,04:15,23858.31,23937.81,23695.82,23779.81,15791
2025.03.12,05:15,23778.83,23827.83,23675.31,23763.83,12588
2025.03.12,06:15,23764.82,23773.32,23588.32,23612.33,6274
2025.03.12,08:00,23607.32,23786.82,23581.32,23740.31,10887
2025.03.12,09:00,23741.31,23747.83,23489.83,23525.81,10226
2025.03.12,10:00,23525.82,23571.83,23349.83,23566.81,11947
2025.03.12,11:00,23564.82,23622.31,23555.83,23604.32,3270
2025.03.12,12:15,23606.82,23664.33,23606.82,23619.83,3309
2025.03.12,13:15,23618.81,23667.82,23607.31,23664.83,1638
2025.03.12,14:15,23662.82,23702.83,23633.81,23655.32,2369
2025.03.12,15:15,23653.83,23794.33,23638.82,23650.33,6803
2025.03.12,16:15,23650.81,23658.82,23494.32,23497.32,11221
2025.03.12,17:15,23496.31,23514.82,23415.31,23474.33,9588
2025.03.12,18:15,23475.31,23590.32,23462.31,23578.32,7952
2025.03.12,19:15,23578.31,23623.32,23551.81,23572.33,6874
2025.03.12,20:15,23572.31,23584.33,23500.82,23542.32,6409
2025.03.12,21:15,23541.82,23611.81,23540.81,23590.83,4025
2025.03.13,04:15,23661.17,23674.18,23438.19,23611.69,14465
2025.03.13,05:15,23612.17,23709.69,23486.69,23608.18,12815
2025.03.13,06:15,23608.19,23610.18,23395.18,23406.68,6729
2025.03.13,08:00,23395.18,23405.19,23176.68,23286.68,12157
2025.03.13,09:00,23287.69,23421.19,23225.69,23406.67,10502
2025.03.13,10:00,23404.68,23494.67,23372.67,23453.67,7663
2025.03.13,11:00,23453.18,23480.67,23396.18,23457.17,3609
2025.03.13,12:15,23452.19,23538.18,23452.19,23518.19,3010
2025.03.13,13:15,23517.18,23528.68,23450.19,23466.67,2676
2025.03.13,14:15,23466.18,23474.19,23368.68,23384.67,4165
2025.03.13,15:15,23385.18,23434.67,23377.18,23386.69,4469
2025.03.13,16:15,23387.67,23698.18,23372.67,23691.19,10224
2025.03.13,17:15,23690.68,23697.69,23603.18,23650.68,9017
2025.03.13,18:15,23651.18,23707.19,23609.67,23694.67,7330
2025.03.13,19:15,23695.19,23718.17,23647.67,23674.19,6624
2025.03.13,20:15,23674.69,23703.69,23632.68,23703.18,5157
2025.03.13,21:15,23702.69,23771.19,23683.68,23757.68,3763
2025.03.14,04:15,23730.33,23790.33,23466.32,23789.81,15636
2025.03.14,05:15,23790.31,23942.83,23755.33,23924.82,14528
2025.03.14,06:15,23924.81,24102.81,23923.33,24063.81,7606
2025.03.14,08:00,24067.31,24110.83,23896.82,24062.82,13591
2025.03.14,09:00,24063.32,24075.81,23969.81,24033.31,10121
2025.03.14,10:00,24033.81,24047.32,23963.81,23967.83,6961
2025.03.14,11:00,23966.82,24038.33,23931.31,24030.31,3248
2025.03.14,12:15,24023.82,24180.83,24009.81,24146.31,3635
2025.03.14,13:15,24146.83,24183.32,24080.32,24167.83,4458
2025.03.14,14:15,24168.32,24223.83,24150.82,24194.31,3453
2025.03.14,15:15,24193.83,24207.33,24174.81,24183.31,2944
2025.03.14,16:15,24184.81,24249.33,24103.81,24224.33,9370
2025.03.14,17:15,24223.31,24236.31,24097.31,24122.31,7800
2025.03.14,18:15,24123.33,24195.82,24123.33,24138.82,5165
2025.03.14,19:15,24138.32,24188.32,24099.81,24176.33,4820
2025.03.14,20:15,24175.83,24197.32,24168.31,24175.31,4495
2025.03.14,21:15,24175.32,24202.83,24159.31,24178.31,2529
2025.03.17,04:15,24214.51,24305.50,24075.00,24204.01,16207
2025.03.17,05:15,24204.52,24354.52,24192.51,24265.00,12573
2025.03.17,06:15,24266.51,24298.00,24224.01,24270.02,4670
2025.03.17,08:00,24259.51,24307.52,24183.50,24201.02,9147
2025.03.17,09:00,24200.52,24225.50,24142.50,24191.02,7893
2025.03.17,10:00,24191.51,24198.52,24063.52,24141.01,6115
2025.03.17,11:00,24141.02,24163.01,24119.52,24156.51,2408
2025.03.17,12:15,24147.50,24204.02,24109.02,24203.00,2470
2025.03.17,13:15,24203.02,24232.01,24190.50,24225.00,1773
2025.03.17,14:15,24225.52,24237.50,24205.52,24214.51,2065
2025.03.17,15:15,24214.02,24251.52,24181.50,24216.51,3535
2025.03.17,16:15,24215.50,24545.51,24199.50,24515.02,10149
2025.03.17,17:15,24515.51,24574.51,24466.00,24551.01,8011
2025.03.17,18:15,24550.52,24640.01,24536.00,24600.50,5920
2025.03.17,19:15,24600.51,24657.52,24582.02,24657.01,4602
2025.03.17,20:15,24657.52,24688.01,24628.00,24684.00,3739
2025.03.17,21:15,24684.52,24700.02,24653.51,24657.50,2487
2025.03.18,04:15,24670.45,24740.44,24488.93,24532.93,14907
2025.03.18,05:15,24532.45,24681.93,24510.94,24577.95,11420
2025.03.18,06:15,24577.45,24647.44,24561.45,24593.43,5276
2025.03.18,08:00,24592.95,24705.43,24539.43,24646.93,9570
2025.03.18,09:00,24647.43,24697.93,24587.93,24686.95,7970
2025.03.18,10:00,24687.93,24760.93,24631.45,24715.95,7363
2025.03.18,11:00,24714.44,24768.93,24702.93,24765.95,3322
2025.03.18,12:15,24758.94,24841.45,24758.94,24818.95,3881
2025.03.18,13:15,24817.45,24817.95,24729.44,24748.93,3185
2025.03.18,14:15,24749.45,24752.45,24685.93,24702.44,2857
2025.03.18,15:15,24701.45,24723.43,24669.43,24705.94,3273
2025.03.18,16:15,24705.43,24776.44,24581.93,24582.44,10141
2025.03.18,17:15,24582.93,24717.93,24582.93,24678.45,7886
2025.03.18,18:15,24678.95,24764.94,24660.43,24717.93,5785
2025.03.18,19:15,24718.45,24748.94,24657.45,24681.45,4687
2025.03.18,20:15,24680.93,24726.44,24647.93,24677.45,5186
2025.03.18,21:15,24677.95,24713.44,24668.43,24698.44,3063
2025.03.19,04:15,24731.36,24797.37,24618.36,24649.36,13895
2025.03.19,05:15,24649.37,24813.88,24604.88,24793.87,11901
2025.03.19,06:15,24793.88,24798.88,24727.87,24782.37,4900
2025.03.19,08:00,24771.88,24886.88,24690.86,24718.87,10767
2025.03.19,09:00,24719.88,24786.88,24703.88,24768.38,7703
2025.03.19,10:00,24767.86,24791.38,24731.37,24778.37,5863
2025.03.19,11:00,24777.86,24793.87,24696.37,24706.38,3141
2025.03.19,12:15,24803.87,24861.86,24747.87,24810.37,3247
2025.03.19,13:15,24809.86,24854.38,24803.38,24852.88,2139
2025.03.19,14:15,24853.38,24903.36,24817.86,24855.86,3166
2025.03.19,15:15,24855.36,24858.87,24792.37,24792.38,2759
2025.03.19,16:15,24791.88,24824.38,24568.86,24646.38,8531
2025.03.19,17:15,24645.36,24693.38,24586.36,24636.37,5380
2025.03.19,18:15,24637.36,24690.88,24610.37,24663.38,3889
2025.03.19,19:15,24662.86,24676.88,24587.86,24589.36,2971
2025.03.19,20:15,24589.37,24674.88,24574.86,24663.36,4505
2025.03.19,21:15,24662.88,24703.87,24614.38,24701.87,5468
2025.03.20,04:15,24720.10,24757.10,24349.08,24506.09,15058
2025.03.20,05:15,24506.08,24567.60,24457.08,24556.58,11904
2025.03.20,06:15,24557.60,24600.10,24443.59,24481.09,5307
2025.03.20,08:00,24475.08,24500.60,24374.58,24407.58,9420
2025.03.20,09:00,24408.09,24409.09,24253.09,24272.08,9402
2025.03.20,10:00,24271.59,24282.60,24200.60,24237.10,6901
2025.03.20,11:00,24237.58,24250.58,24168.08,24174.10,2779
2025.03.20,12:15,24156.60,24156.60,24074.08,24087.08,4706
2025.03.20,13:15,24086.59,24118.58,24043.60,24100.08,5210
2025.03.20,14:15,24101.08,24121.10,24020.58,24030.08,3532
2025.03.20,15:15,24029.08,24065.60,24020.59,24036.10,3105
2025.03.20,16:15,24036.59,24135.10,23960.09,24121.08,8295
2025.03.20,17:15,24120.58,24123.09,23985.10,24011.10,7294
2025.03.20,18:15,24012.08,24036.59,23965.09,24035.09,5112
2025.03.20,19:15,24034.58,24041.09,23990.08,24023.60,4303
2025.03.20,20:15,24023.10,24052.58,23982.58,24045.10,3560
2025.03.20,21:15,24044.08,24060.58,24030.59,24041.09,2627
2025.03.21,04:15,24092.22,24230.24,24034.72,24148.73,13704
2025.03.21,05:15,24148.22,24184.74,23766.24,23835.24,13723
2025.03.21,06:15,23834.72,23858.23,23670.72,23752.22,7854
2025.03.21,08:00,23754.22,23778.74,23594.22,23644.73,10795
2025.03.21,09:00,23644.23,23774.73,23588.22,23728.72,9975
2025.03.21,10:00,23727.72,23818.24,23676.72,23681.72,7319
2025.03.21,11:00,23680.24,23715.23,23575.72,23579.74,3705
2025.03.21,12:15,23582.23,23609.74,23531.22,23608.23,3583
2025.03.21,13:15,23607.24,23666.24,23572.22,23646.23,2956
2025.03.21,14:15,23645.73,23672.24,23640.72,23658.23,2502
2025.03.21,15:15,23658.22,23658.72,23579.73,23588.72,3248
2025.03.21,16:15,23588.73,23639.24,23503.74,23520.74,8495
2025.03.21,17:15,23520.22,23584.74,23514.72,23577.22,5742
2025.03.21,18:15,23576.24,23634.24,23528.73,23625.72,5351
2025.03.21,19:15,23626.22,23670.74,23614.24,23647.73,4373
2025.03.21,20:15,23647.22,23680.23,23625.72,23630.72,2893
2025.03.21,21:15,23630.24,23662.22,23604.72,23641.24,2210
2025.03.24,04:15,23715.26,23767.78,23534.77,23689.77,14178
2025.03.24,05:15,23690.26,23760.26,23583.78,23685.78,11383
2025.03.24,06:15,23686.76,23695.77,23574.28,23666.26,5240
2025.03.24,08:00,23650.28,23724.27,23607.26,23678.26,9782
2025.03.24,09:00,23676.76,23757.78,23590.77,23756.77,9232
2025.03.24,10:00,23756.76,23958.78,23756.76,23907.26,9262
2025.03.24,11:00,23904.28,23962.26,23887.78,23953.77,2526
2025.03.24,12:15,23895.26,23908.26,23789.76,23803.28,3557
2025.03.24,13:15,23803.77,23833.26,23765.26,23791.78,2294
2025.03.24,14:15,23791.28,23791.28,23724.28,23742.77,2323
2025.03.24,15:15,23742.27,23748.77,23711.26,23729.77,2386
2025.03.24,16:15,23730.76,23753.27,23627.78,23690.27,6836
2025.03.24,17:15,23690.77,23743.26,23645.76,23662.27,4323
2025.03.24,18:15,23662.78,23677.27,23609.76,23644.28,3255
2025.03.24,19:15,23643.26,23647.77,23581.76,23600.28,3316
2025.03.24,20:15,23600.76,23623.78,23576.26,23591.78,2401
2025.03.24,21:15,23592.28,23622.27,23570.78,23592.77,2274
2025.03.25,04:15,23625.25,23744.74,23481.25,23518.24,13037
2025.03.25,05:15,23518.76,23535.76,23315.24,23468.75,10963
2025.03.25,06:15,23469.24,23472.74,23348.76,23378.75,4493
2025.03.25,08:00,23369.75,23503.26,23359.74,23432.75,8409
2025.03.25,09:00,23431.74,23469.24,23330.24,23365.74,7049
2025.03.25,10:00,23365.75,23417.75,23358.75,23369.24,5502
2025.03.25,11:00,23369.75,23389.76,23310.25,23331.74,2993
2025.03.25,12:15,23321.75,23440.74,23302.74,23439.26,2316
2025.03.25,13:15,23439.76,23489.25,23435.24,23482.75,2391
2025.03.25,14:15,23483.25,23512.76,23470.24,23506.76,1880
2025.03.25,15:15,23507.24,23527.76,23500.74,23506.76,1958
2025.03.25,16:15,23507.76,23650.26,23483.25,23604.74,7195
2025.03.25,17:15,23604.26,23604.26,23524.24,23561.75,4394
2025.03.25,18:15,23561.26,23562.74,23473.76,23513.24,3263
2025.03.25,19:15,23511.26,23542.76,23490.24,23527.75,2334
2025.03.25,20:15,23527.25,23536.74,23483.24,23497.25,1956
2025.03.25,21:15,23498.24,23499.76,23449.76,23464.25,1527
2025.03.26,04:15,23486.94,23597.93,23417.44,23418.95,12551
2025.03.26,05:15,23419.44,23467.95,23353.93,23414.44,10004
2025.03.26,06:15,23413.43,23456.94,23382.95,23415.43,3999
2025.03.26,08:00,23413.44,23459.45,23355.94,23411.93,7602
2025.03.26,09:00,23411.94,23499.93,23385.93,23448.94,6652
2025.03.26,10:00,23449.43,23532.94,23445.43,23475.44,4680
2025.03.26,11:00,23475.93,23491.94,23427.94,23444.93,1909
2025.03.26,12:15,23427.95,23464.93,23401.93,23428.45,2371
2025.03.26,13:15,23427.94,23466.45,23427.44,23460.43,1426
2025.03.26,14:15,23460.44,23477.43,23429.43,23442.94,1377
2025.03.26,15:15,23443.45,23493.94,23432.43,23490.95,1847
2025.03.26,16:15,23490.45,23527.44,23383.43,23399.94,6406
2025.03.26,17:15,23399.95,23601.94,23362.44,23601.94,5475
2025.03.26,18:15,23600.94,23600.94,23482.43,23489.44,4812
2025.03.26,19:15,23488.93,23507.95,23446.93,23459.44,3786
2025.03.26,20:15,23458.45,23458.95,23399.93,23424.45,3356
2025.03.26,21:15,23424.43,23435.44,23404.93,23413.94,1942
2025.03.27,04:15,23489.44,23694.44,23390.94,23544.44,13762
2025.03.27,05:15,23544.94,23886.45,23528.43,23820.44,13526
2025.03.27,06:15,23819.93,23822.95,23666.43,23739.45,5612
2025.03.27,08:00,23744.94,23779.45,23638.43,23646.93,8495
2025.03.27,09:00,23647.43,23719.95,23637.43,23649.95,7133
2025.03.27,10:00,23648.95,23670.45,23565.43,23604.45,5802
2025.03.27,11:00,23603.93,23629.45,23556.94,23617.94,3004
2025.03.27,12:15,23609.93,23659.44,23606.43,23637.45,1889
2025.03.27,13:15,23636.43,23684.95,23611.44,23670.95,2009
2025.03.27,14:15,23670.44,23682.94,23634.45,23645.95,1856
2025.03.27,15:15,23644.93,23644.94,23589.44,23592.93,2684
2025.03.27,16:15,23592.45,23714.44,23563.93,23675.94,7011
2025.03.27,17:15,23676.43,23809.95,23666.43,23807.95,4788
2025.03.27,18:15,23807.93,23824.94,23762.43,23812.45,4114
2025.03.27,19:15,23811.45,23827.44,23764.45,23781.93,2724
2025.03.27,20:15,23780.95,23787.93,23722.95,23775.95,1708
2025.03.27,21:15,23775.44,23788.95,23751.43,23767.45,1298
2025.03.28,04:15,23727.67,23769.69,23613.18,23622.67,13499
2025.03.28,05:15,23622.17,23628.69,23392.18,23450.68,12577
2025.03.28,06:15,23450.18,23450.18,23307.17,23334.17,5784
2025.03.28,08:00,23333.19,23408.19,23241.67,23345.68,10862
2025.03.28,09:00,23344.69,23472.17,23322.69,23407.18,9205
2025.03.28,10:00,23407.19,23431.17,23379.67,23381.17,4977
2025.03.28,11:00,23381.19,23414.69,23364.68,23371.17,2774
2025.03.28,12:15,23385.19,23419.19,23290.69,23322.68,2929
2025.03.28,13:15,23322.18,23338.67,23294.68,23310.19,1981
2025.03.28,14:15,23310.67,23353.69,23306.69,23344.17,1801
2025.03.28,15:15,23343.68,23386.17,23278.69,23378.68,3641
2025.03.28,16:15,23378.19,23405.68,23179.17,23185.18,8587
2025.03.28,17:15,23184.19,23300.68,23166.67,23298.69,7935
2025.03.28,18:15,23297.68,23314.19,23252.18,23272.69,4542
2025.03.28,19:15,23272.17,23278.69,23205.67,23212.18,3725
2025.03.28,20:15,23211.69,23250.17,23189.69,23237.68,3528
2025.03.28,21:15,23238.68,23242.68,23209.67,23230.17,2377
2025.03.31,04:15,23130.96,23380.47,23104.97,23258.45,15577
2025.03.31,05:15,23258.47,23331.97,23050.45,23093.47,12679
2025.03.31,06:15,23093.46,23197.96,22994.96,23010.46,6932
2025.03.31,08:00,23009.97,23120.96,22978.96,23009.45,10958
2025.03.31,09:00,23010.47,23155.47,22988.95,23140.97,9385
2025.03.31,10:00,23142.47,23231.47,23128.45,23141.95,7744
2025.03.31,11:00,23142.45,23174.96,23063.45,23106.96,3447
2025.03.31,12:15,23087.46,23105.97,22964.95,22980.45,3024
2025.03.31,13:15,22979.96,23032.97,22964.95,23021.96,2779
2025.03.31,14:15,23021.95,23047.45,22975.95,23002.96,2876
2025.03.31,15:15,23002.97,23049.97,22980.45,23040.96,2415
2025.03.31,16:15,23039.96,23091.95,22934.45,23070.47,8132
2025.03.31,17:15,23069.96,23081.47,23005.97,23061.96,6323
2025.03.31,18:15,23062.46,23136.47,23061.45,23076.96,4525
2025.03.31,19:15,23076.46,23173.95,23073.45,23160.97,3393
2025.03.31,20:15,23161.47,23202.47,23123.45,23190.96,2930
2025.03.31,21:15,23190.95,23215.45,23178.96,23184.96,2276
2025.04.01,04:15,23228.18,23370.16,23193.16,23339.16,14205
2025.04.01,05:15,23338.67,23396.18,23226.68,23364.18,12849
2025.04.01,06:15,23363.17,23459.68,23338.18,23371.18,5559
2025.04.01,08:00,23362.17,23364.17,23119.16,23189.68,12872
2025.04.01,09:00,23190.17,23288.18,23139.67,23285.67,7675
2025.04.01,10:00,23281.18,23334.68,23121.17,23156.18,6387
2025.04.01,11:00,23149.67,23233.18,23143.67,23233.18,1213
2025.04.01,12:15,23239.16,23275.18,23179.67,23186.18,3309
2025.04.01,13:15,23186.68,23202.17,23106.17,23124.66,3165
2025.04.01,14:15,23124.17,23154.18,23082.67,23152.66,3297
2025.04.01,15:15,23153.18,23174.18,23136.66,23147.66,2446
2025.04.01,16:15,23147.17,23177.68,23037.66,23078.67,7660
2025.04.01,17:15,23079.68,23245.68,23045.17,23239.66,6593
2025.04.01,18:15,23239.18,23279.18,23204.67,23214.17,5450
2025.04.01,19:15,23213.67,23234.17,23163.66,23188.67,4046
2025.04.01,20:15,23187.66,23187.68,23104.66,23125.18,3233
2025.04.01,21:15,23124.68,23127.67,23094.16,23126.17,2314
2025.04.02,04:15,23166.40,23193.91,22943.90,23173.40,14488
2025.04.02,05:15,23174.39,23371.91,23170.40,23336.39,12493
2025.04.02,06:15,23336.90,23338.39,23175.90,23216.91,5161
2025.04.02,08:00,23219.41,23234.41,23124.39,23129.40,8044
2025.04.02,09:00,23128.91,23180.41,23087.91,23163.40,6890
2025.04.02,10:00,23162.89,23195.91,23118.39,23187.39,6005
2025.04.02,11:00,23186.91,23209.39,23168.39,23184.40,1854
2025.04.02,12:15,23181.41,23232.40,23044.91,23117.89,3549
2025.04.02,13:15,23119.39,23161.91,23098.39,23140.41,2550
2025.04.02,14:15,23140.89,23172.40,23117.39,23139.91,2204
2025.04.02,15:15,23141.89,23165.41,23107.90,23162.40,3101
2025.04.02,16:15,23161.90,23193.90,23062.90,23103.90,7918
2025.04.02,17:15,23102.90,23123.39,23053.89,23065.91,5679
2025.04.02,18:15,23066.41,23128.40,23051.91,23127.39,4603
2025.04.02,19:15,23127.91,23160.89,23106.40,23147.90,3440
2025.04.02,20:15,23148.39,23148.39,23034.40,23046.90,3990
2025.04.02,21:15,23046.91,23079.91,23027.39,23066.41,2971
2025.04.03,04:15,22582.00,22925.51,22515.50,22810.02,17620
2025.04.03,05:15,22811.01,22949.52,22776.50,22779.50,13131
2025.04.03,06:15,22780.01,22813.52,22739.00,22799.02,5881
2025.04.03,08:00,22795.01,22819.52,22636.01,22721.52,10858
2025.04.03,09:00,22722.51,22831.52,22721.51,22768.50,9530
2025.04.03,10:00,22773.50,22837.52,22746.51,22809.50,7351
2025.04.03,11:00,22806.52,22816.52,22752.50,22784.02,3127
2025.04.03,12:15,22769.51,22787.00,22691.02,22752.01,4055
2025.04.03,13:15,22752.52,22767.52,22633.01,22688.01,5441
2025.04.03,14:15,22687.52,22735.52,22660.00,22731.02,4350
2025.04.03,15:15,22731.00,22732.02,22567.50,22598.50,6292
2025.04.03,16:15,22598.00,22747.02,22591.51,22695.52,11123
2025.04.03,17:15,22693.52,22795.51,22669.50,22683.01,9135
2025.04.03,18:15,22684.02,22781.52,22670.50,22781.52,7011
2025.04.03,19:15,22783.01,22793.00,22721.52,22747.00,5240
2025.04.03,20:15,22747.01,22784.00,22718.02,22731.52,4356
2025.04.03,21:15,22731.02,22769.52,22710.50,22752.01,3329
2025.04.07,04:15,20825.94,21044.94,20463.93,20744.44,21175
2025.04.07,05:15,20745.43,20878.94,20562.94,20584.94,18740
2025.04.07,06:15,20584.44,20623.95,20376.44,20378.95,11373
2025.04.07,08:00,20365.95,20627.44,20025.94,20029.45,20312
2025.04.07,09:00,20028.44,20253.45,19850.45,20016.45,20706
2025.04.07,10:00,20016.93,20024.45,19660.93,19665.44,18672
2025.04.07,11:00,19661.93,19766.45,19395.45,19742.44,8761
2025.04.07,12:15,19759.93,19948.44,19607.94,19905.93,10040
2025.04.07,13:15,19904.93,20246.44,19886.93,20098.44,11591
2025.04.07,14:15,20097.94,20157.94,19912.93,19972.94,9011
2025.04.07,15:15,19973.43,20185.95,19967.45,20030.44,9532
2025.04.07,16:15,20031.43,20533.95,19853.95,20501.94,16103
2025.04.07,17:15,20499.44,20648.95,19952.94,19975.93,19352
2025.04.07,18:15,19977.94,20138.94,19423.43,19424.95,16749
2025.04.07,19:15,19424.43,19594.45,19281.43,19563.44,14061
2025.04.07,20:15,19566.94,19802.45,19485.93,19689.43,12055
2025.04.07,21:15,19688.45,19787.45,19582.45,19604.95,8294
2025.04.08,04:15,20061.26,20412.24,19802.25,20365.25,21435
2025.04.08,05:15,20363.76,20365.75,19994.25,20078.24,17551
2025.04.08,06:15,20079.24,20247.75,20005.24,20103.74,9572
2025.04.08,08:00,20081.24,20173.25,19718.24,19886.25,16922
2025.04.08,09:00,19885.76,20045.26,19689.24,20031.26,16072
2025.04.08,10:00,20031.76,20197.24,20010.74,20017.26,15323
2025.04.08,11:00,20016.75,20020.76,19885.26,19905.75,4587
2025.04.08,12:15,19910.24,19947.26,19776.25,19801.74,6700
2025.04.08,13:15,19800.74,19953.75,19769.26,19923.76,5819
2025.04.08,14:15,19926.24,20081.26,19906.75,20019.26,7610
2025.04.08,15:15,20022.24,20252.25,19942.75,20163.24,7261
2025.04.08,16:15,20166.24,20269.74,19999.74,20085.74,13979
2025.04.08,17:15,20086.24,20108.75,19870.24,19875.74,10864
2025.04.08,18:15,19875.75,19938.26,19793.75,19794.24,9952
2025.04.08,19:15,19794.75,19820.75,19440.75,19498.25,11807
2025.04.08,20:15,19497.24,19549.26,19303.24,19324.74,12384
2025.04.08,21:15,19325.24,19466.75,19272.25,19291.75,7309
2025.04.09,04:15,19142.50,19838.01,19100.50,19823.99,20528
2025.04.09,05:15,19825.01,19949.49,19661.50,19767.49,19236
2025.04.09,06:15,19767.01,19876.51,19712.51,19760.50,9902
2025.04.09,08:00,19718.49,20007.50,19587.49,19931.51,16078
2025.04.09,09:00,19933.99,20146.49,19870.99,19948.01,15719
2025.04.09,10:00,19948.49,20407.51,19909.51,20273.51,17834
2025.04.09,11:00,20272.51,20292.49,20065.01,20168.51,5890
2025.04.09,12:15,20189.51,20189.51,19973.00,20032.50,7409
2025.04.09,13:15,20032.49,20097.00,19602.51,19746.49,9864
2025.04.09,14:15,19746.50,19850.51,19459.99,19572.50,12028
2025.04.09,15:15,19572.99,19710.51,19507.51,19702.50,9513
2025.04.09,16:15,19701.99,19999.50,19676.99,19816.51,14746
2025.04.09,17:15,19817.00,19860.99,19542.99,19631.49,12946
2025.04.09,18:15,19631.50,19737.01,19556.50,19722.49,10716
2025.04.09,19:15,19722.01,19960.50,19702.50,19857.00,9745
2025.04.09,20:15,19857.01,20414.01,19682.99,20353.49,15666
2025.04.09,21:15,20346.51,20451.99,20148.50,20158.50,8823
2025.04.10,04:15,20785.47,21188.48,20596.98,21097.98,19426
2025.04.10,05:15,21095.98,21124.48,20740.47,20740.97,15966
2025.04.10,06:15,20740.48,20847.99,20479.47,20596.48,9888
2025.04.10,08:00,20601.98,20884.49,20547.98,20778.47,15026
2025.04.10,09:00,20781.97,20907.48,20649.48,20672.49,13356
2025.04.10,10:00,20672.99,20820.47,20614.48,20626.98,13079
2025.04.10,11:00,20634.97,20707.47,20614.98,20680.99,5216
2025.04.10,12:15,20623.47,20625.49,20497.97,20565.48,5189
2025.04.10,13:15,20564.98,20761.98,20556.97,20603.98,6619
2025.04.10,14:15,20603.49,20641.48,20563.48,20615.47,5039
2025.04.10,15:15,20614.99,20730.48,20536.97,20584.49,7317
2025.04.10,16:15,20584.97,20648.97,20383.97,20460.97,13118
2025.04.10,17:15,20461.49,20645.99,20460.48,20488.97,11018
2025.04.10,18:15,20488.47,20495.99,20249.99,20278.97,10983
2025.04.10,19:15,20278.47,20477.97,20153.97,20309.98,13395
2025.04.10,20:15,20308.99,20608.49,20262.97,20470.47,11605
2025.04.10,21:15,20469.98,20656.98,20454.99,20571.48,7367
2025.04.11,04:15,20492.52,20703.02,20420.02,20454.52,18192
2025.04.11,05:15,20453.51,20670.03,20413.53,20580.53,13626
2025.04.11,06:15,20579.51,20797.03,20509.51,20795.03,8711
2025.04.11,08:00,20796.01,21107.03,20785.53,21061.51,16860
2025.04.11,09:00,21061.53,21121.01,20848.01,20929.02,13071
2025.04.11,10:00,20930.01,21038.02,20921.03,20937.53,10112
2025.04.11,11:00,20943.52,20947.03,20706.53,20834.53,6706
2025.04.11,12:15,20818.03,21094.03,20758.02,20967.03,8023
2025.04.11,13:15,20966.01,21029.01,20928.02,20981.52,5383
2025.04.11,14:15,20980.52,20987.03,20862.01,20937.53,5138
2025.04.11,15:15,20937.51,20958.03,20823.53,20845.51,6303
2025.04.11,16:15,20846.02,20922.03,20727.51,20800.01,12766
2025.04.11,17:15,20798.01,20835.51,20674.51,20688.03,12387
2025.04.11,18:15,20687.52,20829.53,20663.01,20817.02,9441
2025.04.11,19:15,20817.03,20977.01,20773.51,20947.52,8112
2025.04.11,20:15,20948.03,21054.52,20914.53,21029.52,8398
2025.04.11,21:15,21030.01,21075.52,20994.02,21051.53,5247
2025.04.14,04:15,21392.67,21487.18,21205.68,21487.18,16518
2025.04.14,05:15,21483.18,21516.17,21342.66,21401.16,12245
2025.04.14,06:15,21401.17,21485.67,21372.66,21410.17,4768
2025.04.14,08:00,21422.16,21447.18,21266.16,21361.17,10107
2025.04.14,09:00,21360.68,21395.17,21310.17,21347.16,7124
2025.04.14,10:00,21347.18,21401.18,21312.67,21400.18,5536
2025.04.14,11:00,21399.16,21422.68,21373.16,21403.18,2377
2025.04.14,12:15,21395.17,21423.16,21350.16,21403.16,2781
2025.04.14,13:15,21402.68,21445.17,21368.66,21429.16,2629
2025.04.14,14:15,21428.67,21446.16,21385.16,21398.16,2911
2025.04.14,15:15,21398.66,21462.66,21392.68,21417.16,3459
2025.04.14,16:15,21416.67,21661.17,21373.18,21616.17,12109
2025.04.14,17:15,21617.66,21667.18,21557.66,21563.67,9717
2025.04.14,18:15,21563.66,21569.17,21377.66,21421.17,8557
2025.04.14,19:15,21421.18,21523.66,21411.66,21513.18,8479
2025.04.14,20:15,21513.68,21587.67,21496.16,21533.18,6678
2025.04.14,21:15,21532.17,21580.67,21524.66,21578.67,3229
2025.04.15,04:15,21572.50,21605.48,21344.99,21387.00,13190
2025.04.15,05:15,21386.98,21448.48,21339.98,21359.00,10077
2025.04.15,06:15,21359.48,21454.50,21347.49,21451.00,4538
2025.04.15,08:00,21447.00,21493.00,21358.98,21361.48,8773
2025.04.15,09:00,21360.99,21429.49,21283.99,21412.00,7322
2025.04.15,10:00,21411.49,21471.48,21401.00,21465.99,4464
2025.04.15,11:00,21466.99,21491.98,21389.49,21473.48,2555
2025.04.15,12:15,21467.98,21528.98,21456.98,21521.00,1859
2025.04.15,13:15,21519.99,21558.99,21497.50,21504.48,2540
2025.04.15,14:15,21504.98,21537.98,21470.99,21506.98,3224
2025.04.15,15:15,21507.50,21507.50,21457.99,21477.48,3413
2025.04.15,16:15,21477.98,21499.98,21400.48,21455.98,7858
2025.04.15,17:15,21454.49,21481.49,21376.48,21454.49,8194
2025.04.15,18:15,21454.50,21522.00,21451.48,21515.48,5749
2025.04.15,19:15,21514.99,21522.48,21422.49,21449.99,4177
2025.04.15,20:15,21449.49,21465.99,21427.48,21436.49,4800
2025.04.15,21:15,21436.00,21461.00,21425.48,21445.99,2898
2025.04.16,04:15,21312.18,21359.66,21057.68,21065.18,13280
2025.04.16,05:15,21064.66,21121.68,20954.16,20991.17,9668
2025.04.16,06:15,20994.16,20997.67,20875.68,20916.18,4461
2025.04.16,08:00,20898.67,20970.17,20845.66,20932.16,10713
2025.04.16,09:00,20932.17,21044.67,20914.66,21005.66,7894
2025.04.16,10:00,21006.17,21167.18,20991.16,20993.68,7202
2025.04.16,11:00,20994.67,21259.17,20987.16,21203.67,2967
2025.04.16,12:15,21235.67,21352.16,21215.66,21299.17,4582
2025.04.16,13:15,21299.68,21336.68,21219.66,21312.68,3014
2025.04.16,14:15,21312.66,21325.17,21274.66,21284.18,2517
2025.04.16,15:15,21283.68,21285.67,21195.67,21195.67,3697
2025.04.16,16:15,21196.16,21219.16,21110.68,21168.68,9348
2025.04.16,17:15,21167.68,21224.66,21150.66,21212.67,6386
2025.04.16,18:15,21212.17,21288.16,21201.68,21258.18,5271
2025.04.16,19:15,21258.68,21262.68,21202.66,21213.17,4046
2025.04.16,20:15,21212.17,21225.18,21021.16,21042.17,7430
2025.04.16,21:15,21041.68,21063.67,20995.18,21001.67,4668
2025.04.17,04:15,21137.36,21299.35,21026.35,21260.37,13717
2025.04.17,05:15,21259.86,21344.87,21229.35,21333.85,10010
2025.04.17,06:15,21332.86,21413.86,21317.86,21403.86,4173
2025.04.17,08:00,21399.87,21404.86,21294.86,21302.86,8110
2025.04.17,09:00,21303.87,21369.87,21262.85,21305.35,6068
2025.04.17,10:00,21305.85,21377.86,21303.85,21368.86,4513
2025.04.17,11:00,21368.35,21443.37,21361.87,21418.35,2512
2025.04.17,12:15,21380.87,21402.85,21333.86,21346.37,2568
2025.04.17,13:15,21345.87,21380.85,21334.87,21339.87,2526
2025.04.17,14:15,21338.87,21481.35,21338.35,21361.87,3311
2025.04.17,15:15,21362.86,21426.37,21351.86,21363.37,4412
2025.04.17,16:15,21361.35,21404.86,21250.87,21276.35,9218
2025.04.17,17:15,21277.85,21328.85,21186.86,21230.36,8336
2025.04.17,18:15,21230.35,21267.86,21200.85,21233.37,7275
2025.04.17,19:15,21232.86,21268.87,21212.37,21216.35,5911
2025.04.17,20:15,21217.35,21310.87,21197.36,21301.86,4971
2025.04.17,21:15,21302.37,21326.37,21273.85,21283.37,3909
2025.04.22,04:15,21234.62,21452.10,21178.10,21241.12,14447
2025.04.22,05:15,21242.11,21408.12,21239.60,21354.11,10543
2025.04.22,06:15,21354.60,21405.62,21278.60,21383.12,4805
2025.04.22,08:00,21375.10,21544.62,21363.12,21507.60,8540
2025.04.22,09:00,21507.10,21583.61,21478.12,21500.62,6188
2025.04.22,10:00,21501.10,21535.12,21409.11,21533.10,5913
2025.04.22,11:00,21532.11,21573.62,21525.10,21572.10,2072
2025.04.22,12:15,21554.12,21610.10,21537.62,21549.12,2501
2025.04.22,13:15,21549.61,21557.62,21525.11,21533.10,2080
2025.04.22,14:15,21533.12,21605.60,21517.61,21588.60,2619
2025.04.22,15:15,21589.11,21618.12,21564.12,21611.60,2820
2025.04.22,16:15,21610.61,21612.62,21546.60,21562.10,6379
2025.04.22,17:15,21562.60,21638.12,21544.61,21634.12,4443
2025.04.22,18:15,21635.10,21794.62,21589.62,21789.61,6010
2025.04.22,19:15,21791.10,21857.11,21713.60,21718.11,6921
2025.04.22,20:15,21718.10,21724.12,21631.60,21719.10,6330
2025.04.22,21:15,21719.62,21754.62,21709.60,21751.11,2878
2025.04.23,04:15,22101.11,22173.11,21859.60,21916.10,14223
2025.04.23,05:15,21917.10,22071.60,21885.59,22036.10,9156
2025.04.23,06:15,22035.60,22108.59,22016.59,22082.11,4090
2025.04.23,08:00,22078.60,22144.59,22025.09,22061.60,7216
2025.04.23,09:00,22062.09,22075.61,21995.59,22073.59,5672
2025.04.23,10:00,22073.10,22129.09,22000.59,22044.10,5859
2025.04.23,11:00,22045.61,22158.61,22039.60,22152.61,2475
2025.04.23,12:15,22151.61,22188.59,22125.59,22134.61,2415
2025.04.23,13:15,22133.61,22144.61,22109.60,22139.10,2125
2025.04.23,14:15,22138.11,22139.61,22101.60,22121.61,2384
2025.04.23,15:15,22122.10,22156.11,22112.09,22143.60,2204
2025.04.23,16:15,22143.10,22385.10,22068.09,22279.60,11093
2025.04.23,17:15,22280.11,22330.10,22189.10,22249.11,8495
2025.04.23,18:15,22246.59,22252.59,22084.60,22117.60,6850
2025.04.23,19:15,22118.10,22130.11,22055.10,22101.59,5418
2025.04.23,20:15,22101.09,22104.11,22056.09,22089.60,3890
2025.04.23,21:15,22090.11,22104.10,22044.60,22047.59,2897
2025.04.24,04:15,22051.09,22077.59,21936.58,21982.09,12586
2025.04.24,05:15,21982.08,22018.10,21708.08,21732.58,9806
2025.04.24,06:15,21731.58,21791.08,21716.09,21789.10,4329
2025.04.24,08:00,21784.10,21869.58,21766.09,21817.08,6792
2025.04.24,09:00,21816.58,21839.60,21776.08,21815.59,4987
2025.04.24,10:00,21814.59,21870.59,21807.60,21867.09,4250
2025.04.24,11:00,21867.60,21906.10,21864.58,21895.09,2214
2025.04.24,12:15,21882.08,21952.10,21872.59,21936.58,2237
2025.04.24,13:15,21937.10,21970.60,21930.09,21961.59,2417
2025.04.24,14:15,21961.08,21998.58,21940.58,21976.59,2815
2025.04.24,15:15,21974.59,21997.60,21962.60,21981.10,2841
2025.04.24,16:15,21981.60,22087.10,21945.10,22068.59,6744
2025.04.24,17:15,22069.08,22122.09,22041.60,22099.59,5235
2025.04.24,18:15,22099.08,22115.09,22044.09,22089.09,4080
2025.04.24,19:15,22088.59,22172.09,22086.59,22144.59,3919
2025.04.24,20:15,22144.08,22169.10,22114.08,22159.60,2918
2025.04.24,21:15,22159.09,22174.10,22145.59,22149.09,1896
2025.04.25,04:15,22137.78,22152.28,22001.29,22078.29,12836
2025.04.25,05:15,22077.79,22256.30,22068.29,22225.79,9450
2025.04.25,06:15,22225.28,22272.80,22181.80,22218.28,4792
2025.04.25,08:00,22203.80,22233.30,22073.78,22097.79,8037
2025.04.25,09:00,22097.29,22100.80,22005.80,22065.30,6985
2025.04.25,10:00,22065.80,22090.80,21911.78,21958.80,6346
2025.04.25,11:00,21958.78,22009.28,21953.78,22002.80,1954
2025.04.25,12:15,21969.78,22006.30,21956.28,21977.80,2400
2025.04.25,13:15,21977.79,22048.30,21916.28,21956.30,4019
2025.04.25,14:15,21955.28,21969.30,21937.28,21964.80,2451
2025.04.25,15:15,21965.28,22037.28,21953.80,21998.78,3044
2025.04.25,16:15,21999.30,22085.30,21993.78,22022.79,7144
2025.04.25,17:15,22021.78,22025.30,21950.78,22020.29,5316
2025.04.25,18:15,22021.80,22033.80,21988.79,22033.80,3310
2025.04.25,19:15,22033.29,22070.29,22021.28,22070.29,2357
2025.04.25,20:15,22069.80,22092.30,21981.78,22024.29,4556
2025.04.25,21:15,22023.78,22060.29,22020.28,22048.28,1995
2025.04.28,04:15,22094.29,22113.30,21794.79,21869.78,12328
2025.04.28,05:15,21870.28,21966.29,21865.78,21916.80,7562
2025.04.28,06:15,21917.29,21998.79,21896.79,21987.30,3182
2025.04.28,08:00,21989.28,22045.80,21960.28,21970.80,6317
2025.04.28,09:00,21971.29,22047.30,21971.29,22025.79,5013
2025.04.28,10:00,22026.28,22033.30,21942.28,21962.79,4259
2025.04.28,11:00,21962.28,21981.30,21950.28,21961.80,1445
2025.04.28,12:15,21955.29,22030.28,21955.29,22000.78,1609
2025.04.28,13:15,22000.28,22007.30,21967.78,21971.79,1214
2025.04.28,14:15,21971.29,21988.30,21966.28,21973.29,1610
2025.04.28,15:15,21973.79,22005.30,21971.30,22002.28,1317
2025.04.28,16:15,22001.78,22074.78,21992.78,22024.78,5113
2025.04.28,17:15,22023.79,22053.80,21970.78,21987.30,4075
2025.04.28,18:15,21986.78,21986.78,21932.80,21954.28,3546
2025.04.28,19:15,21953.80,21972.80,21941.80,21960.30,2169
2025.04.28,20:15,21960.78,22004.80,21947.30,21998.29,1304
2025.04.28,21:15,21999.29,22024.30,21972.28,21995.28,1322
2025.04.29,04:15,22127.45,22232.44,21957.44,22220.43,11932
2025.04.29,05:15,22219.43,22249.44,22074.43,22097.44,7590
2025.04.29,06:15,22096.95,22116.44,22034.94,22048.93,3228
2025.04.29,08:00,22050.93,22087.94,21959.45,21988.44,6215
2025.04.29,09:00,21987.94,22026.94,21954.44,21999.93,4790
2025.04.29,10:00,21997.45,22067.44,21988.93,22041.93,4536
2025.04.29,11:00,22040.94,22050.45,22009.43,22034.43,1435
2025.04.29,12:15,22024.43,22024.43,21982.44,21988.94,1440
2025.04.29,13:15,21989.44,22007.43,21954.94,21985.93,1915
2025.04.29,14:15,21985.45,22025.95,21971.93,22019.93,1942
2025.04.29,15:15,22020.44,22059.94,21991.43,22041.94,3313
2025.04.29,16:15,22042.43,22088.94,22029.95,22075.44,6076
2025.04.29,17:15,22075.94,22099.45,22022.43,22053.45,4389
2025.04.29,18:15,22053.93,22064.45,22038.94,22060.45,3266
2025.04.29,19:15,22060.93,22064.43,22023.43,22047.43,2709
2025.04.29,20:15,22048.45,22098.44,22042.93,22083.44,2309
2025.04.29,21:15,22083.95,22090.44,22038.45,22046.93,1651
2025.04.30,04:15,22013.91,22079.42,21850.91,21939.92,11926
2025.04.30,05:15,21939.43,22065.43,21900.41,22055.41,8552
2025.04.30,06:15,22054.92,22090.93,22029.92,22072.43,4094
2025.04.30,08:00,22068.91,22122.93,22019.91,22085.92,6420
2025.04.30,09:00,22084.42,22132.42,22065.92,22087.92,5187
2025.04.30,10:00,22087.91,22147.91,22077.41,22145.93,3527
2025.04.30,11:00,22145.42,22171.43,22113.41,22159.42,2155
2025.04.30,12:15,22152.93,22176.93,22124.42,22138.91,1892
2025.04.30,13:15,22139.41,22151.92,22134.42,22137.91,1628
2025.04.30,14:15,22137.43,22152.43,22123.91,22127.43,1928
2025.04.30,15:15,22127.42,22143.43,22018.93,22029.93,4638
2025.04.30,16:15,22029.43,22056.43,21870.91,21917.41,7247
2025.04.30,17:15,21917.43,21941.93,21882.92,21935.42,5214
2025.04.30,18:15,21934.93,21942.93,21891.42,21919.41,4203
2025.04.30,19:15,21918.92,21934.42,21900.93,21907.41,2887
2025.04.30,20:15,21907.93,22071.43,21907.41,22044.92,4080
2025.04.30,21:15,22046.92,22055.41,21973.92,22010.43,3108
2025.05.02,04:15,22278.71,22460.22,22060.22,22428.72,13423
2025.05.02,05:15,22428.20,22500.70,22370.70,22375.22,7813
2025.05.02,06:15,22375.71,22535.71,22339.71,22518.71,4058
2025.05.02,08:00,22513.70,22546.22,22470.72,22477.70,4524
2025.05.02,09:00,22478.21,22555.72,22413.22,22534.72,4410
2025.05.02,10:00,22532.72,22553.72,22494.21,22517.22,4666
2025.05.02,11:00,22516.72,22545.22,22487.22,22497.22,2242
2025.05.02,12:15,22485.72,22565.71,22484.20,22538.71,2767
2025.05.02,13:15,22538.70,22544.20,22498.20,22517.22,2036
2025.05.02,14:15,22516.21,22562.22,22515.71,22549.21,1955
2025.05.02,15:15,22548.72,22697.22,22530.72,22662.72,4645
2025.05.02,16:15,22662.21,22709.70,22536.72,22583.72,7119
2025.05.02,17:15,22582.20,22597.20,22553.70,22582.70,4334
2025.05.02,18:15,22583.71,22646.71,22504.70,22608.72,4275
2025.05.02,19:15,22608.20,22678.72,22604.20,22646.21,3565
2025.05.02,20:15,22646.71,22695.72,22643.72,22682.72,2493
2025.05.02,21:15,22682.21,22685.72,22644.21,22671.71,1726
2025.05.06,04:15,22652.09,22652.09,22434.08,22633.58,15671
2025.05.06,05:15,22636.57,22673.07,22574.58,22606.09,10199
2025.05.06,06:15,22605.59,22713.08,22602.57,22666.09,3705
2025.05.06,08:00,22665.58,22708.59,22620.58,22669.57,6493
2025.05.06,09:00,22669.07,22740.57,22635.08,22740.57,5318
2025.05.06,10:00,22740.58,22758.07,22641.58,22672.57,4291
2025.05.06,11:00,22673.08,22686.09,22607.07,22618.09,2021
2025.05.06,12:15,22612.07,22653.07,22468.09,22644.09,4731
2025.05.06,13:15,22643.58,22791.57,22634.07,22776.58,4761
2025.05.06,14:15,22776.07,22809.09,22738.07,22800.08,2519
2025.05.06,15:15,22799.57,22905.59,22794.08,22904.07,2583
2025.05.06,16:15,22905.07,22932.07,22832.07,22920.57,5879
2025.05.06,17:15,22921.08,23022.59,22919.57,22995.07,4472
2025.05.06,18:15,22995.57,23000.59,22950.07,22990.07,3214
2025.05.06,19:15,22990.58,22999.07,22915.59,22944.59,3577
2025.05.06,20:15,22945.09,22953.59,22890.07,22897.07,3171
2025.05.06,21:15,22896.58,22928.59,22893.09,22925.57,1576
2025.05.07,04:15,23260.51,23269.53,22998.02,23009.53,16015
2025.05.07,05:15,23008.02,23040.01,22803.03,22803.53,11060
2025.05.07,06:15,22804.03,22824.03,22746.51,22785.51,5100
2025.05.07,08:00,22790.03,22881.01,22770.52,22793.51,8083
2025.05.07,09:00,22793.02,22824.03,22736.53,22806.51,6199
2025.05.07,10:00,22806.01,22841.03,22711.02,22714.01,4192
2025.05.07,11:00,22713.02,22732.01,22650.02,22689.53,2022
2025.05.07,12:15,22682.02,22697.03,22624.03,22657.52,2428
2025.05.07,13:15,22658.53,22696.52,22645.01,22696.52,1872
2025.05.07,14:15,22698.03,22709.53,22678.51,22695.02,1643
2025.05.07,15:15,22695.01,22711.03,22637.01,22652.52,2298
2025.05.07,16:15,22651.53,22675.53,22539.01,22569.03,6548
2025.05.07,17:15,22569.51,22632.52,22558.01,22609.02,4225
2025.05.07,18:15,22609.52,22620.02,22578.01,22591.01,3347
2025.05.07,19:15,22590.52,22625.03,22576.01,22623.51,2316
2025.05.07,20:15,22624.51,22627.01,22531.52,22537.02,3613
2025.05.07,21:15,22536.52,22620.03,22527.02,22581.53,4620
2025.05.08,04:15,22647.03,22833.53,22587.52,22775.03,13540
2025.05.08,05:15,22775.53,22967.03,22772.02,22938.54,10706
2025.05.08,06:15,22937.53,22985.03,22927.03,22954.02,4312
2025.05.08,08:00,22952.03,22952.03,22799.04,22854.03,7460
2025.05.08,09:00,22853.54,22872.54,22763.52,22768.03,4652
2025.05.08,10:00,22768.02,22795.54,22720.54,22761.03,3766
2025.05.08,11:00,22759.04,22827.53,22747.02,22827.53,1601
2025.05.08,12:15,22810.04,22835.03,22780.04,22786.54,1734
2025.05.08,13:15,22786.52,22799.52,22763.03,22793.04,1481
2025.05.08,14:15,22791.54,22834.03,22773.53,22831.53,1625
2025.05.08,15:15,22832.04,22839.04,22781.02,22824.53,2779
2025.05.08,16:15,22822.53,22828.02,22676.02,22725.54,5834
2025.05.08,17:15,22724.52,22741.03,22668.02,22705.02,4649
2025.05.08,18:15,22705.52,22862.54,22700.02,22803.53,5362
2025.05.08,19:15,22802.54,22876.03,22797.04,22836.53,3137
2025.05.08,20:15,22836.02,22852.54,22811.52,22817.04,2617
2025.05.08,21:15,22817.53,22828.52,22792.53,22814.52,1436
2025.05.09,04:15,22861.55,22900.55,22738.53,22814.55,11719
2025.05.09,05:15,22815.55,22867.04,22679.03,22734.04,9313
2025.05.09,06:15,22733.53,22770.05,22711.04,22764.55,3353
2025.05.09,08:00,22762.54,22857.55,22747.53,22855.05,5650
2025.05.09,09:00,22855.55,22869.54,22797.04,22809.05,4388
2025.05.09,10:00,22808.54,22865.53,22793.04,22855.55,3268
2025.05.09,11:00,22856.04,22884.53,22845.54,22874.53,1429
2025.05.09,12:15,22866.55,22930.54,22866.55,22918.55,1699
2025.05.09,13:15,22917.55,22955.05,22907.54,22955.03,1400
2025.05.09,14:15,22955.54,22968.04,22863.54,22935.05,3273
2025.05.09,15:15,22935.03,22983.54,22931.54,22975.04,1933
2025.05.09,16:15,22975.05,22983.04,22886.03,22890.54,4913
2025.05.09,17:15,22890.04,22918.05,22874.03,22896.03,4349
2025.05.09,18:15,22896.54,22900.05,22826.53,22841.53,3400
2025.05.09,19:15,22841.55,22861.04,22814.04,22816.05,2746
2025.05.09,20:15,22815.04,22856.05,22799.03,22846.04,2697
2025.05.09,21:15,22845.03,22851.05,22829.05,22843.55,1528
2025.05.12,04:15,23240.40,23261.42,23009.92,23216.41,14561
2025.05.12,05:15,23215.41,23251.92,22985.40,22998.42,9644
2025.05.12,06:15,22998.40,23084.41,22978.41,23080.92,3482
2025.05.12,08:00,23118.42,23177.91,23091.41,23168.41,4903
2025.05.12,09:00,23168.42,23223.90,23118.42,23177.41,6547
2025.05.12,10:00,23176.90,23711.90,23176.90,23586.40,17854
2025.05.12,11:00,23591.41,23591.41,23454.41,23487.42,3620
2025.05.12,12:15,23487.41,23589.42,23468.40,23468.40,3579
2025.05.12,13:15,23468.90,23513.42,23439.40,23512.40,3530
2025.05.12,14:15,23511.42,23511.42,23436.91,23465.90,3295
2025.05.12,15:15,23465.41,23536.92,23452.40,23534.40,2926
2025.05.12,16:15,23534.90,23580.92,23392.90,23448.41,8796
2025.05.12,17:15,23447.92,23483.92,23364.91,23465.91,6194
2025.05.12,18:15,23466.92,23486.40,23429.90,23470.90,4508
2025.05.12,19:15,23470.42,23509.90,23453.92,23487.92,2703
2025.05.12,20:15,23487.41,23497.41,23465.90,23472.90,2092
2025.05.12,21:15,23472.41,23492.90,23471.40,23488.40,1472
2025.05.13,04:15,23455.55,23492.05,23217.56,23228.06,12755
2025.05.13,05:15,23228.57,23290.07,23174.05,23178.05,8008
2025.05.13,06:15,23177.07,23193.05,23129.56,23148.57,3361
2025.05.13,08:00,23146.07,23237.05,23127.56,23231.05,5698
2025.05.13,09:00,23232.05,23238.05,23141.55,23141.57,4237
2025.05.13,10:00,23142.05,23151.56,23076.05,23093.05,3937
2025.05.13,11:00,23093.55,23125.05,23088.06,23119.07,1906
2025.05.13,12:15,23112.55,23112.55,23049.07,23087.57,2276
2025.05.13,13:15,23087.56,23126.57,23071.06,23126.56,1936
2025.05.13,14:15,23126.55,23194.06,23118.07,23190.55,2503
2025.05.13,15:15,23190.05,23257.07,23175.06,23191.55,3829
2025.05.13,16:15,23191.05,23288.57,23168.55,23266.07,6584
2025.05.13,17:15,23265.05,23358.07,23239.56,23347.55,5507
2025.05.13,18:15,23348.07,23388.55,23340.07,23378.05,3493
2025.05.13,19:15,23378.06,23410.07,23358.56,23385.05,2386
2025.05.13,20:15,23385.56,23404.07,23360.05,23368.57,2408
2025.05.13,21:15,23368.07,23381.07,23346.55,23380.07,1559
2025.05.14,04:15,23308.33,23436.83,23277.31,23423.83,13018
2025.05.14,05:15,23423.31,23455.83,23301.32,23406.83,9006
2025.05.14,06:15,23406.33,23464.83,23404.31,23445.33,3934
2025.05.14,08:00,23450.32,23599.33,23431.32,23516.32,10440
2025.05.14,09:00,23517.31,23602.31,23494.31,23598.33,6878
2025.05.14,10:00,23601.32,23633.33,23554.31,23626.33,5107
2025.05.14,11:00,23627.32,23646.83,23588.81,23602.82,2226
2025.05.14,12:15,23621.33,23706.31,23568.83,23584.81,3287
2025.05.14,13:15,23584.83,23622.33,23575.32,23604.31,1874
2025.05.14,14:15,23603.31,23657.83,23593.81,23639.82,2020
2025.05.14,15:15,23639.81,23699.33,23625.82,23680.33,2368
2025.05.14,16:15,23677.32,23721.83,23577.31,23628.83,6744
2025.05.14,17:15,23628.81,23692.31,23615.81,23633.31,4928
2025.05.14,18:15,23633.83,23698.31,23627.83,23658.81,3606
2025.05.14,19:15,23658.31,23672.32,23597.81,23639.33,3165
2025.05.14,20:15,23639.83,23646.81,23604.81,23618.32,2639
2025.05.14,21:15,23617.32,23646.33,23605.31,23634.33,2053
2025.05.15,04:15,23633.50,23643.01,23493.49,23626.99,11425
2025.05.15,05:15,23627.51,23712.49,23578.01,23579.51,9401
2025.05.15,06:15,23578.49,23595.00,23554.01,23583.50,2807
2025.05.15,08:00,23580.50,23580.51,23430.50,23437.99,6992
2025.05.15,09:00,23437.51,23479.01,23403.50,23441.51,5810
2025.05.15,10:00,23440.99,23459.99,23374.49,23418.99,3898
2025.05.15,11:00,23418.51,23450.49,23411.00,23448.50,1580
2025.05.15,12:15,23419.50,23487.99,23333.01,23346.49,3786
2025.05.15,13:15,23346.99,23395.50,23335.99,23389.49,2293
2025.05.15,14:15,23390.99,23393.01,23351.00,23363.00,1898
2025.05.15,15:15,23363.51,23426.01,23343.49,23399.49,3077
2025.05.15,16:15,23400.01,23400.01,23250.50,23260.50,7355
2025.05.15,17:15,23261.01,23266.01,23192.51,23261.00,5714
2025.05.15,18:15,23261.49,23304.01,23244.01,23277.00,3986
2025.05.15,19:15,23278.01,23290.01,23254.99,23267.99,2379
2025.05.15,20:15,23268.00,23298.51,23264.49,23293.51,2336
2025.05.15,21:15,23292.99,23299.00,23279.99,23292.99,1983
2025.05.16,04:15,23239.33,23331.83,23196.31,23228.33,12270
2025.05.16,05:15,23227.83,23295.83,23179.32,23279.32,8491
2025.05.16,06:15,23278.82,23303.31,23267.31,23278.82,2521
2025.05.16,08:00,23274.82,23366.81,23265.83,23301.82,5836
2025.05.16,09:00,23300.83,23362.83,23284.31,23349.31,4502
2025.05.16,10:00,23349.82,23379.83,23329.83,23374.31,3434
2025.05.16,11:00,23373.82,23375.82,23295.81,23318.82,1903
2025.05.16,12:15,23305.82,23346.81,23303.32,23336.83,1689
2025.05.16,13:15,23337.33,23348.32,23320.83,23326.81,1216
2025.05.16,14:15,23327.31,23332.31,23293.81,23299.82,1282
2025.05.16,15:15,23298.82,23317.33,23274.32,23295.83,1615
2025.05.16,16:15,23296.31,23318.81,23237.32,23309.32,5454
2025.05.16,17:15,23309.33,23319.33,23246.82,23268.81,4073
2025.05.16,18:15,23268.31,23287.32,23249.31,23256.81,2723
2025.05.16,19:15,23257.31,23296.32,23256.81,23294.83,1993
2025.05.16,20:15,23294.81,23310.33,23275.33,23301.31,2034
2025.05.16,21:15,23301.82,23319.83,23293.81,23312.32,1441
2025.05.19,04:15,23172.28,23224.28,23042.29,23160.80,12955
2025.05.19,05:15,23163.28,23277.30,23152.78,23228.80,8595
2025.05.19,06:15,23227.29,23273.30,23192.28,23223.78,3309
2025.05.19,08:00,23214.30,23318.29,23213.78,23294.28,5085
2025.05.19,09:00,23293.79,23378.79,23284.29,23287.28,5074
2025.05.19,10:00,23286.28,23402.79,23284.78,23325.29,3787
2025.05.19,11:00,23325.78,23334.80,23298.78,23317.28,1476
2025.05.19,12:15,23307.80,23324.80,23269.30,23296.30,1462
2025.05.19,13:15,23295.78,23313.79,23262.79,23288.78,1479
2025.05.19,14:15,23288.30,23321.79,23283.79,23317.29,1394
2025.05.19,15:15,23316.80,23316.80,23245.29,23249.29,1997
2025.05.19,16:15,23248.78,23309.79,23240.79,23305.29,5094
2025.05.19,17:15,23305.80,23373.80,23295.29,23368.29,2831
2025.05.19,18:15,23368.80,23433.28,23364.30,23415.29,3053
2025.05.19,19:15,23414.79,23438.29,23407.79,23427.78,1790
2025.05.19,20:15,23427.80,23437.80,23396.28,23399.79,1662
2025.05.19,21:15,23400.30,23427.30,23393.79,23427.30,944
2025.05.20,04:15,23427.73,23601.25,23335.73,23536.74,11070
2025.05.20,05:15,23537.23,23615.25,23466.23,23613.73,6766
2025.05.20,06:15,23612.75,23666.25,23605.73,23637.24,3339
2025.05.20,08:00,23635.24,23680.25,23602.73,23648.23,5970
2025.05.20,09:00,23649.23,23710.23,23637.25,23649.23,4391
2025.05.20,10:00,23648.73,23705.75,23627.24,23678.74,3139
2025.05.20,11:00,23678.24,23685.25,23643.23,23663.25,1409
2025.05.20,12:15,23657.24,23678.23,23643.24,23645.23,1278
2025.05.20,13:15,23644.75,23664.75,23633.24,23660.24,1263
2025.05.20,14:15,23660.23,23724.73,23658.23,23697.73,1422
2025.05.20,15:15,23696.75,23723.24,23681.75,23687.25,2065
2025.05.20,16:15,23687.75,23728.74,23665.23,23702.24,5158
2025.05.20,17:15,23702.75,23710.75,23647.23,23680.74,3687
2025.05.20,18:15,23681.23,23703.75,23665.25,23699.75,2311
2025.05.20,19:15,23700.23,23743.25,23686.23,23742.25,1684
2025.05.20,20:15,23741.75,23765.74,23721.23,23760.23,1700
2025.05.20,21:15,23758.75,23761.25,23687.23,23692.74,2186
2025.05.21,04:15,23699.81,23887.31,23678.30,23795.80,11230
2025.05.21,05:15,23795.30,23885.30,23745.30,23838.31,8501
2025.05.21,06:15,23839.29,23864.29,23787.80,23802.80,3067
2025.05.21,08:00,23786.30,23924.31,23774.30,23783.29,7408
2025.05.21,09:00,23782.80,23795.81,23746.29,23768.31,4511
2025.05.21,10:00,23768.81,23811.31,23740.79,23807.31,2948
2025.05.21,11:00,23806.79,23836.29,23798.79,23818.31,1568
2025.05.21,12:15,23796.31,23807.31,23775.30,23804.31,1926
2025.05.21,13:15,23805.29,23834.80,23801.81,23825.29,1778
2025.05.21,14:15,23825.79,23832.81,23794.80,23816.31,1372
2025.05.21,15:15,23816.80,23886.30,23814.81,23869.81,2525
2025.05.21,16:15,23870.30,23910.30,23779.29,23807.31,6367
2025.05.21,17:15,23807.81,23815.31,23764.79,23800.29,3951
2025.05.21,18:15,23800.81,23811.80,23768.81,23791.29,2784
2025.05.21,19:15,23791.80,23840.81,23776.79,23820.29,1921
2025.05.21,20:15,23821.31,23821.79,23692.31,23707.31,6091
2025.05.21,21:15,23705.81,23719.30,23668.30,23681.80,2659
2025.05.22,04:15,23760.79,23774.30,23618.80,23684.80,11173
2025.05.22,05:15,23682.80,23754.81,23593.81,23686.31,8227
2025.05.22,06:15,23685.80,23750.80,23666.30,23691.31,3371
2025.05.22,08:00,23687.29,23687.29,23567.80,23639.80,7133
2025.05.22,09:00,23639.30,23642.80,23534.29,23537.31,4667
2025.05.22,10:00,23537.79,23567.30,23460.79,23503.79,4272
2025.05.22,11:00,23503.29,23555.81,23493.81,23541.81,1631
2025.05.22,12:15,23532.80,23540.80,23477.80,23497.80,1650
2025.05.22,13:15,23495.81,23521.31,23484.81,23495.79,1342
2025.05.22,14:15,23495.29,23504.79,23458.29,23461.81,1968
2025.05.22,15:15,23462.29,23536.81,23461.80,23514.31,2338
2025.05.22,16:15,23514.79,23529.29,23441.79,23478.31,5438
2025.05.22,17:15,23477.80,23523.30,23476.29,23496.81,3878
2025.05.22,18:15,23496.30,23546.81,23487.81,23543.30,3007
2025.05.22,19:15,23543.80,23549.81,23493.81,23497.30,2486
2025.05.22,20:15,23497.80,23548.29,23496.79,23545.79,2157
2025.05.22,21:15,23546.80,23550.29,23529.29,23531.31,1427
2025.05.23,04:15,23543.17,23660.69,23489.67,23647.18,10460
2025.05.23,05:15,23646.69,23744.68,23580.18,23715.68,8664
2025.05.23,06:15,23714.67,23728.67,23672.19,23696.18,3195
2025.05.23,08:00,23682.68,23748.69,23630.68,23630.68,6279
2025.05.23,09:00,23630.19,23630.68,23480.67,23490.68,8515
2025.05.23,10:00,23491.18,23572.67,23485.18,23560.17,4402
2025.05.23,11:00,23561.19,23602.17,23557.69,23584.17,1504
2025.05.23,12:15,23580.69,23608.18,23542.68,23580.69,2023
2025.05.23,13:15,23581.19,23600.69,23572.18,23572.67,1156
2025.05.23,14:15,23572.18,23583.67,23312.19,23324.17,7671
2025.05.23,15:15,23323.19,23413.19,23302.67,23351.68,4883
2025.05.23,16:15,23351.67,23532.17,23337.68,23528.19,7496
2025.05.23,17:15,23528.67,23537.18,23484.69,23490.19,4749
2025.05.23,18:15,23489.68,23512.67,23451.68,23472.67,3411
2025.05.23,19:15,23472.17,23517.18,23461.69,23515.68,2008
2025.05.23,20:15,23515.18,23543.69,23513.18,23543.17,2006
2025.05.23,21:15,23542.68,23544.19,23502.17,23515.69,1820
2025.05.26,04:15,23588.61,23594.61,23384.11,23517.60,13374
2025.05.26,05:15,23518.60,23559.11,23365.11,23379.61,8589
2025.05.26,06:15,23380.10,23385.62,23301.61,23358.12,4366
2025.05.26,08:00,23358.12,23369.62,23268.11,23300.60,7402
2025.05.26,09:00,23300.11,23331.62,23264.10,23307.61,6055
2025.05.26,10:00,23308.10,23319.60,23216.62,23239.62,4649
2025.05.26,11:00,23240.10,23273.62,23220.10,23229.62,1913
2025.05.27,04:15,23189.48,23354.99,23164.98,23349.97,12044
2025.05.27,05:15,23350.49,23353.47,23189.48,23223.48,8521
2025.05.27,06:15,23224.48,23236.97,23141.98,23217.98,4048
2025.05.27,08:00,23218.47,23319.48,23196.97,23318.98,7632
2025.05.27,09:00,23319.49,23390.47,23311.47,23340.98,7128
2025.05.27,10:00,23340.48,23386.48,23330.48,23384.97,4617
2025.05.27,11:00,23385.47,23389.99,23301.97,23303.99,2359
2025.05.27,12:15,23309.48,23391.49,23309.48,23357.99,2091
2025.05.27,13:15,23357.49,23376.49,23300.97,23333.49,2373
2025.05.27,14:15,23333.97,23355.98,23326.99,23336.48,1760
2025.05.27,15:15,23335.97,23382.99,23324.97,23360.49,2139
2025.05.27,16:15,23359.99,23372.48,23307.98,23358.48,5121
2025.05.27,17:15,23358.99,23380.99,23324.49,23334.98,3502
2025.05.27,18:15,23334.49,23353.49,23314.47,23344.49,2487
2025.05.27,19:15,23343.47,23353.49,23330.49,23334.97,1949
2025.05.27,20:15,23334.49,23346.97,23311.48,23345.49,1625
2025.05.27,21:15,23345.98,23352.99,23336.97,23350.48,1140
2025.05.28,04:15,23341.35,23435.36,23273.34,23284.85,10293
2025.05.28,05:15,23285.34,23296.36,23218.84,23221.86,6886
2025.05.28,06:15,23222.35,23244.36,23187.34,23212.35,3103
2025.05.28,08:00,23207.86,23254.86,23148.34,23186.35,6079
2025.05.28,09:00,23184.84,23193.35,23132.36,23179.36,4904
2025.05.28,10:00,23179.84,23251.85,23179.84,23189.36,3947
2025.05.28,11:00,23190.86,23240.35,23182.36,23231.84,1707
2025.05.28,12:15,23208.35,23225.35,23178.36,23211.34,1663
2025.05.28,13:15,23210.86,23241.86,23201.35,23202.86,1391
2025.05.28,14:15,23202.34,23218.86,23179.86,23203.86,1357
2025.05.28,15:15,23204.84,23208.85,23162.85,23163.84,1707
2025.05.28,16:15,23163.34,23165.35,23109.36,23133.85,4302
2025.05.28,17:15,23134.35,23137.85,23069.86,23071.35,3144
2025.05.28,18:15,23071.84,23114.86,23071.84,23088.84,2337
2025.05.28,19:15,23087.84,23115.35,23075.36,23112.86,1492
2025.05.28,20:15,23112.85,23120.86,23093.84,23110.86,805
2025.05.28,21:15,23111.35,23128.84,23090.34,23122.35,1082
2025.05.29,04:15,23306.28,23396.78,23201.28,23293.77,13042
2025.05.29,05:15,23293.28,23403.28,23283.77,23333.79,10670
2025.05.29,06:15,23331.77,23454.77,23315.77,23427.29,5608
2025.05.29,08:00,23427.28,23556.29,23403.28,23477.79,9553
2025.05.29,09:00,23476.78,23505.79,23403.78,23504.79,6773
2025.05.29,10:00,23503.77,23606.29,23500.77,23579.77,5972
2025.05.29,11:00,23579.28,23595.78,23482.78,23490.29,1812
2025.05.29,12:15,23486.77,23518.27,23483.77,23492.27,1948
2025.05.29,13:15,23492.77,23498.29,23394.79,23427.29,1980
2025.05.29,14:15,23426.78,23446.29,23391.77,23434.27,2187
2025.05.29,15:15,23434.79,23459.77,23416.27,23446.79,2545
2025.05.29,16:15,23445.78,23474.29,23321.78,23339.28,6106
2025.05.29,17:15,23339.78,23351.79,23295.27,23329.27,4783
2025.05.29,18:15,23329.77,23350.77,23282.78,23323.78,4299
2025.05.29,19:15,23324.29,23355.29,23324.28,23351.29,3126
2025.05.29,20:15,23351.77,23369.79,23345.27,23359.28,3109
2025.05.29,21:15,23359.77,23362.29,23331.77,23336.28,1598
2025.05.30,04:15,23296.48,23358.48,23182.47,23210.96,11022
2025.05.30,05:15,23210.98,23254.97,23148.47,23223.47,7373
2025.05.30,06:15,23223.46,23237.97,23165.96,23218.96,3084
2025.05.30,08:00,23216.47,23256.47,23193.97,23210.46,5573
2025.05.30,09:00,23208.97,23233.47,23182.46,23216.48,4404
2025.05.30,10:00,23215.96,23250.46,23153.96,23244.97,4509
2025.05.30,11:00,23243.97,23326.48,23243.97,23315.97,2235
2025.05.30,12:15,23301.47,23316.48,23281.47,23284.47,1622
2025.05.30,13:15,23284.46,23351.48,23283.48,23330.96,1347
2025.05.30,14:15,23331.48,23336.96,23132.47,23176.46,2672
2025.05.30,15:15,23174.46,23196.48,23134.96,23142.47,4271
2025.05.30,16:15,23141.96,23162.98,23084.48,23127.46,5435
2025.05.30,17:15,23126.48,23160.98,23091.48,23124.97,3694
2025.05.30,18:15,23125.97,23130.46,23077.96,23101.46,3338
2025.05.30,19:15,23100.98,23105.47,22941.46,23006.47,6330
2025.05.30,20:15,23005.47,23015.46,22981.47,23002.47,3306
2025.05.30,21:15,23000.96,23051.47,22992.47,23042.96,2798
2025.06.02,04:15,23018.46,23067.96,22655.44,22684.44,11672
2025.06.02,05:15,22684.96,22765.46,22670.94,22702.95,6228
2025.06.02,06:15,22702.96,22761.96,22648.46,22748.95,3433
2025.06.02,08:00,22748.94,22921.94,22748.94,22897.45,5969
2025.06.02,09:00,22896.94,23041.45,22885.44,23032.95,4889
2025.06.02,10:00,23032.94,23156.45,23030.94,23129.95,6841
2025.06.02,11:00,23130.94,23183.45,23112.46,23161.45,2539
2025.06.02,12:15,23117.95,23210.96,23117.95,23153.94,2775
2025.06.02,13:15,23154.46,23190.96,23148.95,23181.94,1921
2025.06.02,14:15,23182.95,23210.96,23172.94,23181.94,1713
2025.06.02,15:15,23182.46,23208.45,23169.94,23189.95,1779
2025.06.02,16:15,23187.96,23213.96,23104.95,23132.44,5636
2025.06.02,17:15,23133.44,23258.95,23124.94,23230.94,4484
2025.06.02,18:15,23231.46,23243.95,23208.94,23217.94,2923
2025.06.02,19:15,23217.44,23242.96,23204.44,23237.45,1957
2025.06.02,20:15,23237.96,23243.96,23219.94,23239.45,1903
2025.06.02,21:15,23240.94,23277.96,23240.94,23273.94,1207
2025.06.03,04:15,23245.90,23485.40,23222.39,23409.90,12721
2025.06.03,05:15,23410.41,23538.39,23394.40,23513.89,9255
2025.06.03,06:15,23514.41,23517.91,23400.39,23423.91,3776
2025.06.03,08:00,23419.41,23480.39,23375.41,23474.91,6684
2025.06.03,09:00,23474.39,23513.41,23458.91,23500.40,4726
2025.06.03,10:00,23501.40,23549.91,23475.40,23495.39,4934
2025.06.03,11:00,23494.91,23530.41,23476.91,23501.41,2084
2025.06.03,12:15,23516.41,23535.90,23497.39,23514.91,1891
2025.06.03,13:15,23512.89,23531.41,23501.89,23504.91,1511
2025.06.03,14:15,23504.40,23505.39,23472.40,23483.90,1939
2025.06.03,15:15,23482.90,23545.89,23479.90,23539.41,2215
2025.06.03,16:15,23540.40,23541.40,23403.89,23427.89,5422
2025.06.03,17:15,23427.40,23509.90,23420.39,23477.91,3664
2025.06.03,18:15,23477.40,23519.41,23455.39,23512.91,2807
2025.06.03,19:15,23511.89,23523.39,23500.91,23514.91,1683
2025.06.03,20:15,23515.89,23542.41,23514.89,23526.41,1729
2025.06.03,21:15,23525.90,23536.91,23517.89,23536.89,1371
2025.06.04,04:15,23518.75,23714.23,23477.23,23643.75,12151
2025.06.04,05:15,23643.24,23682.74,23583.73,23652.25,7883
2025.06.04,06:15,23651.74,23718.75,23646.75,23692.74,3653
2025.06.04,08:00,23685.75,23727.24,23612.73,23680.74,6486
2025.06.04,09:00,23681.25,23692.75,23603.23,23645.25,5518
2025.06.04,10:00,23645.73,23653.74,23615.73,23640.23,3495
2025.06.04,11:00,23640.25,23675.23,23635.73,23668.74,1727
2025.06.04,12:15,23654.73,23675.23,23645.24,23655.73,1641
2025.06.04,13:15,23654.74,23673.25,23649.23,23664.24,1311
2025.06.04,14:15,23663.73,23678.74,23645.24,23667.23,1787
2025.06.04,15:15,23667.24,23688.75,23651.24,23672.75,2530
2025.06.04,16:15,23673.24,23744.73,23638.73,23731.23,5637
2025.06.04,17:15,23731.74,23798.25,23728.73,23797.73,3824
2025.06.04,18:15,23797.25,23825.25,23753.25,23781.25,4205
2025.06.04,19:15,23781.73,23797.75,23762.23,23791.75,2343
2025.06.04,20:15,23791.24,23806.75,23784.25,23791.75,1651
2025.06.04,21:15,23792.24,23798.25,23778.74,23788.73,1150
2025.06.05,04:15,23813.26,23924.76,23809.74,23897.74,12161
2025.06.05,05:15,23896.75,23932.76,23833.25,23873.76,9713
2025.06.05,06:15,23873.74,23879.76,23752.75,23764.25,4388
2025.06.05,08:00,23760.25,23805.75,23734.74,23794.75,6794
2025.06.05,09:00,23794.26,23858.24,23772.74,23855.74,5451
2025.06.05,10:00,23856.26,23913.24,23851.24,23907.74,4733
2025.06.05,11:00,23908.26,23926.76,23889.25,23926.76,1574
2025.06.05,12:15,23914.75,23942.75,23907.75,23919.75,1689
2025.06.05,13:15,23919.24,23932.26,23866.74,23868.76,1718
2025.06.05,14:15,23869.24,23896.76,23867.74,23887.25,1531
2025.06.05,15:15,23886.75,24049.76,23880.75,23996.75,4646
2025.06.05,16:15,23996.26,24027.26,23844.26,23855.26,7359
2025.06.05,17:15,23856.76,24086.74,23842.75,24047.75,6622
2025.06.05,18:15,24047.24,24050.26,23946.75,23984.76,4068
2025.06.05,19:15,23984.25,24008.76,23929.74,23967.75,3674
2025.06.05,20:15,23968.76,23984.76,23944.24,23950.26,2605
2025.06.05,21:15,23950.25,23963.24,23918.24,23950.74,2224
2025.06.06,04:15,23927.31,23955.81,23816.81,23838.31,11545
2025.06.06,05:15,23838.82,23858.33,23774.81,23850.32,7422
2025.06.06,06:15,23850.83,23868.33,23788.33,23853.83,3201
2025.06.06,08:00,23851.83,23886.81,23789.81,23809.82,5648
2025.06.06,09:00,23808.33,23870.83,23775.81,23867.31,4680
2025.06.06,10:00,23865.82,23867.83,23762.83,23822.32,4902
2025.06.06,11:00,23820.83,23838.33,23796.82,23814.32,1937
2025.06.06,12:15,23808.81,23813.82,23776.82,23797.33,1960
2025.06.06,13:15,23797.32,23797.82,23764.82,23766.33,1505
2025.06.06,14:15,23766.82,23797.83,23766.32,23776.32,1782
2025.06.06,15:15,23776.81,23823.33,23768.81,23813.81,4178
2025.06.06,16:15,23811.83,23837.33,23759.83,23788.31,5630
2025.06.06,17:15,23788.32,23815.31,23764.82,23785.81,3830
2025.06.06,18:15,23785.33,23811.82,23747.81,23799.83,2898
2025.06.06,19:15,23800.33,23809.83,23781.33,23804.82,1988
2025.06.06,20:15,23804.83,23833.33,23800.32,23831.32,1438
2025.06.06,21:15,23831.83,23921.83,23830.83,23900.82,2096
2025.06.09,04:15,23936.16,24136.18,23936.16,24133.68,13186
2025.06.09,05:15,24133.17,24184.17,24096.16,24103.68,9510
2025.06.09,06:15,24104.67,24111.17,24009.16,24041.66,4679
2025.06.09,08:00,24041.66,24070.16,23991.17,24070.16,7273
2025.06.09,09:00,24070.67,24122.67,24046.16,24113.68,5455
2025.06.09,10:00,24113.16,24178.67,24109.17,24173.17,4141
2025.06.09,11:00,24173.68,24197.18,24123.17,24154.67,1926
2025.06.09,12:15,24151.68,24176.18,24142.18,24172.66,1555
2025.06.09,13:15,24173.18,24177.67,24151.66,24156.68,1275
2025.06.09,14:15,24157.68,24167.68,24143.66,24145.17,1326
2025.06.09,15:15,24145.67,24145.67,24095.66,24100.16,1716
2025.06.09,16:15,24100.17,24123.18,24070.18,24096.68,4617
2025.06.09,17:15,24095.68,24172.66,24095.16,24171.18,3578
2025.06.09,18:15,24171.67,24202.18,24154.67,24159.68,2515
2025.06.09,19:15,24159.18,24192.16,24153.68,24188.16,1735
2025.06.09,20:15,24187.18,24215.18,24182.66,24207.18,1513
2025.06.09,21:15,24206.68,24221.68,24203.68,24215.17,1046
2025.06.10,04:15,24196.48,24283.97,24146.46,24277.96,12011
2025.06.10,05:15,24276.48,24296.96,24206.98,24239.46,8002
2025.06.10,06:15,24239.96,24267.48,24210.47,24262.47,3120
2025.06.10,08:00,24256.47,24282.98,24003.46,24110.46,11880
2025.06.10,09:00,24110.96,24156.96,24063.47,24123.48,6840
2025.06.10,10:00,24121.47,24154.98,24088.47,24148.97,5050
2025.06.10,11:00,24147.97,24168.48,24115.98,24150.97,1939
2025.06.10,12:15,24148.47,24160.48,24118.46,24152.46,1834
2025.06.10,13:15,24152.48,24178.48,24148.97,24168.46,1451
2025.06.10,14:15,24168.98,24219.96,24168.98,24207.46,1599
2025.06.10,15:15,24206.46,24230.98,24193.96,24226.48,1677
2025.06.10,16:15,24226.96,24249.46,24167.96,24177.47,4770
2025.06.10,17:15,24175.96,24190.47,24112.96,24138.48,3303
2025.06.10,18:15,24137.48,24139.98,24085.96,24111.98,2554
2025.06.10,19:15,24112.97,24146.48,24105.97,24146.48,1615
2025.06.10,20:15,24146.47,24163.47,24127.96,24151.48,2182
2025.06.10,21:15,24150.48,24196.96,24147.47,24191.96,1213
2025.06.11,04:15,24220.40,24385.40,24170.39,24364.91,11808
2025.06.11,05:15,24366.91,24414.91,24304.89,24355.90,9039
2025.06.11,06:15,24355.91,24432.40,24353.40,24419.41,3656
2025.06.11,08:00,24415.91,24445.91,24383.41,24401.39,6314
2025.06.11,09:00,24401.91,24456.89,24393.41,24398.89,5429
2025.06.11,10:00,24398.91,24405.40,24358.90,24371.91,3975
2025.06.11,11:00,24371.89,24393.41,24347.39,24392.41,1749
2025.06.11,12:15,24376.89,24389.39,24360.40,24387.90,1560
2025.06.11,13:15,24387.91,24387.91,24360.40,24362.91,1368
2025.06.11,14:15,24362.39,24411.41,24311.90,24335.91,2721
2025.06.11,15:15,24336.91,24448.40,24319.39,24403.90,5232
2025.06.11,16:15,24404.39,24410.90,24292.40,24336.41,5364
2025.06.11,17:15,24336.90,24359.91,24310.89,24325.90,3510
2025.06.11,18:15,24326.89,24377.91,24321.90,24353.41,3003
2025.06.11,19:15,24352.39,24362.40,24323.90,24357.41,2463
2025.06.11,20:15,24356.91,24364.41,24316.40,24316.40,2150
2025.06.11,21:15,24315.90,24317.39,24293.90,24303.40,3066
2025.06.12,04:15,24258.19,24269.19,24158.18,24201.69,11346
2025.06.12,05:15,24202.67,24294.17,24190.19,24250.19,7101
2025.06.12,06:15,24251.68,24271.19,24222.18,24252.69,3100
2025.06.12,08:00,24249.67,24255.19,24113.17,24149.67,7160
2025.06.12,09:00,24147.18,24174.18,24129.67,24150.18,5052
2025.06.12,10:00,24150.69,24173.68,23998.69,24016.17,5239
2025.06.12,11:00,24016.19,24078.19,24014.17,24072.19,2195
2025.06.12,12:15,24102.67,24110.67,24055.18,24072.68,2326
2025.06.12,13:15,24073.19,24128.19,24065.18,24116.17,2271
2025.06.12,14:15,24115.19,24132.19,24103.17,24130.19,1931
2025.06.12,15:15,24131.18,24184.67,24116.67,24166.18,2998
2025.06.12,16:15,24165.18,24201.69,24120.68,24181.68,4430
2025.06.12,17:15,24181.17,24201.69,24166.17,24176.68,3065
2025.06.12,18:15,24176.17,24189.19,24145.17,24186.19,3001
2025.06.12,19:15,24186.67,24206.19,24176.69,24205.19,2249
2025.06.12,20:15,24204.19,24215.68,24190.67,24194.68,1660
2025.06.12,21:15,24194.17,24207.69,24186.19,24207.68,1248
2025.06.13,04:15,23903.52,24097.04,23864.53,23942.53,12326
2025.06.13,05:15,23940.54,23957.54,23786.52,23848.52,9849
2025.06.13,06:15,23848.54,23888.03,23839.02,23867.04,3338
2025.06.13,08:00,23863.04,23874.54,23771.52,23854.54,7734
2025.06.13,09:00,23855.54,23904.53,23788.03,23815.54,6690
2025.06.13,10:00,23815.53,23851.54,23779.52,23829.54,4945
2025.06.13,11:00,23829.53,23900.03,23815.52,23878.04,2355
2025.06.13,12:15,23863.53,23882.04,23823.04,23846.03,2683
2025.06.13,13:15,23846.02,23846.03,23798.02,23826.02,2227
2025.06.13,14:15,23825.52,23848.52,23817.03,23840.54,1749
2025.06.13,15:15,23841.04,23851.03,23811.02,23811.04,2019
2025.06.13,16:15,23812.04,23877.53,23783.54,23839.04,5193
2025.06.13,17:15,23838.52,23869.54,23820.52,23867.02,3848
2025.06.13,18:15,23867.53,23904.02,23861.53,23889.53,2324
2025.06.13,19:15,23888.54,23894.04,23850.03,23856.52,1941
2025.06.13,20:15,23855.04,23856.03,23801.52,23801.53,2704
2025.06.13,21:15,23802.04,23802.54,23741.53,23770.53,2904
2025.06.16,04:15,23823.70,23876.70,23702.71,23859.21,12273
2025.06.16,05:15,23860.22,23921.22,23819.22,23853.20,8628
2025.06.16,06:15,23852.21,23884.72,23840.20,23866.72,3200
2025.06.16,08:00,23862.20,23950.22,23850.70,23945.72,6843
2025.06.16,09:00,23945.21,24014.72,23931.20,24012.22,5653
2025.06.16,10:00,24012.21,24121.21,24012.21,24089.20,6048
2025.06.16,11:00,24089.21,24092.21,24051.21,24083.21,1803
2025.06.16,12:15,24070.21,24089.22,24056.21,24058.71,1600
2025.06.16,13:15,24058.21,24082.22,24056.20,24059.72,1059
2025.06.16,14:15,24059.70,24102.22,24054.70,24099.70,1193
2025.06.16,15:15,24100.21,24127.20,24098.72,24111.70,1960
2025.06.16,16:15,24112.21,24220.22,24103.71,24207.71,5069
2025.06.16,17:15,24208.20,24271.20,24201.20,24214.72,3739
2025.06.16,18:15,24215.22,24215.22,24168.22,24183.70,2593
2025.06.16,19:15,24183.22,24203.72,24157.21,24158.20,1939
2025.06.16,20:15,24158.72,24202.72,24150.20,24163.21,1855
2025.06.16,21:15,24163.71,24167.22,24117.21,24117.21,1170
2025.06.17,04:15,24065.17,24122.17,24008.19,24014.18,11653
2025.06.17,05:15,24014.19,24035.19,23943.17,23983.67,8584
2025.06.17,06:15,23983.19,24032.18,23978.68,24023.67,3326
2025.06.17,08:00,24019.67,24031.19,23921.18,23931.19,6776
2025.06.17,09:00,23931.67,23980.19,23905.67,23947.19,5415
2025.06.17,10:00,23946.17,23959.69,23865.17,23955.17,4610
2025.06.17,11:00,23955.68,23989.17,23952.18,23988.19,1501
2025.06.17,12:15,23972.18,23983.19,23933.68,23954.17,1855
2025.06.17,13:15,23954.69,23982.19,23945.67,23978.68,1544
2025.06.17,14:15,23978.18,23996.19,23972.17,23994.19,1363
2025.06.17,15:15,23994.68,24001.17,23953.69,23963.67,2405
2025.06.17,16:15,23963.19,23982.18,23926.18,23973.18,4299
2025.06.17,17:15,23973.67,23974.69,23894.69,23951.18,3210
2025.06.17,18:15,23950.17,23955.18,23913.18,23954.69,2621
2025.06.17,19:15,23954.68,23955.18,23837.18,23839.67,2774
2025.06.17,20:15,23839.18,23847.67,23794.19,23813.19,3107
2025.06.17,21:15,23812.68,23827.19,23801.17,23827.19,2176
2025.06.18,04:15,23902.20,23902.69,23662.69,23662.69,10544
2025.06.18,05:15,23663.18,23729.70,23638.70,23653.68,7570
2025.06.18,06:15,23653.19,23706.68,23648.69,23694.68,2654
2025.06.18,08:00,23693.18,23720.69,23641.20,23655.69,6174
2025.06.18,09:00,23654.70,23696.20,23623.68,23695.70,4616
2025.06.18,10:00,23696.19,23709.20,23666.19,23684.70,3568
2025.06.18,11:00,23684.18,23715.70,23653.70,23666.68,1727
2025.06.18,12:15,23658.69,23697.70,23656.69,23658.69,1581
2025.06.18,13:15,23658.19,23667.69,23587.20,23594.69,2079
2025.06.18,14:15,23595.18,23643.70,23581.19,23640.18,1927
2025.06.18,15:15,23639.70,23646.69,23613.70,23634.70,1912
2025.06.18,16:15,23634.19,23657.68,23564.69,23653.69,4949
2025.06.18,17:15,23652.70,23667.70,23624.19,23624.19,3296
2025.06.18,18:15,23624.70,23650.70,23623.68,23639.20,2634
2025.06.18,19:15,23639.69,23640.20,23604.20,23619.69,1778
2025.06.18,20:15,23620.20,23658.70,23584.68,23614.69,3332
2025.06.18,21:15,23615.18,23626.70,23543.68,23557.70,3797
2025.06.19,04:15,23545.53,23639.53,23467.54,23470.05,10424
2025.06.19,05:15,23471.03,23483.55,23348.03,23348.53,7580
2025.06.19,06:15,23348.05,23348.05,23214.04,23228.54,5139
2025.06.19,08:00,23225.04,23302.05,23198.04,23225.03,8238
2025.06.19,09:00,23224.53,23252.55,23171.53,23219.03,6149
2025.06.19,10:00,23219.04,23240.03,23195.54,23205.04,4488
2025.06.19,11:00,23205.53,23249.55,23202.04,23248.05,1953
2025.06.19,12:15,23238.04,23251.55,23205.03,23207.55,1578
2025.06.19,13:15,23206.54,23227.54,23173.03,23174.03,1474
2025.06.19,14:15,23174.04,23205.04,23172.03,23204.54,1453
2025.06.19,15:15,23205.55,23206.55,23145.53,23170.03,2066
2025.06.19,16:15,23170.55,23198.53,23152.55,23162.05,2219
2025.06.19,17:15,23163.05,23165.54,23126.03,23152.55,1956
2025.06.19,18:15,23153.04,23158.05,23117.05,23127.03,1733
2025.06.19,19:15,23126.53,23135.05,23124.53,23135.04,865
2025.06.19,20:15,23135.03,23191.05,23129.05,23188.05,632
2025.06.19,21:15,23188.54,23195.54,23183.54,23194.03,421
2025.06.20,04:15,23271.77,23378.29,23266.27,23361.79,9830
2025.06.20,05:15,23361.27,23464.79,23353.29,23463.28,6451
2025.06.20,06:15,23462.79,23508.79,23443.78,23500.28,2869
2025.06.20,08:00,23493.28,23529.77,23398.77,23414.27,5190
2025.06.20,09:00,23414.79,23421.79,23375.79,23393.27,4111
2025.06.20,10:00,23392.79,23453.28,23388.28,23432.79,3661
2025.06.20,11:00,23433.28,23565.28,23430.29,23535.27,2414
2025.06.20,12:15,23509.29,23583.29,23502.77,23545.78,1795
2025.06.20,13:15,23546.79,23587.29,23534.79,23560.28,1346
2025.06.20,14:15,23559.79,23628.78,23547.28,23583.77,2538
2025.06.20,15:15,23584.28,23619.79,23568.27,23584.77,2451
2025.06.20,16:15,23583.79,23594.79,23488.79,23488.79,4510
2025.06.20,17:15,23489.28,23495.79,23401.78,23432.27,4911
2025.06.20,18:15,23431.78,23445.29,23389.29,23417.77,3116
2025.06.20,19:15,23416.78,23455.79,23411.79,23442.28,2386
2025.06.20,20:15,23441.77,23455.77,23391.29,23423.79,2099
2025.06.20,21:15,23424.28,23441.27,23409.29,23412.27,1639
2025.06.23,04:15,23313.07,23395.55,23248.07,23385.56,11409
2025.06.23,05:15,23385.07,23518.07,23370.05,23517.06,7667
2025.06.23,06:15,23516.05,23598.06,23472.07,23498.55,4041
2025.06.23,08:00,23492.55,23640.07,23486.57,23634.56,8555
2025.06.23,09:00,23635.06,23687.06,23631.56,23659.06,6708
2025.06.23,10:00,23658.55,23687.07,23628.57,23682.06,4184
2025.06.23,11:00,23681.57,23712.56,23659.06,23671.07,1778
2025.06.23,12:15,23648.05,23663.06,23603.55,23652.56,2383
2025.06.23,13:15,23653.05,23657.56,23578.07,23580.55,2059
2025.06.23,14:15,23580.07,23597.56,23534.56,23591.56,2360
2025.06.23,15:15,23592.06,23616.57,23571.55,23591.55,2242
2025.06.23,16:15,23592.05,23674.56,23567.56,23659.56,4922
2025.06.23,17:15,23660.06,23674.07,23633.05,23665.06,3503
2025.06.23,18:15,23665.57,23680.56,23605.57,23606.56,3083
2025.06.23,19:15,23607.06,23636.57,23541.57,23631.06,5109
2025.06.23,20:15,23631.55,23727.06,23630.05,23726.05,3493
2025.06.23,21:15,23725.07,23744.55,23718.05,23739.05,1800
2025.06.24,04:15,23856.89,24108.89,23824.90,24101.89,12170
2025.06.24,05:15,24100.90,24180.90,24072.88,24178.88,8252
2025.06.24,06:15,24179.39,24198.38,24145.88,24156.89,2975
2025.06.24,08:00,24152.88,24206.88,24075.89,24085.89,6702
2025.06.24,09:00,24086.90,24213.90,24085.88,24198.88,5188
2025.06.24,10:00,24198.38,24234.38,24154.40,24180.88,5092
2025.06.24,11:00,24182.40,24199.89,24146.39,24175.88,2301
2025.06.24,12:15,24176.89,24217.88,24140.89,24157.89,1813
2025.06.24,13:15,24157.90,24161.90,24131.39,24142.89,1448
2025.06.24,14:15,24142.90,24173.39,24130.89,24137.39,1652
2025.06.24,15:15,24137.88,24174.90,24124.88,24159.39,2430
2025.06.24,16:15,24159.88,24203.89,24103.88,24193.88,4838
2025.06.24,17:15,24194.88,24307.39,24194.40,24296.88,3561
2025.06.24,18:15,24296.38,24318.38,24287.39,24311.40,2582
2025.06.24,19:15,24311.89,24355.89,24309.38,24348.89,1695
2025.06.24,20:15,24348.38,24371.38,24340.88,24367.39,1604
2025.06.24,21:15,24366.88,24369.89,24352.89,24361.89,1080
2025.06.25,04:15,24329.56,24432.06,24269.55,24373.54,11639
2025.06.25,05:15,24374.06,24384.06,24294.04,24373.04,8241
2025.06.25,06:15,24372.06,24405.04,24347.55,24357.54,3316
2025.06.25,08:00,24358.05,24406.06,24318.04,24400.55,7572
2025.06.25,09:00,24401.04,24509.04,24400.54,24500.06,7736
2025.06.25,10:00,24498.55,24535.06,24449.04,24462.05,5043
2025.06.25,11:00,24461.54,24490.55,24455.04,24486.06,1864
2025.06.25,12:15,24476.04,24491.55,24404.05,24405.55,1757
2025.06.25,13:15,24406.05,24417.05,24395.04,24409.05,1212
2025.06.25,14:15,24408.06,24471.54,24408.05,24464.06,1543
2025.06.25,15:15,24464.05,24479.06,24427.04,24452.04,2025
2025.06.25,16:15,24452.55,24473.56,24350.54,24375.56,4932
2025.06.25,17:15,24375.05,24384.05,24334.05,24360.56,3364
2025.06.25,18:15,24361.05,24390.06,24350.54,24383.54,2447
2025.06.25,19:15,24384.04,24392.55,24372.55,24378.06,1927
2025.06.25,20:15,24378.54,24389.04,24336.04,24345.54,2329
2025.06.25,21:15,24346.04,24351.06,24335.54,24343.54,1353
2025.06.26,04:15,24342.53,24345.03,24239.53,24310.03,11243
2025.06.26,05:15,24311.01,24397.03,24259.01,24369.51,7877
2025.06.26,06:15,24370.53,24398.52,24324.02,24350.03,2775
2025.06.26,08:00,24344.53,24351.51,24253.03,24264.53,6069
2025.06.26,09:00,24264.01,24315.03,24227.02,24309.02,5077
2025.06.26,10:00,24310.03,24336.53,24293.53,24298.03,3929
2025.06.26,11:00,24298.02,24370.02,24296.01,24366.03,1669
2025.06.26,12:15,24354.03,24375.51,24309.01,24369.02,1649
2025.06.26,13:15,24369.03,24391.01,24330.52,24331.02,1275
2025.06.26,14:15,24332.53,24351.01,24321.51,24330.01,1271
2025.06.26,15:15,24330.51,24341.03,24287.52,24306.02,2595
2025.06.26,16:15,24306.53,24368.02,24278.51,24368.01,4196
2025.06.26,17:15,24368.51,24451.52,24367.51,24425.03,4175
2025.06.26,18:15,24424.53,24444.52,24383.03,24436.02,2569
2025.06.26,19:15,24437.02,24437.52,24406.51,24410.03,1459
2025.06.26,20:15,24409.52,24424.52,24393.51,24398.03,944
2025.06.26,21:15,24397.02,24400.53,24363.03,24365.01,660
2025.06.27,04:15,24414.91,24482.93,24381.93,24439.92,12670
2025.06.27,05:15,24441.43,24469.93,24335.92,24369.91,9688
2025.06.27,06:15,24369.93,24388.91,24313.91,24330.42,4203
2025.06.27,08:00,24322.91,24341.93,24195.41,24232.93,7931
2025.06.27,09:00,24232.43,24315.93,24201.91,24303.91,5838
2025.06.27,10:00,24304.93,24324.92,24227.41,24242.92,4245
2025.06.27,11:00,24242.91,24281.43,24241.43,24276.43,1725
2025.06.27,12:15,24256.93,24273.92,24243.43,24264.92,1455
2025.06.27,13:15,24265.41,24279.91,24243.43,24270.42,1219
2025.06.27,14:15,24269.91,24278.92,24259.92,24276.91,1315
2025.06.27,15:15,24276.42,24303.42,24252.91,24258.91,2152
2025.06.27,16:15,24258.41,24322.43,24232.92,24265.43,4692
2025.06.27,17:15,24264.42,24276.43,24207.92,24269.91,3214
2025.06.27,18:15,24269.42,24305.92,24259.41,24290.93,2322
2025.06.27,19:15,24289.92,24290.91,24266.92,24269.41,1329
2025.06.27,20:15,24268.91,24268.93,24194.91,24224.42,2521
2025.06.27,21:15,24224.91,24230.92,24182.43,24204.41,2481
2025.06.30,04:15,24297.99,24305.51,24076.50,24131.49,12648
2025.06.30,05:15,24132.50,24207.51,24100.49,24120.99,8474
2025.06.30,06:15,24120.51,24174.99,24110.49,24171.49,3266
2025.06.30,08:00,24159.51,24244.51,24159.50,24180.01,7409
2025.06.30,09:00,24180.51,24228.50,24171.49,24202.50,5254
2025.06.30,10:00,24203.49,24217.49,24041.00,24063.50,5152
2025.06.30,11:00,24062.50,24102.00,24033.00,24100.99,2121
2025.06.30,12:15,24096.49,24121.51,24052.99,24073.01,1668
2025.06.30,13:15,24072.51,24115.01,24070.49,24101.00,1158
2025.06.30,14:15,24101.50,24120.51,24094.51,24111.49,1071
2025.06.30,15:15,24110.51,24110.51,24064.49,24071.01,1601
2025.06.30,16:15,24070.99,24087.99,24005.50,24078.49,4531
2025.06.30,17:15,24079.00,24151.50,24078.99,24136.99,3315
2025.06.30,18:15,24137.49,24165.01,24129.49,24147.51,2553
2025.06.30,19:15,24147.99,24176.49,24135.51,24164.99,1775
2025.06.30,20:15,24165.49,24174.51,24145.99,24157.99,2142
2025.06.30,21:15,24158.50,24182.51,24153.00,24178.99,1680
2025.07.02,04:15,24264.02,24394.03,24114.52,24177.52,12867
2025.07.02,05:15,24175.51,24278.03,24129.02,24230.01,8737
2025.07.02,06:15,24230.51,24265.01,24198.51,24225.52,3261
2025.07.02,08:00,24218.03,24282.53,24158.01,24182.52,7450
2025.07.02,09:00,24182.53,24294.02,24177.51,24268.53,5448
2025.07.02,10:00,24268.52,24271.51,24184.02,24197.52,4352
2025.07.02,11:00,24197.03,24205.52,24175.02,24186.01,1751
2025.07.02,12:15,24178.53,24252.02,24178.53,24236.01,1553
2025.07.02,13:15,24236.53,24240.52,24223.01,24234.03,1257
2025.07.02,14:15,24235.03,24237.03,24195.03,24209.01,1581
2025.07.02,15:15,24208.53,24225.01,24123.51,24173.52,3526
2025.07.02,16:15,24174.01,24178.02,24082.52,24111.53,4762
2025.07.02,17:15,24111.01,24174.53,24092.01,24161.03,3504
2025.07.02,18:15,24161.53,24177.53,24114.03,24123.53,2450
2025.07.02,19:15,24123.03,24171.51,24123.02,24166.52,1860
2025.07.02,20:15,24166.01,24194.53,24164.53,24186.02,1435
2025.07.02,21:15,24186.53,24198.51,24182.01,24189.01,1071
2025.07.03,04:15,24212.42,24261.42,23952.42,23968.42,12261
2025.07.03,05:15,23968.41,24003.42,23909.42,23996.92,8586
2025.07.03,06:15,23997.91,24002.43,23939.92,23986.93,3418
2025.07.03,08:00,23981.92,24066.92,23939.41,24027.42,6663
2025.07.03,09:00,24028.42,24072.43,24007.93,24060.42,4503
2025.07.03,10:00,24060.93,24078.42,24001.91,24036.91,3790
2025.07.03,11:00,24036.92,24062.43,24019.41,24034.92,1527
2025.07.03,12:15,24019.43,24019.43,23927.42,23941.42,1799
2025.07.03,13:15,23939.93,23976.92,23933.91,23962.91,1345
2025.07.03,14:15,23963.41,24003.43,23961.93,24003.43,1193
2025.07.03,15:15,24002.41,24005.93,23927.41,24004.41,3285
2025.07.03,16:15,24004.93,24085.93,23999.41,24057.43,5164
2025.07.03,17:15,24056.93,24058.41,23974.42,23977.92,3224
2025.07.03,18:15,23976.42,24044.92,23972.42,23998.93,1947
2025.07.03,19:15,23998.43,24028.92,23968.43,23991.91,2084
2025.07.03,20:15,23992.41,23994.91,23977.91,23978.42,332
2025.07.03,21:15,23977.91,23979.42,23968.91,23969.92,286
2025.07.04,04:15,23840.32,23905.34,23674.32,23711.33,11340
2025.07.04,05:15,23709.84,23879.83,23692.82,23865.83,8561
2025.07.04,06:15,23866.33,23916.83,23845.83,23898.32,3708
2025.07.04,08:00,23896.84,24066.83,23878.82,23924.34,10247
2025.07.04,09:00,23924.84,23924.84,23825.34,23872.84,7095
2025.07.04,10:00,23873.32,23911.33,23851.82,23896.84,4093
2025.07.04,11:00,23897.33,23911.84,23857.34,23898.83,1597
2025.07.04,12:15,23877.84,23879.83,23845.82,23857.84,1526
2025.07.04,13:15,23856.83,23897.33,23856.83,23895.34,1221
2025.07.04,14:15,23895.83,23902.33,23852.32,23852.84,1094
2025.07.04,15:15,23852.32,23884.84,23839.82,23868.82,1220
2025.07.04,16:15,23868.84,23906.82,23865.82,23890.34,1661
2025.07.04,17:15,23890.83,23907.83,23868.82,23887.83,923
2025.07.04,18:15,23888.82,23911.84,23885.83,23902.34,793
2025.07.04,19:15,23901.84,23908.34,23876.82,23883.83,626
2025.07.04,20:15,23883.32,23883.82,23860.32,23866.32,283
2025.07.04,21:15,23866.83,23883.34,23859.32,23878.33,361
2025.07.07,04:15,23819.38,23846.88,23690.87,23802.89,12384
2025.07.07,05:15,23802.37,23846.88,23737.38,23803.38,8253
2025.07.07,06:15,23801.88,23825.89,23775.87,23798.87,3095
2025.07.07,08:00,23779.39,23888.39,23775.38,23886.38,6452
2025.07.07,09:00,23886.37,23894.37,23798.38,23812.39,4865
2025.07.07,10:00,23811.89,23840.39,23756.89,23840.38,4737
2025.07.07,11:00,23839.38,23871.88,23831.38,23846.39,1658
2025.07.07,12:15,23840.39,23890.39,23838.38,23866.37,1492
2025.07.07,13:15,23866.87,23876.88,23848.87,23867.38,1165
2025.07.07,14:15,23866.87,23879.39,23860.37,23863.88,1129
2025.07.07,15:15,23862.88,23867.38,23833.87,23840.88,1361
2025.07.07,16:15,23839.88,24001.39,23837.88,23984.89,4858
2025.07.07,17:15,23984.38,23992.37,23915.39,23931.89,3326
2025.07.07,18:15,23931.38,23956.38,23921.38,23933.39,2395
2025.07.07,19:15,23932.89,23936.39,23825.87,23867.38,5491
2025.07.07,20:15,23866.87,23923.89,23862.37,23866.37,3291
2025.07.07,21:15,23865.87,23865.87,23805.38,23859.39,2603
2025.07.08,04:15,23921.38,24006.39,23875.38,23949.37,11607
2025.07.08,05:15,23949.39,24129.39,23926.87,24111.88,9851
2025.07.08,06:15,24112.38,24117.38,24056.88,24063.38,4100
2025.07.08,08:00,24058.38,24072.39,23991.38,24065.88,6914
2025.07.08,09:00,24066.37,24086.88,24003.87,24077.39,5524
2025.07.08,10:00,24076.89,24144.39,24070.88,24137.87,4622
2025.07.08,11:00,24138.37,24138.89,24083.38,24086.89,1661
2025.07.08,12:15,24083.37,24098.89,24053.87,24069.88,1680
2025.07.08,13:15,24069.39,24084.89,24058.88,24081.88,1222
2025.07.08,14:15,24082.37,24091.89,24065.87,24073.88,1131
2025.07.08,15:15,24074.38,24074.38,24042.87,24045.39,1471
2025.07.08,16:15,24045.87,24069.89,23977.38,24020.39,4859
2025.07.08,17:15,24019.89,24072.87,24004.87,24068.87,3722
2025.07.08,18:15,24068.39,24089.39,24037.37,24089.39,2597
2025.07.08,19:15,24090.39,24116.37,24068.89,24096.38,3408
2025.07.08,20:15,24096.37,24107.39,24077.37,24106.38,1866
2025.07.08,21:15,24107.39,24107.39,24074.87,24078.37,1036
2025.07.09,04:15,24040.82,24063.34,23825.34,23933.83,10718
2025.07.09,05:15,23933.82,24033.33,23885.83,23929.34,8257
2025.07.09,06:15,23929.82,23961.83,23914.32,23948.84,3011
2025.07.09,08:00,23946.83,23987.84,23875.32,23909.32,6231
2025.07.09,09:00,23908.82,23912.32,23798.83,23866.84,6139
2025.07.09,10:00,23867.33,23883.82,23832.82,23865.84,4185
2025.07.09,11:00,23866.32,23874.32,23840.82,23868.32,1855
2025.07.09,12:15,23863.83,23913.34,23863.83,23902.34,1826
2025.07.09,13:15,23903.33,23914.34,23891.83,23904.84,1207
2025.07.09,14:15,23903.84,23921.83,23901.82,23915.33,1180
2025.07.09,15:15,23915.82,23929.84,23904.33,23927.83,1419
2025.07.09,16:15,23927.33,23935.83,23811.34,23822.83,5525
2025.07.09,17:15,23822.84,23861.34,23790.82,23793.32,4151
2025.07.09,18:15,23793.83,23838.82,23793.34,23827.82,2701
2025.07.09,19:15,23826.84,23850.34,23816.32,23846.83,1851
2025.07.09,20:15,23846.34,23855.32,23831.34,23846.32,1915
2025.07.09,21:15,23845.83,23846.83,23826.83,23841.34,1193
2025.07.10,04:15,23843.26,23931.27,23786.76,23877.25,11486
2025.07.10,05:15,23876.76,23950.27,23843.27,23904.75,9306
2025.07.10,06:15,23905.25,23926.75,23881.76,23895.76,3132
2025.07.10,08:00,23890.75,23987.75,23883.76,23971.25,7225
2025.07.10,09:00,23969.77,24055.26,23956.76,24052.27,7072
2025.07.10,10:00,24052.77,24065.77,23998.76,24005.76,4553
2025.07.10,11:00,24005.75,24026.75,23996.76,24008.26,1550
2025.07.10,12:15,23997.77,24016.77,23988.27,24012.27,1283
2025.07.10,13:15,24012.76,24028.27,24002.25,24003.27,963
2025.07.10,14:15,24003.75,24016.27,23960.25,23974.25,1522
2025.07.10,15:15,23973.77,23988.27,23945.25,23978.76,2023
2025.07.10,16:15,23979.26,23994.75,23913.76,23955.27,4703
2025.07.10,17:15,23954.75,23967.77,23865.77,23932.25,3351
2025.07.10,18:15,23933.25,23989.77,23924.25,23979.75,2124
2025.07.10,19:15,23979.77,24023.77,23977.75,24019.25,1436
2025.07.10,20:15,24019.77,24040.76,24010.77,24035.77,1029
2025.07.10,21:15,24035.75,24040.27,24008.25,24018.76,957
2025.07.11,04:15,24018.93,24410.94,23992.42,24371.42,12244
2025.07.11,05:15,24371.94,24459.94,24308.43,24326.43,10444
2025.07.11,06:15,24325.94,24488.92,24314.92,24484.42,4882
2025.07.11,08:00,24476.44,24511.94,24392.93,24434.44,10021
2025.07.11,09:00,24433.92,24458.44,24255.92,24270.92,7782
2025.07.11,10:00,24268.44,24286.93,24142.92,24155.43,7250
2025.07.11,11:00,24154.93,24155.94,24101.92,24148.42,2264
2025.07.11,12:15,24139.93,24161.94,24130.92,24154.92,1937
2025.07.11,13:15,24154.94,24157.44,24124.42,24150.94,1359
2025.07.11,14:15,24150.43,24151.94,24089.43,24094.43,1361
2025.07.11,15:15,24093.93,24117.93,24086.92,24111.42,1852
2025.07.11,16:15,24109.94,24152.94,24081.92,24121.94,4619
2025.07.11,17:15,24122.43,24123.94,24077.92,24078.92,2957
2025.07.11,18:15,24077.92,24093.94,24047.93,24055.44,2529
2025.07.11,19:15,24054.93,24092.44,24047.42,24084.44,1496
2025.07.11,20:15,24083.93,24090.44,24072.42,24078.42,1489
2025.07.11,21:15,24077.94,24080.92,24063.93,24075.43,1114
2025.07.14,04:15,24054.20,24185.68,24031.20,24144.20,11342
2025.07.14,05:15,24143.68,24169.68,24066.68,24106.69,8244
2025.07.14,06:15,24107.70,24147.69,24101.68,24147.69,2953
2025.07.14,08:00,24143.20,24229.19,24143.19,24228.19,6365
2025.07.14,09:00,24227.18,24250.69,24158.68,24174.68,4604
2025.07.14,10:00,24174.69,24236.20,24171.68,24207.18,3814
2025.07.14,11:00,24206.18,24206.18,24161.19,24168.18,1468
2025.07.14,12:15,24168.18,24222.20,24167.68,24208.20,1042
2025.07.14,13:15,24208.70,24209.69,24173.70,24182.18,1069
2025.07.14,14:15,24182.70,24202.70,24168.69,24199.19,986
2025.07.14,15:15,24199.69,24202.69,24154.18,24166.70,1049
2025.07.14,16:15,24164.20,24258.18,24131.69,24209.69,4571
2025.07.14,17:15,24210.18,24244.68,24194.68,24235.20,2723
2025.07.14,18:15,24234.70,24266.19,24223.20,24234.68,2112
2025.07.14,19:15,24233.69,24249.69,24221.70,24226.68,1265
2025.07.14,20:15,24226.19,24246.20,24223.20,24242.19,852
2025.07.14,21:15,24242.69,24267.70,24241.70,24247.18,562
2025.07.15,04:15,24284.19,24549.68,24264.20,24362.20,12746
2025.07.15,05:15,24362.70,24408.70,24115.68,24130.69,11609
2025.07.15,06:15,24131.19,24238.20,24106.70,24222.69,4964
2025.07.15,08:00,24215.20,24365.69,24205.19,24321.19,8072
2025.07.15,09:00,24320.18,24482.70,24320.18,24402.70,8706
2025.07.15,10:00,24402.20,24564.20,24401.70,24537.18,6613
2025.07.15,11:00,24538.68,24581.20,24514.19,24516.20,2342
2025.07.15,12:15,24506.20,24539.18,24506.20,24522.70,1364
2025.07.15,13:15,24522.69,24522.69,24493.69,24514.69,1251
2025.07.15,14:15,24514.18,24528.18,24495.20,24526.70,1076
2025.07.15,15:15,24527.18,24556.68,24502.68,24535.19,2681
2025.07.15,16:15,24535.68,24577.69,24397.70,24450.18,7338
2025.07.15,17:15,24449.20,24484.20,24421.20,24468.19,4788
2025.07.15,18:15,24468.68,24496.20,24450.19,24471.70,3253
2025.07.15,19:15,24471.20,24588.20,24468.19,24575.18,3304
2025.07.15,20:15,24576.20,24602.69,24553.20,24598.69,2259
2025.07.15,21:15,24599.18,24627.69,24585.68,24604.70,1554
2025.07.16,04:15,24604.45,24863.94,24604.45,24692.95,14426
2025.07.16,05:15,24693.94,24766.95,24596.94,24707.95,10224
2025.07.16,06:15,24707.46,24736.45,24626.94,24658.45,4412
2025.07.16,08:00,24655.95,24660.95,24538.95,24620.46,8737
2025.07.16,09:00,24620.94,24685.46,24597.45,24613.46,6782
2025.07.16,10:00,24614.44,24619.96,24492.96,24504.45,4602
2025.07.16,11:00,24504.95,24533.45,24482.95,24530.44,1602
2025.07.16,12:15,24529.45,24531.46,24477.94,24512.44,1233
2025.07.16,13:15,24511.94,24519.96,24501.46,24509.45,1016
2025.07.16,14:15,24508.45,24511.46,24480.95,24492.44,950
2025.07.16,15:15,24491.95,24535.44,24479.96,24488.46,2121
2025.07.16,16:15,24488.96,24490.46,24408.95,24433.44,5738
2025.07.16,17:15,24432.94,24500.46,24394.46,24486.94,4256
2025.07.16,18:15,24487.45,24538.96,24459.94,24497.94,7459
2025.07.16,19:15,24496.95,24547.96,24477.96,24535.96,2479
2025.07.16,20:15,24536.46,24565.94,24520.96,24547.44,1768
2025.07.16,21:15,24547.95,24572.96,24544.46,24564.96,914
2025.07.17,04:15,24566.61,24649.11,24499.62,24590.11,11510
2025.07.17,05:15,24590.12,24593.61,24426.12,24434.11,8766
2025.07.17,06:15,24434.62,24528.13,24434.13,24523.13,3949
2025.07.17,08:00,24519.11,24575.63,24505.11,24515.63,7682
2025.07.17,09:00,24515.13,24566.63,24508.12,24530.62,5913
2025.07.17,10:00,24532.13,24535.11,24429.11,24470.62,4528
2025.07.17,11:00,24470.11,24485.13,24421.63,24433.62,1326
2025.07.17,12:15,24428.11,24472.13,24428.11,24447.12,1172
2025.07.17,13:15,24447.63,24450.63,24423.11,24430.12,914
2025.07.17,14:15,24430.11,24444.11,24413.11,24419.12,1010
2025.07.17,15:15,24418.62,24456.11,24394.61,24449.61,1914
2025.07.17,16:15,24449.11,24505.11,24414.61,24500.62,4314
2025.07.17,17:15,24500.11,24622.11,24496.11,24596.11,3351
2025.07.17,18:15,24595.61,24652.13,24569.13,24622.63,2954
2025.07.17,19:15,24623.11,24665.11,24615.61,24662.12,1882
2025.07.17,20:15,24662.61,24665.13,24624.12,24636.12,1519
2025.07.17,21:15,24635.62,24670.62,24633.63,24654.62,829
2025.07.18,04:15,24710.13,24819.64,24685.14,24773.15,12906
2025.07.18,05:15,24773.14,24774.64,24674.14,24735.63,9495
2025.07.18,06:15,24734.64,24736.14,24617.64,24658.64,4207
2025.07.18,08:00,24653.65,24706.13,24604.15,24666.63,6822
2025.07.18,09:00,24666.64,24763.65,24666.64,24741.64,4956
2025.07.18,10:00,24745.65,24809.65,24745.63,24806.64,4526
2025.07.18,11:00,24805.65,24849.64,24793.63,24839.14,2052
2025.07.18,12:15,24833.63,24910.13,24833.63,24907.65,1422
2025.07.18,13:15,24907.64,24928.63,24882.63,24898.13,1835
2025.07.18,14:15,24898.64,24920.65,24894.14,24912.15,1409
2025.07.18,15:15,24913.13,24972.65,24910.14,24953.14,2344
2025.07.18,16:15,24952.63,25066.64,24902.63,25020.63,6662
2025.07.18,17:15,25020.15,25065.14,24990.63,24992.14,4244
2025.07.18,18:15,24991.64,25033.14,24980.64,25002.13,2776
2025.07.18,19:15,25001.65,25002.15,24933.64,24949.63,2631
2025.07.18,20:15,24950.14,24952.65,24896.63,24904.63,1711
2025.07.18,21:15,24905.65,24915.13,24846.65,24874.64,1340
2025.07.21,04:15,24981.34,25012.36,24883.34,24965.86,13426
2025.07.21,05:15,24966.36,24993.36,24909.36,24909.36,8751
2025.07.21,06:15,24908.84,24925.36,24873.34,24893.35,3653
2025.07.21,08:00,24892.84,24934.36,24836.34,24934.34,6339
2025.07.21,09:00,24933.36,24994.84,24931.34,24978.35,4704
2025.07.21,10:00,24978.34,24990.35,24937.85,24943.36,3338
2025.07.21,11:00,24942.85,25011.86,24941.84,24973.35,1805
2025.07.21,12:15,24965.34,24991.35,24965.34,24986.35,671
2025.07.21,13:15,24985.86,24999.85,24978.34,24999.85,629
2025.07.21,14:15,24999.34,25036.35,24988.86,25004.35,1130
2025.07.21,15:15,25005.35,25010.36,24980.36,24999.35,1298
2025.07.21,16:15,24999.86,25060.36,24919.86,25027.86,4731
2025.07.21,17:15,25027.85,25125.84,25027.85,25117.35,3705
2025.07.21,18:15,25116.84,25123.36,25064.84,25069.34,2256
2025.07.21,19:15,25069.86,25069.86,25038.34,25061.84,1388
2025.07.21,20:15,25060.85,25068.36,25045.84,25046.86,1102
2025.07.21,21:15,25047.34,25056.35,25029.84,25043.35,792
2025.07.22,04:15,25041.66,25122.65,24963.15,24987.15,11245
2025.07.22,05:15,24987.17,24995.16,24905.16,24966.17,7891
2025.07.22,06:15,24966.67,25067.66,24951.67,25063.66,3580
2025.07.22,08:00,25054.15,25133.17,25041.65,25056.15,9269
2025.07.22,09:00,25058.15,25101.67,24995.15,25073.65,6899
2025.07.22,10:00,25072.65,25100.17,25059.66,25089.66,3798
2025.07.22,11:00,25089.15,25157.16,25079.17,25132.17,1847
2025.07.22,12:15,25125.17,25164.15,25119.17,25151.65,1341
2025.07.22,13:15,25151.15,25165.17,25137.17,25141.17,905
2025.07.22,14:15,25140.65,25187.66,25131.15,25164.65,1432
2025.07.22,15:15,25164.66,25185.67,25147.65,25178.15,1592
2025.07.22,16:15,25177.66,25199.67,25098.15,25159.16,5227
2025.07.22,17:15,25158.67,25272.17,25156.15,25256.66,3317
2025.07.22,18:15,25256.16,25340.17,25245.16,25339.16,2787
2025.07.22,19:15,25340.17,25349.66,25301.15,25313.67,2038
2025.07.22,20:15,25313.65,25336.65,25301.17,25309.67,1364
2025.07.22,21:15,25310.17,25312.17,25284.15,25312.16,1072
2025.07.23,04:15,25383.54,25395.04,25223.54,25256.52,12821
2025.07.23,05:15,25256.02,25342.04,25227.53,25310.02,8864
2025.07.23,06:15,25311.54,25429.53,25293.54,25420.02,5647
2025.07.23,08:00,25427.03,25524.02,25382.04,25471.02,11716
2025.07.23,09:00,25470.53,25518.04,25350.52,25474.02,9144
2025.07.23,10:00,25474.04,25507.04,25435.03,25505.54,5525
2025.07.23,11:00,25504.54,25571.04,25489.52,25561.52,2316
2025.07.23,12:15,25554.04,25574.52,25522.03,25525.04,1602
2025.07.23,13:15,25524.52,25546.53,25481.03,25488.53,1374
2025.07.23,14:15,25488.52,25506.03,25483.02,25495.02,1165
2025.07.23,15:15,25495.53,25496.04,25472.02,25487.52,1162
2025.07.23,16:15,25488.03,25529.02,25451.03,25499.52,4858
2025.07.23,17:15,25500.53,25515.54,25440.02,25456.02,2956
2025.07.23,18:15,25455.03,25532.53,25449.02,25485.52,3461
2025.07.23,19:15,25486.03,25509.03,25466.03,25494.03,2191
2025.07.23,20:15,25493.52,25548.54,25489.03,25537.53,1708
2025.07.23,21:15,25537.52,25543.02,25523.02,25533.54,881
2025.07.24,04:15,25499.85,25619.37,25469.87,25613.85,12778
2025.07.24,05:15,25614.36,25734.87,25606.85,25698.85,10572
2025.07.24,06:15,25698.37,25728.86,25628.85,25687.36,4566
2025.07.24,08:00,25687.35,25732.37,25590.87,25620.87,9299
2025.07.24,09:00,25620.86,25694.85,25615.86,25678.87,6602
2025.07.24,10:00,25677.85,25698.37,25618.85,25635.87,4273
2025.07.24,11:00,25635.86,25686.36,25628.85,25676.37,1689
2025.07.24,12:15,25676.36,25684.36,25627.87,25628.36,1410
2025.07.24,13:15,25627.87,25627.87,25596.87,25601.35,1051
2025.07.24,14:15,25601.85,25630.87,25598.36,25611.86,1043
2025.07.24,15:15,25611.35,25621.36,25580.35,25593.35,1630
2025.07.24,16:15,25592.35,25609.35,25533.85,25568.85,4379
2025.07.24,17:15,25568.87,25636.87,25557.85,25557.85,3116
2025.07.24,18:15,25558.86,25558.87,25484.85,25486.85,2806
2025.07.24,19:15,25485.85,25518.36,25474.85,25515.36,1688
2025.07.24,20:15,25515.85,25531.86,25505.87,25517.35,1302
2025.07.24,21:15,25517.87,25543.87,25499.37,25499.37,905
2025.07.25,04:15,25519.54,25575.04,25474.52,25518.02,11599
2025.07.25,05:15,25517.54,25527.54,25385.02,25418.52,8585
2025.07.25,06:15,25418.53,25428.52,25361.54,25381.04,3431
2025.07.25,08:00,25365.04,25467.02,25357.52,25429.04,6077
2025.07.25,09:00,25430.03,25435.52,25340.54,25361.04,7097
2025.07.25,10:00,25360.52,25393.02,25326.54,25337.02,5836
2025.07.25,11:00,25337.52,25376.04,25327.54,25357.02,1902
2025.07.25,12:15,25350.54,25381.53,25326.04,25331.54,1638
2025.07.25,13:15,25332.03,25332.03,25297.53,25298.54,1142
2025.07.25,14:15,25298.53,25320.04,25276.52,25312.53,1280
2025.07.25,15:15,25313.04,25326.04,25263.52,25283.02,2151
2025.07.25,16:15,25282.54,25353.54,25247.53,25334.04,5129
2025.07.25,17:15,25333.54,25352.54,25310.02,25321.03,2562
2025.07.25,18:15,25320.53,25340.54,25290.03,25304.02,1959
2025.07.25,19:15,25305.04,25352.52,25301.52,25351.53,1193
2025.07.25,20:15,25352.52,25386.54,25340.02,25386.54,905
2025.07.25,21:15,25384.03,25398.52,25381.52,25393.03,814
2025.07.28,04:15,25438.20,25573.69,25373.68,25573.68,13084
2025.07.28,05:15,25574.68,25643.70,25520.18,25556.19,9667
2025.07.28,06:15,25556.18,25569.70,25434.69,25466.18,4821
2025.07.28,08:00,25468.68,25528.70,25464.19,25492.70,7556
2025.07.28,09:00,25493.69,25551.69,25463.20,25541.68,5742
2025.07.28,10:00,25541.70,25570.20,25505.69,25525.69,4536
2025.07.28,11:00,25525.19,25552.20,25502.19,25506.68,1629
2025.07.28,12:15,25499.69,25519.68,25489.20,25499.70,1237
2025.07.28,13:15,25499.19,25508.20,25467.68,25486.70,1279
2025.07.28,14:15,25486.18,25487.70,25449.69,25471.70,1775
2025.07.28,15:15,25471.20,25496.20,25471.20,25488.69,1627
2025.07.28,16:15,25488.20,25496.20,25383.69,25416.70,5077
2025.07.28,17:15,25416.69,25457.68,25388.20,25433.19,3440
2025.07.28,18:15,25432.70,25452.70,25416.18,25431.69,2351
2025.07.28,19:15,25432.18,25441.70,25400.69,25405.68,1563
2025.07.28,20:15,25404.70,25405.20,25364.19,25371.69,1572
2025.07.28,21:15,25372.19,25375.70,25356.18,25364.68,1104
2025.07.29,04:15,25390.85,25423.85,25214.33,25275.83,11571
2025.07.29,05:15,25277.84,25323.83,25229.33,25302.33,8240
2025.07.29,06:15,25301.83,25311.85,25238.84,25287.35,3352
2025.07.29,08:00,25283.85,25318.85,25251.83,25261.84,6135
2025.07.29,09:00,25261.83,25388.85,25261.83,25384.85,6035
2025.07.29,10:00,25384.83,25496.35,25380.33,25479.35,5760
2025.07.29,11:00,25478.85,25508.84,25457.83,25470.85,1963
2025.07.29,12:15,25469.34,25511.33,25457.83,25482.34,1672
2025.07.29,13:15,25482.85,25488.84,25464.85,25481.84,1192
2025.07.29,14:15,25480.85,25483.85,25449.35,25471.35,1461
2025.07.29,15:15,25471.83,25530.83,25470.84,25509.33,1698
2025.07.29,16:15,25508.35,25523.35,25416.33,25439.33,4438
2025.07.29,17:15,25440.33,25486.85,25403.83,25423.83,3414
2025.07.29,18:15,25422.83,25445.84,25361.83,25398.34,4197
2025.07.29,19:15,25397.34,25407.35,25344.35,25385.85,2462
2025.07.29,20:15,25385.35,25388.85,25335.83,25341.33,1399
2025.07.29,21:15,25341.34,25355.33,25329.35,25343.83,621
2025.07.30,04:15,25327.11,25439.13,25206.13,25395.61,13440
2025.07.30,05:15,25396.11,25487.61,25354.11,25465.61,9447
2025.07.30,06:15,25464.62,25475.62,25402.11,25435.62,4250
2025.07.30,08:00,25430.11,25461.61,25141.11,25171.11,10470
2025.07.30,09:00,25170.61,25256.13,25081.63,25160.11,10490
2025.07.30,10:00,25160.61,25251.62,25144.63,25149.61,6046
2025.07.30,11:00,25150.62,25196.11,25142.61,25173.63,2167
2025.07.30,12:15,25173.62,25214.12,25173.62,25200.63,1844
2025.07.30,13:15,25201.12,25205.11,25184.13,25194.61,1168
2025.07.30,14:15,25194.11,25206.13,25141.62,25150.63,1725
2025.07.30,15:15,25150.12,25150.12,25057.12,25061.12,2960
2025.07.30,16:15,25060.61,25139.62,25045.11,25091.61,4698
2025.07.30,17:15,25092.11,25097.13,25019.11,25026.62,3535
2025.07.30,18:15,25026.13,25035.13,25007.11,25025.61,2456
2025.07.30,19:15,25026.13,25049.13,25023.11,25023.12,1589
2025.07.30,20:15,25023.62,25062.61,25008.11,25010.62,2298
2025.07.30,21:15,25010.13,25037.61,24928.13,24932.63,4714
2025.07.31,04:15,24959.19,24974.18,24768.68,24801.70,11897
2025.07.31,05:15,24800.70,24973.18,24797.68,24928.70,10295
2025.07.31,06:15,24929.20,24932.70,24837.68,24886.19,4546
2025.07.31,08:00,24883.69,24945.70,24735.68,24832.69,9877
2025.07.31,09:00,24832.68,24834.69,24739.69,24793.18,8269
2025.07.31,10:00,24792.68,24807.69,24758.70,24762.70,5114
2025.07.31,11:00,24762.68,24777.69,24730.68,24748.19,2291
2025.07.31,12:15,24748.20,24770.68,24731.70,24734.18,1673
2025.07.31,13:15,24734.68,24748.68,24701.68,24720.18,1376
2025.07.31,14:15,24719.69,24756.70,24708.18,24750.70,1599
2025.07.31,15:15,24750.19,24761.18,24678.19,24685.69,2465
2025.07.31,16:15,24684.70,24771.69,24652.20,24747.70,5487
2025.07.31,17:15,24747.20,24797.18,24708.68,24770.68,4216
2025.07.31,18:15,24770.69,24784.68,24739.19,24775.20,3124
2025.07.31,19:15,24774.68,24811.70,24753.19,24757.18,1990
2025.07.31,20:15,24757.20,24760.20,24689.19,24689.19,3142
2025.07.31,21:15,24688.70,24735.70,24675.18,24708.70,1886
2025.08.01,04:15,24738.02,24828.52,24669.01,24790.02,12440
2025.08.01,05:15,24791.52,24795.52,24664.51,24754.51,9817
2025.08.01,06:15,24755.02,24784.53,24680.02,24699.53,4221
2025.08.01,08:00,24697.02,24704.53,24551.51,24596.53,9737
2025.08.01,09:00,24596.51,24659.52,24588.51,24623.51,7346
2025.08.01,10:00,24621.53,24628.51,24472.01,24480.51,7086
2025.08.01,11:00,24481.03,24489.02,24436.02,24448.02,2793
2025.08.01,12:15,24445.51,24474.52,24418.02,24465.02,2480
2025.08.01,13:15,24464.52,24472.51,24433.02,24456.52,1882
2025.08.01,14:15,24457.02,24460.02,24386.52,24399.52,1842
2025.08.01,15:15,24399.01,24478.52,24373.02,24427.52,5945
2025.08.01,16:15,24428.01,24459.03,24253.01,24305.52,8800
2025.08.01,17:15,24306.53,24371.01,24277.03,24331.01,7331
2025.08.01,18:15,24330.53,24385.52,24302.03,24332.01,4725
2025.08.01,19:15,24331.52,24346.03,24266.01,24273.03,3583
2025.08.01,20:15,24272.53,24288.52,24241.52,24254.51,2973
2025.08.01,21:15,24255.02,24317.52,24245.02,24281.53,2149
2025.08.04,04:15,24451.75,24571.26,24350.24,24565.24,12288
2025.08.04,05:15,24564.76,24615.75,24522.24,24596.26,8624
2025.08.04,06:15,24597.24,24617.26,24574.75,24605.76,3672
2025.08.04,08:00,24603.76,24668.25,24570.25,24605.74,7845
2025.08.04,09:00,24605.26,24717.24,24592.75,24713.24,6679
2025.08.04,10:00,24713.74,24717.26,24637.24,24701.76,5010
2025.08.04,11:00,24700.76,24722.26,24675.25,24721.76,1903
2025.08.04,12:15,24712.25,24741.24,24691.25,24695.25,1571
2025.08.04,13:15,24697.25,24701.75,24676.75,24694.24,1231
2025.08.04,14:15,24694.75,24710.26,24686.75,24706.76,1473
2025.08.04,15:15,24707.24,24757.24,24704.75,24749.26,1688
2025.08.04,16:15,24750.25,24761.26,24628.24,24668.75,5300
2025.08.04,17:15,24669.25,24708.24,24616.76,24651.74,4420
2025.08.04,18:15,24653.26,24673.76,24629.24,24667.74,2506
2025.08.04,19:15,24668.24,24723.75,24662.25,24723.74,1299
2025.08.04,20:15,24723.25,24741.26,24706.74,24725.24,1658
2025.08.04,21:15,24726.75,24739.75,24704.26,24711.75,1219
2025.08.05,04:15,24710.45,24825.43,24646.43,24677.94,10320
2025.08.05,05:15,24678.93,24724.95,24641.95,24697.94,7582
2025.08.05,06:15,24695.95,24777.94,24690.93,24765.45,3250
2025.08.05,08:00,24758.45,24857.94,24758.45,24835.95,7151
2025.08.05,09:00,24835.93,24884.95,24823.43,24846.93,5595
2025.08.05,10:00,24846.44,24863.95,24805.95,24817.95,5464
2025.08.05,11:00,24818.45,24865.95,24810.43,24852.93,1769
2025.08.05,12:15,24840.95,24855.95,24825.94,24834.45,1176
2025.08.05,13:15,24833.93,24847.95,24827.44,24835.95,1024
2025.08.05,14:15,24836.43,24861.43,24826.43,24851.45,1103
2025.08.05,15:15,24851.95,24867.94,24824.93,24851.44,2226
2025.08.05,16:15,24851.94,24912.45,24848.95,24862.93,4968
2025.08.05,17:15,24863.44,24875.94,24781.94,24854.94,4561
2025.08.05,18:15,24855.44,24873.95,24821.43,24861.44,3471
2025.08.05,19:15,24860.95,24868.43,24789.93,24834.44,2587
2025.08.05,20:15,24834.94,24856.95,24830.44,24831.43,1339
2025.08.05,21:15,24831.94,24831.94,24803.95,24820.44,1479
2025.08.06,04:15,24830.86,24917.88,24791.87,24797.36,10332
2025.08.06,05:15,24796.37,24855.86,24756.36,24829.38,6950
2025.08.06,06:15,24828.36,24955.38,24814.87,24900.38,5002
2025.08.06,08:00,24897.37,24921.87,24829.87,24878.88,6391
2025.08.06,09:00,24879.87,24915.38,24849.88,24861.88,4460
2025.08.06,10:00,24862.36,24927.36,24862.36,24885.87,3587
2025.08.06,11:00,24885.36,24886.37,24820.37,24839.86,1470
2025.08.06,12:15,24828.36,24851.38,24816.88,24849.36,1428
2025.08.06,13:15,24850.37,24861.38,24823.38,24843.36,1282
2025.08.06,14:15,24843.87,24846.37,24807.87,24825.37,1107
2025.08.06,15:15,24824.87,24866.36,24821.87,24865.87,1298
2025.08.06,16:15,24866.37,24877.36,24779.37,24803.88,4903
2025.08.06,17:15,24804.37,24809.38,24739.36,24761.36,3699
2025.08.06,18:15,24760.36,24826.38,24741.87,24824.88,2691
2025.08.06,19:15,24825.38,24868.37,24817.38,24853.37,2629
2025.08.06,20:15,24853.86,24908.87,24851.36,24906.37,1747
2025.08.06,21:15,24905.88,24914.38,24892.88,24905.86,1084
2025.08.07,04:15,24965.80,25016.81,24896.79,24930.31,9925
2025.08.07,05:15,24929.81,24931.81,24790.80,24890.81,9166
2025.08.07,06:15,24889.79,25041.31,24886.29,25019.81,4500
2025.08.07,08:00,25008.31,25057.29,24988.30,25050.81,6443
2025.08.07,09:00,25051.31,25085.30,25013.31,25067.79,5072
2025.08.07,10:00,25067.29,25071.80,25008.80,25021.79,4189
2025.08.07,11:00,25023.30,25053.30,25002.79,25033.80,1768
2025.08.07,12:15,25042.30,25056.31,25021.29,25029.29,2091
2025.08.07,13:15,25029.31,25030.31,25006.30,25020.79,1545
2025.08.07,14:15,25020.81,25029.81,25007.79,25019.31,1630
2025.08.07,15:15,25019.81,25040.30,25009.30,25013.79,1911
2025.08.07,16:15,25013.29,25045.29,24913.29,24923.79,4724
2025.08.07,17:15,24922.79,24930.81,24880.81,24903.80,4703
2025.08.07,18:15,24903.31,24920.80,24866.79,24881.81,3183
2025.08.07,19:15,24880.80,24911.31,24857.31,24870.80,3023
2025.08.07,20:15,24871.31,24875.81,24833.29,24858.81,2720
2025.08.07,21:15,24858.30,24879.79,24849.79,24879.79,1559
2025.08.08,04:15,24913.44,24951.44,24823.93,24925.43,10207
2025.08.08,05:15,24927.95,24961.94,24854.95,24870.44,7417
2025.08.08,06:15,24869.94,24896.45,24861.43,24880.94,2368
2025.08.08,08:00,24878.93,24882.45,24782.93,24785.45,5939
2025.08.08,09:00,24785.94,24844.43,24783.43,24793.94,4324
2025.08.08,10:00,24795.93,24839.45,24789.44,24810.45,3837
2025.08.08,11:00,24810.95,24850.93,24800.43,24836.43,1586
2025.08.08,12:15,24818.43,24830.94,24792.44,24817.95,1145
2025.08.08,13:15,24816.94,24841.45,24814.93,24835.44,803
2025.08.08,14:15,24834.94,24843.95,24828.45,24828.45,818
2025.08.08,15:15,24827.93,24833.44,24804.93,24827.45,1398
2025.08.08,16:15,24827.94,24866.43,24807.43,24840.94,3666
2025.08.08,17:15,24841.44,24880.94,24820.93,24879.94,2820
2025.08.08,18:15,24880.44,24913.44,24868.94,24907.94,2588
2025.08.08,19:15,24908.43,24912.44,24879.45,24893.95,1534
2025.08.08,20:15,24894.45,24924.45,24891.93,24909.95,1225
2025.08.08,21:15,24910.43,24940.95,24909.95,24940.94,961
2025.08.11,04:15,24900.24,24949.73,24747.23,24767.74,12539
2025.08.11,05:15,24766.73,24910.24,24751.73,24869.74,9076
2025.08.11,06:15,24870.24,24928.73,24865.72,24893.23,3406
2025.08.11,08:00,24872.22,24915.73,24843.72,24890.24,6347
2025.08.11,09:00,24889.72,24918.23,24834.22,24857.22,4635
2025.08.11,10:00,24857.74,24864.22,24831.72,24861.22,3151
2025.08.11,11:00,24862.72,24904.23,24850.72,24901.73,1384
2025.08.11,12:15,24899.24,24903.74,24887.73,24898.72,1153
2025.08.11,13:15,24899.24,24916.22,24895.22,24895.24,1039
2025.08.11,14:15,24894.73,24898.24,24866.72,24868.22,927
2025.08.11,15:15,24868.73,24881.72,24860.72,24879.74,1372
2025.08.11,16:15,24880.23,24943.23,24819.72,24844.22,4700
2025.08.11,17:15,24845.23,24854.24,24791.22,24799.73,2951
2025.08.11,18:15,24799.22,24824.24,24773.23,24815.73,2685
2025.08.11,19:15,24816.24,24816.73,24747.72,24754.72,1848
2025.08.11,20:15,24754.23,24754.74,24729.22,24731.72,1898
2025.08.11,21:15,24732.23,24804.22,24725.22,24773.23,2139
2025.08.12,04:15,24802.72,24886.71,24762.72,24872.71,9454
2025.08.12,05:15,24874.70,24919.20,24773.72,24895.20,9037
2025.08.12,06:15,24894.71,24913.71,24865.20,24911.20,3403
2025.08.12,08:00,24907.20,24940.72,24836.20,24878.71,8170
2025.08.12,09:00,24877.22,24920.22,24846.70,24905.20,4912
2025.08.12,10:00,24906.20,24995.21,24906.20,24969.71,4883
2025.08.12,11:00,24969.20,24979.72,24914.70,24924.72,1630
2025.08.12,12:15,24917.71,24931.22,24903.70,24916.71,1214
2025.08.12,13:15,24916.70,24932.70,24889.70,24891.72,874
2025.08.12,14:15,24893.20,24914.71,24880.71,24912.70,938
2025.08.12,15:15,24912.22,24994.72,24904.21,24950.71,3532
2025.08.12,16:15,24950.21,24974.22,24916.21,24965.21,5685
2025.08.12,17:15,24964.70,25098.22,24961.22,25091.22,3706
2025.08.12,18:15,25090.70,25142.22,25081.72,25124.21,2992
2025.08.12,19:15,25123.72,25162.21,25121.70,25156.71,1950
2025.08.12,20:15,25156.70,25189.72,25153.22,25185.21,1264
2025.08.12,21:15,25185.72,25191.21,25147.22,25154.22,904
2025.08.13,04:15,25133.89,25255.89,25128.37,25208.88,11023
2025.08.13,05:15,25208.89,25414.88,25200.87,25407.39,8999
2025.08.13,06:15,25408.38,25450.39,25403.87,25442.38,4547
2025.08.13,08:00,25439.89,25486.88,25417.39,25486.87,7028
2025.08.13,09:00,25487.88,25570.89,25471.88,25544.88,6719
2025.08.13,10:00,25544.87,25606.89,25528.87,25592.88,5765
2025.08.13,11:00,25593.89,25645.88,25581.87,25642.37,2193
2025.08.13,12:15,25648.39,25768.39,25648.39,25716.37,2634
2025.08.13,13:15,25715.87,25744.37,25701.39,25739.87,1296
2025.08.13,14:15,25739.37,25769.88,25715.88,25764.88,1265
2025.08.13,15:15,25765.37,25776.37,25714.88,25722.39,1614
2025.08.13,16:15,25722.89,25829.37,25719.37,25788.89,5586
2025.08.13,17:15,25788.37,25854.89,25762.87,25772.38,4369
2025.08.13,18:15,25772.87,25801.38,25733.39,25770.39,3173
2025.08.13,19:15,25770.89,25795.39,25755.87,25778.37,2268
2025.08.13,20:15,25775.89,25801.39,25747.87,25750.89,1671
2025.08.13,21:15,25749.89,25758.39,25734.88,25750.39,1332
2025.08.14,04:15,25771.12,25776.62,25648.64,25698.12,12755
2025.08.14,05:15,25699.13,25736.63,25634.12,25669.14,9587
2025.08.14,06:15,25669.13,25675.14,25559.13,25605.12,4545
2025.08.14,08:00,25607.12,25612.13,25456.12,25510.14,9219
2025.08.14,09:00,25509.64,25551.64,25478.12,25494.14,6389
2025.08.14,10:00,25494.13,25603.14,25481.62,25510.12,5425
2025.08.14,11:00,25510.63,25560.13,25497.12,25557.63,1618
2025.08.14,12:15,25511.12,25575.64,25511.12,25514.12,1743
2025.08.14,13:15,25514.64,25527.63,25499.12,25505.14,703
2025.08.14,14:15,25506.14,25535.13,25506.14,25527.62,1229
2025.08.14,15:15,25527.14,25528.14,25373.64,25393.14,3980
2025.08.14,16:15,25393.13,25401.63,25312.12,25319.12,6739
2025.08.14,17:15,25318.12,25398.13,25312.12,25321.63,4379
2025.08.14,18:15,25321.12,25350.64,25254.13,25256.13,3965
2025.08.14,19:15,25257.13,25279.13,25241.12,25273.63,2459
2025.08.14,20:15,25274.13,25309.13,25264.12,25307.64,1676
2025.08.14,21:15,25307.13,25338.13,25302.62,25316.64,1380
2025.08.15,04:15,25266.96,25334.97,25206.46,25301.48,11392
2025.08.15,05:15,25302.97,25306.46,25136.96,25148.47,8904
2025.08.15,06:15,25148.48,25231.98,25144.96,25193.96,4027
2025.08.15,08:00,25196.48,25277.48,25171.47,25248.46,8776
2025.08.15,09:00,25247.98,25255.47,25170.48,25221.47,6536
2025.08.15,10:00,25220.47,25251.48,25203.48,25251.48,4745
2025.08.15,11:00,25254.98,25254.98,25208.96,25228.46,1886
2025.08.15,12:15,25222.96,25244.48,25201.96,25210.98,1087
2025.08.15,13:15,25211.48,25246.48,25210.47,25238.98,991
2025.08.15,14:15,25239.48,25263.96,25230.47,25256.98,895
2025.08.15,15:15,25255.98,25260.97,25211.48,25227.48,1792
2025.08.15,16:15,25227.96,25294.46,25211.97,25228.46,4884
2025.08.15,17:15,25227.98,25247.98,25206.96,25210.48,3889
2025.08.15,18:15,25209.96,25219.47,25161.47,25187.46,2754
2025.08.15,19:15,25187.98,25204.48,25175.97,25182.48,1778
2025.08.15,20:15,25182.96,25196.96,25177.96,25190.47,1475
2025.08.15,21:15,25189.96,25216.97,25187.47,25210.46,1072
2025.08.18,04:15,25256.74,25367.73,25245.72,25320.23,12922
2025.08.18,05:15,25320.22,25331.73,25217.23,25271.72,10127
2025.08.18,06:15,25271.22,25418.72,25270.72,25416.22,5339
2025.08.18,08:00,25415.72,25457.24,25328.72,25336.72,9155
2025.08.18,09:00,25338.22,25368.74,25261.23,25269.22,7950
2025.08.18,10:00,25268.22,25275.22,25202.73,25210.72,5723
2025.08.18,11:00,25210.22,25224.23,25147.22,25193.74,2571
2025.08.18,12:15,25187.23,25211.24,25174.24,25184.74,1466
2025.08.18,13:15,25184.22,25214.74,25178.23,25211.22,1014
2025.08.18,14:15,25210.73,25232.24,25206.23,25232.22,912
2025.08.18,15:15,25232.72,25232.74,25197.73,25217.24,1396
2025.08.18,16:15,25217.22,25283.24,25216.22,25267.72,4322
2025.08.18,17:15,25267.23,25267.23,25177.23,25188.74,3193
2025.08.18,18:15,25188.24,25230.24,25186.73,25224.73,2454
2025.08.18,19:15,25224.24,25229.23,25204.73,25227.22,1535
2025.08.18,20:15,25227.24,25246.24,25203.72,25217.23,1396
2025.08.18,21:15,25217.22,25230.22,25206.72,25229.74,963
2025.08.19,04:15,25226.02,25241.52,25057.51,25134.02,11147
2025.08.19,05:15,25134.51,25192.02,25105.52,25177.50,9072
2025.08.19,06:15,25178.51,25214.02,25139.51,25214.02,3810
2025.08.19,08:00,25203.51,25247.01,25086.01,25103.51,8137
2025.08.19,09:00,25102.51,25146.02,25067.01,25119.02,6718
2025.08.19,10:00,25119.51,25143.02,25069.52,25135.00,5469
2025.08.19,11:00,25135.50,25142.01,25079.52,25115.01,1755
2025.08.19,12:15,25110.51,25158.02,25110.51,25143.00,1123
2025.08.19,13:15,25142.50,25163.01,25139.51,25158.01,1035
2025.08.19,14:15,25158.52,25186.02,25153.51,25182.02,1097
2025.08.19,15:15,25183.50,25185.52,25141.51,25148.51,1467
2025.08.19,16:15,25148.01,25186.50,25138.50,25169.52,4471
2025.08.19,17:15,25170.51,25190.02,25060.01,25091.01,4400
2025.08.19,18:15,25090.50,25093.02,25037.50,25039.51,2872
2025.08.19,19:15,25040.51,25050.52,24971.50,24988.00,2933
2025.08.19,20:15,24988.02,25011.51,24976.50,24984.52,2140
2025.08.19,21:15,24983.51,24992.02,24959.00,24973.52,1090
2025.08.20,04:15,24934.26,25021.78,24853.76,24991.78,12032
2025.08.20,05:15,24991.76,25072.76,24974.26,25028.26,9303
2025.08.20,06:15,25027.76,25032.27,24946.26,24971.78,4464
2025.08.20,08:00,24968.77,25079.27,24944.26,25074.27,8185
2025.08.20,09:00,25074.76,25186.78,25073.28,25182.26,7957
2025.08.20,10:00,25182.77,25203.78,25148.77,25169.77,6312
2025.08.20,11:00,25169.28,25173.78,25120.77,25125.78,1936
2025.08.20,12:15,25127.76,25166.76,25127.76,25166.76,1317
2025.08.20,13:15,25167.27,25168.76,25139.76,25146.26,779
2025.08.20,14:15,25145.27,25145.28,25106.77,25130.28,1167
2025.08.20,15:15,25130.78,25168.76,25128.76,25156.77,1603
2025.08.20,16:15,25157.76,25213.78,25096.26,25114.27,6589
2025.08.20,17:15,25113.28,25132.27,25053.77,25089.77,5778
2025.08.20,18:15,25090.28,25141.78,25087.26,25134.78,3698
2025.08.20,19:15,25134.27,25165.26,25134.27,25153.27,2801
2025.08.20,20:15,25153.78,25191.77,25150.26,25164.78,2543
2025.08.20,21:15,25164.26,25173.28,25140.27,25163.27,2059
2025.08.21,04:15,25204.96,25204.96,25085.45,25140.46,11375
2025.08.21,05:15,25140.45,25199.46,25113.95,25123.96,9215
2025.08.21,06:15,25123.45,25127.94,25068.96,25121.94,3488
2025.08.21,08:00,25121.45,25134.46,25077.46,25122.46,6867
2025.08.21,09:00,25121.95,25127.45,24984.94,25040.96,7737
2025.08.21,10:00,25040.45,25106.96,25034.44,25101.95,4322
2025.08.21,11:00,25100.95,25105.46,25076.44,25105.46,1327
2025.08.21,12:15,25102.94,25113.95,25077.96,25087.95,1037
2025.08.21,13:15,25088.46,25112.44,25064.45,25108.95,1187
2025.08.21,14:15,25109.44,25109.45,25075.44,25083.96,1127
2025.08.21,15:15,25084.45,25106.46,25072.96,25097.44,1801
2025.08.21,16:15,25096.96,25158.46,25083.94,25152.44,5856
2025.08.21,17:15,25152.46,25183.45,25140.44,25142.95,4184
2025.08.21,18:15,25142.45,25201.46,25139.95,25148.45,3446
2025.08.21,19:15,25147.96,25180.45,25147.44,25170.45,2490
2025.08.21,20:15,25169.45,25205.46,25149.96,25175.45,2064
2025.08.21,21:15,25174.44,25193.96,25167.45,25193.96,982
2025.08.22,04:15,25202.89,25277.40,25137.90,25169.89,12339
2025.08.22,05:15,25168.39,25238.41,25151.90,25184.91,10387
2025.08.22,06:15,25183.90,25207.91,25145.89,25175.90,4389
2025.08.22,08:00,25177.91,25223.91,25146.40,25210.90,8975
2025.08.22,09:00,25210.40,25253.40,25203.40,25217.90,7461
2025.08.22,10:00,25217.89,25353.40,25209.39,25318.89,5288
2025.08.22,11:00,25319.41,25358.89,25313.89,25348.91,1814
2025.08.22,12:15,25341.91,25369.41,25326.89,25346.40,1533
2025.08.22,13:15,25345.90,25383.91,25339.39,25357.41,926
2025.08.22,14:15,25357.91,25399.91,25353.89,25398.90,1147
2025.08.22,15:15,25398.40,25409.91,25375.91,25387.41,1284
2025.08.22,16:15,25387.90,25614.91,25365.89,25611.89,7298
2025.08.22,17:15,25611.40,25722.90,25573.39,25699.91,8459
2025.08.22,18:15,25699.41,25725.41,25671.39,25678.39,4452
2025.08.22,19:15,25677.91,25713.91,25668.39,25706.41,3072
2025.08.22,20:15,25706.91,25750.89,25705.90,25726.40,2057
2025.08.22,21:15,25725.89,25729.41,25707.89,25719.90,1439
2025.08.25,04:15,25660.89,25809.39,25602.87,25808.87,12992
2025.08.25,05:15,25808.88,25943.38,25804.87,25892.87,11708
2025.08.25,06:15,25892.89,25907.89,25807.37,25891.37,5607
2025.08.25,08:00,25888.88,25889.38,25762.37,25854.87,10587
2025.08.25,09:00,25854.88,25927.37,25842.87,25923.38,7852
2025.08.25,10:00,25922.89,25934.89,25807.87,25826.87,5339
2025.08.25,11:00,25826.38,25895.89,25810.87,25859.88,2498
2025.08.25,12:15,25839.89,25845.39,25796.39,25796.89,1564
2025.08.25,13:15,25796.38,25798.88,25757.38,25790.39,1511
2025.08.25,14:15,25789.38,25807.89,25768.89,25775.37,1195
2025.08.25,15:15,25774.88,25784.89,25733.37,25751.89,1791
2025.08.25,16:15,25751.37,25861.38,25716.87,25793.89,7115
2025.08.25,17:15,25794.39,25802.37,25751.37,25756.38,5307
2025.08.25,18:15,25756.87,25803.37,25755.37,25764.38,3257
2025.08.25,19:15,25764.87,25765.87,25719.87,25738.89,2356
2025.08.25,20:15,25738.39,25745.88,25708.39,25724.88,2074
2025.08.25,21:15,25724.37,25727.38,25696.87,25704.38,1176
2025.08.26,04:15,25715.31,25809.81,25686.80,25780.31,11895
2025.08.26,05:15,25779.82,25800.82,25733.82,25784.80,9426
2025.08.26,06:15,25783.80,25832.82,25780.81,25791.30,4381
2025.08.26,08:00,25781.81,25832.82,25772.80,25808.80,7734
2025.08.26,09:00,25808.31,25816.80,25633.30,25646.82,8149
2025.08.26,10:00,25648.31,25658.81,25521.80,25528.82,7719
2025.08.26,11:00,25529.32,25578.30,25479.82,25572.82,3030
2025.08.26,12:15,25567.80,25655.82,25567.80,25653.81,1860
2025.08.26,13:15,25655.30,25660.32,25636.80,25653.81,1190
2025.08.26,14:15,25653.82,25697.82,25651.31,25691.32,1476
2025.08.26,15:15,25690.31,25693.32,25657.81,25661.31,2033
2025.08.26,16:15,25660.82,25713.82,25641.81,25663.30,6186
2025.08.26,17:15,25662.80,25676.82,25611.80,25638.82,3678
2025.08.26,18:15,25638.31,25647.30,25601.30,25637.82,2912
2025.08.26,19:15,25638.32,25656.32,25589.31,25599.31,1995
2025.08.26,20:15,25598.82,25603.80,25575.80,25595.81,1926
2025.08.26,21:15,25595.31,25622.32,25594.31,25621.80,1205
2025.08.27,04:15,25649.78,25676.76,25575.78,25595.77,11146
2025.08.27,05:15,25596.77,25624.78,25491.78,25574.76,10288
2025.08.27,06:15,25574.77,25575.77,25497.76,25560.27,4674
2025.08.27,08:00,25554.26,25567.76,25319.76,25366.76,10692
2025.08.27,09:00,25367.78,25392.26,25152.76,25192.76,11916
2025.08.27,10:00,25192.78,25242.78,25156.77,25181.78,7834
2025.08.27,11:00,25182.77,25215.76,25168.26,25182.27,2217
2025.08.27,12:15,25126.78,25150.78,25111.76,25138.76,1826
2025.08.27,13:15,25137.78,25141.76,25075.26,25117.28,1416
2025.08.27,14:15,25117.26,25120.28,25072.28,25085.78,1187
2025.08.27,15:15,25084.78,25087.78,25014.27,25053.28,2153
2025.08.27,16:15,25054.28,25058.78,24939.26,24951.27,6303
2025.08.27,17:15,24951.26,24991.28,24920.76,24967.78,3954
2025.08.27,18:15,24968.28,24990.28,24943.26,24974.27,2670
2025.08.27,19:15,24975.26,24988.78,24938.76,24970.28,2057
2025.08.27,20:15,24969.77,25016.77,24965.76,25016.26,1194
2025.08.27,21:15,25018.27,25028.78,24990.27,25009.76,800
2025.08.28,04:15,25052.02,25069.51,24912.51,24959.01,13629
2025.08.28,05:15,24960.51,25095.53,24921.51,25078.51,11807
2025.08.28,06:15,25078.03,25078.03,24979.51,25022.01,5509
2025.08.28,08:00,25020.53,25022.53,24813.01,24922.01,11658
2025.08.28,09:00,24921.53,25048.02,24914.51,25029.03,9829
2025.08.28,10:00,25028.53,25080.03,24978.52,25013.02,6513
2025.08.28,11:00,25013.53,25013.53,24963.52,24983.03,2060
2025.08.28,12:15,24968.52,24987.53,24948.01,24975.51,1538
2025.08.28,13:15,24975.53,24997.52,24972.51,24977.52,1213
2025.08.28,14:15,24977.02,25004.53,24966.51,25000.03,1312
2025.08.28,15:15,25001.02,25020.51,24980.53,25006.01,2161
2025.08.28,16:15,25006.51,25140.01,24977.02,25123.53,6342
2025.08.28,17:15,25123.03,25162.53,25104.03,25142.03,3952
2025.08.28,18:15,25141.51,25188.02,25122.52,25188.02,2781
2025.08.28,19:15,25188.52,25200.51,25169.52,25180.02,1809
2025.08.28,20:15,25179.52,25188.52,25160.53,25179.03,1588
2025.08.28,21:15,25179.51,25185.52,25168.51,25184.53,986
2025.08.29,04:15,25151.58,25180.58,25058.06,25170.06,12870
2025.08.29,05:15,25169.07,25280.08,25154.08,25207.57,12134
2025.08.29,06:15,25207.08,25238.57,25149.06,25170.56,5000
2025.08.29,08:00,25158.06,25273.08,25106.08,25264.07,11587
2025.08.29,09:00,25263.56,25291.08,25167.56,25219.56,8946
2025.08.29,10:00,25219.07,25258.56,25114.56,25123.06,5453
2025.08.29,11:00,25122.56,25124.08,25084.08,25104.07,2157
2025.08.29,12:15,25124.56,25193.07,24957.07,25161.56,3456
2025.08.29,13:15,25160.58,25216.08,25156.58,25197.07,2180
2025.08.29,14:15,25198.56,25212.57,25172.06,25185.06,1796
2025.08.29,15:15,25186.06,25271.58,25183.08,25269.08,3041
2025.08.29,16:15,25268.56,25312.06,25227.06,25255.58,9394
2025.08.29,17:15,25254.57,25382.07,25239.56,25371.56,8249
2025.08.29,18:15,25371.58,25399.08,25321.06,25396.57,5789
2025.08.29,19:15,25397.07,25435.08,25385.57,25425.06,3684
2025.08.29,20:15,25424.56,25436.06,25397.07,25405.08,3494
2025.08.29,21:15,25406.06,25430.56,25391.07,25401.07,2020
2025.09.01,04:15,25458.22,25627.24,25441.74,25601.74,14818
2025.09.01,05:15,25601.24,25656.23,25572.22,25595.24,11247
2025.09.01,06:15,25596.23,25606.74,25499.22,25532.72,5001
2025.09.01,08:00,25532.74,25598.74,25516.22,25591.72,9136
2025.09.01,09:00,25592.24,25654.23,25574.72,25575.74,6525
2025.09.01,10:00,25575.22,25628.22,25562.22,25623.72,4067
2025.09.01,11:00,25623.24,25625.72,25585.22,25587.74,1672
2025.09.01,12:15,25584.73,25611.74,25566.23,25598.24,1470
2025.09.01,13:15,25598.22,25598.73,25564.74,25564.74,1064
2025.09.01,14:15,25565.23,25566.24,25541.24,25547.22,1293
2025.09.01,15:15,25546.73,25573.22,25546.72,25556.74,876
2025.09.01,16:15,25555.22,25555.22,25508.22,25510.74,1513
2025.09.01,17:15,25509.22,25512.24,25475.22,25495.72,1326
2025.09.01,18:15,25496.23,25506.24,25485.22,25498.24,738
2025.09.01,19:15,25498.23,25513.74,25495.73,25500.72,332
2025.09.01,20:15,25500.73,25513.24,25500.73,25512.74,164
2025.09.01,21:15,25512.73,25522.72,25508.22,25522.72,151
2025.09.02,04:15,25529.31,25679.81,25508.79,25635.31,12675
2025.09.02,05:15,25634.80,25725.30,25514.80,25537.31,12725
2025.09.02,06:15,25536.80,25589.31,25450.29,25465.29,6208
2025.09.02,08:00,25465.30,25569.30,25411.80,25537.79,12485
2025.09.02,09:00,25538.79,25561.80,25469.79,25539.31,8262
2025.09.02,10:00,25539.79,25553.81,25453.79,25479.81,6044
2025.09.02,11:00,25480.29,25492.81,25430.29,25443.81,2365
2025.09.02,12:15,25444.80,25445.31,25394.29,25423.80,2466
2025.09.02,13:15,25424.31,25434.30,25383.29,25391.79,2077
2025.09.02,14:15,25390.79,25393.31,25295.30,25308.79,2699
2025.09.02,15:15,25308.30,25311.81,25233.29,25289.81,3964
2025.09.02,16:15,25289.29,25450.79,25228.80,25442.81,8765
2025.09.02,17:15,25443.31,25530.79,25405.80,25421.80,7959
2025.09.02,18:15,25422.29,25468.31,25421.30,25454.79,5042
2025.09.02,19:15,25453.79,25492.81,25438.29,25448.30,3053
2025.09.02,20:15,25448.81,25481.80,25440.31,25452.79,2517
2025.09.02,21:15,25451.81,25488.79,25434.79,25484.29,1733
2025.09.03,04:15,25630.97,25793.98,25479.96,25488.98,13747
2025.09.03,05:15,25489.98,25542.47,25393.96,25427.98,12804
2025.09.03,06:15,25427.48,25449.98,25338.97,25376.47,5602
2025.09.03,08:00,25376.46,25413.96,25275.46,25316.96,10988
2025.09.03,09:00,25316.46,25373.97,25251.46,25300.46,9121
2025.09.03,10:00,25299.97,25319.98,25259.97,25318.97,4869
2025.09.03,11:00,25319.96,25357.96,25306.97,25357.46,1919
2025.09.03,12:15,25347.96,25405.48,25336.96,25377.97,1727
2025.09.03,13:15,25378.47,25391.98,25367.46,25377.48,906
2025.09.03,14:15,25376.98,25391.48,25367.96,25385.98,1305
2025.09.03,15:15,25386.48,25389.48,25321.47,25349.46,2006
2025.09.03,16:15,25350.97,25376.47,25274.46,25355.46,6707
2025.09.03,17:15,25355.96,25398.98,25320.46,25330.98,4914
2025.09.03,18:15,25331.48,25386.46,25313.97,25382.98,3827
2025.09.03,19:15,25381.98,25403.98,25371.47,25400.97,2288
2025.09.03,20:15,25401.47,25406.98,25363.96,25383.48,2589
2025.09.03,21:15,25383.96,25396.48,25359.47,25369.97,1729
2025.09.04,04:15,25430.20,25511.18,25206.68,25244.68,13355
2025.09.04,05:15,25243.68,25267.69,25015.68,25062.18,13847
2025.09.04,06:15,25061.18,25079.68,25003.18,25026.19,5607
2025.09.04,08:00,25023.19,25115.20,24996.19,25087.20,11698
2025.09.04,09:00,25086.69,25100.20,24998.68,25034.18,10384
2025.09.04,10:00,25034.68,25060.70,25010.68,25037.69,4921
2025.09.04,11:00,25036.70,25054.20,24998.19,25009.18,1991
2025.09.04,12:15,25009.69,25060.70,24982.68,25059.19,1484
2025.09.04,13:15,25058.70,25065.20,25018.68,25032.69,1636
2025.09.04,14:15,25033.69,25050.70,25030.18,25049.69,1115
2025.09.04,15:15,25050.18,25062.69,25027.70,25050.18,2113
2025.09.04,16:15,25049.69,25071.68,24920.19,24942.69,6704
2025.09.04,17:15,24943.19,24986.70,24915.68,24973.20,5170
2025.09.04,18:15,24973.69,25028.18,24969.19,24999.19,2979
2025.09.04,19:15,24999.70,25050.70,24995.68,25037.69,1908
2025.09.04,20:15,25038.69,25050.69,25022.68,25040.69,1549
2025.09.04,21:15,25041.19,25062.20,25040.18,25060.19,1007
2025.09.05,04:15,25107.65,25181.66,25071.14,25153.16,11852
2025.09.05,05:15,25152.65,25222.65,25123.64,25192.65,9644
2025.09.05,06:15,25191.66,25200.15,25141.65,25199.15,3528
2025.09.05,08:00,25200.14,25303.65,25186.64,25302.15,7614
2025.09.05,09:00,25302.65,25430.15,25299.66,25415.16,9028
2025.09.05,10:00,25413.65,25458.64,25391.64,25425.14,5629
2025.09.05,11:00,25424.14,25429.64,25382.64,25426.66,2341
2025.09.05,12:15,25409.66,25447.16,25408.66,25421.66,1708
2025.09.05,13:15,25420.66,25441.65,25409.64,25424.14,1034
2025.09.05,14:15,25423.64,25424.15,25388.64,25409.14,1412
2025.09.05,15:15,25409.66,25508.14,25409.65,25477.14,4369
2025.09.05,16:15,25477.65,25483.16,25381.66,25382.65,7688
2025.09.05,17:15,25383.66,25388.65,25273.15,25330.64,9330
2025.09.05,18:15,25329.65,25378.66,25329.65,25356.65,5161
2025.09.05,19:15,25356.14,25370.15,25326.15,25367.14,3526
2025.09.05,20:15,25366.65,25386.16,25342.64,25348.15,3196
2025.09.05,21:15,25347.66,25372.66,25341.14,25369.16,1575
2025.09.08,04:15,25412.63,25544.65,25382.13,25523.63,13186
2025.09.08,05:15,25522.63,25535.15,25425.15,25497.65,11970
2025.09.08,06:15,25498.15,25530.15,25472.64,25499.64,3890
2025.09.08,08:00,25494.63,25577.13,25483.63,25561.14,8039
2025.09.08,09:00,25560.63,25664.14,25549.65,25649.63,7374
2025.09.08,10:00,25650.15,25650.15,25590.63,25609.63,4204
2025.09.08,11:00,25609.64,25647.64,25606.65,25612.63,1514
2025.09.08,12:15,25603.65,25604.15,25578.65,25585.15,1136
2025.09.08,13:15,25586.64,25611.63,25580.64,25608.64,897
2025.09.08,14:15,25608.63,25628.13,25600.63,25615.13,1047
2025.09.08,15:15,25614.15,25642.65,25603.64,25638.15,1393
2025.09.08,16:15,25638.63,25662.14,25577.14,25577.14,6408
2025.09.08,17:15,25576.65,25655.14,25550.64,25644.65,4064
2025.09.08,18:15,25645.63,25651.15,25615.64,25639.15,3133
2025.09.08,19:15,25638.63,25642.63,25609.65,25623.15,2184
2025.09.08,20:15,25623.63,25646.15,25612.14,25643.64,1525
2025.09.08,21:15,25644.15,25678.15,25643.13,25675.63,771
2025.09.09,04:15,25679.82,25973.82,25662.81,25970.31,11329
2025.09.09,05:15,25969.30,26043.32,25916.80,25919.80,9486
2025.09.09,06:15,25918.82,25934.82,25806.81,25848.80,5449
2025.09.09,08:00,25843.82,25868.82,25746.30,25770.32,10880
2025.09.09,09:00,25770.82,25858.32,25748.32,25841.81,7649
2025.09.09,10:00,25842.81,25941.82,25834.80,25913.81,6107
2025.09.09,11:00,25912.32,25932.30,25885.82,25932.30,2058
2025.09.09,12:15,25924.82,25967.32,25917.32,25959.80,1353
2025.09.09,13:15,25959.81,25967.32,25936.81,25942.81,1147
2025.09.09,14:15,25943.31,25947.82,25907.80,25916.31,1322
2025.09.09,15:15,25915.80,25922.32,25877.80,25894.30,1869
2025.09.09,16:15,25893.80,26000.80,25888.81,25975.30,7549
2025.09.09,17:15,25974.82,26026.30,25941.81,25948.31,7294
2025.09.09,18:15,25947.81,25965.32,25913.30,25946.31,4047
2025.09.09,19:15,25945.80,25959.82,25916.32,25923.32,2530
2025.09.09,20:15,25923.81,25965.31,25923.81,25952.32,2038
2025.09.09,21:15,25951.80,25970.32,25941.30,25968.81,1475
2025.09.10,04:15,26019.16,26249.67,26001.16,26236.68,12525
2025.09.10,05:15,26236.17,26241.16,26074.18,26215.16,12368
2025.09.10,06:15,26215.67,26273.68,26190.16,26269.67,5054
2025.09.10,08:00,26268.17,26300.18,26224.66,26265.66,9440
2025.09.10,09:00,26266.66,26309.16,26197.66,26208.68,7573
2025.09.10,10:00,26209.17,26242.67,26174.17,26220.68,4880
2025.09.10,11:00,26220.66,26221.17,26172.18,26188.67,2074
2025.09.10,12:15,26170.67,26170.67,26119.67,26131.18,1842
2025.09.10,13:15,26131.66,26150.67,26119.66,26145.66,1529
2025.09.10,14:15,26145.18,26145.67,26084.16,26084.16,1816
2025.09.10,15:15,26083.68,26171.18,26073.16,26127.16,4035
2025.09.10,16:15,26126.68,26138.16,26004.17,26057.68,7479
2025.09.10,17:15,26056.68,26058.68,25997.17,26038.16,4507
2025.09.10,18:15,26036.67,26038.68,25981.16,26004.16,3246
2025.09.10,19:15,26004.67,26017.66,25980.16,26003.67,2207
2025.09.10,20:15,26003.66,26003.66,25970.16,25984.67,1802
2025.09.10,21:15,25984.17,26009.68,25981.67,25988.16,1273
2025.09.11,04:15,25974.07,25992.08,25874.06,25990.58,12210
2025.09.11,05:15,25991.58,26059.07,25905.58,26037.58,10925
2025.09.11,06:15,26036.08,26132.08,26022.57,26119.57,4996
2025.09.11,08:00,26112.07,26196.08,26058.06,26075.08,9774
2025.09.11,09:00,26074.06,26246.07,26045.08,26211.07,8597
2025.09.11,10:00,26211.57,26212.06,26077.07,26107.58,4992
2025.09.11,11:00,26108.07,26114.07,26059.57,26078.07,1619
2025.09.11,12:15,26082.58,26107.58,26058.07,26107.58,1504
2025.09.11,13:15,26107.07,26119.58,26094.57,26119.58,874
2025.09.11,14:15,26119.08,26127.08,26089.06,26092.56,1270
2025.09.11,15:15,26093.56,26185.08,26070.58,26160.06,4835
2025.09.11,16:15,26160.08,26301.57,26139.56,26251.57,8223
2025.09.11,17:15,26251.08,26315.08,26221.56,26315.08,5250
2025.09.11,18:15,26314.56,26423.58,26299.57,26407.56,5063
2025.09.11,19:15,26409.08,26461.08,26408.08,26446.58,4128
2025.09.11,20:15,26447.07,26475.07,26432.07,26456.58,2517
2025.09.11,21:15,26457.57,26461.08,26416.56,26442.56,1889
2025.09.12,04:15,26465.16,26583.66,26408.16,26440.67,13622
2025.09.12,05:15,26440.16,26525.67,26361.66,26416.17,11224
2025.09.12,06:15,26416.67,26507.67,26409.65,26495.67,4441
2025.09.12,08:00,26496.17,26513.67,26430.16,26448.15,9526
2025.09.12,09:00,26447.66,26453.17,26358.17,26363.16,7976
2025.09.12,10:00,26361.15,26408.15,26341.15,26392.17,5001
2025.09.12,11:00,26391.67,26396.16,26343.15,26370.66,2275
2025.09.12,12:15,26357.66,26357.66,26315.15,26332.65,1719
2025.09.12,13:15,26332.16,26406.17,26332.15,26396.15,1462
2025.09.12,14:15,26395.15,26443.16,26390.65,26409.17,1900
2025.09.12,15:15,26408.67,26414.65,26344.65,26397.16,2372
2025.09.12,16:15,26397.66,26413.66,26299.16,26309.65,6635
2025.09.12,17:15,26310.17,26348.16,26290.15,26313.15,4637
2025.09.12,18:15,26312.66,26318.16,26272.65,26273.67,2882
2025.09.12,19:15,26274.15,26348.17,26273.15,26343.65,2002
2025.09.12,20:15,26344.17,26360.67,26334.15,26354.17,1618
2025.09.12,21:15,26353.66,26380.66,26352.16,26363.65,1395
2025.09.15,04:15,26330.53,26524.05,26293.04,26520.04,13012
2025.09.15,05:15,26520.55,26544.53,26415.55,26499.55,11113
2025.09.15,06:15,26499.05,26538.05,26469.53,26484.05,4217
2025.09.15,08:00,26481.53,26491.05,26426.53,26461.03,8118
2025.09.15,09:00,26462.04,26480.05,26284.03,26352.03,8463
2025.09.15,10:00,26352.05,26471.55,26348.04,26461.54,5616
2025.09.15,11:00,26461.05,26467.55,26431.04,26458.03,1642
2025.09.15,12:15,26448.54,26458.05,26413.05,26449.04,1468
2025.09.15,13:15,26449.53,26460.55,26424.03,26448.05,1023
2025.09.15,14:15,26448.55,26504.05,26443.05,26494.04,1411
2025.09.15,15:15,26492.55,26650.55,26488.53,26595.05,4237
2025.09.15,16:15,26594.05,26598.05,26444.53,26494.04,7094
2025.09.15,17:15,26494.54,26560.05,26479.03,26483.53,4838
2025.09.15,18:15,26482.53,26531.04,26472.55,26507.55,3822
2025.09.15,19:15,26507.05,26537.05,26492.53,26522.54,2147
2025.09.15,20:15,26523.04,26536.05,26494.03,26523.05,1973
2025.09.15,21:15,26523.54,26527.53,26470.53,26500.53,1516
2025.09.16,04:15,26542.58,26605.59,26456.58,26489.59,12561
2025.09.16,05:15,26488.59,26505.59,26329.09,26393.57,11509
2025.09.16,06:15,26393.09,26496.08,26369.08,26474.57,4469
2025.09.16,08:00,26467.57,26509.08,26405.08,26508.07,8150
2025.09.16,09:00,26508.08,26527.09,26442.57,26499.57,7693
2025.09.16,10:00,26499.09,26500.58,26403.07,26410.09,5067
2025.09.16,11:00,26409.07,26458.09,26405.07,26443.08,1763
2025.09.16,12:15,26437.07,26456.09,26389.59,26394.58,1568
2025.09.16,13:15,26395.09,26427.58,26384.08,26402.58,1369
2025.09.16,14:15,26402.09,26445.09,26390.57,26414.57,1530
2025.09.16,15:15,26415.08,26419.58,26382.57,26409.09,2295
2025.09.16,16:15,26409.58,26443.09,26340.07,26388.08,6188
2025.09.16,17:15,26389.08,26551.08,26387.57,26445.07,7244
2025.09.16,18:15,26444.57,26482.58,26405.08,26480.07,4442
2025.09.16,19:15,26480.58,26550.07,26477.59,26546.59,3182
2025.09.16,20:15,26547.07,26599.09,26536.07,26597.58,2658
2025.09.16,21:15,26597.08,26602.59,26576.57,26596.59,1746
2025.09.17,04:15,26577.34,26685.34,26530.32,26645.84,12022
2025.09.17,05:15,26646.32,26812.33,26600.33,26803.83,11864
2025.09.17,06:15,26804.82,26857.83,26743.82,26823.32,5939
2025.09.17,08:00,26822.32,26913.34,26790.32,26877.32,10527
2025.09.17,09:00,26877.82,26946.33,26847.33,26909.34,7466
2025.09.17,10:00,26908.84,26934.33,26859.83,26929.34,5728
2025.09.17,11:00,26928.33,26930.82,26874.33,26891.82,2219
2025.09.17,12:15,26888.83,26888.83,26843.33,26863.84,1940
2025.09.17,13:15,26863.32,26913.32,26858.83,26913.32,1515
2025.09.17,14:15,26913.34,26926.84,26857.33,26866.82,1728
2025.09.17,15:15,26867.33,26894.33,26858.32,26883.34,1494
2025.09.17,16:15,26882.84,26951.33,26818.82,26927.33,8248
2025.09.17,17:15,26927.83,26957.83,26824.33,26865.83,5999
2025.09.17,18:15,26866.34,26899.32,26836.32,26872.84,4177
2025.09.17,19:15,26872.33,26893.33,26822.33,26822.83,2687
2025.09.17,20:15,26822.34,26960.34,26811.82,26846.82,5235
2025.09.17,21:15,26846.34,26918.84,26703.83,26796.84,10696
2025.09.18,04:15,26844.11,27051.61,26800.62,27007.63,14396
2025.09.18,05:15,27006.61,27031.63,26797.11,26853.61,15064
2025.09.18,06:15,26853.62,26906.13,26810.61,26873.63,5782
2025.09.18,08:00,26864.13,26875.63,26610.61,26610.61,13537
2025.09.18,09:00,26609.63,26637.62,26330.61,26490.12,16292
2025.09.18,10:00,26490.63,26584.63,26471.11,26529.63,8158
2025.09.18,11:00,26529.61,26571.63,26515.61,26530.61,2447
2025.09.18,12:15,26530.63,26626.11,26528.11,26620.62,2607
2025.09.18,13:15,26620.63,26649.63,26616.11,26623.61,2162
2025.09.18,14:15,26624.11,26627.63,26534.61,26540.11,2521
2025.09.18,15:15,26539.62,26560.13,26490.62,26495.62,3240
2025.09.18,16:15,26495.11,26611.61,26437.62,26601.12,9704
2025.09.18,17:15,26600.63,26618.62,26491.11,26511.11,7691
2025.09.18,18:15,26509.63,26556.13,26486.61,26511.12,4895
2025.09.18,19:15,26509.63,26557.12,26500.12,26552.62,2502
2025.09.18,20:15,26551.63,26586.61,26549.11,26570.13,2288
2025.09.18,21:15,26569.62,26597.12,26557.11,26597.12,1305
2025.09.19,04:15,26551.15,26569.65,26395.64,26492.65,14338
2025.09.19,05:15,26492.64,26620.64,26490.14,26539.65,13407
2025.09.19,06:15,26539.66,26593.66,26522.64,26561.66,5955
2025.09.19,08:00,26551.14,26610.16,26401.14,26452.65,11910
2025.09.19,09:00,26453.16,26530.14,26435.64,26437.66,9173
2025.09.19,10:00,26439.65,26533.65,26417.64,26523.15,5640
2025.09.19,11:00,26524.64,26561.65,26505.66,26552.16,1918
2025.09.19,12:15,26546.64,26567.66,26522.14,26528.64,2084
2025.09.19,13:15,26527.64,26539.16,26504.65,26507.65,1521
2025.09.19,14:15,26506.66,26523.66,26487.66,26517.65,1587
2025.09.19,15:15,26518.64,26558.16,26506.66,26555.64,2169
2025.09.19,16:15,26556.65,26586.65,26471.64,26570.14,7504
2025.09.19,17:15,26569.66,26667.15,26522.14,26536.16,7137
2025.09.19,18:15,26536.66,26596.66,26476.64,26509.65,5163
2025.09.19,19:15,26509.15,26533.16,26507.16,26528.66,2759
2025.09.19,20:15,26528.14,26573.65,26526.16,26538.65,1933
2025.09.19,21:15,26538.15,26538.66,26496.15,26521.14,1656
2025.09.22,04:15,26468.67,26479.16,26264.66,26298.16,15767
2025.09.22,05:15,26298.66,26379.66,26232.17,26236.15,12460
2025.09.22,06:15,26235.66,26324.66,26230.15,26274.17,4975
2025.09.22,08:00,26272.67,26360.65,26234.16,26248.15,11322
2025.09.22,09:00,26248.67,26338.17,26198.65,26322.66,8244
2025.09.22,10:00,26322.16,26334.15,26254.67,26323.15,5520
2025.09.22,11:00,26323.65,26393.67,26318.67,26384.15,2504
2025.09.22,12:15,26365.65,26415.66,26358.65,26412.16,1918
2025.09.22,13:15,26412.17,26428.17,26384.16,26388.17,1582
2025.09.22,14:15,26388.65,26413.17,26386.66,26411.15,1480
2025.09.22,15:15,26409.65,26422.67,26396.67,26397.15,1900
2025.09.22,16:15,26397.16,26445.66,26355.67,26406.67,6192
2025.09.22,17:15,26406.66,26419.67,26333.15,26334.65,4372
2025.09.22,18:15,26334.16,26384.65,26313.16,26351.17,3706
2025.09.22,19:15,26350.66,26375.17,26343.17,26353.66,2751
2025.09.22,20:15,26355.67,26376.66,26346.65,26366.66,1972
2025.09.22,21:15,26366.65,26390.17,26357.65,26387.67,1123
2025.09.23,04:15,26376.04,26425.52,26134.02,26174.53,14331
2025.09.23,05:15,26175.02,26225.02,26069.02,26117.52,14718
2025.09.23,06:15,26117.03,26137.03,26085.54,26115.53,5175
2025.09.23,08:00,26110.54,26155.04,26045.03,26089.52,10914
2025.09.23,09:00,26090.04,26153.04,26018.54,26126.02,9628
2025.09.23,10:00,26125.52,26167.04,26091.53,26163.52,5268
2025.09.23,11:00,26164.04,26191.04,26140.02,26191.04,1826
2025.09.23,12:15,26188.03,26206.04,26184.04,26195.04,1424
2025.09.23,13:15,26195.53,26198.53,26151.02,26184.03,1405
2025.09.23,14:15,26183.53,26216.54,26165.02,26203.52,1553
2025.09.23,15:15,26204.04,26255.04,26202.03,26229.52,1662
2025.09.23,16:15,26230.04,26306.54,26195.02,26295.02,6486
2025.09.23,17:15,26295.54,26302.52,26262.03,26283.03,4610
2025.09.23,18:15,26284.04,26291.52,26242.52,26252.02,2975
2025.09.23,19:15,26252.03,26259.54,26212.52,26220.53,2887
2025.09.23,20:15,26221.03,26222.53,26135.04,26168.52,4237
2025.09.23,21:15,26168.04,26186.54,26152.53,26171.02,2249
2025.09.24,04:15,26155.62,26271.63,26051.63,26195.61,13401
2025.09.24,05:15,26195.63,26384.63,26182.61,26369.13,12513
2025.09.24,06:15,26368.61,26407.63,26333.11,26401.12,6450
2025.09.24,08:00,26401.11,26481.13,26350.61,26481.13,10923
2025.09.24,09:00,26481.63,26563.12,26416.12,26512.63,9089
2025.09.24,10:00,26513.61,26566.61,26470.61,26561.62,5973
2025.09.24,11:00,26562.61,26563.62,26465.13,26470.61,2372
2025.09.24,12:15,26467.62,26483.63,26430.61,26436.61,1929
2025.09.24,13:15,26437.63,26438.13,26405.63,26413.12,1417
2025.09.24,14:15,26413.62,26421.62,26393.61,26397.13,1675
2025.09.24,15:15,26396.61,26416.93,26372.93,26372.93,1848
2025.09.24,16:15,26372.43,26431.94,26356.44,26416.43,8951
2025.09.24,17:15,26416.42,26482.93,26406.93,26450.94,7285
2025.09.24,18:15,26450.93,26499.42,26362.93,26366.92,5428
2025.09.24,19:15,26366.44,26412.43,26366.44,26397.43,3979
2025.09.24,20:15,26396.93,26400.44,26369.92,26373.42,2603
2025.09.24,21:15,26373.93,26388.44,26358.42,26379.44,1759
2025.09.25,04:15,26420.49,26543.49,26410.47,26490.97,13526
2025.09.25,05:15,26490.49,26601.47,26457.98,26569.47,12099
2025.09.25,06:15,26569.97,26639.98,26557.98,26633.99,4739
2025.09.25,08:00,26630.49,26630.49,26458.48,26582.99,10956
2025.09.25,09:00,26583.49,26607.98,26483.47,26494.97,8659
2025.09.25,10:00,26493.49,26499.97,26408.48,26488.47,6202
2025.09.25,11:00,26487.98,26528.48,26476.48,26527.49,1829
2025.09.25,12:15,26526.49,26533.49,26467.49,26496.47,1980
2025.09.25,13:15,26496.97,26508.98,26485.49,26487.48,1730
2025.09.25,14:15,26487.47,26500.98,26415.48,26429.99,2653
2025.09.25,15:15,26430.97,26450.49,26330.97,26363.97,4020
2025.09.25,16:15,26364.47,26403.97,26297.47,26393.97,9778
2025.09.25,17:15,26394.48,26418.47,26363.47,26416.48,6649
2025.09.25,18:15,26416.47,26444.99,26370.47,26424.97,4424
2025.09.25,19:15,26425.47,26434.48,26379.97,26382.47,3477
2025.09.25,20:15,26382.49,26386.47,26292.97,26316.98,4523
2025.09.25,21:15,26316.47,26359.47,26315.49,26358.99,2433
2025.09.26,04:15,26306.77,26359.79,26178.27,26232.79,13635
2025.09.26,05:15,26231.79,26380.77,26200.27,26309.79,11205
2025.09.26,06:15,26308.79,26352.29,26262.77,26326.27,4429
2025.09.26,08:00,26319.78,26418.79,26286.27,26340.29,10071
2025.09.26,09:00,26340.78,26416.29,26296.29,26304.28,8502
2025.09.26,10:00,26307.77,26307.77,26085.29,26112.78,11346
2025.09.26,11:00,26113.78,26146.79,26095.79,26123.28,2400
2025.09.26,12:15,26111.79,26137.79,26094.79,26123.79,1908
2025.09.26,13:15,26123.29,26146.79,26080.27,26134.28,1663
2025.09.26,14:15,26133.77,26144.27,26093.77,26141.79,1734
2025.09.26,15:15,26142.27,26188.79,26141.28,26168.29,2972
2025.09.26,16:15,26166.78,26235.28,26137.27,26185.27,7020
2025.09.26,17:15,26185.78,26221.79,26109.77,26199.79,6625
2025.09.26,18:15,26200.27,26246.79,26196.28,26245.27,4066
2025.09.26,19:15,26244.77,26275.77,26243.77,26265.79,2841
2025.09.26,20:15,26266.28,26288.28,26256.78,26270.29,1533
2025.09.26,21:15,26271.27,26285.77,26265.27,26282.28,935
2025.09.29,04:15,26341.73,26473.22,26334.23,26457.22,15565
2025.09.29,05:15,26455.23,26561.23,26409.71,26479.73,11861
2025.09.29,06:15,26479.22,26505.23,26445.71,26480.22,5301
2025.09.29,08:00,26481.21,26678.73,26465.71,26673.22,11275
2025.09.29,09:00,26674.22,26692.71,26598.23,26660.71,10609
2025.09.29,10:00,26660.72,26661.73,26594.73,26631.22,6427
2025.09.29,11:00,26632.23,26660.22,26603.73,26655.73,2383
2025.09.29,12:15,26642.73,26667.73,26584.22,26602.72,1848
2025.09.29,13:15,26602.21,26640.22,26586.22,26625.73,1637
2025.09.29,14:15,26625.72,26667.23,26608.21,26657.73,1578
2025.09.29,15:15,26658.71,26706.72,26650.72,26685.73,2005
2025.09.29,16:15,26684.71,26760.72,26636.73,26649.71,7033
2025.09.29,17:15,26648.73,26728.73,26626.21,26679.72,4507
2025.09.29,18:15,26679.73,26698.73,26659.22,26698.23,3463
2025.09.29,19:15,26698.72,26707.71,26670.72,26677.72,2265
2025.09.29,20:15,26677.71,26685.23,26649.72,26672.21,1805
2025.09.29,21:15,26671.73,26716.73,26670.23,26692.72,1193
2025.09.30,04:15,26679.09,26836.10,26631.08,26713.59,14828
2025.09.30,05:15,26713.10,26715.09,26562.08,26614.08,12609
2025.09.30,06:15,26613.60,26636.58,26568.08,26592.08,4669
2025.09.30,08:00,26591.59,26674.10,26566.58,26660.58,9556
2025.09.30,09:00,26661.08,26823.10,26657.10,26798.59,7796
2025.09.30,10:00,26797.60,26895.08,26762.59,26883.09,6903
2025.09.30,11:00,26880.59,26887.10,26819.58,26868.08,2650
2025.09.30,12:15,26857.08,26892.10,26847.58,26876.60,1807
2025.09.30,13:15,26877.08,26898.10,26860.59,26887.08,1249
2025.09.30,14:15,26886.09,26923.10,26875.08,26922.58,1450
2025.09.30,15:15,26921.10,26928.10,26895.08,26914.10,1866
2025.09.30,16:15,26913.58,26933.08,26855.08,26870.10,6795
2025.09.30,17:15,26870.59,26889.60,26785.58,26786.08,5900
2025.09.30,18:15,26786.60,26813.60,26766.58,26773.58,4653
2025.09.30,19:15,26774.09,26807.60,26764.08,26787.58,3000
2025.09.30,20:15,26787.08,26797.60,26775.09,26791.09,2288
2025.09.30,21:15,26790.59,26801.10,26775.59,26789.59,1524
2025.10.02,04:15,26880.27,27262.78,26873.76,27249.26,12703
2025.10.02,05:15,27250.28,27332.27,27203.26,27252.78,9219
2025.10.02,06:15,27251.76,27275.27,27118.27,27265.27,5919
2025.10.02,08:00,27252.26,27361.27,27251.77,27328.76,7371
2025.10.02,09:00,27329.28,27397.28,27316.28,27349.78,5910
2025.10.02,10:00,27350.28,27358.78,27297.27,27331.26,6711
2025.10.02,11:00,27330.77,27351.77,27284.78,27340.78,2674
2025.10.02,12:15,27330.77,27353.26,27307.77,27314.27,2057
2025.10.02,13:15,27314.78,27357.28,27311.76,27330.76,1805
2025.10.02,14:15,27331.27,27362.77,27322.78,27344.28,1934
2025.10.02,15:15,27346.26,27347.78,27285.26,27289.28,2566
2025.10.02,16:15,27288.26,27360.27,27256.77,27308.28,8613
2025.10.02,17:15,27310.28,27311.28,27190.26,27235.77,7253
2025.10.02,18:15,27236.78,27265.27,27220.26,27247.26,5116
2025.10.02,19:15,27247.78,27259.78,27217.78,27249.78,2957
2025.10.02,20:15,27249.27,27267.28,27221.26,27265.26,2939
2025.10.02,21:15,27264.78,27265.78,27225.28,27233.28,1665
2025.10.03,04:15,27231.87,27258.89,27076.89,27105.37,10824
2025.10.03,05:15,27106.38,27139.38,27041.39,27057.87,6198
2025.10.03,06:15,27057.39,27072.39,27019.37,27053.89,3083
2025.10.03,08:00,27046.88,27096.87,26963.88,26988.87,6116
2025.10.03,09:00,26988.37,27052.88,26959.37,27047.39,4514
2025.10.03,10:00,27049.87,27120.39,27049.87,27114.89,4301
2025.10.03,11:00,27115.39,27159.39,27107.38,27142.38,2116
2025.10.03,12:15,27140.37,27153.37,27120.39,27144.37,1451
2025.10.03,13:15,27144.89,27179.39,27141.87,27162.89,1124
2025.10.03,14:15,27162.87,27164.88,27117.89,27133.88,1608
2025.10.03,15:15,27133.39,27141.88,27101.37,27131.89,1939
2025.10.03,16:15,27131.37,27176.89,27089.38,27111.37,6380
2025.10.03,17:15,27110.39,27139.37,27094.87,27114.39,5062
2025.10.03,18:15,27114.37,27183.89,27106.89,27180.37,3190
2025.10.03,19:15,27180.38,27202.89,27143.37,27176.88,3182
2025.10.03,20:15,27176.39,27176.89,27034.37,27059.37,5581
2025.10.03,21:15,27058.87,27120.88,27058.38,27116.37,2778
2025.10.06,04:15,27059.93,27157.45,26945.94,27010.43,13236
2025.10.06,05:15,27010.45,27022.45,26908.43,26918.45,7169
2025.10.06,06:15,26918.93,26985.93,26884.93,26973.44,3333
2025.10.06,08:00,26972.44,27003.45,26870.44,27002.94,3899
2025.10.06,09:00,27001.95,27010.95,26961.44,26975.45,3504
2025.10.06,10:00,26974.43,26982.94,26924.43,26947.94,4604
2025.10.06,11:00,26948.94,26962.43,26917.43,26960.45,2056
2025.10.06,12:15,26957.43,26981.95,26948.93,26953.43,1647
2025.10.06,13:15,26954.95,26971.94,26943.44,26965.94,1569
2025.10.06,14:15,26964.94,26982.45,26948.43,26972.93,1534
2025.10.06,15:15,26973.45,26995.95,26950.44,26989.45,1798
2025.10.06,16:15,26989.94,27071.95,26971.43,27045.44,5954
2025.10.06,17:15,27046.94,27144.43,27044.43,27114.43,4367
2025.10.06,18:15,27115.45,27147.94,27110.95,27125.95,2983
2025.10.06,19:15,27125.43,27127.95,27085.44,27111.93,2398
2025.10.06,20:15,27112.94,27131.45,27107.44,27115.45,1915
2025.10.06,21:15,27114.94,27139.43,27113.93,27133.95,1274
2025.10.08,04:15,26870.51,26926.52,26498.53,26638.02,15020
2025.10.08,05:15,26639.01,26771.02,26635.02,26688.53,9393
2025.10.08,06:15,26688.03,26704.53,26611.01,26660.52,3732
2025.10.08,08:00,26640.53,26746.02,26619.52,26727.53,6323
2025.10.08,09:00,26727.52,26767.02,26637.01,26656.02,4737
2025.10.08,10:00,26655.51,26822.03,26648.51,26821.02,4737
2025.10.08,11:00,26821.53,26839.01,26808.02,26813.03,1855
2025.10.08,12:15,26809.53,26824.52,26782.03,26823.01,1778
2025.10.08,13:15,26823.53,26849.52,26822.03,26832.51,1676
2025.10.08,14:15,26833.03,26837.53,26814.51,26836.03,1613
2025.10.08,15:15,26836.52,26843.03,26824.01,26835.01,1617
2025.10.08,16:15,26834.53,26852.01,26707.02,26763.53,6357
2025.10.08,17:15,26764.02,26793.53,26735.03,26768.53,3865
2025.10.08,18:15,26768.01,26789.53,26759.52,26775.02,2884
2025.10.08,19:15,26775.01,26844.53,26772.01,26833.53,2272
2025.10.08,20:15,26833.52,26837.02,26810.51,26818.01,2194
2025.10.08,21:15,26818.03,26840.51,26810.51,26828.51,1989
2025.10.09,04:15,26869.09,26916.09,26467.60,26700.60,16998
2025.10.09,05:15,26701.59,26843.08,26691.08,26797.08,14749
2025.10.09,06:15,26798.08,26838.60,26766.10,26834.09,5841
2025.10.09,08:00,26832.59,26978.60,26767.09,26882.08,12843
2025.10.09,09:00,26881.60,26895.60,26694.58,26737.58,12435
2025.10.09,10:00,26735.58,26840.60,26704.58,26717.59,7472
2025.10.09,11:00,26717.60,26748.09,26710.08,26735.60,2123
2025.10.09,12:15,26721.60,26772.58,26719.58,26769.60,1402
2025.10.09,13:15,26770.08,26771.59,26742.08,26746.58,1296
2025.10.09,14:15,26746.09,26790.10,26741.58,26757.60,1522
2025.10.09,15:15,26756.59,26796.08,26754.08,26780.58,2110
2025.10.09,16:15,26781.08,26786.08,26556.58,26585.58,8126
2025.10.09,17:15,26586.09,26592.10,26473.59,26511.58,7156
2025.10.09,18:15,26512.08,26531.59,26427.58,26471.09,5275
2025.10.09,19:15,26472.10,26482.10,26346.08,26368.58,4862
2025.10.09,20:15,26369.08,26391.60,26339.08,26342.60,4191
2025.10.09,21:15,26342.10,26360.08,26308.58,26319.08,2300
2025.10.10,04:15,26433.95,26528.43,26343.44,26478.93,16520
2025.10.10,05:15,26478.45,26547.45,26414.44,26445.43,12949
2025.10.10,06:15,26446.43,26492.45,26407.45,26442.45,5536
2025.10.10,08:00,26431.45,26461.95,26323.45,26406.93,11198
2025.10.10,09:00,26407.43,26416.93,26246.43,26316.93,10526
2025.10.10,10:00,26315.93,26351.93,26249.44,26281.95,6663
2025.10.10,11:00,26281.44,26304.43,26250.45,26252.45,2459
2025.10.10,12:15,26249.45,26249.45,26153.94,26199.43,2850
2025.10.10,13:15,26198.94,26274.45,26197.43,26269.95,1816
2025.10.10,14:15,26270.45,26301.44,26247.93,26300.95,1738
2025.10.10,15:15,26300.43,26308.45,26252.43,26270.43,2090
2025.10.10,16:15,26270.45,26375.45,26255.43,26368.94,6869
2025.10.10,17:15,26368.43,26405.45,25713.94,25754.93,10254
2025.10.10,18:15,25752.44,25821.95,25277.93,25394.43,19087
2025.10.10,19:15,25394.94,25430.44,25069.93,25140.93,13438
2025.10.10,20:15,25140.94,25219.94,25098.93,25137.43,10454
2025.10.10,21:15,25136.94,25151.95,24932.93,24936.93,6210
2025.10.13,04:15,25552.74,25868.24,25516.74,25699.72,20588
2025.10.13,05:15,25699.24,25842.22,25638.72,25667.74,15072
2025.10.13,06:15,25665.74,25667.73,25316.22,25360.73,10818
2025.10.13,08:00,25373.24,25666.74,25346.72,25660.24,15895
2025.10.13,09:00,25660.74,25728.73,25591.74,25704.73,12840
2025.10.13,10:00,25704.22,25868.24,25622.72,25831.72,11295
2025.10.13,11:00,25834.24,25888.72,25789.73,25790.22,4068
2025.10.13,12:15,25782.74,25827.74,25767.73,25804.24,3412
2025.10.13,13:15,25803.73,25839.74,25680.22,25723.23,4226
2025.10.13,14:15,25725.72,25770.74,25679.24,25769.73,4264
2025.10.13,15:15,25769.22,25877.73,25759.22,25847.74,4702
2025.10.13,16:15,25847.24,25896.73,25688.24,25832.22,11720
2025.10.13,17:15,25833.23,25886.74,25762.73,25850.24,9588
2025.10.13,18:15,25850.73,25889.22,25820.24,25851.72,5203
2025.10.13,19:15,25852.22,25865.74,25784.24,25831.23,4008
2025.10.13,20:15,25830.74,25846.22,25805.22,25829.22,2942
2025.10.13,21:15,25828.23,25843.72,25740.23,25763.24,2285
2025.10.14,04:15,25877.08,26064.06,25822.58,25876.06,17412
2025.10.14,05:15,25876.57,25984.58,25723.07,25774.07,16235
2025.10.14,06:15,25775.06,25815.08,25697.07,25808.56,7944
2025.10.14,08:00,25687.58,25702.57,25459.56,25460.06,16842
2025.10.14,09:00,25460.57,25480.58,25331.06,25418.58,15269
2025.10.14,10:00,25418.06,25440.58,25306.57,25408.07,11722
2025.10.14,11:00,25406.57,25500.58,25404.07,25492.06,3923
2025.10.14,12:15,25481.57,25537.08,25442.07,25451.06,3551
2025.10.14,13:15,25452.58,25452.58,25303.06,25414.58,6414
2025.10.14,14:15,25414.08,25481.57,25389.07,25437.07,4385
2025.10.14,15:15,25436.06,25442.08,25321.08,25377.07,4892
2025.10.14,16:15,25376.06,25533.58,25352.08,25527.07,11657
2025.10.14,17:15,25527.56,25625.07,25515.08,25600.58,7833
2025.10.14,18:15,25601.07,25722.57,25599.07,25677.57,7554
2025.10.14,19:15,25678.06,25816.08,25668.07,25766.08,6569
2025.10.14,20:15,25767.07,25793.06,25751.56,25763.08,4489
2025.10.14,21:15,25762.06,25765.08,25732.07,25746.57,2818
2025.10.15,04:15,25760.10,25877.09,25591.58,25848.08,17227
2025.10.15,05:15,25847.10,25877.59,25655.08,25694.08,14515
2025.10.15,06:15,25693.09,25793.60,25668.09,25762.60,6087
2025.10.15,08:00,25770.10,25861.59,25739.58,25836.60,12940
2025.10.15,09:00,25837.10,25951.58,25821.58,25920.59,10184
2025.10.15,10:00,25922.08,25973.58,25892.08,25904.60,6869
2025.10.15,11:00,25904.09,25908.60,25870.58,25883.09,2355
2025.10.15,12:15,25911.09,25960.09,25863.58,25879.60,2454
2025.10.15,13:15,25880.10,25928.10,25862.09,25903.58,1796
2025.10.15,14:15,25904.59,25905.10,25865.59,25897.09,2115
2025.10.15,15:15,25897.58,25899.60,25839.59,25858.09,3289
2025.10.15,16:15,25857.10,25953.59,25789.09,25928.09,8052
2025.10.15,17:15,25928.58,25947.09,25883.59,25893.58,6701
2025.10.15,18:15,25894.09,25929.10,25801.58,25853.59,8150
2025.10.15,19:15,25854.10,25885.10,25666.08,25669.60,7662
2025.10.15,20:15,25669.08,25821.60,25649.08,25814.59,8146
2025.10.15,21:15,25813.59,25839.08,25810.58,25824.58,2930
2025.10.16,04:15,25829.10,26048.12,25786.10,25990.11,16138
2025.10.16,05:15,25991.61,25999.12,25842.12,25852.10,13598
2025.10.16,06:15,25852.61,25852.61,25731.60,25773.10,6327
2025.10.16,08:00,25767.11,25804.11,25679.10,25727.62,12674
2025.10.16,09:00,25727.10,25834.62,25716.12,25809.11,9626
2025.10.16,10:00,25810.10,25902.61,25806.10,25896.10,7327
2025.10.16,11:00,25896.60,25903.12,25858.61,25889.60,2119
2025.10.16,12:15,25884.12,25919.12,25869.12,25918.61,1918
2025.10.16,13:15,25919.12,25927.12,25887.10,25913.12,1254
2025.10.16,14:15,25914.12,25918.62,25875.11,25878.10,1534
2025.10.16,15:15,25877.62,25906.12,25872.60,25900.62,2161
2025.10.16,16:15,25900.11,25925.62,25817.10,25889.10,8510
2025.10.16,17:15,25888.11,25990.62,25860.60,25976.12,6179
2025.10.16,18:15,25976.11,25993.61,25881.12,25894.62,8284
2025.10.16,19:15,25896.10,25907.60,25796.60,25887.10,10223
2025.10.16,20:15,25887.11,25926.10,25817.60,25823.62,6745
2025.10.16,21:15,25823.61,25844.10,25774.60,25841.60,5583
2025.10.17,04:15,25802.99,25851.01,25494.00,25528.01,15911
2025.10.17,05:15,25529.99,25609.51,25461.51,25503.00,12884
2025.10.17,06:15,25502.51,25571.01,25439.01,25446.50,6114
2025.10.17,08:00,25441.50,25456.01,25372.01,25391.00,11052
2025.10.17,09:00,25391.99,25432.00,25278.99,25296.99,9688
2025.10.17,10:00,25295.01,25298.49,25119.51,25210.01,11707
2025.10.17,11:00,25210.50,25227.00,25141.00,25205.00,4549
2025.10.17,12:15,25217.51,25245.99,25185.00,25210.50,3600
2025.10.17,13:15,25210.01,25519.99,25175.00,25509.00,5339
2025.10.17,14:15,25508.49,25540.51,25391.01,25494.51,8653
2025.10.17,15:15,25495.49,25535.50,25461.99,25488.01,5085
2025.10.17,16:15,25488.51,25716.00,25475.51,25706.49,11465
2025.10.17,17:15,25707.01,25831.51,25677.99,25691.51,11364
2025.10.17,18:15,25692.49,25788.00,25650.49,25772.01,8137
2025.10.17,19:15,25772.49,25782.01,25705.51,25737.00,6189
2025.10.17,20:15,25737.51,25816.50,25700.00,25815.51,5731
2025.10.17,21:15,25815.00,25876.01,25815.00,25842.99,2675
2025.10.20,04:15,25889.70,25960.20,25721.69,25796.71,17322
2025.10.20,05:15,25796.19,25922.69,25762.19,25854.21,12707
2025.10.20,06:15,25855.21,25900.69,25835.71,25865.21,4536
2025.10.20,08:00,25869.21,25879.21,25793.71,25817.20,10219
2025.10.20,09:00,25817.21,25859.19,25750.69,25839.71,8465
2025.10.20,10:00,25839.20,25905.20,25818.21,25874.69,5612
2025.10.20,11:00,25874.21,25874.21,25836.20,25847.69,2364
2025.10.20,12:15,25839.20,25841.71,25804.70,25808.20,2568
2025.10.20,13:15,25807.70,25822.21,25772.71,25785.70,2228
2025.10.20,14:15,25785.20,25823.21,25775.69,25796.71,2183
2025.10.20,15:15,25796.20,25845.19,25791.19,25839.20,2352
2025.10.20,16:15,25839.70,25881.71,25822.70,25874.71,6377
2025.10.20,17:15,25875.20,26051.70,25867.20,26031.19,6141
2025.10.20,18:15,26031.20,26154.20,26029.21,26119.70,6108
2025.10.20,19:15,26119.21,26160.71,26111.21,26149.70,3144
2025.10.20,20:15,26150.21,26204.20,26140.20,26199.71,2168
2025.10.20,21:15,26200.19,26219.69,26184.19,26218.19,1414
2025.10.21,04:15,26196.34,26288.36,26109.35,26281.35,14542
2025.10.21,05:15,26281.84,26383.36,26247.85,26353.85,11482
2025.10.21,06:15,26353.36,26377.34,26274.36,26302.86,4363
2025.10.21,08:00,26297.34,26297.34,26176.85,26212.36,9902
2025.10.21,09:00,26212.86,26241.85,26164.34,26192.34,6996
2025.10.21,10:00,26191.85,26191.85,26033.35,26059.84,6901
2025.10.21,11:00,26059.36,26059.36,25968.35,25994.35,2518
2025.10.21,12:15,25993.36,26047.35,25988.34,26013.86,1701
2025.10.21,13:15,26014.36,26058.84,25999.36,26056.84,1514
2025.10.21,14:15,26057.35,26075.34,26014.85,26018.84,1932
2025.10.21,15:15,26018.34,26019.86,25957.34,25966.34,2523
2025.10.21,16:15,25967.35,25993.36,25846.34,25909.34,7028
2025.10.21,17:15,25908.86,25941.36,25877.34,25933.36,5603
2025.10.21,18:15,25933.86,25961.86,25918.34,25941.34,4001
2025.10.21,19:15,25942.35,25957.35,25860.85,25893.86,4320
2025.10.21,20:15,25893.34,25899.86,25860.85,25887.85,3010
2025.10.21,21:15,25887.35,25909.86,25875.86,25900.35,1343
2025.10.22,04:15,25859.86,25914.86,25779.36,25866.37,14423
2025.10.22,05:15,25865.87,25940.88,25809.88,25812.38,11224
2025.10.22,06:15,25811.36,25812.88,25631.88,25688.88,7267
2025.10.22,08:00,25699.87,25818.88,25683.87,25740.38,10585
2025.10.22,09:00,25740.87,25832.87,25714.38,25791.38,7679
2025.10.22,10:00,25790.87,25805.37,25753.86,25784.86,5120
2025.10.22,11:00,25784.87,25784.87,25713.36,25727.86,2389
2025.10.22,12:15,25715.88,25746.87,25691.86,25745.87,2022
2025.10.22,13:15,25745.38,25748.38,25698.38,25725.86,1968
2025.10.22,14:15,25724.86,25726.88,25651.86,25691.37,2877
2025.10.22,15:15,25691.87,25734.37,25685.36,25723.38,2101
2025.10.22,16:15,25722.86,25871.86,25711.36,25838.86,6964
2025.10.22,17:15,25837.86,25847.88,25700.88,25779.88,7865
2025.10.22,18:15,25780.38,25797.37,25697.86,25740.37,7070
2025.10.22,19:15,25740.87,25752.88,25507.87,25649.86,10824
2025.10.22,20:15,25650.37,25658.88,25537.87,25573.36,8929
2025.10.22,21:15,25572.88,25633.36,25546.87,25632.88,4926
2025.10.23,04:15,25697.77,25856.27,25584.27,25605.76,14484
2025.10.23,05:15,25604.76,25822.77,25594.77,25781.27,13102
2025.10.23,06:15,25782.75,25861.76,25716.76,25745.27,5556
2025.10.23,08:00,25737.75,25788.26,25673.77,25768.76,9516
2025.10.23,09:00,25767.76,26082.75,25763.75,26026.75,13009
2025.10.23,10:00,26026.27,26036.77,25880.75,25901.76,9047
2025.10.23,11:00,25902.26,25961.26,25892.25,25945.76,2601
2025.10.23,12:15,25939.76,25962.26,25907.26,25954.26,2338
2025.10.23,13:15,25953.75,25962.26,25895.25,25897.26,1906
2025.10.23,14:15,25897.77,25935.26,25893.25,25912.26,2468
2025.10.23,15:15,25912.75,25960.27,25888.76,25949.75,2423
2025.10.23,16:15,25949.25,26051.27,25944.75,25973.26,7243
2025.10.23,17:15,25973.75,26096.26,25945.25,26073.76,6658
2025.10.23,18:15,26073.26,26114.77,26046.75,26083.25,4837
2025.10.23,19:15,26082.77,26082.77,26007.25,26048.75,2953
2025.10.23,20:15,26049.25,26179.77,26043.75,26148.26,4437
2025.10.23,21:15,26147.76,26172.27,26124.75,26128.76,1908
2025.10.24,04:15,26166.65,26249.15,26117.66,26152.17,14224
2025.10.24,05:15,26152.65,26161.67,26058.65,26096.67,10948
2025.10.24,06:15,26097.15,26128.66,26064.66,26127.65,4568
2025.10.24,08:00,26122.65,26185.16,26051.65,26146.67,9374
2025.10.24,09:00,26146.65,26160.67,26064.67,26148.16,7147
2025.10.24,10:00,26148.17,26192.67,26135.65,26159.17,5158
2025.10.24,11:00,26158.16,26159.67,26109.15,26148.65,2186
2025.10.24,12:15,26142.66,26179.16,26133.66,26160.65,1413
2025.10.24,13:15,26161.17,26162.65,26138.67,26150.65,1047
2025.10.24,14:15,26151.17,26153.66,26112.65,26134.66,1219
2025.10.24,15:15,26134.15,26270.15,26120.66,26260.67,3938
2025.10.24,16:15,26259.67,26300.15,26220.66,26286.65,6899
2025.10.24,17:15,26286.67,26288.67,26211.66,26274.16,5469
2025.10.24,18:15,26274.66,26306.66,26240.16,26256.67,3315
2025.10.24,19:15,26257.17,26267.15,26223.65,26251.15,2091
2025.10.24,20:15,26250.67,26263.16,26234.65,26248.17,1303
2025.10.24,21:15,26247.67,26261.17,26236.15,26245.17,1139
2025.10.27,04:15,26441.69,26562.69,26339.19,26418.18,15793
2025.10.27,05:15,26418.17,26470.18,26335.69,26387.68,11388
2025.10.27,06:15,26387.19,26451.68,26380.69,26444.18,4410
2025.10.27,08:00,26432.17,26462.69,26379.17,26407.19,9403
2025.10.27,09:00,26404.19,26462.19,26402.19,26437.17,7072
2025.10.27,10:00,26436.69,26461.17,26395.69,26413.68,4260
2025.10.27,11:00,26413.18,26437.17,26389.17,26433.67,2076
2025.10.27,12:15,26428.18,26484.69,26427.68,26473.68,2062
2025.10.27,13:15,26474.18,26499.68,26466.19,26486.67,1487
2025.10.27,14:15,26487.17,26523.18,26475.67,26512.69,2014
2025.10.27,15:15,26513.18,26533.17,26494.67,26532.18,1717
2025.10.27,16:15,26532.69,26547.19,26459.67,26523.68,6414
2025.10.27,17:15,26523.17,26552.17,26497.17,26516.17,4728
2025.10.27,18:15,26516.69,26566.19,26504.17,26560.18,2697
2025.10.27,19:15,26558.67,26573.19,26556.67,26558.68,1813
2025.10.27,20:15,26558.19,26558.69,26523.67,26530.18,1679
2025.10.27,21:15,26530.68,26542.18,26517.67,26534.68,1076
2025.10.28,04:15,26563.53,26580.54,26351.05,26440.05,14358
2025.10.28,05:15,26440.54,26449.05,26331.55,26399.54,10259
2025.10.28,06:15,26400.05,26478.55,26391.05,26463.53,4702
2025.10.28,08:00,26428.03,26506.53,26307.05,26357.03,10918
2025.10.28,09:00,26356.54,26380.53,26288.04,26315.53,9078
2025.10.28,10:00,26316.54,26320.05,26256.54,26313.54,5844
2025.10.28,11:00,26313.03,26350.03,26299.04,26349.55,3069
2025.10.28,12:15,26344.03,26400.05,26344.03,26396.03,2407
2025.10.28,13:15,26396.55,26406.05,26378.53,26380.04,1522
2025.10.28,14:15,26379.53,26406.05,26376.55,26394.54,1362
2025.10.28,15:15,26394.55,26420.05,26377.04,26408.53,1879
2025.10.28,16:15,26408.04,26451.53,26376.53,26412.03,6227
2025.10.28,17:15,26412.04,26466.05,26412.03,26452.05,4690
2025.10.28,18:15,26451.55,26460.53,26415.53,26456.55,3638
2025.10.28,19:15,26457.55,26565.03,26426.05,26516.53,4446
2025.10.28,20:15,26516.54,26564.55,26513.03,26552.54,2607
2025.10.28,21:15,26552.04,26596.55,26551.53,26596.55,1649
2025.10.30,04:15,26675.63,26675.63,26424.14,26493.14,17198
2025.10.30,05:15,26494.63,26609.64,26476.12,26574.14,13242
2025.10.30,06:15,26573.14,26582.62,26444.13,26507.12,6344
2025.10.30,08:00,26464.13,26464.13,26129.64,26295.14,17356
2025.10.30,09:00,26293.64,26303.62,26151.63,26183.14,12081
2025.10.30,10:00,26182.13,26392.14,26135.14,26271.62,12351
2025.10.30,11:00,26273.14,26306.64,26244.62,26301.64,3257
2025.10.30,12:15,26295.14,26306.64,26214.62,26257.13,3969
2025.10.30,13:15,26256.64,26262.63,26206.12,26230.12,2634
2025.10.30,14:15,26229.64,26244.64,26183.64,26184.14,2903
2025.10.30,15:15,26185.14,26197.64,26080.12,26096.13,5602
2025.10.30,16:15,26096.62,26231.63,26078.63,26222.12,11552
2025.10.30,17:15,26222.63,26232.12,26144.13,26222.14,9985
2025.10.30,18:15,26223.14,26236.64,26169.63,26217.13,5880
2025.10.30,19:15,26217.62,26266.14,26183.12,26234.12,4812
2025.10.30,20:15,26233.64,26297.14,26231.13,26238.13,4152
2025.10.30,21:15,26237.14,26264.62,26219.12,26234.62,3191
2025.10.31,04:15,26281.89,26286.90,26138.88,26268.39,15572
2025.10.31,05:15,26268.40,26274.40,26072.38,26105.38,11707
2025.10.31,06:15,26106.40,26109.89,26036.39,26057.88,4925
2025.10.31,08:00,26057.38,26107.38,25984.90,25999.38,10407
2025.10.31,09:00,25998.89,26047.90,25985.39,26005.39,7851
2025.10.31,10:00,26005.90,26017.40,25924.88,25947.40,6000
2025.10.31,11:00,25947.38,25950.38,25851.39,25886.89,3361
2025.10.31,12:15,25891.40,25908.90,25862.38,25883.40,2004
2025.10.31,13:15,25883.39,25889.40,25808.88,25841.40,2591
2025.10.31,14:15,25840.40,25887.40,25832.88,25869.88,2755
2025.10.31,15:15,25870.38,25911.89,25863.88,25872.89,2931
2025.10.31,16:15,25872.40,25888.39,25765.90,25824.89,9707
2025.10.31,17:15,25823.90,25894.38,25781.89,25867.40,6140
2025.10.31,18:15,25867.89,26011.90,25862.38,25933.88,7092
2025.10.31,19:15,25934.40,25961.89,25886.40,25892.88,6111
2025.10.31,20:15,25892.40,25940.40,25876.90,25933.90,4660
2025.10.31,21:15,25934.39,25957.38,25926.88,25955.40,2121
2025.11.03,03:15,25994.30,26066.32,25931.30,26020.32,15294
2025.11.03,04:15,26020.31,26062.81,25910.30,25999.80,11725
2025.11.03,05:15,26000.30,26056.31,25955.82,26049.30,4443
2025.11.03,07:00,26052.31,26182.32,26052.31,26171.82,9825
2025.11.03,08:00,26172.80,26212.81,26125.32,26154.80,7695
2025.11.03,09:00,26154.32,26173.31,26122.80,26139.82,4913
2025.11.03,10:00,26139.32,26149.32,26105.30,26133.82,2206
2025.11.03,11:15,26135.31,26168.31,26132.32,26156.82,1988
2025.11.03,12:15,26156.30,26182.31,26152.80,26169.32,1724
2025.11.03,13:15,26168.80,26177.32,26152.30,26164.32,1451
2025.11.03,14:15,26163.81,26169.31,26105.80,26115.32,1480
2025.11.03,15:15,26115.82,26129.30,26092.81,26110.30,2343
2025.11.03,16:15,26109.81,26127.82,26031.80,26062.82,7837
2025.11.03,17:15,26062.30,26064.82,25972.31,26058.82,7073
2025.11.03,18:15,26058.31,26115.31,26050.31,26110.31,4042
2025.11.03,19:15,26111.31,26122.32,26084.30,26113.31,2529
2025.11.03,20:15,26113.32,26131.30,26095.80,26114.32,1404
2025.11.04,03:15,26068.26,26277.74,26064.24,26204.26,13195
2025.11.04,04:15,26204.24,26258.24,26113.24,26216.24,11082
2025.11.04,05:15,26216.26,26262.26,26181.75,26195.26,4379
2025.11.04,07:00,26185.25,26185.25,26002.25,26029.74,9967
2025.11.04,08:00,26030.25,26035.75,25885.75,25977.24,10683
2025.11.04,09:00,25977.25,25981.75,25905.76,25954.25,5369
2025.11.04,10:00,25954.74,25962.76,25858.25,25889.76,3282
2025.11.04,11:15,25873.26,25873.26,25728.24,25757.25,4466
2025.11.04,12:15,25756.75,25848.26,25754.25,25838.26,2943
2025.11.04,13:15,25837.74,25859.24,25809.75,25821.24,2605
2025.11.04,14:15,25821.26,25836.76,25800.74,25826.26,2586
2025.11.04,15:15,25826.24,25851.74,25805.24,25823.26,2916
2025.11.04,16:15,25822.26,25971.26,25777.26,25925.74,9139
2025.11.04,17:15,25924.74,25986.26,25922.74,25945.26,5538
2025.11.04,18:15,25946.26,26009.26,25942.26,25956.26,4666
2025.11.04,19:15,25957.24,25961.76,25892.25,25905.26,4571
2025.11.04,20:15,25904.74,25919.24,25868.75,25896.74,2934
2025.11.05,03:15,25621.32,25707.82,25468.31,25655.82,16454
2025.11.05,04:15,25656.82,25789.81,25578.83,25775.81,12545
2025.11.05,05:15,25774.83,25871.81,25746.82,25863.83,7863
2025.11.05,07:00,25857.82,25929.82,25811.32,25844.81,12078
2025.11.05,08:00,25845.31,25962.31,25830.31,25876.82,8975
2025.11.05,09:00,25877.81,25878.81,25816.81,25863.81,5290
2025.11.05,10:00,25863.82,25931.83,25849.33,25919.83,2856
2025.11.05,11:15,25913.82,25949.83,25887.32,25893.31,3109
2025.11.05,12:15,25893.82,25914.81,25852.81,25856.82,2468
2025.11.05,13:15,25856.83,25896.82,25851.33,25890.32,2658
2025.11.05,14:15,25890.82,25930.33,25889.32,25913.81,1793
2025.11.05,15:15,25914.82,25962.82,25903.33,25946.81,3033
2025.11.05,16:15,25947.81,26096.82,25918.32,26044.31,9145
2025.11.05,17:15,26044.83,26083.83,26011.81,26014.83,8249
2025.11.05,18:15,26015.81,26108.83,26013.32,26107.82,5053
2025.11.05,19:15,26107.81,26115.32,26089.82,26112.31,2175
2025.11.05,20:15,26111.81,26138.83,26111.81,26132.32,1194
2025.11.06,03:15,26082.71,26171.72,26029.21,26156.72,13556
2025.11.06,04:15,26156.21,26350.71,26156.21,26338.72,10482
2025.11.06,05:15,26339.70,26379.22,26326.71,26366.72,4609
2025.11.06,07:00,26364.72,26378.21,26313.20,26352.71,8626
2025.11.06,08:00,26353.22,26416.22,26343.70,26401.21,6702
2025.11.06,09:00,26401.22,26485.72,26393.21,26458.20,5843
2025.11.06,10:00,26459.22,26504.72,26449.71,26500.21,2893
2025.11.06,11:15,26487.72,26527.72,26487.72,26509.72,2398
2025.11.06,12:15,26510.72,26519.21,26482.22,26495.20,1945
2025.11.06,13:15,26494.70,26536.71,26494.20,26522.71,2186
2025.11.06,14:15,26523.71,26555.22,26517.70,26550.21,1930
2025.11.06,15:15,26549.70,26557.72,26458.22,26483.70,2784
2025.11.06,16:15,26483.20,26553.70,26352.22,26388.20,11046
2025.11.06,17:15,26388.70,26459.72,26311.70,26339.22,11768
2025.11.06,18:15,26338.20,26346.72,26263.71,26317.71,9364
2025.11.06,19:15,26318.22,26349.72,26274.70,26304.22,7262
2025.11.06,20:15,26304.20,26410.72,26303.70,26403.72,4528
2025.11.07,03:15,26368.57,26371.58,26229.58,26230.09,13298
2025.11.07,04:15,26229.07,26321.07,26217.07,26271.09,9633
2025.11.07,05:15,26272.58,26281.57,26149.07,26180.07,4793
2025.11.07,07:00,26181.59,26248.09,26165.09,26187.09,9343
2025.11.07,08:00,26188.59,26238.09,26178.07,26200.08,6422
2025.11.07,09:00,26199.57,26221.59,26164.07,26213.09,4375
2025.11.07,10:00,26210.59,26231.09,26164.58,26166.58,2500
2025.11.07,11:15,26172.08,26187.08,26111.08,26129.07,3563
2025.11.07,12:15,26128.09,26132.08,26065.58,26065.59,3201
2025.11.07,13:15,26066.09,26106.59,26011.08,26094.07,5011
2025.11.07,14:15,26093.58,26100.59,25995.58,26026.57,4140
2025.11.07,15:15,26026.09,26060.09,26007.07,26046.07,4171
2025.11.07,16:15,26047.07,26051.07,25937.07,26029.59,12303
2025.11.07,17:15,26028.09,26086.58,25980.07,25986.07,11177
2025.11.07,18:15,25985.07,26039.58,25950.08,25993.57,7906
2025.11.07,19:15,25994.08,26075.09,25990.58,26065.58,7510
2025.11.07,20:15,26066.08,26100.09,26051.57,26094.58,4362
2025.11.10,03:15,26329.27,26430.76,26272.77,26339.76,14717
2025.11.10,04:15,26337.76,26399.28,26314.76,26374.77,10412
2025.11.10,05:15,26375.78,26403.27,26351.76,26392.76,3794
2025.11.10,07:00,26394.27,26613.78,26391.77,26600.78,9528
2025.11.10,08:00,26601.27,26655.28,26566.78,26604.76,6927
2025.11.10,09:00,26605.26,26660.77,26603.26,26638.77,4339
2025.11.10,10:00,26638.78,26664.76,26614.77,26662.28,2325
2025.11.10,11:15,26658.77,26668.28,26631.76,26641.77,2337
2025.11.10,12:15,26642.28,26648.78,26602.26,26608.26,1688
2025.11.10,13:15,26607.27,26665.26,26605.77,26655.78,1841
2025.11.10,14:15,26655.76,26663.78,26624.76,26628.78,1848
2025.11.10,15:15,26629.28,26643.28,26588.77,26591.77,2062
2025.11.10,16:15,26591.28,26619.77,26509.77,26548.78,7964
2025.11.10,17:15,26549.78,26584.28,26498.76,26520.28,6137
2025.11.10,18:15,26519.76,26579.28,26492.27,26554.78,5791
2025.11.10,19:15,26555.27,26656.78,26548.76,26645.77,3017
2025.11.10,20:15,26646.76,26658.78,26611.78,26614.78,1684
2025.11.11,03:15,26650.38,26781.88,26635.88,26635.88,13321
2025.11.11,04:15,26635.87,26679.88,26504.36,26583.87,9753
2025.11.11,05:15,26583.88,26595.36,26528.88,26594.88,3904
2025.11.11,07:00,26580.87,26602.37,26507.86,26538.87,8562
2025.11.11,08:00,26537.88,26628.86,26525.36,26608.86,7234
2025.11.11,09:00,26608.88,26707.38,26585.87,26670.88,5363
2025.11.11,10:00,26670.37,26736.37,26670.37,26717.88,2418
2025.11.11,11:15,26709.36,26747.37,26698.87,26718.86,2617
2025.11.11,12:15,26718.37,26748.36,26708.86,26744.36,1675
2025.11.11,13:15,26743.87,26747.88,26711.87,26747.88,1885
2025.11.11,14:15,26748.86,26760.36,26725.38,26757.87,1956
2025.11.11,15:15,26758.87,26786.88,26754.36,26774.38,2244
2025.11.11,16:15,26773.86,26840.88,26761.88,26772.88,7142
2025.11.11,17:15,26772.36,26785.37,26714.87,26739.86,6857
2025.11.11,18:15,26741.88,26781.38,26729.86,26771.86,5128
2025.11.11,19:15,26772.38,26801.86,26767.88,26795.88,2995
2025.11.11,20:15,26796.38,26836.88,26795.38,26836.88,2218
2025.11.12,03:15,26805.34,26984.86,26744.84,26984.35,11655
2025.11.12,04:15,26985.86,27024.36,26818.35,26861.34,10711
2025.11.12,05:15,26860.36,26893.86,26828.34,26860.84,4566
2025.11.12,07:00,26853.85,26874.36,26767.34,26851.85,9409
2025.11.12,08:00,26851.84,26924.34,26827.85,26920.35,7276
2025.11.12,09:00,26920.86,26944.85,26900.35,26909.35,4246
2025.11.12,10:00,26909.34,26944.85,26882.85,26940.34,2030
2025.11.12,11:15,26928.84,26933.84,26893.84,26905.35,1835
2025.11.12,12:15,26905.84,26914.35,26864.85,26896.85,1580
2025.11.12,13:15,26895.84,26950.86,26893.34,26950.86,1697
2025.11.12,14:15,26951.34,26969.36,26931.34,26935.34,1460
2025.11.12,15:15,26935.84,26954.35,26887.86,26897.36,1704
2025.11.12,16:15,26896.84,26899.84,26762.35,26786.35,8195
2025.11.12,17:15,26785.84,26848.36,26779.84,26819.36,7235
2025.11.12,18:15,26819.84,26852.84,26795.36,26820.34,5718
2025.11.12,19:15,26820.86,26853.86,26803.36,26852.86,4513
2025.11.12,20:15,26851.85,26876.86,26838.35,26867.86,2115
2025.11.13,03:15,26804.45,26910.46,26741.94,26866.95,12729
2025.11.13,04:15,26868.45,26868.45,26764.94,26832.44,10328
2025.11.13,05:15,26832.96,26843.46,26727.44,26763.96,4809
2025.11.13,07:00,26765.94,26880.94,26760.94,26847.95,8712
2025.11.13,08:00,26848.44,27171.95,26830.95,27096.44,10421
2025.11.13,09:00,27096.45,27096.96,26960.96,27045.94,9713
2025.11.13,10:00,27046.45,27088.95,27039.96,27068.45,2632
2025.11.13,11:15,27086.45,27105.46,27015.95,27060.96,3543
2025.11.13,12:15,27060.44,27077.46,27042.94,27071.45,2546
2025.11.13,13:15,27072.46,27075.96,27021.96,27038.95,3187
2025.11.13,14:15,27039.96,27100.45,27038.94,27071.94,2884
2025.11.13,15:15,27071.46,27079.95,26996.45,27009.95,4754
2025.11.13,16:15,27009.44,27036.46,26903.44,26959.44,11950
2025.11.13,17:15,26958.44,26970.46,26814.95,26827.45,10552
2025.11.13,18:15,26828.46,26836.94,26729.94,26737.44,9744
2025.11.13,19:15,26737.94,26791.95,26700.44,26720.46,8215
2025.11.13,20:15,26721.46,26725.45,26610.44,26676.45,5917
2025.11.14,03:15,26640.99,26814.00,26586.99,26800.99,13421
2025.11.14,04:15,26802.00,26857.00,26732.51,26761.49,9341
2025.11.14,05:15,26762.00,26792.51,26691.51,26707.99,4399
2025.11.14,07:00,26692.51,26704.00,26605.00,26682.00,8829
2025.11.14,08:00,26683.01,26706.01,26590.99,26619.99,7674
2025.11.14,09:00,26621.01,26621.01,26521.01,26571.51,7005
2025.11.14,10:00,26567.01,26576.50,26542.00,26563.51,3408
2025.11.14,11:15,26561.00,26588.01,26528.01,26554.99,4273
2025.11.14,12:15,26554.00,26554.00,26442.01,26443.49,3212
2025.11.14,13:15,26443.01,26454.00,26380.49,26396.49,5311
2025.11.14,14:15,26396.00,26465.51,26374.50,26453.00,5596
2025.11.14,15:15,26453.99,26454.49,26381.99,26409.99,5190
2025.11.14,16:15,26410.00,26587.49,26375.49,26507.49,11365
2025.11.14,17:15,26507.51,26637.01,26485.99,26622.00,10788
2025.11.14,18:15,26621.49,26684.51,26621.49,26666.51,7542
2025.11.14,19:15,26667.00,26685.01,26357.51,26513.49,10215
2025.11.14,20:15,26511.99,26513.51,26427.00,26472.01,9226
2025.11.17,03:15,26485.63,26528.61,26336.11,26490.13,14349
2025.11.17,04:15,26489.63,26498.62,26383.62,26393.61,10492
2025.11.17,05:15,26393.11,26395.12,26305.12,26348.61,4596
2025.11.17,07:00,26349.13,26399.63,26262.11,26262.13,8218
2025.11.17,08:00,26261.62,26322.63,26237.13,26290.13,7726
2025.11.17,09:00,26289.63,26365.11,26265.61,26332.61,5429
2025.11.17,10:00,26333.63,26379.13,26331.11,26346.63,2371
2025.11.17,11:15,26338.11,26338.11,26274.11,26276.61,3307
2025.11.17,12:15,26276.13,26281.63,26225.12,26245.11,3109
2025.11.17,13:15,26244.11,26304.62,26210.61,26216.13,3123
2025.11.17,14:15,26216.62,26260.62,26212.13,26217.61,3058
2025.11.17,15:15,26217.13,26236.12,26186.13,26217.61,3682
2025.11.17,16:15,26218.11,26333.11,26169.62,26287.11,11341
2025.11.17,17:15,26287.61,26312.63,26199.11,26205.13,10104
2025.11.17,18:15,26205.11,26308.61,26182.61,26286.62,6701
2025.11.17,19:15,26287.13,26299.13,26213.11,26224.63,6357
2025.11.17,20:15,26225.11,26241.13,26143.11,26153.61,4090
2025.11.18,03:15,26134.04,26149.04,25960.54,26039.54,13235
2025.11.18,04:15,26040.52,26158.52,26019.04,26027.53,11637
2025.11.18,05:15,26026.52,26074.54,25953.53,25975.52,4839
2025.11.18,07:00,25950.53,25984.03,25908.02,25916.53,8970
2025.11.18,08:00,25917.54,25924.03,25835.53,25858.52,8085
2025.11.18,09:00,25857.54,25906.52,25803.02,25876.02,6488
2025.11.18,10:00,25875.52,25920.02,25860.02,25897.54,3609
2025.11.18,11:15,25902.52,25999.54,25902.52,25936.02,4136
2025.11.18,12:15,25936.54,25965.53,25908.02,25909.02,3038
2025.11.18,13:15,25909.54,25922.53,25867.53,25869.53,3468
2025.11.18,14:15,25870.53,25928.52,25854.03,25913.04,4541
2025.11.18,15:15,25913.52,25928.54,25862.03,25862.03,4662
2025.11.18,16:15,25860.53,25989.53,25838.02,25866.04,12984
2025.11.18,17:15,25865.03,25978.52,25841.53,25905.52,15506
2025.11.18,18:15,25905.04,25981.54,25892.53,25946.52,9806
2025.11.18,19:15,25947.04,26063.54,25917.54,26056.54,7997
2025.11.18,20:15,26057.04,26073.52,26009.02,26015.52,5330
2025.11.19,03:15,25986.54,25989.04,25862.55,25921.55,13377
2025.11.19,04:15,25921.54,26022.05,25882.04,25889.55,10229
2025.11.19,05:15,25884.56,25896.05,25783.06,25803.55,5179
2025.11.19,07:00,25801.56,25844.05,25723.05,25820.04,9539
2025.11.19,08:00,25819.54,25872.54,25753.54,25828.55,8819
2025.11.19,09:00,25829.55,25840.54,25796.54,25822.54,4927
2025.11.19,10:00,25823.55,25837.55,25759.04,25810.56,2795
2025.11.19,11:15,25796.55,25835.05,25750.06,25822.54,3089
2025.11.19,12:15,25823.06,25886.05,25822.55,25877.56,1998
2025.11.19,13:15,25876.56,25889.06,25859.54,25878.04,2152
2025.11.19,14:15,25877.54,25881.05,25818.54,25829.06,2568
2025.11.19,15:15,25828.55,25858.56,25792.04,25794.04,3039
2025.11.19,16:15,25794.54,25847.56,25739.04,25845.54,9538
2025.11.19,17:15,25845.55,25862.56,25707.54,25720.55,8335
2025.11.19,18:15,25720.54,25733.56,25662.54,25711.06,9022
2025.11.19,19:15,25711.56,25762.54,25661.54,25755.55,8246
2025.11.19,20:15,25755.56,25802.06,25730.55,25791.05,5409
2025.11.20,03:15,25991.66,26039.67,25845.15,25871.17,12807
2025.11.20,04:15,25869.15,25987.16,25739.15,25789.15,12968
2025.11.20,05:15,25788.17,25963.66,25778.17,25845.15,6981
2025.11.20,07:00,25846.17,25896.17,25749.65,25769.16,9438
2025.11.20,08:00,25769.67,25781.15,25666.17,25730.16,8191
2025.11.20,09:00,25730.15,25837.67,25705.15,25819.17,5661
2025.11.20,10:00,25822.15,25852.67,25792.15,25838.16,2627
2025.11.20,11:15,25810.17,25842.17,25786.15,25821.65,3165
2025.11.20,12:15,25822.66,25880.17,25816.67,25820.65,2490
2025.11.20,13:15,25820.15,25822.16,25780.15,25806.17,2386
2025.11.20,14:15,25805.65,25844.65,25793.65,25830.15,2007
2025.11.20,15:15,25831.15,25926.67,25811.15,25878.17,5676
2025.11.20,16:15,25878.15,25950.16,25829.65,25844.17,10381
2025.11.20,17:15,25844.65,25902.17,25730.16,25732.16,8275
2025.11.20,18:15,25732.66,25732.67,25498.66,25528.17,15636
2025.11.20,19:15,25529.15,25584.65,25422.16,25584.65,14954
2025.11.20,20:15,25585.16,25591.67,25413.17,25447.65,10011
2025.11.21,03:15,25527.89,25533.40,25266.40,25322.89,16468
2025.11.21,04:15,25322.40,25340.40,25169.40,25206.39,12618
2025.11.21,05:15,25206.40,25299.39,25190.88,25283.40,6596
2025.11.21,07:00,25252.39,25453.90,25252.39,25389.40,13088
2025.11.21,08:00,25389.38,25450.90,25303.39,25304.40,10013
2025.11.21,09:00,25306.38,25306.38,25160.38,25162.38,7657
2025.11.21,10:00,25161.38,25238.40,25148.38,25220.38,4198
2025.11.21,11:15,25228.38,25245.39,25090.89,25090.89,6751
2025.11.21,12:15,25091.90,25200.39,25021.90,25193.89,7339
2025.11.21,13:15,25193.38,25209.89,25107.38,25132.39,6070
2025.11.21,14:15,25130.89,25274.90,25074.89,25232.40,9542
2025.11.21,15:15,25232.90,25273.40,25221.39,25230.89,5864
2025.11.21,16:15,25230.40,25333.38,25216.39,25272.39,13993
2025.11.21,17:15,25272.90,25314.40,25136.88,25228.38,16574
2025.11.21,18:15,25227.88,25457.38,25199.88,25444.90,11741
2025.11.21,19:15,25445.40,25484.88,25412.90,25424.38,9039
2025.11.21,20:15,25423.89,25564.90,25408.89,25527.38,7832
2025.11.24,03:15,25503.79,25505.29,25357.29,25408.77,14296
2025.11.24,04:15,25407.77,25631.29,25403.29,25551.29,13474
2025.11.24,05:15,25550.29,25570.29,25505.27,25567.78,4816
2025.11.24,07:00,25568.79,25744.79,25496.28,25698.77,11459
2025.11.24,08:00,25699.28,25752.78,25641.29,25652.77,8306
2025.11.24,09:00,25651.77,25700.77,25621.78,25647.28,5450
2025.11.24,10:00,25647.78,25715.79,25608.27,25701.78,3139
2025.11.24,11:15,25695.29,25695.29,25584.27,25638.27,4902
2025.11.24,12:15,25637.79,25664.27,25606.27,25643.79,4032
2025.11.24,13:15,25642.78,25704.29,25640.79,25679.77,3035
2025.11.24,14:15,25679.29,25779.77,25672.27,25774.27,2926
2025.11.24,15:15,25775.29,25787.27,25726.27,25771.28,2997
2025.11.24,16:15,25771.79,25827.29,25708.79,25785.79,11683
2025.11.24,17:15,25785.27,25835.28,25780.27,25811.29,7243
2025.11.24,18:15,25811.78,25826.77,25720.29,25733.28,4944
2025.11.24,19:15,25733.27,25839.28,25730.78,25837.29,3802
2025.11.24,20:15,25837.78,25867.77,25832.28,25862.79,1809
2025.11.25,03:15,25870.28,25977.29,25870.28,25941.28,12526
2025.11.25,04:15,25942.78,26044.79,25942.78,25996.79,8706
2025.11.25,05:15,25995.79,26025.79,25849.80,25863.79,5268
2025.11.25,07:00,25871.80,25933.30,25815.80,25868.80,9255
2025.11.25,08:00,25869.79,25873.79,25740.78,25779.28,7592
2025.11.25,09:00,25778.79,25921.29,25762.79,25910.30,5537
2025.11.25,10:00,25910.79,25918.78,25866.80,25904.78,2279
2025.11.25,11:15,25896.29,25904.78,25835.78,25897.78,1962
2025.11.25,12:15,25898.29,26007.80,25794.80,25958.28,4978
2025.11.25,13:15,25958.78,25980.79,25941.28,25979.78,3297
2025.11.25,14:15,25980.28,26044.30,25939.78,26024.28,5739
2025.11.25,15:15,26023.80,26106.29,26022.79,26050.80,4597
2025.11.25,16:15,26050.28,26052.30,25866.28,25903.80,11821
2025.11.25,17:15,25902.80,25987.30,25884.80,25919.28,11157
2025.11.25,18:15,25918.29,26004.30,25910.28,25994.30,6263
2025.11.25,19:15,25993.79,26034.29,25963.79,25993.29,4109
2025.11.25,20:15,25992.30,26003.80,25962.28,25967.78,2294
2025.11.26,03:15,26100.34,26163.36,26045.36,26071.34,12369
2025.11.26,04:15,26071.35,26075.36,25951.85,26039.36,9092
2025.11.26,05:15,26039.35,26052.85,25992.34,26037.86,4195
2025.11.26,07:00,26037.34,26061.85,25958.86,25991.36,7047
2025.11.26,08:00,25991.35,26052.86,25953.34,25995.84,6749
2025.11.26,09:00,25995.36,26030.84,25926.84,25930.86,4682
2025.11.26,10:00,25930.35,25943.34,25896.85,25922.84,2535
2025.11.26,11:15,25886.85,25926.36,25865.84,25921.35,2214
2025.11.26,12:15,25921.85,25931.34,25910.84,25925.84,1216
2025.11.26,13:15,25926.35,25938.34,25850.84,25882.86,2570
2025.11.26,14:15,25883.36,25958.86,25864.35,25950.85,2294
2025.11.26,15:15,25951.36,25988.36,25928.34,25939.86,2755
2025.11.26,16:15,25940.35,26025.84,25884.34,25913.84,7704
2025.11.26,17:15,25912.85,25965.34,25905.36,25952.34,5242
2025.11.26,18:15,25951.36,25995.85,25944.84,25984.86,2799
2025.11.26,19:15,25984.84,26007.36,25753.36,25896.86,2814
2025.11.26,20:15,25895.86,25962.36,25887.86,25911.35,2006
2025.11.27,03:15,25842.16,26095.16,25832.16,26049.67,12453
2025.11.27,04:15,26052.66,26057.16,25874.66,25899.66,10094
2025.11.27,05:15,25901.65,26034.16,25891.65,26026.66,4270
2025.11.27,07:00,26021.17,26131.16,26011.67,26073.67,8466
2025.11.27,08:00,26073.16,26089.15,25913.67,25937.66,7557
2025.11.27,09:00,25935.16,25985.17,25920.15,25960.67,4913
2025.11.27,10:00,25960.66,25976.67,25925.67,25961.17,2191
2025.11.27,11:15,25946.16,25953.15,25899.15,25928.16,2027
2025.11.27,12:15,25928.17,25951.17,25909.66,25945.16,1317
2025.11.27,13:15,25946.16,25950.15,25917.67,25942.17,1220
2025.11.27,14:15,25941.65,25966.67,25938.15,25950.16,1086
2025.11.27,15:15,25949.17,25984.17,25947.15,25978.16,1351
2025.11.27,16:15,25978.15,25989.16,25963.65,25975.65,874
2025.11.27,17:15,25975.15,25981.67,25943.66,25964.67,1025
2025.11.27,18:15,25965.15,25966.15,25935.65,25939.15,560
2025.11.27,19:15,25939.65,25960.16,25939.65,25955.66,346
2025.11.27,20:15,25955.65,25960.66,25940.15,25952.66,265
2025.11.28,03:15,25983.43,26023.41,25822.91,25904.91,11307
2025.11.28,04:15,25904.92,25953.93,25864.43,25920.43,8155
2025.11.28,05:15,25920.93,25947.93,25907.91,25918.43,2644
2025.11.28,07:00,25915.42,25983.93,25874.91,25892.43,5973
2025.11.28,08:00,25891.93,25913.91,25853.92,25887.93,4291
2025.11.28,09:00,25887.92,25922.93,25887.92,25912.93,2445
2025.11.28,10:00,25912.91,25918.43,25858.41,25910.92,1577
2025.11.28,11:15,25893.93,25943.93,25890.92,25937.42,972
2025.11.28,12:15,25937.91,25938.92,25908.93,25913.42,674
2025.11.28,13:15,25912.93,25944.91,25909.41,25942.91,585
2025.11.28,14:15,25942.42,25967.92,25938.41,25959.92,857
2025.11.28,15:15,25959.41,25992.93,25953.93,25987.42,1332
2025.11.28,16:15,25987.41,26082.42,25976.93,26034.43,4702
2025.11.28,17:15,26034.92,26091.42,26007.91,26086.93,3514
2025.11.28,18:15,26087.43,26088.93,26036.41,26055.91,2828
2025.11.28,19:15,26056.42,26072.91,26029.91,26063.41,2721
2025.11.28,20:15,26063.92,26072.91,26043.93,26045.91,403
2025.12.01,03:15,25877.27,26210.26,25870.28,26079.78,13948
2025.12.01,04:15,26081.26,26111.77,25977.78,26067.26,11194
2025.12.01,05:15,26067.77,26104.77,26054.27,26097.77,3927
2025.12.01,07:00,26091.76,26091.76,25921.77,26037.28,8886
2025.12.01,08:00,26037.76,26082.27,26031.27,26053.27,6420
2025.12.01,09:00,26052.78,26054.28,25977.26,26015.26,4369
2025.12.01,10:00,26015.78,26103.27,25998.77,26080.76,2340
2025.12.01,11:15,26073.26,26115.26,26018.78,26072.28,2637
2025.12.01,12:15,26073.27,26085.78,26034.76,26045.27,2066
2025.12.01,13:15,26046.27,26076.27,26038.26,26051.26,2197
2025.12.01,14:15,26050.28,26071.76,26039.26,26063.27,2626
2025.12.01,15:15,26064.27,26128.77,26058.28,26106.76,2530
2025.12.01,16:15,26107.28,26168.78,26087.26,26142.28,7588
2025.12.01,17:15,26142.26,26165.28,26089.76,26146.78,6092
2025.12.01,18:15,26146.27,26182.78,26132.28,26162.77,3037
2025.12.01,19:15,26162.26,26216.28,26147.26,26214.26,2377
2025.12.01,20:15,26213.27,26253.28,26205.28,26241.76,1318
2025.12.02,03:15,26204.08,26282.08,26162.07,26257.07,11498
2025.12.02,04:15,26258.08,26278.58,26127.07,26141.59,8393
2025.12.02,05:15,26141.07,26145.07,26031.08,26069.07,4588
2025.12.02,07:00,26048.07,26082.07,25988.07,26030.07,7283
2025.12.02,08:00,26029.07,26091.09,26009.59,26079.09,5253
2025.12.02,09:00,26080.09,26095.09,26065.09,26082.08,3366
2025.12.02,10:00,26081.57,26104.09,26058.57,26096.57,1841
2025.12.02,11:15,26113.08,26136.08,26062.59,26083.08,1925
2025.12.02,12:15,26081.08,26102.09,26066.58,26097.59,1255
2025.12.02,13:15,26098.08,26106.59,26063.58,26073.08,1063
2025.12.02,14:15,26073.57,26088.09,26057.07,26064.59,1411
2025.12.02,15:15,26065.07,26087.58,26040.07,26072.09,1507
2025.12.02,16:15,26071.58,26081.09,25978.59,25987.07,6205
2025.12.02,17:15,25987.57,26012.59,25949.07,25984.09,5200
2025.12.02,18:15,25983.58,25984.09,25916.08,25952.08,5686
2025.12.02,19:15,25952.58,25999.08,25940.08,25958.57,3339
2025.12.02,20:15,25958.09,25972.07,25943.07,25967.09,2255
2025.12.03,03:15,25975.69,26001.70,25854.71,25949.19,11515
2025.12.03,04:15,25949.21,25955.71,25788.20,25822.19,9117
2025.12.03,05:15,25821.70,25875.70,25813.21,25843.20,3372
2025.12.03,07:00,25834.70,25868.21,25749.20,25751.20,6558
2025.12.03,08:00,25749.71,25779.20,25727.20,25778.71,6121
2025.12.03,09:00,25780.20,25795.71,25719.19,25748.70,3643
2025.12.03,10:00,25747.70,25764.21,25711.71,25722.69,2132
2025.12.03,11:15,25731.71,25756.21,25729.21,25746.71,1605
2025.12.03,12:15,25747.19,25753.20,25707.19,25727.70,1241
2025.12.03,13:15,25728.19,25749.19,25726.70,25742.71,1081
2025.12.03,14:15,25742.21,25766.71,25729.69,25761.71,972
2025.12.03,15:15,25762.19,25789.20,25659.19,25687.70,4023
2025.12.03,16:15,25688.20,25817.71,25687.69,25797.69,9365
2025.12.03,17:15,25798.19,25841.71,25785.20,25790.69,5098
2025.12.03,18:15,25790.19,25802.71,25716.21,25748.20,3634
2025.12.03,19:15,25747.69,25797.20,25741.19,25796.70,2127
2025.12.03,20:15,25797.19,25818.20,25782.20,25812.71,1166
2025.12.04,03:15,25803.89,25828.90,25669.38,25720.39,10928
2025.12.04,04:15,25720.88,25882.89,25647.88,25813.89,10288
2025.12.04,05:15,25812.90,25847.89,25800.88,25821.40,3960
2025.12.04,07:00,25820.88,25843.39,25762.39,25771.40,7387
2025.12.04,08:00,25770.90,25895.89,25770.39,25884.89,6901
2025.12.04,09:00,25885.89,25997.38,25853.88,25912.39,7073
2025.12.04,10:00,25911.90,25949.40,25886.89,25911.89,2305
2025.12.04,11:15,25908.88,25909.89,25876.90,25895.88,1862
2025.12.04,12:15,25893.40,25903.89,25875.89,25898.88,1407
2025.12.04,13:15,25897.89,25919.39,25896.89,25915.89,1103
2025.12.04,14:15,25916.40,25925.39,25870.38,25870.38,1202
2025.12.04,15:15,25869.90,25903.89,25867.38,25903.40,2212
2025.12.04,16:15,25903.88,25929.90,25820.38,25869.39,6848
2025.12.04,17:15,25869.89,25922.89,25861.88,25905.90,5346
2025.12.04,18:15,25904.90,25921.40,25886.88,25893.88,3295
2025.12.04,19:15,25892.88,25893.40,25841.89,25861.89,1765
2025.12.04,20:15,25862.38,25881.90,25856.88,25857.89,1260
2025.12.05,03:15,25897.07,25897.07,25767.57,25801.56,11344
2025.12.05,04:15,25801.55,25890.55,25786.05,25874.55,9260
2025.12.05,05:15,25874.57,25917.07,25828.05,25883.06,4021
2025.12.05,07:00,25886.05,26030.57,25886.05,26028.57,10225
2025.12.05,08:00,26028.55,26117.07,26001.56,26108.07,7926
2025.12.05,09:00,26108.57,26144.06,26064.06,26077.07,5067
2025.12.05,10:00,26077.06,26109.07,26049.05,26105.07,2019
2025.12.05,11:15,26094.05,26100.57,26063.05,26080.07,1381
2025.12.05,12:15,26080.57,26087.07,26066.56,26085.05,854
2025.12.05,13:15,26084.57,26100.06,26060.57,26100.06,1021
2025.12.05,14:15,26100.57,26103.57,26083.07,26094.06,1171
2025.12.05,15:15,26093.55,26102.57,26061.56,26100.07,2203
2025.12.05,16:15,26100.06,26157.05,26068.05,26150.57,5631
2025.12.05,17:15,26151.56,26154.57,26071.57,26071.57,4509
2025.12.05,18:15,26069.55,26087.56,26024.07,26050.07,5684
2025.12.05,19:15,26049.55,26100.56,26028.56,26085.57,3336
2025.12.05,20:15,26086.07,26109.55,26071.56,26084.56,1978
2025.12.08,03:15,26076.31,26164.31,25920.33,25943.83,11693
2025.12.08,04:15,25943.31,25980.32,25822.81,25835.31,9866
2025.12.08,05:15,25835.82,25885.33,25792.32,25806.81,4184
2025.12.08,07:00,25810.83,25874.83,25786.82,25792.33,7304
2025.12.08,08:00,25792.82,25848.83,25782.82,25819.81,5699
2025.12.08,09:00,25819.83,25821.81,25747.83,25751.33,4201
2025.12.08,10:00,25750.83,25768.33,25729.31,25741.32,2094
2025.12.08,11:15,25733.32,25778.81,25733.32,25773.83,1131
2025.12.08,12:15,25774.33,25792.33,25766.81,25780.32,1175
2025.12.08,13:15,25779.33,25781.33,25749.32,25775.32,1334
2025.12.08,14:15,25776.31,25790.33,25767.32,25788.32,1078
2025.12.08,15:15,25789.83,25809.82,25772.32,25809.33,1365
2025.12.08,16:15,25809.82,25810.83,25684.33,25688.33,5831
2025.12.08,17:15,25688.32,25728.33,25647.32,25668.81,4853
2025.12.08,18:15,25668.32,25704.82,25663.32,25686.81,3249
2025.12.08,19:15,25686.32,25763.33,25674.32,25727.33,3468
2025.12.08,20:15,25727.83,25743.33,25700.31,25715.31,2440
2025.12.09,03:15,25765.94,25811.45,25620.94,25621.45,10476
2025.12.09,04:15,25620.44,25623.94,25514.93,25552.44,8685
2025.12.09,05:15,25552.95,25569.94,25520.43,25544.94,3311
2025.12.09,07:00,25540.94,25561.45,25415.45,25421.95,7061
2025.12.09,08:00,25421.45,25456.43,25392.43,25450.93,6432
2025.12.09,09:00,25451.45,25467.94,25365.44,25386.94,4372
2025.12.09,10:00,25386.44,25413.44,25373.45,25400.43,2377
2025.12.09,11:15,25383.43,25422.44,25378.44,25381.95,1710
2025.12.09,12:15,25381.93,25393.45,25339.93,25346.45,2964
2025.12.09,13:15,25345.44,25373.95,25336.94,25355.94,1722
2025.12.09,14:15,25355.43,25357.45,25316.44,25335.93,1596
2025.12.09,15:15,25335.43,25353.94,25318.43,25334.43,2063
2025.12.09,16:15,25334.93,25412.45,25308.45,25315.45,7048
2025.12.09,17:15,25315.93,25394.44,25306.44,25379.43,5364
2025.12.09,18:15,25379.95,25407.95,25364.93,25368.43,3100
2025.12.09,19:15,25368.95,25369.45,25327.43,25346.94,2574
2025.12.09,20:15,25347.43,25369.43,25334.44,25361.95,1505
2025.12.10,03:15,25380.66,25418.16,25236.14,25282.15,12224
2025.12.10,04:15,25283.14,25353.16,25262.14,25322.15,9812
2025.12.10,05:15,25322.65,25346.66,25299.14,25309.66,3611
2025.12.10,07:00,25312.66,25398.16,25248.64,25342.14,8807
2025.12.10,08:00,25341.16,25469.16,25333.66,25444.66,9177
2025.12.10,09:00,25445.14,25485.14,25387.15,25483.16,4849
2025.12.10,10:00,25482.65,25512.65,25469.14,25495.65,2263
2025.12.10,11:15,25490.14,25501.15,25456.65,25470.64,2132
2025.12.10,12:15,25469.65,25482.14,25443.14,25481.14,2466
2025.12.10,13:15,25481.16,25526.14,25479.15,25507.64,1337
2025.12.10,14:15,25508.14,25521.65,25476.14,25484.64,1406
2025.12.10,15:15,25485.15,25611.16,25482.66,25536.16,3589
2025.12.10,16:15,25535.66,25605.16,25519.14,25592.15,7126
2025.12.10,17:15,25592.64,25618.64,25528.14,25558.66,4465
2025.12.10,18:15,25558.16,25589.15,25539.15,25562.14,2821
2025.12.10,19:15,25562.66,25599.66,25550.64,25592.16,1993
2025.12.10,20:15,25591.64,25597.64,25566.14,25569.16,1911
2025.12.11,03:15,25643.41,25791.92,25629.90,25655.92,12321
2025.12.11,04:15,25656.92,25694.92,25516.41,25534.41,10062
2025.12.11,05:15,25534.91,25577.90,25494.92,25557.90,4805
2025.12.11,07:00,25551.40,25570.92,25456.41,25490.90,8126
2025.12.11,08:00,25491.40,25556.90,25489.90,25521.42,7017
2025.12.11,09:00,25521.91,25533.91,25483.90,25523.91,4360
2025.12.11,10:00,25523.41,25552.42,25494.40,25538.42,2568
2025.12.11,11:15,25536.92,25597.40,25529.42,25589.42,2521
2025.12.11,12:15,25589.91,25601.92,25565.90,25590.90,1838
2025.12.11,13:15,25590.92,25608.90,25573.90,25599.42,1737
2025.12.11,14:15,25599.91,25622.92,25593.92,25613.92,1731
2025.12.11,15:15,25614.41,25646.92,25598.92,25643.40,2079
2025.12.11,16:15,25642.90,25657.90,25548.90,25624.41,7908
2025.12.11,17:15,25623.91,25695.92,25623.41,25666.92,6450
2025.12.11,18:15,25666.90,25740.92,25649.40,25733.42,4526
2025.12.11,19:15,25732.92,25754.92,25728.41,25748.92,2524
2025.12.11,20:15,25749.40,25778.91,25733.90,25751.90,1675
2025.12.12,03:15,25819.00,25848.48,25706.98,25813.99,12509
2025.12.12,04:15,25813.00,25916.99,25756.48,25909.99,10425
2025.12.12,05:15,25909.49,25913.98,25843.98,25886.50,4389
2025.12.12,07:00,25885.00,25978.50,25885.00,25966.48,8271
2025.12.12,08:00,25965.99,26008.00,25925.48,25950.99,6276
2025.12.12,09:00,25950.48,25980.00,25893.48,25950.48,5563
2025.12.12,10:00,25949.49,25978.50,25931.49,25953.00,2256
2025.12.12,11:15,25948.00,25952.98,25896.98,25939.48,2322
2025.12.12,12:15,25939.99,25940.99,25907.98,25935.48,1508
2025.12.12,13:15,25935.98,25951.00,25908.48,25911.48,1401
2025.12.12,14:15,25911.00,25920.49,25897.48,25913.49,1491
2025.12.12,15:15,25912.99,25936.99,25911.48,25928.00,1383
2025.12.12,16:15,25927.99,25974.99,25874.98,25877.48,6884
2025.12.12,17:15,25878.00,25879.00,25647.98,25655.49,11357
2025.12.12,18:15,25655.00,25672.49,25573.50,25645.50,8373
2025.12.12,19:15,25644.99,25723.48,25627.48,25712.98,5053
2025.12.12,20:15,25713.00,25741.49,25698.98,25706.50,2945
2025.12.15,03:15,25740.23,25786.25,25680.23,25733.24,11504
2025.12.15,04:15,25734.24,25810.25,25707.23,25720.24,8816
2025.12.15,05:15,25719.73,25756.75,25706.74,25728.25,3292
2025.12.15,07:00,25731.75,25754.74,25646.73,25680.25,7168
2025.12.15,08:00,25679.24,25684.23,25614.75,25637.24,5515
2025.12.15,09:00,25636.75,25646.24,25583.23,25614.24,3787
2025.12.15,10:00,25613.23,25640.75,25586.23,25630.23,2184
2025.12.15,11:15,25657.24,25692.73,25653.25,25673.25,1789
2025.12.15,12:15,25673.75,25673.75,25643.73,25664.75,1153
2025.12.15,13:15,25664.23,25681.25,25658.74,25673.23,999
2025.12.15,14:15,25673.75,25685.25,25652.73,25671.25,1262
2025.12.15,15:15,25670.25,25691.75,25655.73,25689.23,1547
2025.12.15,16:15,25688.24,25701.25,25585.73,25615.25,8095
2025.12.15,17:15,25614.75,25641.25,25561.24,25622.24,8192
2025.12.15,18:15,25622.25,25659.25,25579.73,25582.25,5460
2025.12.15,19:15,25582.73,25582.73,25519.24,25542.24,3824
2025.12.15,20:15,25542.73,25545.75,25490.73,25544.75,3002
2025.12.16,03:15,25535.37,25547.89,25213.88,25223.37,11479
2025.12.16,04:15,25222.87,25264.89,25133.88,25148.89,9449
2025.12.16,05:15,25149.38,25186.89,25114.88,25137.37,3611
2025.12.16,07:00,25140.89,25162.89,25082.89,25108.37,8409
2025.12.16,08:00,25107.89,25204.37,25093.39,25201.89,6953
2025.12.16,09:00,25200.88,25229.87,25163.87,25218.37,5082
2025.12.16,10:00,25218.38,25241.38,25214.37,25228.88,2138
2025.12.16,11:15,25224.89,25253.88,25201.87,25231.38,1756
2025.12.16,12:15,25231.87,25257.88,25227.88,25233.38,1416
2025.12.16,13:15,25231.89,25251.39,25221.87,25236.88,1362
2025.12.16,14:15,25237.38,25258.39,25237.38,25253.88,1433
2025.12.16,15:15,25252.89,25305.39,25225.87,25237.38,4808
2025.12.16,16:15,25238.37,25319.39,25225.37,25255.89,8786
2025.12.16,17:15,25254.87,25257.89,25181.88,25191.88,8090
2025.12.16,18:15,25190.87,25220.39,25153.37,25216.87,5523
2025.12.16,19:15,25217.87,25241.39,25146.89,25181.37,4693
2025.12.16,20:15,25181.89,25244.88,25162.87,25209.87,2824
2025.12.17,03:15,25242.68,25286.18,25160.17,25269.17,11744
2025.12.17,04:15,25268.18,25328.19,25230.67,25243.69,9171
2025.12.17,05:15,25242.17,25289.19,25221.17,25286.68,3275
2025.12.17,07:00,25268.18,25408.68,25205.69,25407.69,8809
2025.12.17,08:00,25406.67,25486.18,25394.19,25394.68,9023
2025.12.17,09:00,25395.17,25480.69,25370.18,25429.18,4939
2025.12.17,10:00,25429.69,25466.17,25406.19,25427.69,2506
2025.12.17,11:15,25416.18,25505.67,25416.18,25487.69,1888
2025.12.17,12:15,25488.17,25513.19,25479.68,25487.69,1322
2025.12.17,13:15,25487.67,25497.19,25469.68,25488.69,1089
2025.12.17,14:15,25489.69,25523.17,25487.19,25508.18,1188
2025.12.17,15:15,25507.18,25567.19,25491.17,25558.17,2828
2025.12.17,16:15,25558.18,25571.67,25490.69,25540.17,8257
2025.12.17,17:15,25540.67,25548.68,25375.68,25377.18,8905
2025.12.17,18:15,25377.68,25408.19,25350.18,25360.68,6664
2025.12.17,19:15,25359.68,25383.67,25321.18,25327.68,5143
2025.12.17,20:15,25327.17,25327.17,25276.17,25281.67,3273
2025.12.18,03:15,25285.27,25425.27,25240.29,25406.27,10946
2025.12.18,04:15,25406.78,25504.28,25353.28,25364.28,8650
2025.12.18,05:15,25365.28,25369.79,25316.77,25350.77,3396
2025.12.18,07:00,25367.79,25439.27,25329.27,25336.78,7592
2025.12.18,08:00,25336.29,25403.79,25322.29,25403.29,6374
2025.12.18,09:00,25403.28,25521.79,25382.27,25475.29,5382
2025.12.18,10:00,25474.28,25510.29,25461.27,25495.28,2058
2025.12.18,11:15,25493.27,25523.78,25472.29,25513.28,1652
2025.12.18,12:15,25513.29,25518.27,25495.27,25513.78,1072
2025.12.18,13:15,25514.29,25520.79,25495.29,25504.78,1345
2025.12.18,14:15,25505.27,25509.78,25480.29,25498.27,1359
2025.12.18,15:15,25498.79,25627.78,25498.79,25597.78,5356
2025.12.18,16:15,25598.29,25648.79,25545.29,25609.27,8544
2025.12.18,17:15,25607.77,25688.29,25578.27,25675.27,5086
2025.12.18,18:15,25675.29,25702.27,25590.77,25600.29,4409
2025.12.18,19:15,25599.27,25659.79,25566.77,25650.77,5984
2025.12.18,20:15,25651.29,25683.79,25641.27,25648.27,2049
2025.12.19,03:15,25630.77,25695.78,25542.28,25680.26,11275
2025.12.19,04:15,25679.77,25711.26,25583.26,25605.78,9547
2025.12.19,05:15,25604.76,25707.76,25601.77,25681.27,4573
2025.12.19,07:00,25672.76,25743.26,25654.27,25672.78,7460
2025.12.19,08:00,25671.26,25735.78,25638.76,25714.76,6507
2025.12.19,09:00,25715.28,25766.26,25665.26,25713.27,5046
2025.12.19,10:00,25710.78,25717.27,25675.26,25707.26,2205
2025.12.19,11:15,25703.26,25721.76,25685.26,25697.26,1663
2025.12.19,12:15,25696.76,25717.28,25681.26,25681.26,1351
2025.12.19,13:15,25680.27,25701.28,25678.27,25689.77,1479
2025.12.19,14:15,25690.28,25711.28,25683.27,25696.28,1574
2025.12.19,15:15,25696.78,25735.76,25678.27,25732.76,1779
2025.12.19,16:15,25733.27,25832.78,25713.27,25825.27,5861
2025.12.19,17:15,25824.76,25859.27,25795.76,25850.26,4354
2025.12.19,18:15,25852.28,25868.78,25841.78,25861.26,2685
2025.12.19,19:15,25862.27,25887.28,25861.76,25883.77,1595
2025.12.19,20:15,25883.78,25891.77,25782.27,25829.26,1291
2025.12.22,03:15,25869.72,25874.21,25746.72,25762.21,10922
2025.12.22,04:15,25762.22,25810.22,25708.72,25792.73,7474
2025.12.22,05:15,25793.22,25806.71,25762.21,25768.23,3311
2025.12.22,07:00,25764.72,25785.73,25711.71,25723.22,6203
2025.12.22,08:00,25722.73,25763.72,25681.21,25727.72,5461
2025.12.22,09:00,25728.22,25808.73,25722.22,25794.23,3713
2025.12.22,10:00,25794.72,25813.72,25782.21,25800.71,1703
2025.12.22,11:15,25784.21,25813.22,25769.21,25811.72,1141
2025.12.22,12:15,25811.22,25811.22,25786.71,25799.23,874
2025.12.22,13:15,25798.71,25826.23,25795.73,25816.23,1031
2025.12.22,14:15,25815.21,25840.23,25812.22,25837.71,1082
2025.12.22,15:15,25838.23,25844.22,25819.22,25825.73,1177
2025.12.22,16:15,25825.23,25860.73,25787.21,25820.71,5661
2025.12.22,17:15,25821.23,25898.21,25813.72,25879.71,3505
2025.12.22,18:15,25879.22,25892.71,25860.73,25887.72,2148
2025.12.22,19:15,25888.21,25921.23,25880.21,25913.71,1601
2025.12.22,20:15,25914.22,25914.22,25890.71,25895.72,1077
2025.12.23,03:15,25906.71,25927.20,25838.69,25913.69,9758
2025.12.23,04:15,25914.20,25946.21,25836.19,25914.21,7644
2025.12.23,05:15,25914.69,25938.21,25854.69,25868.71,3228
2025.12.23,07:00,25862.69,25862.69,25767.19,25775.71,6116
2025.12.23,08:00,25775.20,25797.20,25738.69,25779.70,5450
2025.12.23,09:00,25780.21,25790.70,25755.70,25774.69,3824
2025.12.23,10:00,25774.20,25790.19,25765.70,25775.71,1619
2025.12.23,11:15,25768.71,25795.19,25756.70,25791.70,1067
2025.12.23,12:15,25792.20,25792.69,25764.69,25779.70,687
2025.12.23,13:15,25778.71,25791.71,25767.69,25771.70,676
2025.12.23,14:15,25771.71,25779.21,25762.70,25771.71,795
2025.12.23,15:15,25771.21,25777.19,25693.70,25719.71,2346
2025.12.23,16:15,25719.20,25741.20,25654.70,25687.71,5233
2025.12.23,17:15,25688.20,25756.20,25688.20,25740.21,2771
2025.12.23,18:15,25740.69,25768.70,25728.71,25756.19,1771
2025.12.23,19:15,25755.69,25779.71,25751.70,25778.21,1230
2025.12.23,20:15,25777.69,25803.21,25772.19,25801.71,831
2025.12.24,03:15,25794.16,25872.16,25775.65,25831.65,7727
2025.12.24,04:15,25831.14,25898.14,25796.15,25857.14,7209
2025.12.24,05:15,25856.65,25869.14,25780.64,25816.66,3588
2025.12.29,03:15,26061.84,26105.84,25939.34,25969.83,12437
2025.12.29,04:15,25970.82,26065.34,25939.33,25981.32,9429
2025.12.29,05:15,25980.84,25999.33,25903.34,25913.82,4155
2025.12.29,07:00,25911.34,25911.34,25763.83,25763.83,7478
2025.12.29,08:00,25762.83,25768.33,25670.33,25700.32,6908
2025.12.29,09:00,25699.83,25725.84,25628.83,25631.82,4523
2025.12.29,10:00,25632.33,25657.33,25607.82,25635.34,2251
2025.12.29,11:15,25620.83,25627.33,25588.83,25621.84,1802
2025.12.29,12:15,25620.83,25636.84,25596.33,25597.34,1328
2025.12.29,13:15,25597.82,25621.34,25595.32,25597.34,1291
2025.12.29,14:15,25596.82,25603.33,25568.82,25584.83,1540
2025.12.29,15:15,25584.34,25596.33,25537.84,25555.32,2125
2025.12.29,16:15,25554.84,25629.34,25543.82,25620.33,5660
2025.12.29,17:15,25620.84,25638.83,25524.83,25616.33,4643
2025.12.29,18:15,25617.34,25621.83,25578.34,25600.84,2654
2025.12.29,19:15,25599.83,25608.82,25573.34,25601.33,1198
2025.12.29,20:15,25600.83,25617.83,25580.84,25588.82,654
2025.12.30,03:15,25654.02,25724.01,25606.51,25724.01,11195
2025.12.30,04:15,25725.50,25775.52,25666.02,25741.00,9005
2025.12.30,05:15,25745.02,25784.50,25718.50,25729.00,3727
2025.12.30,07:00,25731.01,25902.52,25692.00,25889.50,9209
2025.12.30,08:00,25891.02,25930.02,25866.01,25926.51,5944
2025.12.30,09:00,25927.51,25927.51,25782.02,25819.52,4745
2025.12.30,10:00,25819.02,25892.00,25810.50,25888.51,2234
2025.12.30,11:15,25890.00,25913.02,25888.00,25906.50,1515
2025.12.30,12:15,25906.02,25925.01,25883.00,25887.50,1301
2025.12.30,13:15,25886.00,25895.52,25873.02,25890.00,1147
2025.12.30,14:15,25890.02,25896.01,25878.01,25883.51,1260
2025.12.30,15:15,25883.01,25889.01,25869.51,25878.02,1500
2025.12.30,16:15,25877.52,25905.02,25828.00,25830.50,4440
2025.12.30,17:15,25831.51,25859.52,25811.51,25855.52,2996
2025.12.30,18:15,25855.51,25895.51,25849.01,25856.52,2278
2025.12.30,19:15,25856.50,25865.52,25839.01,25851.01,1211
2025.12.30,20:15,25851.51,25872.02,25829.50,25857.50,875
2025.12.31,03:15,25805.36,25805.36,25607.85,25646.85,9979
2025.12.31,04:15,25644.85,25692.36,25599.84,25645.86,7910
2025.12.31,05:15,25646.36,25646.36,25538.85,25579.35,4096
2026.01.02,08:00,26303.64,26367.14,26299.12,26311.12,1964
2026.01.02,09:00,26310.12,26330.64,26265.12,26322.13,5128
2026.01.02,10:00,26320.64,26396.12,26319.14,26393.64,2344
2026.01.02,11:15,26405.14,26425.64,26350.62,26351.14,2069
2026.01.02,12:15,26350.63,26362.62,26331.63,26349.13,1503
2026.01.02,13:15,26339.13,26382.13,26326.64,26379.13,1551
2026.01.02,14:15,26379.64,26384.13,26345.62,26372.14,1353
2026.01.02,15:15,26372.63,26388.13,26355.13,26364.63,1896
2026.01.02,16:15,26365.14,26477.13,26316.62,26422.12,8141
2026.01.02,17:15,26422.64,26472.14,26379.13,26398.12,10385
2026.01.02,18:15,26398.13,26505.13,26396.62,26504.62,6626
2026.01.02,19:15,26504.13,26511.14,26438.63,26442.63,4637
2026.01.02,20:15,26442.13,26459.12,26396.62,26413.12,3018
2026.01.05,03:15,26523.85,26523.85,26258.36,26393.36,15315
2026.01.05,04:15,26391.85,26439.37,26331.36,26360.87,11521
2026.01.05,05:15,26360.86,26376.37,26282.85,26317.87,5025
2026.01.05,07:00,26317.35,26403.37,26299.86,26360.85,9460
2026.01.05,08:00,26360.36,26401.37,26328.35,26389.86,7146
2026.01.05,09:00,26389.87,26390.35,26307.85,26327.85,4773
2026.01.05,10:00,26328.35,26361.37,26318.86,26341.86,2209
2026.01.05,11:15,26331.86,26347.35,26293.87,26301.36,1860
2026.01.05,12:15,26301.35,26302.87,26258.35,26276.86,1586
2026.01.05,13:15,26277.37,26291.37,26268.36,26275.87,1379
2026.01.05,14:15,26275.37,26293.85,26224.86,26242.86,1881
2026.01.05,15:15,26242.85,26283.36,26213.35,26277.85,2646
2026.01.05,16:15,26278.85,26296.36,26222.85,26245.87,8400
2026.01.05,17:15,26245.35,26423.37,26230.35,26399.85,5627
2026.01.05,18:15,26400.36,26487.87,26389.85,26484.35,3691
2026.01.05,19:15,26485.36,26535.87,26479.85,26508.37,3079
2026.01.05,20:15,26507.85,26536.87,26492.85,26536.37,1415
2026.01.06,03:15,26486.43,26735.42,26479.41,26711.41,12848
2026.01.06,04:15,26710.92,26827.43,26628.41,26825.92,10766
2026.01.06,05:15,26825.42,26888.42,26801.41,26847.93,4582
2026.01.06,07:00,26852.43,26852.43,26705.41,26785.93,9715
2026.01.06,08:00,26786.41,26812.43,26757.41,26771.91,7458
2026.01.06,09:00,26771.41,26771.41,26673.41,26673.92,5307
2026.01.06,10:00,26673.42,26711.42,26665.43,26689.41,2256
2026.01.06,11:15,26675.92,26693.43,26602.41,26614.41,2745
2026.01.06,12:15,26611.92,26637.43,26601.42,26635.43,1362
2026.01.06,13:15,26635.42,26669.91,26630.91,26667.93,1090
2026.01.06,14:15,26668.43,26693.42,26657.91,26686.42,1349
2026.01.06,15:15,26686.91,26727.43,26662.41,26726.92,1980
2026.01.06,16:15,26726.43,26804.41,26699.41,26774.91,6681
2026.01.06,17:15,26774.43,26794.43,26705.91,26723.43,5314
2026.01.06,18:15,26723.93,26736.43,26663.43,26684.42,3939
2026.01.06,19:15,26684.43,26711.43,26668.41,26702.92,1937
2026.01.06,20:15,26702.41,26704.92,26648.42,26652.41,1315
2026.01.07,03:15,26650.09,26650.09,26482.09,26495.59,11974
2026.01.07,04:15,26494.59,26507.10,26428.59,26468.10,9528
2026.01.07,05:15,26468.60,26520.59,26433.10,26448.61,4222
2026.01.07,07:00,26440.60,26452.09,26326.59,26341.10,8674
2026.01.07,08:00,26340.61,26435.61,26340.11,26430.59,6664
2026.01.07,09:00,26431.10,26449.11,26398.59,26446.10,4773
2026.01.07,10:00,26446.60,26461.11,26436.61,26445.61,1835
2026.01.07,11:15,26430.60,26435.59,26401.60,26425.11,1782
2026.01.07,12:15,26424.61,26429.11,26376.60,26397.61,1387
2026.01.07,13:15,26397.10,26409.61,26369.09,26372.61,1084
2026.01.07,14:15,26373.09,26381.61,26337.09,26342.11,1370
2026.01.07,15:15,26342.61,26374.61,26317.60,26328.59,1992
2026.01.07,16:15,26328.60,26350.61,26248.60,26256.61,6205
2026.01.07,17:15,26256.10,26330.61,26238.59,26306.60,4750
2026.01.07,18:15,26305.61,26354.09,26304.61,26317.10,2574
2026.01.07,19:15,26316.59,26334.11,26281.09,26286.11,1954
2026.01.07,20:15,26285.61,26315.11,26272.09,26313.59,1223
2026.01.08,03:15,26298.52,26317.01,26086.52,26088.50,12374
2026.01.08,04:15,26088.01,26158.52,26051.00,26115.01,9151
2026.01.08,05:15,26114.00,26144.51,26106.51,26132.51,3626
2026.01.08,07:00,26125.51,26154.52,26041.00,26062.01,8011
2026.01.08,08:00,26062.52,26082.52,25966.00,26066.02,8168
2026.01.08,09:00,26064.50,26212.50,26047.00,26123.02,6876
2026.01.08,10:00,26122.52,26140.52,26103.50,26112.50,2043
2026.01.08,11:15,26102.51,26122.51,26089.00,26101.01,1585
2026.01.08,12:15,26101.52,26136.01,26090.51,26119.01,1695
2026.01.08,13:15,26119.50,26136.52,26091.01,26096.01,1631
2026.01.08,14:15,26096.52,26115.52,26090.50,26096.51,1364
2026.01.08,15:15,26095.50,26129.50,26057.52,26061.51,2107
2026.01.08,16:15,26059.52,26240.52,26053.01,26236.51,8363
2026.01.08,17:15,26237.02,26315.02,26235.52,26247.50,7305
2026.01.08,18:15,26246.51,26296.02,26224.51,26290.50,4423
2026.01.08,19:15,26290.00,26327.01,26283.50,26302.50,2267
2026.01.08,20:15,26302.00,26321.52,26281.50,26288.01,1608
2026.01.09,03:15,26293.77,26295.77,26159.77,26190.29,12058
2026.01.09,04:15,26189.79,26254.78,26102.78,26142.77,10397
2026.01.09,05:15,26143.78,26174.77,26104.28,26145.28,4098
2026.01.09,07:00,26143.79,26204.79,26117.27,26179.79,9413
2026.01.09,08:00,26179.27,26245.29,26165.79,26221.79,7303
2026.01.09,09:00,26222.28,26227.79,26167.28,26187.28,4033
2026.01.09,10:00,26188.28,26219.77,26182.78,26217.77,1696
2026.01.09,11:15,26196.79,26244.27,26184.28,26184.79,1790
2026.01.09,12:15,26184.27,26227.29,26182.77,26226.28,1159
2026.01.09,13:15,26225.79,26257.78,26225.29,26245.78,1243
2026.01.09,14:15,26246.27,26247.77,26217.78,26244.28,1274
2026.01.09,15:15,26245.77,26345.78,26242.77,26286.78,4313
2026.01.09,16:15,26287.28,26323.79,26178.78,26191.28,10250
2026.01.09,17:15,26191.78,26328.27,26182.28,26318.27,6988
2026.01.09,18:15,26317.77,26372.28,26300.27,26368.77,3021
2026.01.09,19:15,26369.79,26383.28,26343.27,26349.27,1988
2026.01.09,20:15,26349.78,26401.29,26339.28,26378.78,1499
2026.01.12,03:15,26316.83,26427.33,26180.84,26322.82,14845
2026.01.12,04:15,26323.32,26400.82,26258.32,26399.82,10966
2026.01.12,05:15,26400.33,26469.82,26384.34,26467.84,5850
2026.01.12,07:00,26459.32,26544.84,26421.32,26543.83,10285
2026.01.12,08:00,26544.34,26601.33,26526.82,26550.83,7399
2026.01.12,09:00,26550.32,26606.83,26528.84,26571.32,5187
2026.01.12,10:00,26571.33,26602.84,26562.82,26572.34,1933
2026.01.12,11:15,26565.84,26617.34,26560.82,26567.84,1732
2026.01.12,12:15,26568.32,26590.84,26544.84,26587.34,1512
2026.01.12,13:15,26587.83,26593.34,26564.82,26579.83,1473
2026.01.12,14:15,26579.33,26638.83,26575.34,26634.34,1447
2026.01.12,15:15,26633.84,26641.33,26577.32,26579.82,1799
2026.01.12,16:15,26581.82,26740.34,26565.83,26739.32,8368
2026.01.12,17:15,26738.82,26894.32,26736.32,26855.83,6278
2026.01.12,18:15,26856.32,26924.34,26828.82,26917.83,3665
2026.01.12,19:15,26917.32,26954.32,26902.32,26945.82,2719
2026.01.12,20:15,26945.84,26983.32,26937.82,26976.34,1375
2026.01.13,03:15,26947.87,27157.87,26929.35,27084.87,15352
2026.01.13,04:15,27086.85,27105.87,26878.35,26919.87,14236
2026.01.13,05:15,26919.36,26930.86,26848.85,26887.87,5718
2026.01.13,07:00,26884.86,26927.86,26791.85,26883.87,10731
2026.01.13,08:00,26883.85,26885.87,26726.85,26767.86,9231
2026.01.13,09:00,26766.87,26833.87,26729.85,26806.35,5694
2026.01.13,10:00,26806.85,26846.36,26795.87,26840.85,1985
2026.01.13,11:15,26831.86,26841.36,26805.87,26809.86,1540
2026.01.13,12:15,26809.37,26817.37,26793.87,26805.85,1256
2026.01.13,13:15,26804.86,26831.35,26789.85,26828.36,1350
2026.01.13,14:15,26827.87,26844.85,26825.35,26833.37,1307
2026.01.13,15:15,26833.86,26990.86,26824.85,26933.87,5313
2026.01.13,16:15,26933.35,27003.85,26754.85,26816.35,9913
2026.01.13,17:15,26815.86,26954.86,26737.85,26932.37,7942
2026.01.13,18:15,26932.85,26959.87,26877.85,26895.87,4783
2026.01.13,19:15,26895.37,26920.87,26831.37,26894.37,4687
2026.01.13,20:15,26893.85,26921.36,26874.85,26893.86,2702
2026.01.14,03:15,26911.24,26989.74,26852.22,26928.73,13662
2026.01.14,04:15,26929.23,27069.22,26913.24,27054.22,11076
2026.01.14,05:15,27055.22,27108.72,27031.73,27105.22,4848
2026.01.14,07:00,27072.73,27074.22,26830.22,26832.23,16347
2026.01.14,08:00,26832.72,27002.73,26783.74,26985.24,12839
2026.01.14,09:00,26984.23,27011.73,26929.24,26955.73,5775
2026.01.14,10:00,26955.74,26976.24,26934.72,26950.23,1900
2026.01.14,11:15,26954.23,27009.74,26952.73,26967.23,1487
2026.01.14,12:15,26966.73,26968.73,26847.23,26853.73,3642
2026.01.14,13:15,26854.73,26863.23,26812.73,26820.23,2497
2026.01.14,14:15,26820.73,26847.23,26805.74,26807.74,2101
2026.01.14,15:15,26808.24,26840.72,26784.24,26816.24,3602
2026.01.14,16:15,26815.74,26889.23,26809.24,26873.73,8811
2026.01.14,17:15,26873.22,26910.24,26806.72,26869.72,6421
2026.01.14,18:15,26870.22,26936.74,26826.72,26854.73,5891
2026.01.14,19:15,26854.24,26854.24,26791.72,26825.73,4446
2026.01.14,20:15,26825.24,26869.73,26800.74,26869.24,2924
2026.01.15,03:15,26916.21,27224.21,26886.19,27106.21,16592
2026.01.15,04:15,27106.70,27127.69,26902.21,26927.20,14090
2026.01.15,05:15,26927.19,26930.69,26848.71,26864.71,6101
2026.01.15,07:00,26868.70,26922.20,26819.19,26879.20,11737
2026.01.15,08:00,26880.21,26919.71,26832.20,26905.20,10462
2026.01.15,09:00,26905.21,26977.19,26905.21,26929.20,6830
2026.01.15,10:00,26929.69,26931.21,26880.71,26910.19,2490
2026.01.15,11:15,26908.20,27035.19,26908.20,27012.71,3431
2026.01.15,12:15,27012.19,27062.70,27007.69,27036.70,2279
2026.01.15,13:15,27037.19,27045.71,26999.20,26999.71,1946
2026.01.15,14:15,27000.21,27029.21,26965.21,26980.71,1986
2026.01.15,15:15,26980.19,26984.20,26927.20,26966.21,3640
2026.01.15,16:15,26966.69,27031.71,26829.21,26990.71,9106
2026.01.15,17:15,26990.21,27076.20,26957.19,27066.69,6933
2026.01.15,18:15,27066.20,27119.19,27063.20,27100.71,4108
2026.01.15,19:15,27101.20,27166.21,27083.70,27155.19,3382
2026.01.15,20:15,27154.21,27163.70,27111.70,27120.69,2244
2026.01.16,03:15,27121.94,27234.95,26891.96,26917.96,14110
2026.01.16,04:15,26916.94,26970.96,26882.44,26885.94,12306
2026.01.16,05:15,26887.46,26915.94,26846.44,26853.96,4795
2026.01.16,07:00,26850.46,26885.94,26791.95,26812.94,11064
2026.01.16,08:00,26811.95,26814.46,26752.95,26764.94,8594
2026.01.16,09:00,26764.45,26808.96,26735.94,26787.44,4505
2026.01.16,10:00,26786.95,26844.96,26782.94,26807.44,2204
2026.01.16,11:15,26800.95,26806.96,26760.94,26797.96,1679
2026.01.16,12:15,26795.95,26844.46,26791.44,26830.46,1299
2026.01.16,13:15,26830.94,26849.96,26801.94,26816.95,1637
2026.01.16,14:15,26817.46,26821.96,26775.44,26780.45,1952
2026.01.16,15:15,26781.46,26788.96,26762.44,26777.44,2174
2026.01.16,16:15,26776.94,26785.94,26605.96,26647.45,7563
2026.01.16,17:15,26647.94,26665.46,26509.95,26553.96,6835
2026.01.16,18:15,26554.95,26565.94,26520.44,26555.44,3668
2026.01.16,19:15,26554.94,26597.95,26543.94,26591.45,2768
2026.01.16,20:15,26591.95,26625.96,26590.44,26606.44,1402
2026.01.19,03:15,26545.96,26706.98,26499.48,26697.48,14217
2026.01.19,04:15,26696.46,26701.98,26605.98,26618.98,11132
2026.01.19,05:15,26618.47,26621.98,26536.96,26580.47,4770
2026.01.19,07:00,26563.98,26633.96,26541.97,26552.46,9602
2026.01.19,08:00,26552.96,26592.98,26536.97,26559.97,6723
2026.01.19,09:00,26560.47,26585.48,26525.47,26539.47,4431
2026.01.19,10:00,26540.46,26589.46,26536.47,26569.46,2142
2026.01.19,11:15,26560.96,26566.98,26503.97,26561.97,3433
2026.01.19,12:15,26561.96,26583.98,26542.96,26545.97,2215
2026.01.19,13:15,26546.97,26597.48,26545.96,26581.97,1908
2026.01.19,14:15,26582.47,26633.98,26579.98,26628.46,1861
2026.01.19,15:15,26628.96,26661.98,26603.46,26603.97,2088
2026.01.19,16:15,26602.98,26666.96,26592.48,26610.48,3659
2026.01.19,17:15,26610.98,26632.98,26577.47,26632.47,3038
2026.01.19,18:15,26631.98,26660.98,26625.46,26649.97,1628
2026.01.19,19:15,26649.98,26654.48,26639.46,26644.48,771
2026.01.19,20:15,26644.97,26644.97,26612.98,26618.98,259
2026.01.20,03:15,26551.53,26632.54,26413.54,26416.53,13142
2026.01.20,04:15,26416.54,26548.54,26359.02,26520.54,11903
2026.01.20,05:15,26521.54,26575.54,26508.52,26556.52,4796
2026.01.20,07:00,26547.03,26628.54,26530.03,26579.03,10543
2026.01.20,08:00,26578.53,26586.03,26454.52,26480.52,8680
2026.01.20,09:00,26480.02,26499.52,26426.54,26486.02,5348
2026.01.20,10:00,26486.03,26490.04,26431.04,26446.02,2838
2026.01.20,11:15,26406.54,26406.54,26281.02,26323.52,4964
2026.01.20,12:15,26324.03,26381.53,26323.52,26365.53,3324
2026.01.20,13:15,26367.02,26419.04,26359.52,26386.52,3449
2026.01.20,14:15,26385.53,26427.03,26378.02,26396.03,2719
2026.01.20,15:15,26395.53,26419.54,26341.52,26369.52,5208
2026.01.20,16:15,26370.04,26539.04,26367.02,26410.02,10178
2026.01.20,17:15,26410.03,26484.04,26389.02,26456.53,7744
2026.01.20,18:15,26455.53,26492.04,26434.53,26469.04,6219
2026.01.20,19:15,26469.53,26474.03,26402.52,26417.54,5401
2026.01.20,20:15,26417.04,26423.53,26322.02,26328.54,3110
2026.01.21,03:15,26403.32,26551.82,26378.82,26520.33,12217
2026.01.21,04:15,26520.32,26563.33,26409.33,26417.33,10565
2026.01.21,05:15,26417.31,26456.31,26403.33,26446.81,4193
2026.01.21,07:00,26445.33,26539.33,26431.32,26495.32,9544
2026.01.21,08:00,26495.31,26521.81,26418.83,26512.33,8283
2026.01.21,09:00,26512.31,26701.33,26503.32,26565.32,7150
2026.01.21,10:00,26565.81,26572.33,26541.31,26552.31,1827
2026.01.21,11:15,26546.33,26573.83,26506.31,26544.33,2381
2026.01.21,12:15,26541.83,26563.33,26523.31,26526.31,1889
2026.01.21,13:15,26525.83,26551.31,26467.83,26511.83,2935
2026.01.21,14:15,26512.33,26543.82,26489.81,26540.31,2815
2026.01.21,15:15,26539.82,26629.33,26485.83,26616.31,5298
2026.01.21,16:15,26615.83,26682.31,26575.33,26614.31,9975
2026.01.21,17:15,26615.31,26723.82,26599.82,26685.83,6336
2026.01.21,18:15,26685.31,26686.32,26483.81,26492.31,7591
2026.01.21,19:15,26492.81,26539.82,26478.81,26513.82,8181
2026.01.21,20:15,26514.32,26627.83,26505.31,26614.33,5024
2026.01.22,03:15,26716.73,26778.72,26586.72,26592.22,12077
2026.01.22,04:15,26592.73,26625.72,26486.74,26600.22,9772
2026.01.22,05:15,26599.72,26601.74,26508.72,26549.22,4304
2026.01.22,07:00,26548.72,26574.24,26513.74,26572.22,6543
2026.01.22,08:00,26573.24,26584.74,26515.72,26576.22,6560
2026.01.22,09:00,26575.72,26615.72,26554.22,26583.23,4012
2026.01.22,10:00,26582.74,26638.24,26579.72,26634.24,1624
2026.01.22,11:15,26653.22,26816.72,26653.22,26768.23,2546
2026.01.22,12:15,26767.74,26767.74,26733.23,26734.24,2054
2026.01.22,13:15,26733.74,26735.22,26686.72,26700.74,2426
2026.01.22,14:15,26701.74,26740.74,26701.22,26707.72,1758
2026.01.22,15:15,26708.72,26792.73,26708.22,26788.72,2314
2026.01.22,16:15,26788.23,26870.72,26768.23,26854.24,8681
2026.01.22,17:15,26853.72,26916.74,26842.72,26907.72,5874
2026.01.22,18:15,26907.23,26917.74,26875.23,26898.24,3860
2026.01.22,19:15,26897.73,26917.72,26880.24,26886.23,2688
2026.01.22,20:15,26885.73,26909.23,26885.72,26899.72,1623
2026.01.23,03:15,26886.55,26935.04,26780.06,26787.05,12399
2026.01.23,04:15,26787.04,26793.56,26687.05,26687.55,8770
2026.01.23,05:15,26688.04,26722.05,26682.56,26721.06,3723
2026.01.23,07:00,26713.54,26786.54,26697.04,26716.55,8443
2026.01.23,08:00,26717.04,26742.54,26683.04,26722.54,7779
2026.01.23,09:00,26722.05,26752.56,26712.05,26722.04,3542
2026.01.23,10:00,26721.56,26745.54,26693.05,26706.56,1865
2026.01.23,11:15,26697.06,26745.06,26656.56,26658.54,2570
2026.01.23,12:15,26658.06,26738.05,26637.54,26732.55,2770
2026.01.23,13:15,26733.05,26740.55,26704.06,26708.55,1761
2026.01.23,14:15,26708.05,26732.56,26686.54,26723.54,1321
2026.01.23,15:15,26723.56,26726.06,26649.55,26688.05,2232
2026.01.23,16:15,26688.55,26711.55,26616.54,26682.04,6245
2026.01.23,17:15,26681.55,26740.04,26681.54,26713.55,4265
2026.01.23,18:15,26714.05,26764.06,26698.55,26759.54,3405
2026.01.23,19:15,26760.04,26770.55,26686.55,26711.06,4118
2026.01.23,20:15,26711.54,26763.56,26710.55,26756.54,2504
2026.01.26,03:15,26805.75,26861.23,26613.75,26710.74,13677
2026.01.26,04:15,26709.74,26918.24,26671.74,26721.24,12597
2026.01.26,05:15,26721.73,26782.25,26684.24,26771.73,4542
2026.01.26,07:00,26762.74,26767.25,26653.23,26688.74,8743
2026.01.26,08:00,26688.24,26754.23,26675.23,26710.73,7253
2026.01.26,09:00,26710.25,26754.23,26678.25,26732.73,4388
2026.01.26,10:00,26733.73,26771.24,26727.73,26742.24,1782
2026.01.26,11:15,26731.75,26760.25,26664.75,26721.24,3196
2026.01.26,12:15,26720.75,26747.73,26715.74,26733.23,1992
2026.01.26,13:15,26733.73,26770.75,26714.25,26754.23,1461
2026.01.26,14:15,26753.75,26756.25,26700.24,26707.25,1862
2026.01.26,15:15,26706.74,26714.74,26676.23,26710.73,2063
2026.01.26,16:15,26711.75,26854.75,26703.23,26845.74,6179
2026.01.26,17:15,26846.73,26906.23,26821.75,26842.23,5779
2026.01.26,18:15,26841.23,26886.25,26814.24,26883.25,3318
2026.01.26,19:15,26882.74,26894.24,26858.25,26858.25,2297
2026.01.26,20:15,26857.74,26887.74,26852.75,26877.75,1627
2026.01.27,03:15,26860.31,27040.31,26817.79,27037.31,12722
2026.01.27,04:15,27036.80,27185.31,27016.29,27053.81,11387
2026.01.27,05:15,27053.30,27110.81,27002.30,27042.29,4538
2026.01.27,07:00,27045.81,27118.30,26991.29,27103.29,8176
2026.01.27,08:00,27103.81,27137.80,27077.80,27117.30,7352
2026.01.27,09:00,27117.81,27126.30,27063.79,27081.81,4158
2026.01.27,10:00,27082.29,27089.80,27046.29,27059.31,2023
2026.01.27,11:15,27058.30,27158.30,27055.29,27141.79,2713
2026.01.27,12:15,27141.30,27173.30,27140.29,27164.81,1484
2026.01.27,13:15,27164.30,27195.81,27155.80,27191.81,1359
2026.01.27,14:15,27192.31,27237.31,27189.29,27202.79,1940
2026.01.27,15:15,27203.30,27226.31,27179.29,27199.80,2313
2026.01.27,16:15,27199.29,27267.29,27166.31,27226.31,6606
2026.01.27,17:15,27225.80,27239.81,27200.29,27225.30,4642
2026.01.27,18:15,27225.29,27239.30,27167.30,27191.30,3360
2026.01.27,19:15,27190.80,27193.81,27146.29,27163.31,3278
2026.01.27,20:15,27162.79,27204.79,27162.79,27181.81,1873
2026.01.28,03:15,27270.87,27450.85,27243.85,27382.87,13813
2026.01.28,04:15,27383.85,27619.86,27371.86,27618.87,12049
2026.01.28,05:15,27618.85,27784.37,27618.85,27721.36,6943
2026.01.28,07:00,27714.86,27824.37,27674.35,27738.87,10704
2026.01.28,08:00,27740.86,27797.87,27732.85,27755.86,8132
2026.01.28,09:00,27757.86,27808.85,27706.85,27766.37,4965
2026.01.28,10:00,27765.87,27818.86,27760.36,27812.36,2615
2026.01.28,11:15,27794.86,27798.86,27706.37,27719.86,2286
2026.01.28,12:15,27720.35,27753.37,27683.85,27693.86,1839
2026.01.28,13:15,27693.35,27728.86,27662.86,27686.35,1979
2026.01.28,14:15,27687.37,27709.37,27669.86,27674.87,2468
2026.01.28,15:15,27675.36,27689.87,27656.36,27673.86,2237
2026.01.28,16:15,27674.85,27688.37,27524.35,27526.36,6976
2026.01.28,17:15,27525.85,27592.35,27483.85,27590.37,5925
2026.01.28,18:15,27590.86,27606.36,27527.86,27573.87,3330
2026.01.28,19:15,27574.37,27605.35,27561.35,27581.85,1411
2026.01.28,20:15,27580.85,27606.37,27519.86,27543.35,1273
2026.01.29,03:15,27580.08,27812.08,27574.09,27806.10,14701
2026.01.29,04:15,27806.60,28010.09,27753.09,27971.08,13042
2026.01.29,05:15,27971.09,27997.59,27868.58,27994.09,5975
2026.01.29,07:00,27995.60,28086.60,27917.59,27973.09,12870
2026.01.29,08:00,27973.08,28016.59,27889.09,27947.09,12392
2026.01.29,09:00,27947.58,27982.60,27893.08,27978.08,6282
2026.01.29,10:00,27978.60,28029.09,27975.08,28009.08,2793
2026.01.29,11:15,27983.09,27993.08,27885.08,27904.08,2854
2026.01.29,12:15,27905.08,27929.59,27863.58,27896.10,2639
2026.01.29,13:15,27895.59,27924.10,27886.09,27923.59,2043
2026.01.29,14:15,27924.59,28005.60,27912.59,27985.60,2534
2026.01.29,15:15,27985.59,28037.09,27983.10,28015.60,2960
2026.01.29,16:15,28016.08,28121.59,27802.58,27810.60,9613
2026.01.29,17:15,27811.08,27817.08,27503.58,27641.09,10557
2026.01.29,18:15,27640.09,27757.60,27578.08,27740.10,8300
2026.01.29,19:15,27740.59,27803.08,27708.58,27788.60,6381
2026.01.29,20:15,27788.10,27817.60,27759.58,27788.10,4161
2026.01.30,03:15,27773.67,27894.66,27596.16,27618.17,14924
2026.01.30,04:15,27618.68,27622.68,27448.68,27580.66,13381
2026.01.30,05:15,27580.67,27582.68,27453.16,27481.17,5311
2026.01.30,07:00,27489.18,27534.18,27445.16,27465.67,10101
2026.01.30,08:00,27465.68,27489.68,27394.17,27413.66,8372
2026.01.30,09:00,27414.67,27454.66,27375.66,27384.17,5787
2026.01.30,10:00,27384.68,27453.18,27367.16,27449.17,2975
2026.01.30,11:15,27423.67,27438.18,27279.16,27345.17,4614
2026.01.30,12:15,27345.68,27418.18,27334.66,27412.17,3249
2026.01.30,13:15,27413.16,27564.67,27409.67,27532.67,3937
2026.01.30,14:15,27533.16,27538.18,27425.67,27479.67,3690
2026.01.30,15:15,27480.68,27480.68,27383.66,27465.67,4993
2026.01.30,16:15,27465.16,27535.18,27404.68,27439.68,9895
2026.01.30,17:15,27440.67,27476.17,27316.66,27336.18,9281
2026.01.30,18:15,27337.18,27341.16,27234.17,27238.18,8314
2026.01.30,19:15,27237.66,27298.67,27160.16,27165.17,7591
2026.01.30,20:15,27164.18,27293.66,27035.68,27284.66,3770
2026.02.02,03:15,27118.13,27168.63,26890.61,26895.63,18118
2026.02.02,04:15,26896.12,26968.62,26806.13,26819.13,13028
2026.02.02,05:15,26819.63,26847.63,26708.12,26727.62,6759
2026.02.02,07:00,26736.13,26780.63,26500.61,26549.13,13210
2026.02.02,08:00,26549.11,26621.61,26503.12,26573.63,12265
2026.02.02,09:00,26573.13,26730.62,26561.62,26730.11,7485
2026.02.02,10:00,26731.61,26769.11,26705.12,26744.13,3268
2026.02.02,11:15,26731.61,26888.12,26731.61,26864.13,4796
2026.02.02,12:15,26865.61,26893.11,26812.12,26891.62,3355
2026.02.02,13:15,26892.63,26913.62,26874.61,26904.13,3208
2026.02.02,14:15,26904.12,26913.11,26830.11,26862.63,3404
2026.02.02,15:15,26864.13,26896.13,26821.62,26863.61,4425
2026.02.02,16:15,26864.12,26995.62,26856.11,26983.12,9191
2026.02.02,17:15,26983.61,27018.11,26919.12,26974.11,8565
2026.02.02,18:15,26974.63,27028.12,26949.61,27019.12,5577
2026.02.02,19:15,27018.63,27020.62,26949.62,26957.63,3245
2026.02.02,20:15,26958.13,26959.13,26897.63,26909.12,2150
2026.02.03,03:15,26975.00,27116.99,26887.99,26892.50,15034
2026.02.03,04:15,26893.00,26893.00,26420.49,26615.01,19323
2026.02.03,05:15,26614.51,26851.50,26613.50,26816.51,9256
2026.02.03,07:00,26824.49,26870.01,26690.99,26830.00,12365
2026.02.03,08:00,26830.51,26876.00,26752.49,26842.49,10453
2026.02.03,09:00,26842.51,26855.00,26751.50,26789.99,7074
2026.02.03,10:00,26789.51,26797.01,26758.51,26780.01,2158
2026.02.03,11:15,26769.49,26774.51,26677.49,26759.49,3929
2026.02.03,12:15,26758.99,26765.49,26664.49,26700.50,3218
2026.02.03,13:15,26699.50,26728.00,26666.00,26716.51,2763
2026.02.03,14:15,26717.00,26765.49,26695.51,26747.99,3186
2026.02.03,15:15,26748.49,26757.01,26680.49,26695.01,3474
2026.02.03,16:15,26695.51,26842.51,26679.49,26725.00,11059
2026.02.03,17:15,26724.99,26832.49,26720.50,26774.01,10607
2026.02.03,18:15,26773.51,26804.01,26619.00,26644.99,7941
2026.02.03,19:15,26646.00,26695.51,26587.49,26598.01,8053
2026.02.03,20:15,26597.51,26606.01,26537.01,26550.99,4834
2026.02.04,03:15,26717.87,26889.38,26704.89,26801.38,15650
2026.02.04,04:15,26799.88,26815.88,26645.88,26645.88,13139
2026.02.04,05:15,26643.87,26735.88,26587.38,26719.37,5810
2026.02.04,07:00,26715.38,26840.88,26714.87,26827.88,10401
2026.02.04,08:00,26827.89,26995.89,26823.37,26937.39,10504
2026.02.04,09:00,26936.87,26947.37,26821.87,26835.89,6042
2026.02.04,10:00,26834.87,26850.38,26801.87,26816.39,2442
2026.02.04,11:15,26845.39,26845.39,26704.38,26776.38,3453
2026.02.04,12:15,26775.88,26810.37,26755.37,26776.38,2888
2026.02.04,13:15,26777.37,26846.39,26765.87,26840.38,3168
2026.02.04,14:15,26839.88,26850.37,26807.39,26818.39,3012
2026.02.04,15:15,26816.87,26900.89,26789.39,26812.88,5380
2026.02.04,16:15,26811.38,26843.38,26646.38,26711.89,12201
2026.02.04,17:15,26712.38,26782.89,26563.87,26573.88,13383
2026.02.04,18:15,26574.39,26619.39,26492.37,26607.37,10470
2026.02.04,19:15,26607.39,26614.89,26441.37,26479.37,10230
2026.02.04,20:15,26478.38,26550.88,26444.89,26510.87,6680
2026.02.05,03:15,26590.02,26695.03,26432.02,26442.04,15679
2026.02.05,04:15,26441.52,26620.04,26375.03,26492.04,15359
2026.02.05,05:15,26491.04,26593.04,26463.02,26482.03,7716
2026.02.05,07:00,26493.04,26672.04,26467.02,26627.04,12911
2026.02.05,08:00,26628.04,26804.54,26590.53,26784.04,11803
2026.02.05,09:00,26784.03,26899.04,26764.02,26839.02,9811
2026.02.05,10:00,26839.03,26878.03,26826.53,26846.53,3096
2026.02.05,11:15,26792.03,26846.03,26746.53,26832.03,4966
2026.02.05,12:15,26831.54,26865.52,26813.04,26850.54,3353
2026.02.05,13:15,26850.02,26870.54,26805.02,26819.02,3995
2026.02.05,14:15,26819.53,26830.04,26680.53,26691.02,8627
2026.02.05,15:15,26690.52,26757.04,26653.02,26685.53,8085
2026.02.05,16:15,26686.03,26797.02,26540.52,26543.02,14771
2026.02.05,17:15,26543.54,26586.54,26467.03,26476.04,15130
2026.02.05,18:15,26475.53,26658.03,26473.53,26593.54,12401
2026.02.05,19:15,26592.53,26667.54,26560.53,26579.02,10384
2026.02.05,20:15,26579.03,26590.02,26485.03,26489.52,5048
2026.02.06,03:15,26372.47,26442.49,26254.47,26387.97,16170
2026.02.06,04:15,26387.48,26565.99,26379.49,26520.47,14077
2026.02.06,05:15,26522.47,26563.49,26479.47,26549.49,6379
2026.02.06,07:00,26510.47,26645.48,26442.47,26645.48,11077
2026.02.06,08:00,26643.97,26686.49,26510.49,26515.48,8382
2026.02.06,09:00,26515.99,26609.49,26477.48,26522.47,6054
2026.02.06,10:00,26521.49,26565.99,26501.47,26532.98,3179
2026.02.06,11:15,26640.48,26681.97,26552.47,26666.98,4175
2026.02.06,12:15,26667.49,26707.49,26635.97,26692.99,2887
2026.02.06,13:15,26692.49,26747.47,26687.98,26704.48,2914
2026.02.06,14:15,26703.48,26727.99,26693.47,26720.97,3093
2026.02.06,15:15,26721.47,26807.48,26708.97,26799.49,3871
2026.02.06,16:15,26799.97,26917.48,26773.97,26870.47,11126
2026.02.06,17:15,26870.49,26951.98,26852.47,26920.47,9439
2026.02.06,18:15,26921.48,26992.99,26916.97,26975.47,4866
2026.02.06,19:15,26975.99,27029.98,26969.99,27022.99,3609
2026.02.06,20:15,27024.48,27043.48,27002.47,27021.98,1940
2026.02.09,03:15,27004.82,27045.83,26878.82,26974.83,13196
2026.02.09,04:15,26973.83,27095.33,26946.34,27008.82,11455
2026.02.09,05:15,27005.83,27040.33,26916.83,26945.33,5046
2026.02.09,07:00,26941.32,27039.83,26907.34,27021.84,8085
2026.02.09,08:00,27022.84,27116.82,26911.82,27075.84,8618
2026.02.09,09:00,27076.83,27089.83,26986.82,27006.82,6131
2026.02.09,10:00,27007.32,27047.83,26984.82,27024.84,2582
2026.02.09,11:15,27020.83,27057.32,26977.83,27000.34,2280
2026.02.09,12:15,26999.33,26999.33,26890.82,26952.33,2957
2026.02.09,13:15,26951.83,27022.83,26945.83,27014.82,2328
2026.02.09,14:15,27014.33,27052.84,26988.83,27039.34,2161
2026.02.09,15:15,27039.83,27060.32,27012.83,27027.33,3059
2026.02.09,16:15,27026.34,27217.82,26991.82,27210.33,9001
2026.02.09,17:15,27209.34,27259.84,27187.34,27251.83,5574
2026.02.09,18:15,27251.32,27260.83,27194.34,27201.34,3103
2026.02.09,19:15,27200.82,27222.34,27190.82,27212.32,2511
2026.02.09,20:15,27211.84,27217.83,27145.84,27192.34,3187
2026.02.10,03:15,27204.59,27396.10,27136.11,27387.11,13588
2026.02.10,04:15,27388.11,27392.60,27155.09,27163.10,11110
2026.02.10,05:15,27162.09,27206.10,27140.10,27178.10,4860
2026.02.10,07:00,27162.10,27200.11,27152.59,27183.60,8081
2026.02.10,08:00,27184.10,27185.11,27093.60,27164.10,6549
2026.02.10,09:00,27163.11,27172.09,27125.61,27148.11,4309
2026.02.10,10:00,27150.11,27178.09,27125.11,27150.59,2279
2026.02.10,11:15,27160.09,27217.11,27133.09,27162.09,2774
2026.02.10,12:15,27163.10,27174.60,27131.11,27162.60,2183
2026.02.10,13:15,27163.61,27223.09,27160.09,27212.11,1961
2026.02.10,14:15,27212.09,27219.11,27137.10,27159.09,3629
2026.02.10,15:15,27158.60,27202.10,27152.60,27201.10,3412
2026.02.10,16:15,27200.61,27256.11,27109.59,27220.60,9873
2026.02.10,17:15,27219.09,27274.09,27200.10,27239.11,7629
2026.02.10,18:15,27238.59,27292.09,27204.59,27287.60,5485
2026.02.10,19:15,27288.11,27328.09,27277.09,27283.10,3527
2026.02.10,20:15,27284.10,27293.10,27228.59,27236.60,4012
2026.02.11,03:15,27273.92,27294.42,27122.92,27187.92,12145
2026.02.11,04:15,27187.91,27316.92,27184.91,27251.91,9360
2026.02.11,05:15,27252.90,27307.42,27216.90,27299.90,3607
2026.02.11,07:00,27278.41,27307.42,27239.91,27291.92,6387
2026.02.11,08:00,27292.91,27331.92,27237.91,27260.91,5645
2026.02.11,09:00,27261.41,27268.42,27225.90,27234.42,3525
2026.02.11,10:00,27235.40,27259.41,27188.40,27200.91,1972
2026.02.11,11:15,27187.92,27192.92,27119.92,27143.90,3424
2026.02.11,12:15,27142.90,27186.92,27142.42,27177.41,2305
2026.02.11,13:15,27176.92,27190.90,27130.42,27152.42,2335
2026.02.11,14:15,27151.92,27155.40,27099.90,27130.90,2240
2026.02.11,15:15,27131.92,27161.41,27019.91,27145.92,6709
2026.02.11,16:15,27145.40,27189.42,27045.92,27079.41,11456
2026.02.11,17:15,27078.92,27099.90,26985.41,27095.40,12224
2026.02.11,18:15,27094.91,27141.41,27063.90,27134.40,7433
2026.02.11,19:15,27135.41,27209.92,27130.91,27154.42,5610
2026.02.11,20:15,27153.92,27221.42,27150.42,27193.40,3556
2026.02.12,03:15,27195.67,27226.16,27001.17,27070.17,12774
2026.02.12,04:15,27069.18,27095.68,26996.16,27036.68,9219
2026.02.12,05:15,27036.17,27036.18,26957.16,27010.16,4073
2026.02.12,07:00,26992.18,27063.16,26915.68,27055.17,7603
2026.02.12,08:00,27055.16,27062.66,26960.16,27001.18,6150
2026.02.12,09:00,27001.68,27026.68,26985.18,26993.16,3791
2026.02.12,10:00,26994.17,27014.68,26960.16,26966.68,2438
2026.02.12,11:15,26988.18,27036.17,26970.16,27022.17,2288
2026.02.12,12:15,27022.66,27039.18,26995.17,27034.16,1887
2026.02.12,13:15,27033.66,27052.17,27014.16,27051.66,1676
2026.02.12,14:15,27052.18,27053.66,26998.16,27017.16,1819
2026.02.12,15:15,27018.16,27094.17,27010.18,27069.17,2312
2026.02.12,16:15,27070.68,27090.68,26909.67,26967.68,8934
2026.02.12,17:15,26967.16,26979.68,26725.16,26736.17,9778
2026.02.12,18:15,26736.18,26749.67,26597.67,26613.16,13573
2026.02.12,19:15,26612.17,26691.68,26582.17,26616.18,9943
2026.02.12,20:15,26616.66,26694.68,26586.17,26678.16,5377
2026.02.13,03:15,26671.80,26753.81,26566.29,26604.81,12647
2026.02.13,04:15,26605.29,26625.81,26517.30,26579.81,9273
2026.02.13,05:15,26580.30,26587.29,26513.81,26531.31,4178
2026.02.13,07:00,26522.81,26532.31,26426.31,26450.79,7843
2026.02.13,08:00,26450.30,26574.31,26443.31,26572.81,7362
2026.02.13,09:00,26573.31,26594.31,26507.29,26535.80,5804
2026.02.13,10:00,26534.79,26560.81,26448.79,26510.31,3430
2026.02.13,11:15,26471.80,26541.30,26455.29,26479.29,3611
2026.02.13,12:15,26479.30,26518.80,26429.29,26442.29,3818
2026.02.13,13:15,26441.81,26459.81,26348.30,26370.29,5327
2026.02.13,14:15,26369.81,26425.29,26257.81,26260.30,6015
2026.02.13,15:15,26260.81,26419.30,26221.80,26373.79,8994
2026.02.13,16:15,26374.31,26519.31,26323.29,26474.31,14192
2026.02.13,17:15,26473.81,26547.30,26436.29,26515.29,10549
2026.02.13,18:15,26515.81,26548.81,26486.80,26544.80,6057
2026.02.13,19:15,26546.29,26565.80,26502.79,26553.31,5075
2026.02.13,20:15,26553.29,26575.31,26523.31,26536.29,3121
2026.02.16,03:15,26504.41,26613.41,26373.40,26499.40,11507
2026.02.16,04:15,26499.41,26651.41,26499.41,26636.91,8266
2026.02.16,05:15,26636.39,26722.41,26613.90,26720.39,5128
2026.02.20,03:15,26800.13,26815.14,26333.64,26401.15,14184
2026.02.20,04:15,26400.63,26568.64,26375.15,26564.15,9468
2026.02.20,05:15,26563.14,26590.14,26493.14,26532.13,4461
2026.02.20,07:00,26537.14,26638.15,26484.65,26541.64,6260
2026.02.20,08:00,26541.65,26550.15,26480.13,26489.13,4161
2026.02.20,09:00,26489.65,26493.15,26404.13,26423.15,4528
2026.02.20,10:00,26424.63,26429.13,26340.63,26401.15,2917
2026.02.20,11:15,26409.14,26470.63,26409.14,26439.64,2661
2026.02.20,12:15,26440.15,26446.65,26386.65,26418.63,2428
2026.02.20,13:15,26418.65,26436.15,26399.63,26413.63,2363
2026.02.20,14:15,26413.65,26424.15,26397.63,26420.15,2347
2026.02.20,15:15,26419.65,26456.15,26355.63,26388.14,4517
2026.02.20,16:15,26387.65,26713.64,26371.13,26658.65,11216
2026.02.20,17:15,26656.14,26804.64,26604.15,26773.15,12963
2026.02.20,18:15,26773.63,26787.65,26696.13,26697.14,8175
2026.02.20,19:15,26698.15,26762.15,26628.65,26749.64,9180
2026.02.20,20:15,26751.13,26856.15,26720.14,26835.65,6385
2026.02.23,03:15,26790.88,27103.37,26785.36,27026.36,13957
2026.02.23,04:15,27026.38,27165.36,27010.36,27023.38,9147
2026.02.23,05:15,27022.37,27035.86,26927.38,27016.88,5656
2026.02.23,07:00,27016.36,27033.36,26945.38,27008.87,5749
2026.02.23,08:00,27009.38,27129.38,26999.38,27074.36,4912
2026.02.23,09:00,27074.38,27093.38,27009.37,27044.37,5009
2026.02.23,10:00,27043.38,27072.37,27037.36,27057.88,2616
2026.02.23,11:15,27101.87,27127.37,27091.86,27096.86,2135
2026.02.23,12:15,27097.36,27102.88,27019.38,27046.37,2129
2026.02.23,13:15,27046.86,27054.86,27001.86,27005.86,2044
2026.02.23,14:15,27006.36,27028.88,26981.86,27020.36,2510
2026.02.23,15:15,27020.38,27061.38,27006.36,27051.38,2481
2026.02.23,16:15,27051.86,27134.37,27044.88,27072.88,9153
2026.02.23,17:15,27072.87,27072.88,26868.86,26869.87,7679
2026.02.23,18:15,26870.88,26942.37,26861.87,26885.87,7262
2026.02.23,19:15,26885.88,26901.86,26827.36,26882.87,5064
2026.02.23,20:15,26883.36,26913.38,26848.86,26859.88,2538
2026.02.24,03:15,26914.77,26915.27,26541.29,26594.28,14418
2026.02.24,04:15,26593.78,26641.29,26530.27,26533.28,9377
2026.02.24,05:15,26533.78,26550.79,26487.77,26527.28,3755
2026.02.24,07:00,26534.77,26534.78,26450.28,26489.77,6931
2026.02.24,08:00,26490.29,26538.79,26476.29,26521.27,5115
2026.02.24,09:00,26521.79,26589.78,26511.27,26577.79,5000
2026.02.24,10:00,26578.29,26583.79,26518.27,26565.79,3153
2026.02.24,11:15,26544.79,26602.28,26541.78,26575.29,2104
2026.02.24,12:15,26574.79,26596.79,26567.77,26578.79,1852
2026.02.24,13:15,26579.27,26599.28,26564.78,26576.78,1953
2026.02.24,14:15,26576.79,26580.28,26516.78,26566.27,2939
2026.02.24,15:15,26565.78,26595.28,26555.27,26569.77,2450
2026.02.24,16:15,26570.78,26670.79,26562.77,26639.79,6547
2026.02.24,17:15,26639.27,26754.29,26627.77,26750.77,5053
2026.02.24,18:15,26750.29,26775.77,26722.79,26767.77,4404
2026.02.24,19:15,26767.79,26794.28,26755.78,26763.77,2647
2026.02.24,20:15,26763.29,26783.29,26753.27,26761.28,2196
2026.02.25,03:15,26754.28,26774.79,26614.28,26675.29,12158
2026.02.25,04:15,26674.77,26819.78,26623.28,26755.28,9867
2026.02.25,05:15,26755.27,26827.29,26745.78,26764.77,5835
2026.02.25,07:00,26775.29,26835.29,26678.27,26688.78,8272
2026.02.25,08:00,26687.28,26727.79,26645.29,26685.27,5586
2026.02.25,09:00,26686.29,26763.28,26667.77,26690.29,5349
2026.02.25,10:00,26693.29,26765.78,26693.29,26761.28,2631
2026.02.25,11:15,26751.29,26762.77,26705.27,26726.28,2062
2026.02.25,12:15,26725.79,26762.29,26721.27,26747.29,1595
2026.02.25,13:15,26747.28,26806.79,26729.78,26806.27,1564
2026.02.25,14:15,26805.77,26864.29,26805.77,26861.78,1813
2026.02.25,15:15,26862.27,26868.78,26826.28,26851.77,2140
2026.02.25,16:15,26851.28,26880.78,26761.28,26772.79,7106
2026.02.25,17:15,26773.28,26794.28,26722.28,26782.29,6185
2026.02.25,18:15,26782.78,26876.79,26778.27,26876.79,2906
2026.02.25,19:15,26877.28,26914.78,26874.78,26907.27,1191
2026.02.25,20:15,26906.79,26942.28,26898.78,26942.28,780
2026.02.26,03:15,26965.15,27112.14,26636.16,26649.65,14114
2026.02.26,04:15,26647.64,26684.15,26580.65,26640.64,9979
2026.02.26,05:15,26642.65,26682.14,26622.15,26666.66,3656
2026.02.26,07:00,26664.14,26685.16,26549.14,26574.64,8067
2026.02.26,08:00,26574.65,26584.15,26511.14,26554.65,5788
2026.02.26,09:00,26554.16,26561.14,26375.65,26386.66,6445
2026.02.26,10:00,26385.65,26413.64,26363.14,26412.66,3477
2026.02.26,11:15,26423.15,26476.16,26403.16,26440.64,2586
2026.02.26,12:15,26440.14,26473.66,26421.14,26472.64,2212
2026.02.26,13:15,26472.16,26477.15,26449.66,26471.66,2184
2026.02.26,14:15,26471.15,26473.66,26435.66,26468.66,2185
2026.02.26,15:15,26468.16,26499.16,26440.16,26470.65,2619
2026.02.26,16:15,26471.16,26532.16,26372.15,26372.15,10866
2026.02.26,17:15,26371.66,26475.15,26259.64,26428.15,12085
2026.02.26,18:15,26428.64,26473.65,26329.64,26330.14,7610
2026.02.26,19:15,26330.66,26374.14,26294.16,26342.65,5637
2026.02.26,20:15,26343.16,26452.64,26330.65,26436.16,2843
2026.02.27,03:15,26423.85,26578.35,26368.84,26453.85,13744
2026.02.27,04:15,26453.35,26599.85,26422.83,26591.34,10505
2026.02.27,05:15,26590.85,26615.85,26541.34,26591.84,4825
2026.02.27,07:00,26592.85,26681.85,26550.84,26625.33,8185
2026.02.27,08:00,26624.85,26692.85,26620.84,26687.33,5781
2026.02.27,09:00,26686.84,26719.35,26630.84,26665.85,5042
2026.02.27,10:00,26665.83,26675.84,26613.34,26651.34,2989
2026.02.27,11:15,26641.84,26709.33,26582.35,26605.35,3698
2026.02.27,12:15,26604.84,26644.84,26603.34,26636.35,2672
2026.02.27,13:15,26635.85,26663.35,26616.83,26655.83,3307
2026.02.27,14:15,26655.85,26671.85,26594.84,26596.83,3214
2026.02.27,15:15,26596.34,26599.85,26496.83,26538.34,5317
2026.02.27,16:15,26537.85,26602.33,26464.33,26532.33,10671
2026.02.27,17:15,26533.33,26599.84,26488.83,26597.33,8226
2026.02.27,18:15,26596.84,26628.35,26545.84,26568.34,6554
2026.02.27,19:15,26568.85,26568.85,26512.35,26522.85,6257
2026.02.27,20:15,26521.33,26536.85,26491.83,26508.35,3137
2026.03.02,03:15,26366.88,26412.90,25944.38,25948.38,16729
2026.03.02,04:15,25949.38,26107.40,25882.39,26063.38,13299
2026.03.02,05:15,26062.88,26231.90,26047.89,26208.38,7308
2026.03.02,07:00,26177.90,26279.40,26124.88,26145.89,11519
2026.03.02,08:00,26146.39,26172.39,26039.88,26064.39,8861
2026.03.02,09:00,26063.38,26063.38,25974.88,26051.39,8304
2026.03.02,10:00,26051.90,26067.88,25936.40,25937.89,4988
2026.03.02,11:15,26033.89,26092.88,26001.88,26040.89,5058
2026.03.02,12:15,26039.89,26084.90,26020.40,26026.89,4431
2026.03.02,13:15,26027.38,26095.39,25995.90,26000.39,4822
2026.03.02,14:15,26000.40,26000.40,25921.38,25925.88,5514
2026.03.02,15:15,25926.39,25997.39,25861.88,25890.40,5805
2026.03.02,16:15,25889.89,26137.40,25853.88,26114.40,12986
2026.03.02,17:15,26114.88,26128.40,26017.89,26109.88,10687
2026.03.02,18:15,26109.89,26158.90,26012.89,26157.38,8171
2026.03.02,19:15,26157.88,26198.40,26133.38,26171.88,5075
2026.03.02,20:15,26171.40,26187.89,26153.88,26166.38,3543
2026.03.03,03:15,26167.69,26222.70,25898.69,25998.18,15405
2026.03.03,04:15,25998.68,26181.18,25907.69,26102.19,15425
2026.03.03,05:15,26101.19,26104.18,25957.69,25987.18,7402
2026.03.03,07:00,25964.70,26105.69,25803.70,25825.18,14087
2026.03.03,08:00,25823.69,25858.69,25744.20,25797.68,12286
2026.03.03,09:00,25795.69,25805.69,25722.70,25762.18,8420
2026.03.03,10:00,25762.70,25788.70,25700.19,25707.20,4697
2026.03.03,11:15,25652.68,25672.20,25402.20,25428.70,9001
2026.03.03,12:15,25429.20,25485.20,25354.69,25411.18,10081
2026.03.03,13:15,25413.20,25510.18,25329.18,25486.19,9331
2026.03.03,14:15,25486.18,25514.20,25389.18,25394.19,8337
2026.03.03,15:15,25393.18,25415.69,25240.68,25255.19,7921
2026.03.03,16:15,25255.18,25346.20,25006.68,25053.69,16683
2026.03.03,17:15,25053.70,25319.20,24986.19,25305.68,16419
2026.03.03,18:15,25305.18,25367.70,25197.18,25315.20,13945
2026.03.03,19:15,25315.19,25415.19,25295.18,25392.18,10704
2026.03.03,20:15,25392.68,25532.69,25392.20,25496.18,6344
2026.03.04,03:15,25444.29,25472.78,25161.78,25259.27,20282
2026.03.04,04:15,25259.77,25388.79,25013.78,25029.79,16708
2026.03.04,05:15,25030.78,25100.79,24951.77,25049.77,11593
2026.03.04,07:00,25031.28,25150.27,24938.29,25063.77,16367
2026.03.04,08:00,25064.27,25131.77,24986.79,25069.27,11751
2026.03.04,09:00,25072.79,25239.79,25012.77,25228.79,9773
2026.03.04,10:00,25224.27,25268.78,25184.29,25188.27,4948
2026.03.04,11:15,25222.78,25451.29,25222.78,25445.79,6404
2026.03.04,12:15,25447.29,25499.79,25402.28,25495.78,7777
2026.03.04,13:15,25496.79,25548.77,25436.27,25476.77,6266
2026.03.04,14:15,25477.79,25531.29,25356.28,25531.29,6844
2026.03.04,15:15,25530.78,25535.29,25462.29,25462.77,5816
2026.03.04,16:15,25462.78,25497.29,25325.77,25336.29,13125
2026.03.04,17:15,25335.78,25546.78,25331.79,25487.29,10437
2026.03.04,18:15,25488.28,25558.79,25439.78,25552.27,7559
2026.03.04,19:15,25551.77,25569.79,25515.79,25550.29,5170
2026.03.04,20:15,25549.77,25586.78,25521.77,25585.28,2855
2026.03.05,03:15,25619.85,25663.36,25462.34,25641.34,16797
2026.03.05,04:15,25640.34,25726.35,25581.34,25617.85,13018
2026.03.05,05:15,25617.34,25644.36,25423.34,25430.84,7848
2026.03.05,07:00,25459.36,25548.36,25334.34,25337.35,11294
2026.03.05,08:00,25338.36,25361.36,25215.84,25360.36,11749
2026.03.05,09:00,25360.34,25382.84,25305.34,25361.35,8460
2026.03.05,10:00,25360.86,25369.36,25234.35,25240.35,4997
2026.03.05,11:15,25330.34,25481.35,25322.36,25422.86,7255
2026.03.05,12:15,25423.34,25454.35,25379.85,25453.36,4986
2026.03.05,13:15,25452.86,25459.36,25364.84,25390.34,4104
2026.03.05,14:15,25389.36,25470.34,25353.84,25358.86,5790
2026.03.05,15:15,25359.36,25377.85,25232.85,25233.36,7000
2026.03.05,16:15,25233.85,25413.86,25207.34,25326.85,13611
2026.03.05,17:15,25326.84,25329.85,25077.35,25116.85,13426
2026.03.05,18:15,25115.84,25235.84,25065.34,25177.85,11886
2026.03.05,19:15,25177.34,25186.86,25068.34,25148.34,12002
2026.03.05,20:15,25147.85,25153.86,25050.85,25095.34,7661
2026.03.06,03:15,25328.30,25578.29,25249.78,25570.79,16991
2026.03.06,04:15,25569.79,25701.30,25530.79,25692.30,13133
2026.03.06,05:15,25693.29,25793.29,25666.79,25774.28,7268
2026.03.06,07:00,25780.79,25799.30,25683.29,25759.79,11642
2026.03.06,08:00,25759.30,25786.29,25660.28,25740.79,8373
2026.03.06,09:00,25740.28,25763.30,25682.28,25758.79,7325
2026.03.06,10:00,25758.29,25759.28,25620.79,25649.28,4045
2026.03.06,11:15,25615.78,25620.28,25446.80,25489.29,8470
2026.03.06,12:15,25488.79,25522.30,25409.30,25474.29,6352
2026.03.06,13:15,25475.28,25493.80,25324.79,25343.78,7367
2026.03.06,14:15,25343.28,25390.80,25314.29,25381.29,6418
2026.03.06,15:15,25379.78,25406.29,25122.28,25165.79,10717
2026.03.06,16:15,25165.30,25315.78,25091.78,25303.80,16871
2026.03.06,17:15,25302.78,25398.30,25248.28,25313.79,14496
2026.03.06,18:15,25313.28,25411.79,25296.30,25309.80,12977
2026.03.06,19:15,25309.79,25417.79,25260.28,25406.28,11321
2026.03.06,20:15,25406.80,25423.80,25349.78,25386.78,7760
2026.03.09,04:15,24884.81,25055.81,24825.29,25011.79,20433
2026.03.09,05:15,25012.80,25170.31,24873.29,25028.31,17131
2026.03.09,06:15,25025.80,25101.80,25017.29,25077.30,8799
2026.03.09,08:00,25063.31,25348.31,24969.29,25347.31,16250
2026.03.09,09:00,25346.29,25365.30,25223.31,25250.80,13533
2026.03.09,10:00,25250.29,25414.31,25207.30,25381.81,12586
2026.03.09,11:00,25383.30,25404.29,25317.81,25324.31,6747
2026.03.09,12:15,25348.29,25526.81,25311.29,25321.79,11711
2026.03.09,13:15,25319.81,25373.31,25266.31,25325.29,8244
2026.03.09,14:15,25324.81,25373.81,25267.29,25344.80,7120
2026.03.09,15:15,25344.29,25383.31,25246.29,25347.80,7201
2026.03.09,16:15,25347.30,25389.31,25188.79,25245.80,16209
2026.03.09,17:15,25246.31,25453.80,25245.79,25453.80,14061
2026.03.09,18:15,25453.31,25552.30,25415.29,25527.81,10158
2026.03.09,19:15,25527.79,25568.31,25479.29,25489.31,7833
2026.03.09,20:15,25489.81,25491.29,25375.80,25410.79,7848
2026.03.09,21:15,25410.80,25477.79,25396.80,25423.79,4505
2026.03.10,04:15,25718.24,25815.72,25627.73,25753.24,16492
2026.03.10,05:15,25753.73,25771.74,25580.73,25720.74,12863
2026.03.10,06:15,25719.73,25848.73,25713.72,25776.72,8889
2026.03.10,08:00,25777.72,25882.24,25767.22,25881.73,10101
2026.03.10,09:00,25881.22,25924.24,25828.72,25884.72,7928
2026.03.10,10:00,25884.24,25943.72,25859.73,25941.22,8143
2026.03.10,11:00,25941.73,25975.73,25918.73,25966.74,4518
2026.03.10,12:15,25957.72,26061.74,25941.22,25949.72,6134
2026.03.10,13:15,25947.72,25975.22,25877.22,25889.23,7571
2026.03.10,14:15,25888.73,25896.22,25776.22,25800.73,6625
2026.03.10,15:15,25800.72,25879.73,25776.72,25857.23,6892
2026.03.10,16:15,25857.72,25881.73,25751.72,25832.73,13399
2026.03.10,17:15,25832.74,26148.23,25823.22,26067.73,11368
2026.03.10,18:15,26068.23,26150.74,26019.22,26062.74,8613
2026.03.10,19:15,26062.24,26169.73,26054.24,26153.74,8086
2026.03.10,20:15,26154.23,26229.73,26032.74,26040.22,9949
2026.03.10,21:15,26041.22,26067.24,25955.73,25987.23,11171
2026.03.11,04:15,26038.61,26099.60,25944.11,26030.11,14436
2026.03.11,05:15,26031.60,26127.61,25957.11,26003.60,11514
2026.03.11,06:15,26004.11,26036.60,25917.09,25968.09,6040
2026.03.11,08:00,25957.59,25966.09,25862.60,25882.60,10248
2026.03.11,09:00,25882.61,25994.60,25877.59,25920.59,7244
2026.03.11,10:00,25921.61,25925.11,25809.59,25873.61,6699
2026.03.11,11:00,25873.59,25886.61,25842.11,25856.09,3433
2026.03.11,12:15,25787.60,25836.60,25746.10,25835.11,5616
2026.03.11,13:15,25835.60,25904.11,25823.09,25872.59,4767
2026.03.11,14:15,25873.61,25882.60,25759.09,25770.09,5929
2026.03.11,15:15,25770.10,25825.61,25716.59,25775.09,6847
2026.03.11,16:15,25775.60,25890.61,25755.60,25828.11,13019
2026.03.11,17:15,25827.11,25861.10,25732.59,25788.10,12110
2026.03.11,18:15,25787.10,25789.61,25701.09,25743.10,8956
2026.03.11,19:15,25742.60,25809.61,25713.11,25773.10,7062
2026.03.11,20:15,25773.60,25786.61,25678.59,25704.59,8485
2026.03.11,21:15,25705.11,25792.61,25700.09,25782.61,4063
2026.03.12,04:15,25667.64,25897.65,25649.14,25697.14,14057
2026.03.12,05:15,25697.15,25725.14,25524.15,25542.64,11808
2026.03.12,06:15,25542.16,25566.15,25485.16,25536.66,5063
2026.03.12,08:00,25524.16,25597.66,25480.16,25597.66,9270
2026.03.12,09:00,25597.15,25659.16,25547.14,25638.15,7704
2026.03.12,10:00,25638.65,25712.16,25630.65,25710.14,5892
2026.03.12,11:00,25711.16,25724.16,25661.65,25673.15,2946
2026.03.12,12:15,25655.16,25733.15,25614.66,25718.14,4963
2026.03.12,13:15,25717.64,25717.66,25659.15,25678.15,3727
2026.03.12,14:15,25678.16,25758.15,25641.65,25663.64,4087
2026.03.12,15:15,25664.14,25673.15,25620.14,25622.15,4707
2026.03.12,16:15,25622.65,25635.64,25457.64,25538.15,13735
2026.03.12,17:15,25538.64,25546.65,25378.15,25405.16,11566
2026.03.12,18:15,25404.65,25523.64,25404.65,25473.15,11396
2026.03.12,19:15,25472.64,25542.66,25461.64,25486.64,9858
2026.03.12,20:15,25487.15,25528.14,25447.64,25495.65,7256
2026.03.12,21:15,25495.66,25508.15,25439.65,25454.64,4374
2026.03.13,04:15,25523.27,25649.28,25435.78,25593.28,15164
2026.03.13,05:15,25592.28,25657.28,25553.77,25556.29,10975
2026.03.13,06:15,25556.28,25578.77,25523.78,25569.28,4502
2026.03.13,08:00,25552.28,25606.29,25501.77,25533.29,9100
2026.03.13,09:00,25532.77,25533.29,25415.79,25448.77,6823
2026.03.13,10:00,25448.27,25448.29,25376.27,25433.28,7445
2026.03.13,11:00,25432.78,25436.77,25331.28,25337.79,3927
2026.03.13,12:15,25398.29,25482.79,25393.27,25479.28,5009
2026.03.13,13:15,25480.29,25537.79,25450.28,25489.27,5023
2026.03.13,14:15,25489.79,25584.79,25482.77,25561.79,4390
2026.03.13,15:15,25560.78,25698.79,25553.78,25646.77,7473
2026.03.13,16:15,25646.78,25743.29,25614.79,25614.79,11097
2026.03.13,17:15,25614.28,25658.79,25496.77,25568.27,12394
2026.03.13,18:15,25568.79,25569.28,25399.27,25421.79,11685
2026.03.13,19:15,25421.78,25506.28,25397.27,25484.77,10328
2026.03.13,20:15,25485.79,25498.79,25395.29,25424.27,8556
2026.03.13,21:15,25423.78,25473.29,25388.27,25455.29,4526
2026.03.16,04:15,25517.92,25566.44,25283.92,25559.93,16538
2026.03.16,05:15,25560.43,25584.43,25436.92,25527.94,12219
2026.03.16,06:15,25526.92,25735.43,25526.92,25727.44,6535
2026.03.16,08:00,25720.43,25800.94,25690.43,25782.43,10436
2026.03.16,09:00,25782.94,25826.94,25748.92,25817.94,6168
2026.03.16,10:00,25818.94,25828.94,25745.42,25797.93,6197
2026.03.16,11:00,25797.43,25806.94,25722.93,25730.42,3564
2026.03.16,12:15,25717.43,25736.94,25651.92,25688.43,5346
2026.03.16,13:15,25688.92,25800.44,25678.44,25775.43,5116
2026.03.16,14:15,25775.92,25837.94,25743.94,25837.42,3917
2026.03.16,15:15,25837.94,25874.44,25823.93,25851.44,4417
2026.03.16,16:15,25850.92,25951.42,25804.44,25907.43,9159
2026.03.16,17:15,25906.44,25936.93,25847.42,25926.94,9439
2026.03.16,18:15,25927.44,25927.93,25826.44,25849.93,7378
2026.03.16,19:15,25848.42,25870.43,25788.94,25853.42,8228
2026.03.16,20:15,25854.42,25863.43,25799.42,25845.92,5582
2026.03.16,21:15,25846.43,25890.94,25845.94,25875.44,2952
2026.03.17,04:15,25888.69,26224.69,25869.20,26203.70,13440
2026.03.17,05:15,26204.18,26216.18,26037.68,26056.70,11003
2026.03.17,06:15,26054.68,26096.70,26014.19,26069.69,4906
2026.03.17,08:00,26071.69,26093.18,25869.68,25871.69,10557
2026.03.17,09:00,25872.69,25892.69,25830.68,25868.18,9757
2026.03.17,10:00,25868.69,25887.20,25831.18,25883.70,6339
2026.03.17,11:00,25885.20,25905.18,25835.69,25869.18,2802
2026.03.17,12:15,25845.70,25962.20,25845.70,25912.19,4550
2026.03.17,13:15,25911.68,25936.69,25880.68,25924.70,3216
2026.03.17,14:15,25925.18,25980.70,25916.19,25975.69,3595
2026.03.17,15:15,25975.20,26013.68,25962.18,26007.69,3312
2026.03.17,16:15,26008.20,26034.18,25934.20,25953.20,7718
2026.03.17,17:15,25953.18,25966.70,25869.68,25871.69,7581
2026.03.17,18:15,25870.70,25895.18,25806.18,25848.68,9006
2026.03.17,19:15,25848.18,25886.20,25824.19,25879.68,6814
2026.03.17,20:15,25879.20,25921.18,25867.18,25913.68,4205
2026.03.17,21:15,25912.68,25913.69,25849.18,25879.70,2909
2026.03.18,04:15,25977.42,25978.41,25788.42,25815.40,12480
2026.03.18,05:15,25815.42,25891.92,25780.41,25805.91,9816
2026.03.18,06:15,25806.90,25831.92,25784.90,25818.92,3195
2026.03.18,08:00,25815.42,26055.40,25815.42,26002.90,12382
2026.03.18,09:00,26001.92,26088.41,25995.42,26058.90,7532
2026.03.18,10:00,26059.90,26099.40,25971.42,26022.40,5823
2026.03.18,11:00,26024.90,26024.90,25950.91,25958.41,2368
2026.03.18,12:15,25953.91,26041.41,25953.91,26023.91,2706
2026.03.18,13:15,26024.40,26025.92,25956.40,26000.41,2316
2026.03.18,14:15,25999.90,26012.40,25845.41,25857.41,6104
2026.03.18,15:15,25858.90,25860.42,25664.92,25665.92,9501
2026.03.18,16:15,25665.90,25751.40,25638.40,25660.42,11437
2026.03.18,17:15,25660.90,25681.41,25529.90,25615.42,9768
2026.03.18,18:15,25615.92,25623.41,25530.42,25573.92,7356
2026.03.18,19:15,25572.91,25595.90,25521.40,25537.42,6067
2026.03.18,20:15,25536.90,25577.42,25528.42,25567.92,5724
2026.03.18,21:15,25567.41,25568.40,25453.40,25462.40,6539
2026.03.19,04:15,25419.39,25633.39,25385.38,25577.89,15381
2026.03.19,05:15,25577.88,25693.87,25549.88,25613.87,10669
2026.03.19,06:15,25613.88,25631.88,25540.37,25550.87,4627
2026.03.19,08:00,25536.88,25548.89,25406.87,25445.87,8856
2026.03.19,09:00,25446.89,25532.39,25432.38,25465.38,8160
2026.03.19,10:00,25465.89,25504.87,25394.38,25432.87,6666
2026.03.19,11:00,25434.87,25497.39,25424.39,25445.38,3890
2026.03.19,12:15,25429.88,25524.89,25348.39,25417.87,9600
2026.03.19,13:15,25419.37,25422.38,25345.87,25364.39,5601
2026.03.19,14:15,25363.87,25364.88,25291.38,25312.39,5877
2026.03.19,15:15,25311.37,25319.39,25126.87,25126.88,7862
2026.03.19,16:15,25126.38,25328.88,25078.87,25275.87,15544
2026.03.19,17:15,25275.39,25324.87,25205.38,25301.88,12635
2026.03.19,18:15,25301.38,25320.39,25177.38,25253.39,11627
2026.03.19,19:15,25253.37,25267.88,25157.88,25169.89,9367
2026.03.19,20:15,25168.87,25295.37,25164.37,25278.87,6968
2026.03.19,21:15,25279.37,25293.89,25217.87,25286.87,3879
2026.03.20,04:15,25339.12,25514.61,25299.13,25341.62,14302
2026.03.20,05:15,25342.13,25406.13,25273.13,25353.13,11690
2026.03.20,06:15,25352.63,25409.63,25296.63,25319.63,4890
2026.03.20,08:00,25311.13,25340.63,25260.12,25278.62,8269
2026.03.20,09:00,25279.12,25343.11,25166.61,25177.13,6125
2026.03.20,10:00,25178.12,25275.12,25098.11,25248.13,7932
2026.03.20,11:00,25243.13,25279.62,25223.63,25233.12,3174
2026.03.20,12:15,25223.12,25223.12,25038.11,25059.12,8496
2026.03.20,13:15,25059.62,25172.11,25027.12,25156.13,7314
2026.03.20,14:15,25157.63,25174.62,25103.62,25144.61,6161
2026.03.20,15:15,25144.11,25160.62,25059.61,25070.11,6507
2026.03.20,16:15,25070.13,25102.63,24887.61,24905.61,12202
2026.03.20,17:15,24905.12,24942.63,24839.11,24920.63,12651
2026.03.20,18:15,24921.13,24959.62,24832.13,24862.13,10635
2026.03.20,19:15,24862.63,24883.11,24784.11,24825.62,9027
2026.03.20,20:15,24826.62,24835.63,24736.11,24772.63,7346
2026.03.20,21:15,24772.11,24780.63,24675.63,24700.12,6090
2026.03.23,04:15,24720.83,24749.83,24510.32,24562.82,17829
2026.03.23,05:15,24562.32,24632.84,24364.82,24376.83,12709
2026.03.23,06:15,24376.84,24435.34,24367.83,24378.84,6195
2026.03.23,08:00,24389.83,24461.84,24276.32,24308.83,12372
2026.03.23,09:00,24309.33,24315.82,24173.32,24219.82,12033
2026.03.23,10:00,24220.32,24396.84,24161.82,24356.82,10983
2026.03.23,11:00,24357.83,24388.32,24315.32,24337.84,5532
2026.03.23,12:15,24329.83,24421.33,24269.33,24299.33,9013
2026.03.23,13:15,24300.33,25128.32,24208.32,25064.84,11072
2026.03.23,14:15,25060.82,25123.33,24690.83,24744.32,18998
2026.03.23,15:15,24743.83,25071.34,24742.84,25003.84,14971
2026.03.23,16:15,25003.32,25062.84,24813.32,25006.33,16391
2026.03.23,17:15,25006.34,25212.32,24999.32,25163.34,12026
2026.03.23,18:15,25163.83,25169.82,24857.32,24913.33,12471
2026.03.23,19:15,24913.32,24959.83,24821.33,24841.83,11300
2026.03.23,20:15,24842.34,25018.33,24817.83,24974.84,9398
2026.03.23,21:15,24974.34,25070.34,24955.33,25002.83,5207
2026.03.24,04:15,24773.17,24828.19,24518.68,24597.17,17889
2026.03.24,05:15,24596.17,24749.18,24552.68,24718.67,16097
2026.03.24,06:15,24719.19,24823.69,24706.19,24812.18,6845
2026.03.24,08:00,24802.68,24806.17,24640.69,24773.69,12306
2026.03.24,09:00,24774.17,24964.19,24760.19,24953.67,9524
2026.03.24,10:00,24953.17,25058.17,24948.18,25042.68,10305
2026.03.24,11:00,25042.18,25057.19,24941.69,24949.18,4622
2026.03.24,12:15,24871.17,24989.68,24830.68,24975.69,7834
2026.03.24,13:15,24976.68,24985.69,24912.69,24975.67,6768
2026.03.24,14:15,24974.69,24983.18,24849.68,24924.68,6856
2026.03.24,15:15,24923.69,24951.17,24757.19,24800.17,7978
2026.03.24,16:15,24800.67,24962.17,24757.67,24919.68,13180
2026.03.24,17:15,24919.69,25020.18,24858.19,24953.67,14229
2026.03.24,18:15,24953.68,25025.67,24905.67,24942.67,10053
2026.03.24,19:15,24943.68,25016.17,24863.69,24881.68,9407
2026.03.24,20:15,24879.17,24974.17,24857.18,24922.68,10010
2026.03.24,21:15,24924.19,25020.69,24902.18,24959.69,6026
2026.03.25,04:15,25241.31,25377.32,25175.31,25288.32,15511
2026.03.25,05:15,25286.80,25301.81,25093.80,25121.81,12544
2026.03.25,06:15,25123.30,25125.81,25050.30,25062.80,5301
2026.03.25,08:00,25079.32,25363.32,25001.30,25172.31,14979
2026.03.25,09:00,25171.30,25205.80,25107.81,25166.30,10360
2026.03.25,10:00,25166.32,25283.81,25160.31,25269.30,8314
2026.03.25,11:00,25274.30,25387.32,25270.32,25359.31,3726
2026.03.25,12:15,25339.81,25356.32,25204.31,25282.30,6322
2026.03.25,13:15,25280.81,25332.80,25245.81,25312.80,4803
2026.03.25,14:15,25312.82,25373.82,25267.31,25343.82,5201
2026.03.25,15:15,25344.30,25348.30,25181.82,25254.82,8758
2026.03.25,16:15,25255.31,25321.81,25184.30,25306.31,12012
2026.03.25,17:15,25305.30,25341.82,25201.30,25201.82,10067
2026.03.25,18:15,25201.30,25288.31,25117.82,25244.82,10663
2026.03.25,19:15,25244.80,25317.31,25218.80,25297.80,7978
2026.03.25,20:15,25297.32,25338.31,25262.80,25295.82,6241
2026.03.25,21:15,25295.32,25307.80,25225.80,25258.30,3343
2026.03.26,04:15,25198.90,25231.90,25024.38,25035.40,13819
2026.03.26,05:15,25034.38,25034.38,24889.40,24956.88,10541
2026.03.26,06:15,24957.40,24992.39,24912.90,24964.38,5167
2026.03.26,08:00,24949.40,24986.38,24784.88,24786.89,9769
2026.03.26,09:00,24786.39,24862.39,24780.39,24851.38,7491
2026.03.26,10:00,24851.39,24858.88,24770.39,24810.40,6253
2026.03.26,11:00,24811.88,24836.38,24759.38,24777.89,3487
2026.03.26,12:15,24764.39,24794.90,24690.38,24787.38,5966
2026.03.26,13:15,24786.89,24824.40,24740.40,24740.89,4825
2026.03.26,14:15,24741.38,24763.88,24647.88,24731.40,5105
2026.03.26,15:15,24731.90,24756.88,24676.38,24744.40,5618
2026.03.26,16:15,24742.88,24896.90,24737.39,24896.39,11509
2026.03.26,17:15,24896.90,24940.40,24784.38,24866.88,11744
2026.03.26,18:15,24867.38,24877.38,24794.88,24824.90,8318
2026.03.26,19:15,24824.38,24824.90,24739.39,24759.38,7106
2026.03.26,20:15,24758.89,24761.88,24696.88,24713.39,5783
2026.03.26,21:15,24713.90,24766.40,24685.39,24766.40,3556
2026.03.27,04:15,24744.08,24912.58,24711.56,24845.56,15551
2026.03.27,05:15,24846.58,24945.56,24768.06,24888.58,13307
2026.03.27,06:15,24888.57,25003.08,24875.56,25001.57,5774
2026.03.27,08:00,24994.56,25097.06,24985.56,25001.57,10042
2026.03.27,09:00,25000.57,25065.07,24965.57,25003.57,7771
2026.03.27,10:00,25004.08,25020.08,24921.08,24944.07,5781
2026.03.27,11:00,24943.57,24953.58,24823.57,24837.56,4165
2026.03.27,12:15,24783.57,24838.08,24722.07,24761.08,5945
2026.03.27,13:15,24761.06,24795.58,24639.06,24667.07,5623
2026.03.27,14:15,24667.08,24735.58,24654.06,24682.06,5226
2026.03.27,15:15,24682.08,24734.08,24667.07,24684.06,6017
2026.03.27,16:15,24683.57,24779.57,24646.06,24701.08,11139
2026.03.27,17:15,24699.58,24785.57,24682.06,24746.08,8551
2026.03.27,18:15,24746.06,24816.08,24695.57,24713.07,9122
2026.03.27,19:15,24713.57,24752.06,24668.57,24689.07,6266
2026.03.27,20:15,24688.08,24695.58,24608.07,24614.57,2775
2026.03.27,21:15,24615.07,24669.08,24610.57,24630.58,2082
2026.03.30,04:15,24433.24,24650.73,24327.23,24540.24,16169
2026.03.30,05:15,24536.24,24682.22,24412.22,24650.72,12378
2026.03.30,06:15,24653.72,24734.23,24635.23,24718.23,6285
2026.03.30,08:00,24708.24,24801.22,24611.73,24676.23,11247
2026.03.30,09:00,24675.24,24830.72,24665.72,24772.24,7896
2026.03.30,10:00,24773.24,24776.23,24671.74,24750.24,6898
2026.03.30,11:00,24749.22,24790.23,24729.22,24773.74,3125
2026.03.30,12:15,24754.23,24779.74,24717.72,24758.72,4282
2026.03.30,13:15,24758.74,24788.23,24736.73,24776.24,3629
2026.03.30,14:15,24775.72,24904.23,24767.73,24779.72,6571
2026.03.30,15:15,24780.73,24861.24,24768.72,24841.23,4152
2026.03.30,16:15,24840.22,24859.22,24700.23,24780.23,9395
2026.03.30,17:15,24780.73,24889.72,24728.72,24802.72,10749
2026.03.30,18:15,24803.23,24901.22,24782.23,24832.74,8083
2026.03.30,19:15,24832.24,24834.72,24754.73,24762.22,5887
2026.03.30,20:15,24760.73,24784.73,24707.73,24749.74,6329
2026.03.30,21:15,24749.23,24765.22,24708.72,24723.24,3227
2026.03.31,04:15,24712.72,24982.73,24708.71,24829.71,16705
2026.03.31,05:15,24830.71,24877.73,24652.22,24668.72,14071
2026.03.31,06:15,24667.72,24678.22,24602.22,24617.72,6279
2026.03.31,08:00,24612.72,24744.23,24538.71,24682.73,11036
2026.03.31,09:00,24681.72,24694.72,24615.71,24686.71,8870
2026.03.31,10:00,24687.73,24767.73,24657.73,24766.72,8111
2026.03.31,11:00,24766.73,24795.23,24737.22,24749.22,3253
2026.03.31,12:15,24736.71,24774.23,24706.23,24741.21,5042
2026.03.31,13:15,24740.23,24838.22,24662.21,24780.72,5849
2026.03.31,14:15,24780.23,24869.73,24767.22,24796.71,8819
2026.03.31,15:15,24797.22,24888.22,24777.21,24851.73,6689
2026.03.31,16:15,24852.23,24982.71,24801.23,24979.72,9454
2026.03.31,17:15,24979.23,25053.72,24854.71,25008.73,11656
2026.03.31,18:15,25009.23,25015.73,24879.21,24915.71,9883
2026.03.31,19:15,24915.21,25215.22,24899.22,25151.23,13773
2026.03.31,20:15,25150.73,25213.21,25144.23,25180.21,10641
2026.03.31,21:15,25180.22,25205.73,25139.21,25188.23,5027
2026.04.01,04:15,25304.52,25408.52,25237.02,25301.01,14521
2026.04.01,05:15,25300.52,25348.50,25203.00,25342.52,10421
2026.04.01,06:15,25343.01,25351.52,25263.50,25275.01,3985
2026.04.01,08:00,25275.01,25371.51,25246.51,25268.01,8578
2026.04.01,09:00,25268.51,25427.51,25268.00,25371.51,8118
2026.04.01,10:00,25371.50,25384.02,25238.02,25261.51,7916
2026.04.01,11:00,25260.51,25299.52,25218.51,25293.01,3492
2026.04.01,12:15,25262.51,25287.01,25204.00,25262.00,5404
2026.04.01,13:15,25262.02,25334.50,25249.50,25332.01,4186
2026.04.01,14:15,25332.51,25356.52,25302.52,25318.02,3733
2026.04.01,15:15,25317.51,25405.51,25233.51,25285.00,7399
2026.04.01,16:15,25284.02,25441.02,25283.00,25318.00,11821
2026.04.01,17:15,25317.50,25427.01,25291.50,25401.52,9461
2026.04.01,18:15,25401.51,25457.52,25353.01,25415.52,6610
2026.04.01,19:15,25416.00,25470.02,25382.50,25463.51,4394
2026.04.01,20:15,25464.00,25465.00,25350.00,25350.50,4989
2026.04.01,21:15,25350.52,25350.52,25266.00,25302.01,5244
2026.04.02,04:15,25228.11,25235.10,24999.60,25032.61,18224
2026.04.02,05:15,25033.10,25070.61,24985.60,25031.60,11264
2026.04.02,06:15,25030.10,25061.60,24977.10,24995.62,4579
2026.04.02,08:00,24978.61,24983.61,24885.10,24887.10,8323
2026.04.02,09:00,24887.62,24983.11,24885.10,24974.62,6987
2026.04.02,10:00,24975.12,25087.62,24973.60,25082.11,6531
2026.04.02,11:00,25081.60,25103.62,25057.61,25079.62,2661
2026.04.02,12:15,25064.61,25084.62,25020.61,25022.12,3762
2026.04.02,13:15,25022.61,25027.10,24987.10,24998.60,4099
2026.04.02,14:15,24998.12,24999.11,24916.60,24921.61,4276
2026.04.02,15:15,24922.12,25010.61,24918.10,24946.61,5403
2026.04.02,16:15,24946.11,25078.62,24913.12,25067.10,10584
2026.04.02,17:15,25067.11,25307.60,25057.60,25266.60,10295
