2026.04.10,19:45,4742.50000,4743.90000,4730.57000,4740.81000,7282
2026.04.10,20:00,4740.83000,4746.90000,4740.64000,4746.90000,4494
2026.04.10,20:15,4746.82000,4760.78000,4744.54000,4748.59000,9333
2026.04.10,20:30,4748.47000,4751.02000,4746.24000,4750.36000,5136
2026.04.10,20:45,4750.37000,4753.28000,4747.93000,4751.55000,4005
2026.04.10,21:00,4751.58000,4753.49000,4742.14000,4747.13000,4300
2026.04.10,21:15,4747.15000,4760.62000,4746.51000,4758.10000,4694
2026.04.10,21:30,4758.11000,4759.68000,4753.73000,4755.22000,3311
2026.04.10,21:45,4755.25000,4759.64000,4753.94000,4757.12000,3159
2026.04.10,22:00,4757.14000,4759.63000,4753.20000,4755.61000,3676
2026.04.10,22:15,4755.62000,4762.41000,4754.31000,4761.53000,3215
2026.04.10,22:30,4761.57000,4767.25000,4758.53000,4767.22000,2729
2026.04.10,22:45,4767.20000,4768.73000,4762.72000,4768.15000,4473
2026.04.10,23:00,4768.22000,4770.02000,4763.70000,4766.70000,5930
2026.04.10,23:15,4766.73000,4771.28000,4759.67000,4762.10000,6075
2026.04.10,23:30,4762.17000,4782.47000,4761.00000,4772.58000,11602
2026.04.10,23:45,4772.60000,4774.21000,4763.57000,4771.72000,6972
2026.04.11,00:00,4771.70000,4777.67000,4767.86000,4772.39000,7291
2026.04.11,00:15,4772.42000,4780.30000,4766.11000,4775.78000,8198
2026.04.11,00:30,4775.87000,4778.72000,4765.09000,4769.21000,13155
2026.04.11,00:45,4769.22000,4777.73000,4765.74000,4774.67000,9711
2026.04.11,01:00,4774.92000,4780.49000,4767.23000,4780.14000,10772
2026.04.11,01:15,4780.16000,4792.41000,4778.95000,4790.51000,10471
2026.04.11,01:30,4790.58000,4795.17000,4773.38000,4780.75000,9132
2026.04.11,01:45,4780.80000,4783.18000,4770.81000,4774.79000,11881
2026.04.11,02:00,4774.80000,4783.96000,4769.54000,4781.77000,8721
2026.04.11,02:15,4781.73000,4787.28000,4775.91000,4775.98000,6984
2026.04.11,02:30,4776.00000,4778.36000,4755.16000,4766.07000,11902
2026.04.11,02:45,4766.04000,4769.98000,4758.61000,4762.10000,9010
2026.04.11,03:00,4761.89000,4763.49000,4746.97000,4763.34000,8313
2026.04.11,03:15,4763.36000,4765.17000,4754.12000,4758.30000,5998
2026.04.11,03:30,4758.28000,4765.12000,4756.43000,4756.73000,5936
2026.04.11,03:45,4756.87000,4766.18000,4756.01000,4763.78000,5063
2026.04.11,04:00,4763.90000,4766.28000,4758.18000,4764.47000,4578
2026.04.11,04:15,4764.46000,4768.80000,4761.24000,4763.03000,4628
2026.04.11,04:30,4762.02000,4765.61000,4758.29000,4758.79000,4526
2026.04.11,04:45,4758.77000,4764.87000,4758.58000,4760.16000,3852
2026.04.11,05:00,4760.17000,4763.81000,4750.93000,4763.45000,5702
2026.04.11,05:15,4763.42000,4769.41000,4762.73000,4765.94000,4982
2026.04.11,05:30,4765.96000,4773.17000,4765.89000,4768.21000,4673
2026.04.11,05:45,4768.16000,4768.28000,4763.18000,4765.26000,3170
2026.04.11,06:00,4765.29000,4768.10000,4764.50000,4766.88000,3523
2026.04.11,06:15,4766.86000,4770.56000,4762.97000,4763.49000,3108
2026.04.11,06:30,4763.65000,4765.49000,4760.81000,4763.80000,4082
2026.04.11,06:45,4763.76000,4764.58000,4758.12000,4759.58000,5058
2026.04.11,07:00,4759.62000,4759.84000,4750.82000,4753.23000,2096
2026.04.11,07:15,4753.24000,4753.34000,4740.87000,4745.35000,2426
2026.04.11,07:30,4745.36000,4751.98000,4744.85000,4750.78000,1166
2026.04.13,09:00,4672.55000,4690.23000,4660.41000,4675.95000,6529
2026.04.13,09:15,4675.88000,4683.22000,4644.03000,4647.21000,6981
2026.04.13,09:30,4647.14000,4658.96000,4645.08000,4657.51000,5913
2026.04.13,09:45,4657.48000,4660.10000,4651.16000,4658.70000,3704
2026.04.13,10:00,4658.69000,4660.38000,4651.44000,4659.15000,4248
2026.04.13,10:15,4659.22000,4659.76000,4644.13000,4653.48000,4248
2026.04.13,10:30,4653.16000,4660.04000,4649.62000,4655.13000,3074
2026.04.13,10:45,4655.14000,4671.62000,4654.99000,4670.91000,3870
2026.04.13,11:00,4670.93000,4672.90000,4664.15000,4672.07000,5189
2026.04.13,11:15,4672.00000,4675.87000,4668.69000,4672.44000,4072
2026.04.13,11:30,4672.43000,4682.94000,4670.49000,4678.17000,3704
2026.04.13,11:45,4678.18000,4698.25000,4677.61000,4695.26000,4040
2026.04.13,12:00,4694.65000,4719.58000,4693.32000,4715.03000,9664
2026.04.13,12:15,4715.01000,4721.60000,4711.29000,4717.27000,5944
2026.04.13,12:30,4717.21000,4721.37000,4710.32000,4713.98000,6211
2026.04.13,12:45,4713.95000,4728.14000,4709.53000,4721.08000,6045
2026.04.13,13:00,4721.06000,4725.69000,4718.53000,4722.14000,4736
2026.04.13,13:15,4722.11000,4724.63000,4718.74000,4719.63000,2689
2026.04.13,13:30,4719.57000,4727.81000,4714.56000,4715.12000,4722
2026.04.13,13:45,4715.10000,4721.21000,4710.74000,4720.07000,3688
2026.04.13,14:00,4720.35000,4721.57000,4711.73000,4713.60000,3291
2026.04.13,14:15,4713.53000,4721.01000,4712.82000,4718.42000,3084
2026.04.13,14:30,4718.41000,4723.87000,4716.90000,4721.74000,2107
2026.04.13,14:45,4721.70000,4722.36000,4717.20000,4717.63000,1681
2026.04.13,15:00,4717.65000,4718.05000,4708.26000,4714.42000,2219
2026.04.13,15:15,4714.37000,4715.64000,4709.32000,4712.16000,1934
2026.04.13,15:30,4712.48000,4719.34000,4708.72000,4718.28000,2261
2026.04.13,15:45,4718.18000,4724.80000,4715.69000,4723.15000,2355
2026.04.13,16:00,4723.19000,4726.30000,4718.17000,4719.06000,2420
2026.04.13,16:15,4719.07000,4721.56000,4715.86000,4720.35000,2140
2026.04.13,16:30,4720.32000,4724.76000,4717.53000,4720.93000,3875
2026.04.13,16:45,4720.95000,4730.86000,4720.29000,4729.25000,3718
2026.04.13,17:00,4729.30000,4729.58000,4722.85000,4725.94000,4421
2026.04.13,17:15,4725.92000,4731.75000,4724.84000,4731.20000,3564
2026.04.13,17:30,4731.59000,4732.63000,4724.89000,4725.93000,3191
2026.04.13,17:45,4725.94000,4726.17000,4720.59000,4725.13000,2905
2026.04.13,18:00,4725.16000,4738.49000,4724.34000,4728.15000,4995
2026.04.13,18:15,4727.99000,4732.60000,4726.15000,4730.89000,3279
2026.04.13,18:30,4730.95000,4733.65000,4727.12000,4732.26000,3019
2026.04.13,18:45,4732.23000,4739.97000,4727.80000,4733.59000,4653
2026.04.13,19:00,4733.46000,4738.56000,4732.18000,4732.78000,4894
2026.04.13,19:15,4732.68000,4734.24000,4729.90000,4732.05000,2661
2026.04.13,19:30,4731.72000,4736.14000,4720.71000,4721.24000,3424
2026.04.13,19:45,4721.21000,4730.01000,4720.11000,4723.31000,3912
2026.04.13,20:00,4723.32000,4728.69000,4715.73000,4719.18000,4379
2026.04.13,20:15,4719.14000,4721.45000,4714.14000,4715.08000,3121
2026.04.13,20:30,4715.03000,4720.09000,4710.54000,4714.38000,3889
2026.04.13,20:45,4714.25000,4716.74000,4710.97000,4714.67000,2640
2026.04.13,21:00,4714.73000,4718.96000,4713.64000,4717.90000,2927
2026.04.13,21:15,4717.91000,4718.13000,4708.33000,4712.12000,2954
2026.04.13,21:30,4712.19000,4718.48000,4711.62000,4718.01000,2459
2026.04.13,21:45,4718.00000,4723.85000,4717.43000,4721.99000,3127
2026.04.13,22:00,4722.04000,4729.22000,4719.86000,4721.12000,5252
2026.04.13,22:15,4721.53000,4723.39000,4718.48000,4720.96000,3564
2026.04.13,22:30,4720.95000,4722.43000,4703.85000,4707.57000,4825
2026.04.13,22:45,4707.61000,4712.09000,4703.16000,4706.40000,5483
2026.04.13,23:00,4706.83000,4720.37000,4703.42000,4717.23000,5728
2026.04.13,23:15,4717.26000,4717.96000,4703.74000,4710.48000,5526
2026.04.13,23:30,4710.49000,4716.22000,4708.69000,4715.71000,6608
2026.04.13,23:45,4715.72000,4725.06000,4715.19000,4723.57000,5717
2026.04.14,00:00,4723.55000,4736.08000,4722.08000,4734.25000,8369
2026.04.14,00:15,4734.26000,4737.52000,4728.89000,4733.24000,5692
2026.04.14,00:30,4733.42000,4737.48000,4724.50000,4726.91000,11289
2026.04.14,00:45,4726.94000,4744.18000,4721.33000,4730.19000,14494
2026.04.14,01:00,4730.13000,4730.66000,4720.28000,4727.43000,11143
2026.04.14,01:15,4727.16000,4727.99000,4709.10000,4715.04000,12167
2026.04.14,01:30,4715.12000,4722.69000,4708.54000,4721.54000,7854
2026.04.14,01:45,4721.63000,4723.52000,4709.87000,4718.60000,7884
2026.04.14,02:00,4718.72000,4719.76000,4699.99000,4707.44000,10020
2026.04.14,02:15,4707.42000,4711.45000,4702.83000,4703.46000,6971
2026.04.14,02:30,4703.71000,4718.17000,4702.35000,4712.47000,7047
2026.04.14,02:45,4712.05000,4715.87000,4710.59000,4714.27000,5421
2026.04.14,03:00,4714.35000,4720.82000,4709.35000,4719.86000,6937
2026.04.14,03:15,4719.83000,4734.03000,4718.56000,4730.40000,7936
2026.04.14,03:30,4730.37000,4740.55000,4728.64000,4740.09000,11024
2026.04.14,03:45,4740.18000,4745.87000,4732.19000,4733.16000,7345
2026.04.14,04:00,4733.18000,4738.65000,4725.63000,4731.09000,5223
2026.04.14,04:15,4731.17000,4749.99000,4729.72000,4743.10000,6500
2026.04.14,04:30,4742.88000,4747.51000,4742.31000,4744.06000,3692
2026.04.14,04:45,4744.05000,4744.14000,4727.38000,4729.80000,4377
2026.04.14,05:00,4729.87000,4733.00000,4728.70000,4729.91000,3116
2026.04.14,05:15,4729.83000,4730.88000,4723.32000,4727.45000,3384
2026.04.14,05:30,4727.50000,4735.16000,4726.67000,4733.52000,4452
2026.04.14,05:45,4733.57000,4740.68000,4733.56000,4738.25000,5012
2026.04.14,06:00,4738.24000,4739.48000,4730.58000,4734.45000,4972
2026.04.14,06:15,4734.47000,4743.93000,4734.47000,4743.03000,2729
2026.04.14,06:30,4743.04000,4747.42000,4738.92000,4741.69000,4735
2026.04.14,06:45,4741.68000,4745.78000,4739.19000,4741.03000,6970
2026.04.14,07:00,4741.13000,4743.91000,4739.67000,4742.49000,1620
2026.04.14,07:15,4742.47000,4743.69000,4738.40000,4739.52000,941
2026.04.14,07:30,4739.47000,4740.65000,4738.23000,4739.89000,842
2026.04.14,07:45,4739.86000,4742.24000,4737.95000,4742.03000,1098
2026.04.14,09:00,4751.74000,4752.43000,4746.16000,4748.30000,3514
2026.04.14,09:15,4748.34000,4749.47000,4745.21000,4748.33000,1283
2026.04.14,09:30,4748.34000,4750.57000,4745.88000,4750.25000,1284
2026.04.14,09:45,4750.70000,4759.30000,4748.72000,4757.57000,2056
2026.04.14,10:00,4757.56000,4765.61000,4757.55000,4762.51000,2461
2026.04.14,10:15,4762.83000,4763.27000,4754.78000,4754.90000,1624
2026.04.14,10:30,4755.60000,4761.54000,4754.12000,4759.57000,1637
2026.04.14,10:45,4759.42000,4761.46000,4756.39000,4757.36000,1794
2026.04.14,11:00,4757.41000,4760.30000,4751.20000,4759.54000,3495
2026.04.14,11:15,4759.25000,4767.44000,4759.25000,4762.14000,3878
2026.04.14,11:30,4762.19000,4775.92000,4761.06000,4770.33000,3571
2026.04.14,11:45,4770.26000,4772.02000,4768.42000,4769.67000,2504
2026.04.14,12:00,4769.30000,4776.88000,4762.23000,4775.89000,7085
2026.04.14,12:15,4776.25000,4776.49000,4769.28000,4770.17000,5187
2026.04.14,12:30,4770.12000,4773.23000,4764.19000,4773.02000,4901
2026.04.14,12:45,4773.01000,4773.78000,4761.48000,4765.04000,3988
2026.04.14,13:00,4764.70000,4771.13000,4762.50000,4767.65000,4233
2026.04.14,13:15,4767.94000,4772.52000,4767.45000,4768.77000,1745
2026.04.14,13:30,4768.70000,4772.34000,4761.66000,4771.77000,3713
2026.04.14,13:45,4771.87000,4777.26000,4771.76000,4774.98000,3036
2026.04.14,14:00,4774.96000,4775.41000,4768.33000,4768.86000,3012
2026.04.14,14:15,4768.58000,4771.28000,4765.82000,4768.56000,2528
2026.04.14,14:30,4768.54000,4769.74000,4765.22000,4767.49000,1686
2026.04.14,14:45,4767.50000,4771.92000,4767.13000,4768.17000,1278
2026.04.14,15:00,4768.13000,4770.69000,4766.99000,4768.54000,942
2026.04.14,15:15,4768.57000,4776.77000,4768.37000,4775.96000,1646
2026.04.14,15:30,4776.02000,4776.48000,4771.23000,4773.43000,1231
2026.04.14,15:45,4773.47000,4775.77000,4772.27000,4774.12000,1218
2026.04.14,16:00,4774.19000,4774.25000,4762.82000,4765.40000,2156
2026.04.14,16:15,4765.43000,4768.05000,4761.52000,4764.69000,2057
2026.04.14,16:30,4764.70000,4767.23000,4758.05000,4760.79000,5041
2026.04.14,16:45,4760.75000,4766.85000,4759.05000,4760.09000,3893
2026.04.14,17:00,4760.14000,4769.79000,4760.05000,4766.03000,4136
2026.04.14,17:15,4766.02000,4768.07000,4763.33000,4767.40000,2794
2026.04.14,17:30,4767.38000,4770.41000,4764.20000,4769.54000,2582
2026.04.14,17:45,4769.53000,4783.01000,4768.82000,4781.91000,4787
2026.04.14,18:00,4781.90000,4796.24000,4781.12000,4790.25000,6818
2026.04.14,18:15,4790.24000,4791.75000,4767.65000,4772.66000,6348
2026.04.14,18:30,4772.69000,4779.62000,4771.71000,4777.87000,4011
2026.04.14,18:45,4777.97000,4780.70000,4773.63000,4777.12000,4675
2026.04.14,19:00,4777.09000,4782.47000,4774.05000,4780.38000,4457
2026.04.14,19:15,4780.37000,4786.64000,4775.51000,4785.98000,4153
2026.04.14,19:30,4786.02000,4789.96000,4782.51000,4784.84000,4144
2026.04.14,19:45,4784.94000,4786.89000,4781.16000,4786.89000,2955
2026.04.14,20:00,4787.09000,4788.09000,4780.29000,4785.60000,2854
2026.04.14,20:15,4785.63000,4789.31000,4778.66000,4778.83000,2746
2026.04.14,20:30,4778.78000,4779.76000,4771.65000,4778.21000,4187
2026.04.14,20:45,4778.22000,4782.45000,4772.80000,4777.97000,3210
2026.04.14,21:00,4778.06000,4784.90000,4778.06000,4782.29000,2815
2026.04.14,21:15,4782.28000,4788.02000,4780.34000,4783.59000,2852
2026.04.14,21:30,4783.86000,4784.57000,4751.74000,4767.42000,5951
2026.04.14,21:45,4767.39000,4772.38000,4766.89000,4768.37000,3786
2026.04.14,22:00,4768.35000,4776.95000,4766.54000,4776.55000,4238
2026.04.14,22:15,4776.67000,4783.11000,4774.80000,4778.12000,2928
2026.04.14,22:30,4778.18000,4779.78000,4773.18000,4778.08000,3715
2026.04.14,22:45,4778.16000,4782.68000,4770.57000,4774.82000,4843
2026.04.14,23:00,4774.83000,4777.53000,4768.76000,4769.80000,5450
2026.04.14,23:15,4769.82000,4772.66000,4762.44000,4768.14000,5669
2026.04.14,23:30,4767.80000,4776.33000,4767.60000,4768.85000,6627
2026.04.14,23:45,4768.89000,4773.72000,4762.07000,4771.26000,6332
2026.04.15,00:00,4771.27000,4782.11000,4770.98000,4782.04000,7233
2026.04.15,00:15,4782.00000,4792.53000,4780.94000,4783.03000,7975
2026.04.15,00:30,4783.01000,4803.33000,4780.23000,4793.28000,13422
2026.04.15,00:45,4793.29000,4796.39000,4788.93000,4794.69000,10477
2026.04.15,01:00,4795.09000,4803.71000,4792.84000,4794.78000,11913
2026.04.15,01:15,4794.87000,4810.66000,4794.87000,4809.38000,10878
2026.04.15,01:30,4809.35000,4818.05000,4798.41000,4798.70000,10362
2026.04.15,01:45,4798.76000,4806.83000,4795.05000,4803.82000,9008
2026.04.15,02:00,4803.81000,4803.90000,4790.87000,4794.50000,10509
2026.04.15,02:15,4794.61000,4805.83000,4793.09000,4802.50000,8857
2026.04.15,02:30,4802.51000,4813.67000,4802.50000,4809.42000,7320
2026.04.15,02:45,4809.44000,4816.26000,4806.51000,4808.11000,6883
2026.04.15,03:00,4808.16000,4814.19000,4805.08000,4809.44000,6248
2026.04.15,03:15,4809.39000,4819.31000,4806.83000,4816.19000,6870
2026.04.15,03:30,4816.16000,4820.41000,4813.48000,4815.30000,4684
2026.04.15,03:45,4815.43000,4818.48000,4809.02000,4810.02000,5241
2026.04.15,04:00,4809.99000,4833.50000,4809.34000,4827.12000,7512
2026.04.15,04:15,4827.22000,4831.76000,4824.73000,4825.55000,6384
2026.04.15,04:30,4825.68000,4841.29000,4825.06000,4837.14000,5625
2026.04.15,04:45,4837.16000,4839.80000,4834.36000,4835.01000,4857
2026.04.15,05:00,4835.00000,4843.48000,4834.34000,4838.86000,5151
2026.04.15,05:15,4838.88000,4839.97000,4833.27000,4837.70000,7070
2026.04.15,05:30,4837.68000,4839.19000,4834.02000,4834.48000,4915
2026.04.15,05:45,4834.46000,4836.40000,4831.00000,4835.57000,4151
2026.04.15,06:00,4835.58000,4842.59000,4835.58000,4840.95000,3604
2026.04.15,06:15,4841.02000,4842.37000,4838.53000,4840.86000,3486
2026.04.15,06:30,4840.82000,4843.76000,4838.68000,4841.10000,4522
2026.04.15,06:45,4841.19000,4846.34000,4839.93000,4844.95000,6485
2026.04.15,07:00,4845.00000,4846.07000,4841.86000,4842.67000,1614
2026.04.15,07:15,4842.69000,4843.38000,4839.48000,4840.50000,887
2026.04.15,07:30,4840.48000,4842.92000,4839.91000,4841.88000,867
2026.04.15,07:45,4841.85000,4842.92000,4839.83000,4841.15000,1210
2026.04.15,09:00,4839.97000,4850.74000,4838.10000,4844.29000,3742
2026.04.15,09:15,4844.36000,4846.68000,4836.01000,4839.78000,2420
2026.04.15,09:30,4839.76000,4843.18000,4837.32000,4839.98000,2232
2026.04.15,09:45,4840.01000,4840.21000,4833.03000,4834.75000,2540
2026.04.15,10:00,4834.71000,4844.14000,4833.57000,4836.99000,2716
2026.04.15,10:15,4836.98000,4839.38000,4834.64000,4835.72000,2940
2026.04.15,10:30,4835.73000,4843.02000,4835.03000,4842.22000,3758
2026.04.15,10:45,4842.23000,4844.18000,4836.05000,4837.29000,3363
2026.04.15,11:00,4837.40000,4840.09000,4831.10000,4833.55000,4282
2026.04.15,11:15,4833.56000,4836.57000,4828.36000,4833.72000,3818
2026.04.15,11:30,4833.73000,4833.79000,4827.10000,4830.13000,2596
2026.04.15,11:45,4830.15000,4837.45000,4829.03000,4835.19000,2775
2026.04.15,12:00,4835.13000,4852.52000,4828.00000,4850.22000,8129
2026.04.15,12:15,4850.19000,4870.88000,4841.81000,4851.05000,9354
2026.04.15,12:30,4851.04000,4851.35000,4842.36000,4843.56000,6599
2026.04.15,12:45,4843.58000,4849.11000,4839.39000,4846.78000,5527
2026.04.15,13:00,4846.77000,4853.28000,4844.42000,4844.97000,5886
2026.04.15,13:15,4845.32000,4846.24000,4832.02000,4834.54000,3588
2026.04.15,13:30,4834.57000,4835.41000,4821.11000,4827.94000,7513
2026.04.15,13:45,4827.87000,4830.12000,4820.59000,4823.87000,6382
2026.04.15,14:00,4823.76000,4824.97000,4816.80000,4820.74000,5443
2026.04.15,14:15,4820.79000,4828.00000,4820.27000,4826.59000,3495
2026.04.15,14:30,4826.40000,4828.80000,4825.38000,4828.63000,2020
2026.04.15,14:45,4828.60000,4829.62000,4823.43000,4823.78000,1921
2026.04.15,15:00,4823.75000,4826.45000,4820.03000,4825.50000,2548
2026.04.15,15:15,4825.48000,4826.73000,4821.08000,4824.68000,2028
2026.04.15,15:30,4824.70000,4827.79000,4823.35000,4823.51000,1566
2026.04.15,15:45,4823.50000,4826.21000,4821.33000,4824.96000,1614
2026.04.15,16:00,4824.97000,4828.63000,4822.76000,4826.73000,3909
2026.04.15,16:15,4826.72000,4830.34000,4824.52000,4826.33000,2791
2026.04.15,16:30,4826.28000,4827.91000,4812.30000,4816.46000,6980
2026.04.15,16:45,4816.57000,4823.58000,4813.93000,4819.49000,4812
2026.04.15,17:00,4819.51000,4824.95000,4816.59000,4819.12000,4495
2026.04.15,17:15,4819.10000,4819.67000,4813.47000,4814.67000,4630
2026.04.15,17:30,4814.68000,4817.82000,4810.90000,4815.99000,4891
2026.04.15,17:45,4816.00000,4822.15000,4810.98000,4811.50000,5079
2026.04.15,18:00,4811.57000,4816.84000,4803.70000,4815.63000,5889
2026.04.15,18:15,4815.65000,4816.04000,4805.56000,4812.84000,4512
2026.04.15,18:30,4812.85000,4815.84000,4808.57000,4810.19000,4257
2026.04.15,18:45,4810.18000,4812.83000,4805.72000,4811.10000,4466
2026.04.15,19:00,4811.06000,4812.67000,4804.44000,4811.50000,4660
2026.04.15,19:15,4811.52000,4814.22000,4805.85000,4809.75000,4142
2026.04.15,19:30,4809.69000,4813.01000,4805.28000,4810.33000,4439
2026.04.15,19:45,4810.29000,4820.81000,4809.72000,4818.48000,3232
2026.04.15,20:00,4818.47000,4819.41000,4792.56000,4804.92000,8424
2026.04.15,20:15,4804.93000,4807.30000,4797.29000,4797.29000,4927
2026.04.15,20:30,4797.38000,4803.82000,4795.01000,4796.05000,5125
2026.04.15,20:45,4796.02000,4800.47000,4785.86000,4798.12000,5221
2026.04.15,21:00,4798.02000,4803.22000,4795.11000,4801.20000,4211
2026.04.15,21:15,4801.23000,4801.42000,4790.11000,4795.12000,7838
2026.04.15,21:30,4795.07000,4800.73000,4793.11000,4799.94000,5477
2026.04.15,21:45,4799.82000,4805.27000,4799.46000,4799.94000,4206
2026.04.15,22:00,4800.06000,4804.42000,4795.53000,4802.43000,3779
2026.04.15,22:15,4802.39000,4807.16000,4799.71000,4804.92000,3523
2026.04.15,22:30,4804.93000,4808.65000,4802.71000,4805.97000,3795
2026.04.15,22:45,4805.96000,4814.84000,4804.04000,4812.60000,5791
2026.04.15,23:00,4812.61000,4814.25000,4806.73000,4813.97000,5476
2026.04.15,23:15,4814.05000,4816.26000,4809.86000,4812.79000,4407
2026.04.15,23:30,4812.53000,4816.01000,4810.21000,4811.58000,3855
2026.04.15,23:45,4811.56000,4815.49000,4808.32000,4811.58000,3621
2026.04.16,00:00,4811.56000,4816.23000,4808.14000,4813.88000,9030
2026.04.16,00:15,4813.92000,4821.96000,4809.98000,4821.72000,5870
2026.04.16,00:30,4821.65000,4825.34000,4815.56000,4820.49000,12645
2026.04.16,00:45,4820.17000,4830.03000,4819.65000,4828.75000,10266
2026.04.16,01:00,4828.69000,4829.68000,4820.08000,4828.66000,9239
2026.04.16,01:15,4828.65000,4830.47000,4821.98000,4825.22000,8365
2026.04.16,01:30,4825.29000,4825.69000,4815.53000,4819.33000,9196
2026.04.16,01:45,4819.38000,4819.57000,4813.03000,4815.51000,7247
2026.04.16,02:00,4815.53000,4816.11000,4800.28000,4810.15000,9738
2026.04.16,02:15,4810.14000,4810.82000,4797.31000,4798.14000,7935
2026.04.16,02:30,4798.16000,4806.35000,4786.70000,4803.45000,9603
2026.04.16,02:45,4803.44000,4807.59000,4799.06000,4801.36000,6718
2026.04.16,03:00,4801.37000,4810.51000,4800.11000,4808.44000,5906
2026.04.16,03:15,4808.32000,4812.72000,4804.80000,4811.10000,4906
2026.04.16,03:30,4811.13000,4811.85000,4802.56000,4804.56000,6282
2026.04.16,03:45,4804.52000,4807.19000,4799.84000,4803.73000,6643
2026.04.16,04:00,4803.70000,4804.83000,4797.93000,4798.06000,5093
2026.04.16,04:15,4798.18000,4808.69000,4798.07000,4801.78000,4746
2026.04.16,04:30,4801.81000,4802.76000,4791.81000,4793.14000,5304
2026.04.16,04:45,4793.47000,4795.71000,4790.55000,4792.13000,4211
2026.04.16,05:00,4792.15000,4800.78000,4789.84000,4797.07000,7883
2026.04.16,05:15,4797.06000,4798.62000,4792.66000,4794.62000,4852
2026.04.16,05:30,4794.61000,4798.51000,4794.59000,4796.92000,4368
2026.04.16,05:45,4796.95000,4802.04000,4796.76000,4799.58000,3747
2026.04.16,06:00,4799.57000,4803.37000,4797.96000,4798.78000,4217
2026.04.16,06:15,4798.71000,4803.15000,4797.69000,4802.88000,3026
2026.04.16,06:30,4802.84000,4802.92000,4795.28000,4796.99000,4349
2026.04.16,06:45,4797.07000,4801.58000,4794.39000,4795.97000,5812
2026.04.16,07:00,4796.05000,4796.65000,4792.52000,4793.74000,1817
2026.04.16,07:15,4793.71000,4795.87000,4793.04000,4793.52000,1158
2026.04.16,07:30,4793.83000,4793.83000,4790.03000,4790.51000,1023
2026.04.16,07:45,4790.50000,4792.77000,4787.36000,4790.69000,1955
2026.04.16,09:00,4797.44000,4798.82000,4790.53000,4791.60000,2240
2026.04.16,09:15,4791.59000,4802.23000,4791.52000,4801.03000,1938
2026.04.16,09:30,4801.02000,4803.35000,4798.79000,4801.08000,1177
2026.04.16,09:45,4801.09000,4811.63000,4801.01000,4807.18000,1930
2026.04.16,10:00,4807.15000,4813.26000,4807.10000,4812.45000,1551
2026.04.16,10:15,4812.44000,4815.66000,4812.02000,4814.74000,1405
2026.04.16,10:30,4814.69000,4824.08000,4814.31000,4822.67000,2380
2026.04.16,10:45,4822.95000,4826.44000,4821.85000,4823.19000,2138
2026.04.16,11:00,4823.16000,4831.23000,4823.05000,4829.77000,2947
2026.04.16,11:15,4829.86000,4830.97000,4822.24000,4824.50000,3055
2026.04.16,11:30,4824.81000,4837.39000,4820.39000,4832.16000,2908
2026.04.16,11:45,4832.18000,4837.10000,4830.51000,4832.84000,2611
2026.04.16,12:00,4832.87000,4835.89000,4828.30000,4829.36000,5423
2026.04.16,12:15,4829.34000,4830.15000,4822.26000,4823.26000,3620
2026.04.16,12:30,4823.28000,4825.24000,4810.89000,4815.58000,5066
2026.04.16,12:45,4815.71000,4821.60000,4815.19000,4817.64000,3605
2026.04.16,13:00,4817.66000,4824.90000,4817.00000,4820.93000,3860
2026.04.16,13:15,4821.21000,4823.36000,4818.78000,4818.90000,1899
2026.04.16,13:30,4818.93000,4821.10000,4812.01000,4816.86000,4138
2026.04.16,13:45,4816.95000,4820.93000,4815.10000,4819.33000,3388
2026.04.16,14:00,4819.31000,4826.79000,4818.73000,4826.19000,3230
2026.04.16,14:15,4826.18000,4826.53000,4822.27000,4823.54000,2013
2026.04.16,14:30,4823.52000,4826.06000,4818.76000,4820.24000,2246
2026.04.16,14:45,4820.26000,4826.64000,4820.25000,4823.69000,1399
2026.04.16,15:00,4823.68000,4827.29000,4822.46000,4826.68000,1676
2026.04.16,15:15,4827.05000,4830.06000,4825.47000,4826.12000,1766
2026.04.16,15:30,4826.11000,4831.32000,4824.45000,4830.23000,1576
2026.04.16,15:45,4830.20000,4833.43000,4829.26000,4833.03000,1061
2026.04.16,16:00,4832.73000,4838.45000,4832.43000,4833.69000,2544
2026.04.16,16:15,4833.68000,4836.03000,4831.39000,4833.38000,1912
2026.04.16,16:30,4833.02000,4833.49000,4824.16000,4824.98000,4729
2026.04.16,16:45,4824.90000,4829.33000,4820.75000,4820.92000,4242
2026.04.16,17:00,4820.84000,4827.95000,4820.78000,4822.33000,3720
2026.04.16,17:15,4822.35000,4825.23000,4814.18000,4816.08000,4964
2026.04.16,17:30,4816.07000,4824.94000,4814.61000,4824.05000,4897
2026.04.16,17:45,4823.75000,4830.65000,4822.13000,4825.76000,5324
2026.04.16,18:00,4825.77000,4830.91000,4823.15000,4825.01000,5462
2026.04.16,18:15,4825.05000,4829.58000,4816.93000,4827.83000,5487
2026.04.16,18:30,4828.13000,4830.15000,4823.98000,4827.43000,4025
2026.04.16,18:45,4827.45000,4827.96000,4819.02000,4821.04000,3680
2026.04.16,19:00,4821.03000,4821.87000,4806.72000,4811.40000,6342
2026.04.16,19:15,4811.41000,4814.62000,4809.29000,4811.38000,4486
2026.04.16,19:30,4811.37000,4813.53000,4806.24000,4811.71000,4027
2026.04.16,19:45,4812.00000,4814.73000,4808.12000,4813.39000,3805
2026.04.16,20:00,4813.38000,4818.00000,4811.45000,4815.99000,3032
2026.04.16,20:15,4816.03000,4816.97000,4811.13000,4813.15000,2854
2026.04.16,20:30,4812.74000,4814.94000,4806.57000,4814.72000,4563
2026.04.16,20:45,4814.69000,4815.36000,4809.72000,4812.60000,4456
2026.04.16,21:00,4812.61000,4815.49000,4806.82000,4806.89000,3570
2026.04.16,21:15,4806.87000,4810.22000,4805.11000,4806.84000,3275
2026.04.16,21:30,4806.82000,4812.26000,4804.99000,4808.37000,3242
2026.04.16,21:45,4808.35000,4817.25000,4806.30000,4817.22000,3628
2026.04.16,22:00,4817.24000,4820.59000,4816.19000,4817.49000,3578
2026.04.16,22:15,4817.51000,4820.00000,4815.23000,4816.14000,2590
2026.04.16,22:30,4816.17000,4819.96000,4815.68000,4817.77000,3179
2026.04.16,22:45,4817.72000,4822.51000,4815.97000,4822.19000,3359
2026.04.16,23:00,4822.21000,4823.02000,4811.67000,4817.32000,4635
2026.04.16,23:15,4817.34000,4818.58000,4813.67000,4814.78000,3641
2026.04.16,23:30,4814.77000,4820.68000,4811.54000,4816.94000,5278
2026.04.16,23:45,4816.88000,4819.10000,4813.75000,4816.20000,3423
2026.04.17,00:00,4816.22000,4822.88000,4814.00000,4817.16000,6198
2026.04.17,00:15,4817.03000,4821.30000,4814.99000,4815.55000,4543
2026.04.17,00:30,4815.56000,4823.92000,4812.65000,4816.19000,11433
2026.04.17,00:45,4816.21000,4819.49000,4784.26000,4794.87000,14628
2026.04.17,01:00,4794.89000,4805.36000,4785.15000,4801.02000,13932
2026.04.17,01:15,4801.31000,4803.03000,4790.95000,4799.15000,9830
2026.04.17,01:30,4799.32000,4800.80000,4771.98000,4787.56000,10734
2026.04.17,01:45,4787.54000,4793.53000,4785.39000,4788.65000,10208
2026.04.17,02:00,4788.66000,4812.78000,4788.19000,4806.58000,9557
2026.04.17,02:15,4806.60000,4809.55000,4801.36000,4801.53000,6703
2026.04.17,02:30,4801.50000,4810.90000,4797.97000,4802.90000,9872
2026.04.17,02:45,4802.89000,4808.53000,4800.84000,4806.88000,5996
2026.04.17,03:00,4806.98000,4810.11000,4803.25000,4805.03000,5439
2026.04.17,03:15,4805.04000,4805.90000,4796.71000,4799.27000,5051
2026.04.17,03:30,4799.26000,4799.91000,4786.25000,4790.10000,10716
2026.04.17,03:45,4790.08000,4793.64000,4785.12000,4792.04000,8858
2026.04.17,04:00,4792.06000,4795.41000,4789.77000,4791.37000,8270
2026.04.17,04:15,4791.39000,4794.08000,4784.62000,4785.09000,8604
2026.04.17,04:30,4785.18000,4789.39000,4781.32000,4786.93000,8077
2026.04.17,04:45,4786.95000,4790.83000,4782.34000,4789.13000,7222
2026.04.17,05:00,4789.15000,4794.34000,4785.63000,4790.02000,11452
2026.04.17,05:15,4790.00000,4792.99000,4786.74000,4787.06000,8167
2026.04.17,05:30,4787.04000,4791.31000,4786.64000,4790.30000,6339
2026.04.17,05:45,4790.23000,4792.64000,4788.06000,4789.63000,4748
2026.04.17,06:00,4789.77000,4795.06000,4789.44000,4789.94000,4647
2026.04.17,06:15,4789.95000,4793.71000,4789.92000,4790.70000,3952
2026.04.17,06:30,4790.72000,4797.84000,4790.54000,4797.77000,3990
2026.04.17,06:45,4797.83000,4798.54000,4792.33000,4793.31000,4967
2026.04.17,07:00,4793.35000,4794.03000,4790.03000,4790.52000,1790
2026.04.17,07:15,4790.50000,4791.74000,4788.42000,4789.03000,1113
2026.04.17,07:30,4789.01000,4790.43000,4786.48000,4788.51000,989
2026.04.17,07:45,4788.31000,4790.84000,4787.19000,4789.80000,1280
2026.04.17,09:00,4794.47000,4797.72000,4791.16000,4794.97000,2989
2026.04.17,09:15,4794.98000,4795.93000,4792.11000,4793.63000,1402
2026.04.17,09:30,4793.64000,4796.03000,4790.36000,4794.92000,1706
2026.04.17,09:45,4794.93000,4796.93000,4794.33000,4795.18000,1371
2026.04.17,10:00,4794.87000,4795.36000,4791.88000,4792.73000,1544
2026.04.17,10:15,4792.75000,4797.59000,4792.21000,4794.01000,1415
2026.04.17,10:30,4793.99000,4796.01000,4792.01000,4795.58000,1172
2026.04.17,10:45,4795.32000,4796.45000,4791.31000,4791.41000,1737
2026.04.17,11:00,4791.36000,4791.92000,4785.65000,4790.20000,3748
2026.04.17,11:15,4790.17000,4792.95000,4787.26000,4792.90000,2536
2026.04.17,11:30,4792.91000,4798.76000,4792.58000,4798.68000,2605
2026.04.17,11:45,4798.69000,4801.09000,4793.64000,4794.71000,2191
2026.04.17,12:00,4794.43000,4795.59000,4769.02000,4778.61000,7112
2026.04.17,12:15,4778.53000,4785.10000,4767.68000,4768.59000,5800
2026.04.17,12:30,4768.34000,4777.66000,4767.24000,4777.66000,6175
2026.04.17,12:45,4777.67000,4791.53000,4774.93000,4789.33000,4591
2026.04.17,13:00,4789.32000,4794.53000,4787.61000,4791.44000,3682
2026.04.17,13:15,4791.48000,4791.99000,4788.05000,4789.04000,1861
2026.04.17,13:30,4789.02000,4794.62000,4788.37000,4791.49000,3219
2026.04.17,13:45,4791.52000,4793.59000,4784.11000,4784.73000,2765
2026.04.17,14:00,4784.71000,4797.48000,4784.71000,4795.98000,4085
2026.04.17,14:15,4795.88000,4798.05000,4792.63000,4793.94000,2880
2026.04.17,14:30,4794.02000,4795.24000,4791.97000,4793.96000,1579
2026.04.17,14:45,4793.94000,4796.69000,4792.78000,4793.16000,1152
2026.04.17,15:00,4793.12000,4796.01000,4792.56000,4795.16000,1389
2026.04.17,15:15,4795.17000,4796.12000,4793.24000,4795.81000,1243
2026.04.17,15:30,4795.84000,4801.52000,4795.01000,4800.87000,1407
2026.04.17,15:45,4800.95000,4804.58000,4798.41000,4802.78000,1767
2026.04.17,16:00,4802.74000,4806.08000,4799.72000,4804.79000,3140
2026.04.17,16:15,4804.78000,4805.14000,4801.32000,4803.37000,1560
2026.04.17,16:30,4803.39000,4805.32000,4795.41000,4796.47000,4083
2026.04.17,16:45,4796.53000,4800.49000,4793.77000,4794.04000,4035
2026.04.17,17:00,4794.20000,4795.34000,4786.52000,4787.77000,4441
2026.04.17,17:15,4787.74000,4789.57000,4783.26000,4783.69000,4029
2026.04.17,17:30,4783.64000,4787.17000,4779.26000,4785.66000,4166
2026.04.17,17:45,4785.65000,4787.24000,4783.77000,4784.90000,2934
2026.04.17,18:00,4784.87000,4791.00000,4784.22000,4787.26000,3059
2026.04.17,18:15,4787.29000,4792.96000,4784.89000,4791.57000,2712
2026.04.17,18:30,4791.61000,4794.74000,4782.38000,4785.90000,3396
2026.04.17,18:45,4785.91000,4786.18000,4778.65000,4784.45000,4108
2026.04.17,19:00,4784.47000,4791.13000,4780.97000,4783.74000,3620
2026.04.17,19:15,4783.73000,4787.25000,4782.77000,4784.52000,2535
2026.04.17,19:30,4784.44000,4797.02000,4784.43000,4797.01000,2969
2026.04.17,19:45,4797.02000,4797.02000,4791.02000,4795.83000,3262
2026.04.17,20:00,4795.82000,4800.89000,4792.75000,4793.08000,3515
2026.04.17,20:15,4793.21000,4798.47000,4792.07000,4795.74000,2851
2026.04.17,20:30,4795.75000,4799.15000,4793.95000,4794.45000,2663
2026.04.17,20:45,4794.66000,4795.22000,4790.05000,4790.43000,2834
2026.04.17,21:00,4790.45000,4791.96000,4786.97000,4791.20000,3019
2026.04.17,21:15,4791.19000,4793.98000,4788.75000,4789.62000,2394
2026.04.17,21:30,4789.66000,4789.93000,4782.41000,4784.86000,2503
2026.04.17,21:45,4784.82000,4788.34000,4782.22000,4787.42000,2758
2026.04.17,22:00,4787.44000,4789.69000,4783.42000,4786.32000,2784
2026.04.17,22:15,4786.30000,4793.34000,4784.43000,4792.86000,2864
2026.04.17,22:30,4792.82000,4798.80000,4789.63000,4798.65000,3149
2026.04.17,22:45,4798.75000,4811.67000,4798.69000,4799.14000,6664
2026.04.17,23:00,4799.22000,4805.65000,4797.81000,4803.86000,4189
2026.04.17,23:15,4803.85000,4819.53000,4803.12000,4816.86000,7513
2026.04.17,23:30,4816.92000,4825.07000,4815.32000,4823.34000,8565
2026.04.17,23:45,4823.63000,4847.66000,4821.54000,4846.45000,15141
2026.04.18,00:00,4846.30000,4890.11000,4834.91000,4883.04000,14754
2026.04.18,00:15,4882.67000,4883.83000,4850.30000,4851.62000,14636
2026.04.18,00:30,4851.66000,4873.64000,4848.34000,4864.38000,16489
2026.04.18,00:45,4864.40000,4881.96000,4851.78000,4880.18000,15363
2026.04.18,01:00,4880.10000,4885.32000,4860.81000,4867.08000,12587
2026.04.18,01:15,4867.12000,4880.31000,4865.11000,4871.63000,11671
2026.04.18,01:30,4871.57000,4882.64000,4869.21000,4877.25000,9236
2026.04.18,01:45,4877.39000,4881.21000,4869.82000,4873.16000,10516
2026.04.18,02:00,4873.31000,4880.61000,4862.19000,4867.64000,12590
2026.04.18,02:15,4867.71000,4874.61000,4863.16000,4866.00000,11232
2026.04.18,02:30,4866.06000,4873.96000,4854.47000,4858.81000,9748
2026.04.18,02:45,4858.80000,4871.97000,4857.68000,4867.43000,8801
2026.04.18,03:00,4867.48000,4873.28000,4863.67000,4871.42000,7177
2026.04.18,03:15,4871.45000,4873.53000,4867.57000,4867.70000,6493
2026.04.18,03:30,4867.79000,4873.05000,4867.29000,4868.40000,5395
2026.04.18,03:45,4868.41000,4869.11000,4864.75000,4867.10000,4511
2026.04.18,04:00,4867.14000,4869.62000,4857.56000,4862.64000,7739
2026.04.18,04:15,4862.70000,4864.87000,4853.49000,4858.59000,8729
2026.04.18,04:30,4858.38000,4863.25000,4854.17000,4854.85000,6719
2026.04.18,04:45,4854.81000,4863.23000,4854.79000,4862.45000,4777
2026.04.18,05:00,4862.49000,4866.61000,4860.35000,4861.19000,6127
2026.04.18,05:15,4861.20000,4867.90000,4858.83000,4860.83000,6822
2026.04.18,05:30,4860.84000,4866.72000,4860.34000,4862.00000,5575
2026.04.18,05:45,4861.98000,4862.79000,4855.82000,4857.76000,5317
2026.04.18,06:00,4858.13000,4858.91000,4853.73000,4856.47000,4802
2026.04.18,06:15,4856.49000,4857.94000,4854.09000,4856.93000,3298
2026.04.18,06:30,4856.59000,4861.40000,4855.88000,4860.25000,5421
2026.04.18,06:45,4859.77000,4860.23000,4852.70000,4854.58000,7230
2026.04.18,07:00,4854.60000,4854.89000,4844.49000,4845.53000,3591
2026.04.18,07:15,4845.70000,4851.79000,4844.29000,4845.41000,2521
2026.04.18,07:30,4845.40000,4846.85000,4833.64000,4835.36000,2719
2026.04.20,09:00,4766.12000,4794.09000,4761.89000,4789.70000,9598
2026.04.20,09:15,4789.57000,4794.65000,4783.11000,4784.79000,4690
2026.04.20,09:30,4784.82000,4790.26000,4778.64000,4779.81000,3978
2026.04.20,09:45,4779.80000,4786.47000,4777.48000,4778.68000,3109
2026.04.20,10:00,4779.04000,4779.20000,4771.76000,4772.32000,3850
2026.04.20,10:15,4772.29000,4775.69000,4767.73000,4768.94000,2920
2026.04.20,10:30,4768.99000,4773.27000,4745.66000,4752.06000,5599
2026.04.20,10:45,4752.10000,4754.98000,4736.38000,4754.72000,6609
2026.04.20,11:00,4754.74000,4754.96000,4744.20000,4751.77000,7550
2026.04.20,11:15,4751.81000,4765.80000,4751.40000,4765.18000,5606
2026.04.20,11:30,4765.15000,4768.18000,4760.85000,4764.09000,3894
2026.04.20,11:45,4763.81000,4774.42000,4759.20000,4772.23000,4501
2026.04.20,12:00,4772.16000,4794.35000,4771.12000,4793.54000,9750
2026.04.20,12:15,4793.43000,4803.70000,4788.27000,4802.68000,6581
2026.04.20,12:30,4802.69000,4812.14000,4801.04000,4806.39000,6446
2026.04.20,12:45,4806.16000,4814.20000,4805.73000,4807.64000,4768
2026.04.20,13:00,4807.36000,4809.21000,4800.61000,4800.82000,4950
2026.04.20,13:15,4800.83000,4803.66000,4798.05000,4800.39000,3149
2026.04.20,13:30,4800.36000,4802.00000,4794.51000,4796.14000,4745
2026.04.20,13:45,4796.26000,4797.55000,4792.96000,4797.17000,3852
2026.04.20,14:00,4797.19000,4798.34000,4790.34000,4791.47000,4050
2026.04.20,14:15,4791.48000,4795.95000,4788.71000,4795.17000,3284
2026.04.20,14:30,4795.06000,4796.81000,4789.57000,4793.35000,2351
2026.04.20,14:45,4793.34000,4794.76000,4789.03000,4790.91000,1903
2026.04.20,15:00,4790.96000,4795.81000,4790.68000,4792.93000,1767
2026.04.20,15:15,4792.63000,4795.66000,4791.63000,4794.59000,1717
2026.04.20,15:30,4794.61000,4794.65000,4786.80000,4786.80000,2086
2026.04.20,15:45,4787.19000,4793.25000,4787.01000,4788.85000,2173
2026.04.20,16:00,4788.95000,4793.01000,4784.41000,4786.40000,2661
2026.04.20,16:15,4786.42000,4789.52000,4785.16000,4788.05000,2372
2026.04.20,16:30,4788.00000,4796.10000,4779.23000,4780.99000,6603
2026.04.20,16:45,4780.96000,4793.31000,4780.90000,4790.91000,5540
2026.04.20,17:00,4790.86000,4794.09000,4785.32000,4790.44000,5682
2026.04.20,17:15,4790.46000,4790.49000,4783.82000,4785.92000,4535
2026.04.20,17:30,4785.93000,4791.80000,4785.32000,4790.13000,4566
2026.04.20,17:45,4790.11000,4795.30000,4785.33000,4795.26000,5914
2026.04.20,18:00,4795.68000,4801.49000,4793.77000,4797.49000,6199
2026.04.20,18:15,4797.46000,4805.74000,4794.20000,4797.82000,5200
2026.04.20,18:30,4797.73000,4798.82000,4790.08000,4797.48000,6358
2026.04.20,18:45,4797.46000,4797.50000,4786.69000,4789.67000,4389
2026.04.20,19:00,4789.65000,4791.85000,4785.95000,4789.12000,5070
2026.04.20,19:15,4789.10000,4792.48000,4786.42000,4791.97000,4405
2026.04.20,19:30,4791.96000,4792.48000,4788.66000,4792.37000,3635
2026.04.20,19:45,4792.34000,4796.18000,4792.17000,4796.02000,4355
2026.04.20,20:00,4795.99000,4797.87000,4793.44000,4795.72000,4610
2026.04.20,20:15,4795.71000,4795.86000,4791.59000,4792.23000,3496
2026.04.20,20:30,4792.21000,4794.28000,4783.44000,4791.93000,5064
2026.04.20,20:45,4791.83000,4797.15000,4789.04000,4791.51000,4533
2026.04.20,21:00,4791.52000,4799.48000,4789.78000,4795.69000,5158
2026.04.20,21:15,4795.72000,4800.97000,4795.25000,4798.21000,3297
2026.04.20,21:30,4798.22000,4800.13000,4794.95000,4794.98000,2379
2026.04.20,21:45,4794.97000,4797.17000,4794.47000,4795.81000,2988
2026.04.20,22:00,4795.75000,4796.38000,4786.93000,4789.66000,4968
2026.04.20,22:15,4789.64000,4791.00000,4786.54000,4788.37000,3834
2026.04.20,22:30,4788.44000,4794.74000,4787.68000,4794.74000,4538
2026.04.20,22:45,4794.76000,4810.78000,4794.65000,4810.38000,6591
2026.04.20,23:00,4810.42000,4813.06000,4803.08000,4810.92000,7157
2026.04.20,23:15,4810.95000,4822.04000,4803.70000,4805.76000,6521
2026.04.20,23:30,4805.72000,4809.64000,4799.02000,4805.94000,5506
2026.04.20,23:45,4805.93000,4808.33000,4800.99000,4803.36000,4165
2026.04.21,00:00,4803.52000,4816.80000,4799.61000,4815.49000,9873
2026.04.21,00:15,4815.46000,4825.91000,4811.94000,4824.11000,7410
2026.04.21,00:30,4824.13000,4826.31000,4816.04000,4822.29000,13603
2026.04.21,00:45,4822.08000,4824.45000,4816.86000,4818.02000,10709
2026.04.21,01:00,4818.13000,4818.53000,4806.70000,4816.13000,11393
2026.04.21,01:15,4816.05000,4826.82000,4814.35000,4823.37000,9849
2026.04.21,01:30,4823.25000,4827.68000,4810.52000,4814.11000,10048
2026.04.21,01:45,4814.15000,4814.93000,4792.13000,4805.11000,13343
2026.04.21,02:00,4805.25000,4807.35000,4792.73000,4798.24000,11494
2026.04.21,02:15,4798.20000,4809.37000,4794.04000,4808.25000,10493
2026.04.21,02:30,4808.31000,4809.23000,4799.49000,4800.33000,8025
2026.04.21,02:45,4800.37000,4801.72000,4795.28000,4799.72000,6697
2026.04.21,03:00,4799.80000,4801.60000,4794.22000,4798.51000,4867
2026.04.21,03:15,4798.52000,4801.87000,4792.75000,4801.12000,5419
2026.04.21,03:30,4801.15000,4804.61000,4798.82000,4801.83000,4860
2026.04.21,03:45,4801.84000,4806.23000,4801.67000,4805.48000,4807
2026.04.21,04:00,4805.51000,4810.57000,4803.77000,4808.75000,5520
2026.04.21,04:15,4808.79000,4811.28000,4806.20000,4809.92000,4214
2026.04.21,04:30,4809.96000,4812.05000,4804.92000,4809.31000,5528
2026.04.21,04:45,4809.33000,4809.66000,4805.60000,4806.72000,3121
2026.04.21,05:00,4806.73000,4815.73000,4806.73000,4815.42000,5152
2026.04.21,05:15,4815.41000,4815.42000,4811.86000,4813.42000,4984
2026.04.21,05:30,4813.41000,4815.55000,4810.92000,4814.48000,3842
2026.04.21,05:45,4814.47000,4816.51000,4813.19000,4813.91000,3059
2026.04.21,06:00,4813.90000,4821.39000,4813.76000,4820.33000,3399
2026.04.21,06:15,4820.37000,4820.40000,4816.17000,4817.05000,2807
2026.04.21,06:30,4817.09000,4817.36000,4810.07000,4811.48000,3916
2026.04.21,06:45,4811.56000,4814.27000,4810.92000,4814.23000,3939
2026.04.21,07:00,4814.24000,4816.78000,4812.68000,4813.52000,1486
2026.04.21,07:15,4813.54000,4817.06000,4812.05000,4815.90000,902
2026.04.21,07:30,4815.89000,4817.30000,4812.90000,4816.44000,1762
2026.04.21,07:45,4816.43000,4821.93000,4816.16000,4820.22000,1824
2026.04.21,09:00,4823.67000,4832.25000,4820.18000,4828.77000,4777
2026.04.21,09:15,4828.76000,4833.46000,4828.22000,4828.72000,2085
2026.04.21,09:30,4828.74000,4831.01000,4824.79000,4830.58000,3221
2026.04.21,09:45,4830.54000,4831.68000,4825.01000,4827.84000,1974
2026.04.21,10:00,4827.77000,4831.80000,4823.67000,4825.75000,1800
2026.04.21,10:15,4825.74000,4827.04000,4823.82000,4825.79000,1061
2026.04.21,10:30,4825.47000,4825.68000,4822.77000,4824.02000,1270
2026.04.21,10:45,4824.03000,4824.78000,4819.68000,4821.84000,1362
2026.04.21,11:00,4822.03000,4830.54000,4820.27000,4828.57000,3580
2026.04.21,11:15,4828.37000,4829.33000,4819.29000,4819.81000,3803
2026.04.21,11:30,4819.83000,4824.73000,4816.75000,4822.46000,3124
2026.04.21,11:45,4822.51000,4825.97000,4821.36000,4823.79000,3807
2026.04.21,12:00,4823.70000,4824.67000,4812.98000,4814.73000,6169
2026.04.21,12:15,4814.74000,4818.63000,4814.29000,4818.58000,3640
2026.04.21,12:30,4818.49000,4818.97000,4809.04000,4813.49000,4229
2026.04.21,12:45,4813.48000,4814.23000,4805.57000,4810.13000,3941
2026.04.21,13:00,4810.15000,4810.50000,4805.73000,4807.35000,3585
2026.04.21,13:15,4807.47000,4808.67000,4803.59000,4807.65000,1869
2026.04.21,13:30,4807.58000,4807.68000,4802.13000,4806.53000,3578
2026.04.21,13:45,4806.52000,4808.02000,4802.35000,4806.95000,2901
2026.04.21,14:00,4806.98000,4807.72000,4800.16000,4800.47000,3704
2026.04.21,14:15,4800.42000,4802.14000,4793.49000,4798.81000,3614
2026.04.21,14:30,4798.80000,4799.99000,4792.39000,4794.89000,2977
2026.04.21,14:45,4794.88000,4797.65000,4793.64000,4796.87000,1676
2026.04.21,15:00,4796.91000,4797.96000,4793.40000,4793.91000,1779
2026.04.21,15:15,4793.82000,4796.64000,4790.56000,4792.00000,2518
2026.04.21,15:30,4792.04000,4794.19000,4789.24000,4791.55000,1904
2026.04.21,15:45,4791.81000,4793.27000,4788.52000,4789.25000,1675
2026.04.21,16:00,4789.45000,4793.27000,4785.64000,4789.56000,3070
2026.04.21,16:15,4789.55000,4791.35000,4785.74000,4787.49000,2290
2026.04.21,16:30,4787.38000,4796.99000,4786.58000,4796.20000,4588
2026.04.21,16:45,4796.22000,4796.35000,4783.05000,4784.09000,4684
2026.04.21,17:00,4784.08000,4790.60000,4775.53000,4784.99000,5874
2026.04.21,17:15,4784.84000,4785.98000,4775.00000,4778.89000,5128
2026.04.21,17:30,4778.94000,4782.47000,4775.95000,4780.36000,3989
2026.04.21,17:45,4780.34000,4783.57000,4774.61000,4778.28000,4539
2026.04.21,18:00,4778.06000,4785.70000,4772.56000,4782.81000,5352
2026.04.21,18:15,4782.82000,4787.58000,4780.29000,4783.34000,4569
2026.04.21,18:30,4783.35000,4787.28000,4780.85000,4786.56000,4032
2026.04.21,18:45,4786.54000,4792.58000,4784.40000,4786.10000,5224
2026.04.21,19:00,4786.04000,4787.64000,4774.72000,4775.89000,5852
2026.04.21,19:15,4776.02000,4789.22000,4775.18000,4787.12000,4159
2026.04.21,19:30,4787.17000,4793.14000,4784.70000,4791.68000,3720
2026.04.21,19:45,4791.70000,4792.84000,4785.92000,4785.92000,2759
2026.04.21,20:00,4785.93000,4786.99000,4781.26000,4784.09000,3468
2026.04.21,20:15,4784.10000,4787.92000,4780.96000,4781.97000,2884
2026.04.21,20:30,4781.95000,4787.56000,4781.84000,4787.22000,3020
2026.04.21,20:45,4787.31000,4789.51000,4783.07000,4783.71000,3412
2026.04.21,21:00,4783.84000,4785.89000,4781.97000,4782.83000,2811
2026.04.21,21:15,4782.92000,4784.94000,4780.64000,4782.92000,2387
2026.04.21,21:30,4783.02000,4787.90000,4782.61000,4786.22000,1906
2026.04.21,21:45,4786.21000,4790.40000,4786.08000,4789.70000,2190
2026.04.21,22:00,4789.72000,4790.14000,4774.97000,4781.46000,5060
2026.04.21,22:15,4781.78000,4784.45000,4779.02000,4783.50000,3720
2026.04.21,22:30,4783.51000,4794.82000,4783.10000,4793.01000,3915
2026.04.21,22:45,4793.02000,4797.96000,4791.70000,4794.63000,3518
2026.04.21,23:00,4794.69000,4797.03000,4790.75000,4791.12000,4426
2026.04.21,23:15,4791.18000,4791.64000,4779.09000,4780.00000,5647
2026.04.21,23:30,4779.99000,4790.47000,4766.29000,4778.52000,8914
2026.04.21,23:45,4778.50000,4782.99000,4776.07000,4778.70000,6829
2026.04.22,00:00,4778.69000,4783.77000,4764.64000,4765.25000,10100
2026.04.22,00:15,4765.24000,4775.44000,4760.93000,4774.86000,7247
2026.04.22,00:30,4774.71000,4792.69000,4769.92000,4789.10000,14149
2026.04.22,00:45,4789.05000,4794.13000,4777.07000,4779.12000,10496
2026.04.22,01:00,4778.81000,4782.53000,4773.01000,4778.44000,9106
2026.04.22,01:15,4778.39000,4780.60000,4769.59000,4774.15000,9222
2026.04.22,01:30,4774.12000,4775.03000,4743.47000,4744.86000,13661
2026.04.22,01:45,4744.45000,4745.64000,4723.22000,4738.89000,18312
2026.04.22,02:00,4738.98000,4750.83000,4727.73000,4748.08000,15375
2026.04.22,02:15,4748.07000,4757.25000,4741.92000,4742.58000,12019
2026.04.22,02:30,4742.36000,4747.72000,4736.66000,4745.62000,10764
2026.04.22,02:45,4745.59000,4750.16000,4738.78000,4741.53000,8450
2026.04.22,03:00,4741.74000,4746.81000,4726.62000,4730.37000,9287
2026.04.22,03:15,4730.31000,4734.25000,4719.59000,4720.80000,7489
2026.04.22,03:30,4720.71000,4727.61000,4719.67000,4720.82000,7898
2026.04.22,03:45,4720.80000,4722.79000,4708.15000,4710.84000,8133
2026.04.22,04:00,4710.87000,4718.50000,4700.74000,4706.35000,11660
2026.04.22,04:15,4706.32000,4708.66000,4697.40000,4699.96000,9400
2026.04.22,04:30,4700.10000,4722.20000,4696.95000,4717.78000,11776
2026.04.22,04:45,4717.80000,4718.74000,4705.84000,4711.27000,6925
2026.04.22,05:00,4711.06000,4714.73000,4703.57000,4704.54000,8181
2026.04.22,05:15,4704.50000,4704.90000,4692.47000,4696.43000,9830
2026.04.22,05:30,4696.46000,4703.64000,4696.46000,4703.04000,7136
2026.04.22,05:45,4702.96000,4713.80000,4698.97000,4709.21000,9367
2026.04.22,06:00,4709.36000,4713.00000,4703.71000,4707.24000,9181
2026.04.22,06:15,4707.32000,4715.12000,4704.74000,4713.87000,8143
2026.04.22,06:30,4713.86000,4714.70000,4667.89000,4671.74000,11524
2026.04.22,06:45,4671.90000,4685.67000,4670.81000,4679.26000,15738
2026.04.22,07:00,4679.17000,4702.36000,4668.82000,4697.18000,9627
2026.04.22,07:15,4697.26000,4711.44000,4694.83000,4705.55000,8295
2026.04.22,07:30,4705.51000,4713.70000,4705.10000,4711.48000,3819
2026.04.22,07:45,4711.47000,4720.54000,4709.38000,4719.80000,4001
2026.04.22,09:00,4721.00000,4729.14000,4717.68000,4721.39000,4925
2026.04.22,09:15,4721.40000,4721.90000,4716.10000,4718.73000,1975
2026.04.22,09:30,4718.76000,4719.68000,4715.87000,4716.88000,1609
2026.04.22,09:45,4716.81000,4720.23000,4715.21000,4719.27000,1535
2026.04.22,10:00,4719.14000,4729.72000,4717.79000,4727.17000,2131
2026.04.22,10:15,4727.14000,4733.09000,4726.05000,4729.72000,2128
2026.04.22,10:30,4729.73000,4733.70000,4728.76000,4731.56000,1865
2026.04.22,10:45,4731.52000,4740.47000,4731.40000,4737.74000,2974
2026.04.22,11:00,4738.04000,4747.55000,4737.98000,4742.66000,3880
2026.04.22,11:15,4742.70000,4745.67000,4740.20000,4742.50000,3210
2026.04.22,11:30,4742.48000,4747.26000,4741.26000,4741.88000,2627
2026.04.22,11:45,4741.89000,4746.70000,4738.47000,4739.73000,3045
2026.04.22,12:00,4739.70000,4745.52000,4735.95000,4738.15000,6135
2026.04.22,12:15,4738.14000,4749.13000,4737.67000,4746.49000,3895
2026.04.22,12:30,4746.43000,4753.84000,4746.35000,4749.54000,4714
2026.04.22,12:45,4749.52000,4754.73000,4747.83000,4751.99000,3785
2026.04.22,13:00,4752.04000,4756.12000,4749.84000,4755.76000,3565
2026.04.22,13:15,4755.78000,4758.09000,4753.42000,4755.45000,1783
2026.04.22,13:30,4755.42000,4758.86000,4751.14000,4751.15000,2811
2026.04.22,13:45,4751.16000,4756.90000,4750.98000,4755.63000,2503
2026.04.22,14:00,4755.57000,4760.80000,4752.87000,4757.70000,3077
2026.04.22,14:15,4757.68000,4763.13000,4756.66000,4762.99000,2589
2026.04.22,14:30,4763.06000,4765.13000,4756.87000,4759.26000,2018
2026.04.22,14:45,4759.31000,4760.93000,4757.07000,4757.88000,1636
2026.04.22,15:00,4757.93000,4759.63000,4756.70000,4757.22000,1298
2026.04.22,15:15,4757.25000,4757.54000,4754.24000,4755.87000,2326
2026.04.22,15:30,4755.83000,4757.36000,4752.70000,4756.51000,1555
2026.04.22,15:45,4756.49000,4759.51000,4752.00000,4754.71000,2123
2026.04.22,16:00,4754.80000,4756.94000,4752.03000,4756.91000,1644
2026.04.22,16:15,4756.89000,4771.67000,4756.20000,4766.27000,5925
2026.04.22,16:30,4766.26000,4769.30000,4763.68000,4767.21000,4104
2026.04.22,16:45,4767.18000,4771.90000,4763.98000,4767.58000,3496
2026.04.22,17:00,4767.56000,4767.85000,4758.66000,4762.79000,3908
2026.04.22,17:15,4762.78000,4767.39000,4760.34000,4767.18000,2747
2026.04.22,17:30,4766.97000,4767.73000,4763.57000,4763.59000,2947
2026.04.22,17:45,4763.57000,4767.88000,4763.34000,4767.80000,2860
2026.04.22,18:00,4767.79000,4772.30000,4765.21000,4765.66000,3437
2026.04.22,18:15,4765.53000,4767.78000,4762.54000,4765.98000,3337
2026.04.22,18:30,4765.95000,4766.60000,4762.09000,4763.74000,2697
2026.04.22,18:45,4763.71000,4764.44000,4759.47000,4760.54000,2950
2026.04.22,19:00,4760.50000,4762.31000,4757.76000,4758.08000,3449
2026.04.22,19:15,4758.10000,4759.98000,4754.01000,4754.13000,3719
2026.04.22,19:30,4754.22000,4756.99000,4751.74000,4756.21000,3537
2026.04.22,19:45,4756.19000,4758.57000,4753.57000,4757.23000,2506
2026.04.22,20:00,4757.24000,4761.80000,4756.80000,4760.62000,3608
2026.04.22,20:15,4760.53000,4761.89000,4756.17000,4756.27000,2549
2026.04.22,20:30,4756.25000,4762.47000,4754.87000,4758.41000,2952
2026.04.22,20:45,4758.34000,4759.10000,4752.30000,4755.18000,3210
2026.04.22,21:00,4755.16000,4757.73000,4745.61000,4748.46000,4647
2026.04.22,21:15,4748.41000,4756.02000,4748.21000,4754.65000,2843
2026.04.22,21:30,4754.67000,4759.49000,4753.64000,4756.41000,2816
2026.04.22,21:45,4756.36000,4760.15000,4755.19000,4759.27000,2211
2026.04.22,22:00,4759.56000,4760.42000,4756.47000,4757.14000,2783
2026.04.22,22:15,4757.11000,4760.81000,4756.29000,4757.36000,2662
2026.04.22,22:30,4757.35000,4759.98000,4748.36000,4748.63000,3453
2026.04.22,22:45,4748.65000,4753.34000,4747.72000,4750.27000,3646
2026.04.22,23:00,4750.34000,4757.39000,4749.48000,4752.45000,3653
2026.04.22,23:15,4752.35000,4760.00000,4747.23000,4753.23000,4504
2026.04.22,23:30,4753.22000,4754.17000,4745.58000,4746.85000,5932
2026.04.22,23:45,4746.92000,4748.28000,4742.59000,4744.27000,4560
2026.04.23,00:00,4744.29000,4750.83000,4739.04000,4742.32000,8438
2026.04.23,00:15,4742.53000,4750.30000,4736.29000,4750.10000,8914
2026.04.23,00:30,4750.16000,4756.62000,4742.15000,4755.23000,13436
2026.04.23,00:45,4755.31000,4760.83000,4750.83000,4752.58000,10329
2026.04.23,01:00,4752.72000,4757.48000,4742.29000,4745.50000,9830
2026.04.23,01:15,4745.53000,4750.59000,4743.15000,4743.87000,8444
2026.04.23,01:30,4744.02000,4744.64000,4729.95000,4733.11000,11889
2026.04.23,01:45,4733.08000,4739.67000,4732.40000,4735.90000,8205
2026.04.23,02:00,4735.99000,4740.23000,4734.22000,4737.65000,9579
2026.04.23,02:15,4737.63000,4737.66000,4729.66000,4735.04000,7490
2026.04.23,02:30,4735.03000,4735.44000,4725.87000,4727.30000,7883
2026.04.23,02:45,4727.28000,4731.40000,4724.74000,4727.36000,6275
2026.04.23,03:00,4728.20000,4735.01000,4725.58000,4730.19000,5874
2026.04.23,03:15,4730.16000,4730.31000,4724.19000,4726.92000,4736
2026.04.23,03:30,4726.90000,4732.04000,4723.84000,4727.90000,5288
2026.04.23,03:45,4727.93000,4730.83000,4726.15000,4728.48000,4918
2026.04.23,04:00,4728.50000,4739.57000,4728.39000,4735.13000,7095
2026.04.23,04:15,4735.07000,4737.60000,4732.79000,4735.08000,4103
2026.04.23,04:30,4735.09000,4738.25000,4734.39000,4736.13000,3358
2026.04.23,04:45,4736.31000,4738.39000,4733.35000,4737.20000,4685
2026.04.23,05:00,4737.21000,4738.58000,4734.99000,4735.38000,3324
2026.04.23,05:15,4735.37000,4735.80000,4729.77000,4730.10000,3931
2026.04.23,05:30,4730.14000,4739.43000,4730.06000,4739.28000,3295
2026.04.23,05:45,4739.22000,4749.33000,4738.58000,4741.77000,4302
2026.04.23,06:00,4741.74000,4743.48000,4736.85000,4738.52000,5469
2026.04.23,06:15,4738.53000,4745.49000,4738.20000,4744.26000,3152
2026.04.23,06:30,4744.44000,4744.56000,4738.39000,4739.20000,3109
2026.04.23,06:45,4739.38000,4741.94000,4736.79000,4739.98000,5378
2026.04.23,07:00,4740.08000,4740.31000,4734.90000,4736.04000,2647
2026.04.23,07:15,4736.03000,4737.72000,4734.48000,4736.90000,1710
2026.04.23,07:30,4736.81000,4739.55000,4736.24000,4737.47000,1672
2026.04.23,07:45,4737.46000,4740.77000,4737.09000,4737.90000,1518
2026.04.23,09:00,4745.71000,4746.34000,4735.84000,4736.04000,2499
2026.04.23,09:15,4736.27000,4738.35000,4732.44000,4732.89000,2103
2026.04.23,09:30,4733.08000,4735.29000,4729.41000,4729.61000,2220
2026.04.23,09:45,4729.60000,4731.96000,4725.52000,4725.98000,1830
2026.04.23,10:00,4726.04000,4728.30000,4723.21000,4725.95000,2081
2026.04.23,10:15,4725.99000,4730.00000,4725.14000,4727.96000,1195
2026.04.23,10:30,4728.17000,4728.17000,4723.82000,4724.52000,1191
2026.04.23,10:45,4724.76000,4729.24000,4724.64000,4727.71000,1747
2026.04.23,11:00,4727.70000,4728.15000,4698.53000,4699.53000,7092
2026.04.23,11:15,4699.59000,4742.46000,4694.00000,4741.44000,13680
2026.04.23,11:30,4741.47000,4751.41000,4740.97000,4744.75000,8711
2026.04.23,11:45,4744.82000,4753.38000,4743.12000,4747.83000,5971
2026.04.23,12:00,4747.60000,4749.95000,4735.77000,4737.04000,7485
2026.04.23,12:15,4736.97000,4738.59000,4727.10000,4727.91000,5218
2026.04.23,12:30,4727.92000,4735.76000,4726.06000,4733.88000,5609
2026.04.23,12:45,4733.89000,4736.86000,4722.37000,4723.21000,6065
2026.04.23,13:00,4723.20000,4724.85000,4706.41000,4707.29000,7139
2026.04.23,13:15,4707.19000,4718.20000,4704.85000,4713.81000,6299
2026.04.23,13:30,4713.80000,4715.73000,4700.01000,4701.07000,8077
2026.04.23,13:45,4701.03000,4707.34000,4697.94000,4698.76000,7690
2026.04.23,14:00,4698.70000,4708.65000,4698.07000,4701.91000,7595
2026.04.23,14:15,4701.89000,4705.91000,4697.96000,4703.23000,6446
2026.04.23,14:30,4703.21000,4707.14000,4700.91000,4705.01000,4423
2026.04.23,14:45,4705.02000,4707.46000,4702.32000,4704.00000,3061
2026.04.23,15:00,4703.96000,4706.52000,4700.87000,4706.24000,2808
2026.04.23,15:15,4706.22000,4707.09000,4702.78000,4705.58000,2410
2026.04.23,15:30,4705.57000,4707.13000,4701.41000,4701.76000,2169
2026.04.23,15:45,4701.73000,4704.62000,4698.52000,4704.35000,2236
2026.04.23,16:00,4704.34000,4710.25000,4703.24000,4707.59000,3012
2026.04.23,16:15,4707.58000,4709.32000,4705.27000,4705.95000,3906
2026.04.23,16:30,4705.97000,4707.28000,4691.92000,4701.46000,7504
2026.04.23,16:45,4701.47000,4715.22000,4701.32000,4713.57000,5189
2026.04.23,17:00,4713.58000,4718.10000,4710.52000,4711.90000,5210
2026.04.23,17:15,4711.92000,4714.31000,4708.47000,4712.08000,4351
2026.04.23,17:30,4712.14000,4717.33000,4709.07000,4714.94000,3841
2026.04.23,17:45,4714.98000,4721.11000,4711.91000,4713.05000,5712
2026.04.23,18:00,4713.01000,4716.46000,4707.44000,4712.33000,6900
2026.04.23,18:15,4712.20000,4713.95000,4703.09000,4705.74000,6387
2026.04.23,18:30,4705.45000,4713.76000,4703.11000,4713.74000,4677
2026.04.23,18:45,4713.72000,4720.54000,4713.41000,4719.20000,4404
2026.04.23,19:00,4719.19000,4724.82000,4717.51000,4718.22000,4811
2026.04.23,19:15,4718.31000,4721.96000,4714.90000,4715.39000,3989
2026.04.23,19:30,4715.37000,4715.96000,4703.33000,4703.71000,6436
2026.04.23,19:45,4703.75000,4707.58000,4701.55000,4703.23000,4192
2026.04.23,20:00,4703.22000,4703.73000,4694.73000,4696.78000,5834
2026.04.23,20:15,4696.77000,4703.10000,4695.51000,4700.79000,4879
2026.04.23,20:30,4700.69000,4703.05000,4698.83000,4700.82000,4089
2026.04.23,20:45,4700.80000,4701.98000,4694.60000,4697.57000,4101
2026.04.23,21:00,4697.63000,4701.62000,4685.03000,4688.97000,5340
2026.04.23,21:15,4689.00000,4692.70000,4684.12000,4686.70000,5437
2026.04.23,21:30,4686.72000,4696.74000,4684.17000,4690.74000,5090
2026.04.23,21:45,4690.63000,4697.24000,4689.33000,4696.48000,3974
2026.04.23,22:00,4696.53000,4700.16000,4695.13000,4698.01000,4419
2026.04.23,22:15,4698.00000,4703.35000,4696.22000,4699.29000,3474
2026.04.23,22:30,4699.17000,4705.98000,4696.45000,4705.47000,5508
2026.04.23,22:45,4705.45000,4720.95000,4704.70000,4720.53000,6826
2026.04.23,23:00,4720.60000,4738.48000,4719.54000,4729.28000,9961
2026.04.23,23:15,4729.20000,4734.92000,4725.90000,4732.80000,6955
2026.04.23,23:30,4732.58000,4742.60000,4732.57000,4739.26000,7124
2026.04.23,23:45,4739.29000,4743.17000,4731.15000,4740.01000,9005
2026.04.24,00:00,4739.98000,4740.84000,4723.56000,4725.81000,8349
2026.04.24,00:15,4725.83000,4730.82000,4725.65000,4727.38000,6334
2026.04.24,00:30,4727.36000,4735.46000,4724.54000,4734.17000,10907
2026.04.24,00:45,4734.16000,4741.22000,4724.06000,4724.23000,9776
2026.04.24,01:00,4724.18000,4728.76000,4717.13000,4724.25000,13325
2026.04.24,01:15,4724.23000,4735.94000,4723.53000,4731.33000,9643
2026.04.24,01:30,4731.21000,4734.44000,4725.74000,4730.93000,8895
2026.04.24,01:45,4730.99000,4736.56000,4727.97000,4733.42000,8727
2026.04.24,02:00,4733.44000,4734.78000,4726.60000,4730.65000,7432
2026.04.24,02:15,4730.80000,4741.02000,4729.73000,4733.63000,7471
2026.04.24,02:30,4733.65000,4734.80000,4728.01000,4728.07000,6552
2026.04.24,02:45,4728.14000,4728.53000,4716.18000,4720.45000,9647
2026.04.24,03:00,4720.47000,4722.53000,4715.46000,4719.04000,8061
2026.04.24,03:15,4719.28000,4725.06000,4718.67000,4723.19000,4755
2026.04.24,03:30,4723.22000,4734.53000,4722.55000,4733.99000,4435
2026.04.24,03:45,4733.96000,4737.08000,4730.57000,4732.91000,5398
2026.04.24,04:00,4732.99000,4734.57000,4705.88000,4715.88000,15498
2026.04.24,04:15,4715.89000,4717.84000,4704.51000,4706.32000,14745
2026.04.24,04:30,4706.38000,4713.89000,4672.90000,4677.58000,15870
2026.04.24,04:45,4677.60000,4710.93000,4663.88000,4709.28000,20272
2026.04.24,05:00,4709.34000,4722.18000,4707.83000,4713.84000,16558
2026.04.24,05:15,4713.82000,4716.75000,4710.38000,4716.64000,11268
2026.04.24,05:30,4716.59000,4720.44000,4707.32000,4711.17000,8384
2026.04.24,05:45,4711.21000,4711.89000,4698.95000,4700.84000,7747
2026.04.24,06:00,4700.87000,4704.55000,4692.64000,4696.35000,9460
2026.04.24,06:15,4696.34000,4702.56000,4695.28000,4700.00000,6424
2026.04.24,06:30,4699.99000,4701.21000,4689.33000,4692.37000,8392
2026.04.24,06:45,4692.45000,4699.99000,4691.95000,4695.95000,9775
2026.04.24,07:00,4696.03000,4698.24000,4690.42000,4690.56000,4569
2026.04.24,07:15,4690.52000,4692.62000,4686.49000,4689.31000,3153
2026.04.24,07:30,4689.22000,4691.38000,4688.10000,4690.98000,1702
2026.04.24,07:45,4691.02000,4694.36000,4688.61000,4692.44000,2070
2026.04.24,09:00,4699.17000,4699.49000,4694.10000,4696.88000,2210
2026.04.24,09:15,4697.16000,4697.16000,4691.91000,4692.46000,1836
2026.04.24,09:30,4692.42000,4696.41000,4690.34000,4693.32000,2211
2026.04.24,09:45,4693.30000,4694.47000,4689.82000,4692.99000,1852
2026.04.24,10:00,4692.87000,4695.46000,4689.35000,4689.39000,2689
2026.04.24,10:15,4689.45000,4694.34000,4686.44000,4693.93000,2368
2026.04.24,10:30,4693.94000,4700.46000,4693.02000,4697.18000,2692
2026.04.24,10:45,4696.89000,4699.31000,4691.82000,4694.94000,3109
2026.04.24,11:00,4694.93000,4700.18000,4690.67000,4697.78000,6978
2026.04.24,11:15,4697.81000,4705.69000,4696.06000,4705.24000,5418
2026.04.24,11:30,4705.19000,4707.47000,4700.92000,4701.22000,5501
2026.04.24,11:45,4701.20000,4705.94000,4697.17000,4704.60000,5456
2026.04.24,12:00,4704.58000,4709.89000,4695.92000,4709.35000,8021
2026.04.24,12:15,4709.38000,4711.08000,4698.09000,4698.21000,5346
2026.04.24,12:30,4698.19000,4702.25000,4690.22000,4690.81000,7137
2026.04.24,12:45,4690.71000,4700.71000,4690.15000,4699.43000,5951
2026.04.24,13:00,4699.53000,4700.48000,4690.12000,4692.76000,7441
2026.04.24,13:15,4693.16000,4696.19000,4681.81000,4683.49000,5235
2026.04.24,13:30,4683.48000,4690.99000,4680.24000,4683.28000,5930
2026.04.24,13:45,4683.20000,4684.24000,4672.68000,4676.52000,6229
2026.04.24,14:00,4676.51000,4678.33000,4668.49000,4670.05000,5782
2026.04.24,14:15,4670.08000,4678.08000,4669.93000,4674.48000,5024
2026.04.24,14:30,4674.47000,4678.11000,4672.75000,4675.23000,4099
2026.04.24,14:45,4675.31000,4676.90000,4671.29000,4671.95000,2818
2026.04.24,15:00,4671.93000,4674.53000,4667.27000,4669.62000,3626
2026.04.24,15:15,4669.61000,4670.71000,4658.68000,4659.45000,4253
2026.04.24,15:30,4659.64000,4668.54000,4657.72000,4667.81000,4203
2026.04.24,15:45,4667.82000,4676.99000,4667.81000,4674.52000,3299
2026.04.24,16:00,4674.55000,4676.81000,4669.49000,4673.59000,3181
2026.04.24,16:15,4673.54000,4678.49000,4671.65000,4676.40000,4161
2026.04.24,16:30,4676.35000,4687.48000,4676.33000,4682.51000,6041
2026.04.24,16:45,4682.52000,4686.83000,4679.93000,4686.42000,5033
2026.04.24,17:00,4686.44000,4688.13000,4680.67000,4681.94000,4835
2026.04.24,17:15,4681.92000,4681.97000,4670.08000,4671.51000,5190
2026.04.24,17:30,4671.49000,4676.13000,4669.70000,4673.68000,5186
2026.04.24,17:45,4673.69000,4676.43000,4666.89000,4671.72000,5958
2026.04.24,18:00,4671.71000,4681.36000,4670.86000,4680.38000,4329
2026.04.24,18:15,4680.36000,4684.90000,4678.00000,4684.36000,3815
2026.04.24,18:30,4684.25000,4686.23000,4682.11000,4685.43000,3412
2026.04.24,18:45,4685.45000,4695.09000,4685.12000,4694.34000,4103
2026.04.24,19:00,4694.39000,4694.45000,4686.29000,4687.48000,5308
2026.04.24,19:15,4687.50000,4697.38000,4686.62000,4687.87000,5893
2026.04.24,19:30,4687.92000,4690.22000,4684.86000,4688.16000,4681
2026.04.24,19:45,4688.00000,4693.04000,4687.55000,4690.76000,3953
2026.04.24,20:00,4690.77000,4695.41000,4689.64000,4695.29000,4299
2026.04.24,20:15,4695.18000,4696.68000,4682.14000,4683.31000,5534
2026.04.24,20:30,4683.06000,4688.50000,4679.26000,4685.94000,4447
2026.04.24,20:45,4685.95000,4686.78000,4679.13000,4681.92000,3607
2026.04.24,21:00,4681.90000,4684.96000,4680.84000,4682.30000,3783
2026.04.24,21:15,4682.27000,4686.09000,4680.26000,4682.15000,3707
2026.04.24,21:30,4682.14000,4682.32000,4674.37000,4678.88000,4337
2026.04.24,21:45,4678.78000,4680.70000,4676.49000,4677.71000,2978
2026.04.24,22:00,4677.75000,4703.36000,4677.74000,4697.01000,11694
2026.04.24,22:15,4697.00000,4716.65000,4692.48000,4714.87000,12280
2026.04.24,22:30,4714.88000,4717.41000,4705.00000,4705.34000,8114
2026.04.24,22:45,4705.28000,4708.10000,4702.91000,4706.86000,5528
2026.04.24,23:00,4706.87000,4710.28000,4703.25000,4708.40000,7246
2026.04.24,23:15,4708.56000,4711.78000,4701.19000,4710.23000,7306
2026.04.24,23:30,4710.21000,4711.60000,4698.53000,4698.58000,6895
2026.04.24,23:45,4698.61000,4700.97000,4690.26000,4700.59000,7355
2026.04.25,00:00,4700.60000,4705.59000,4696.01000,4702.98000,9031
2026.04.25,00:15,4703.01000,4705.32000,4693.50000,4697.05000,8682
2026.04.25,00:30,4697.16000,4709.78000,4689.60000,4708.15000,14038
2026.04.25,00:45,4708.14000,4717.43000,4704.63000,4711.46000,12741
2026.04.25,01:00,4711.40000,4740.41000,4706.85000,4731.22000,15460
2026.04.25,01:15,4731.10000,4733.94000,4721.52000,4725.46000,13229
2026.04.25,01:30,4725.39000,4732.92000,4723.61000,4730.46000,11666
2026.04.25,01:45,4730.50000,4731.19000,4723.93000,4726.38000,9557
2026.04.25,02:00,4726.41000,4727.08000,4718.66000,4721.82000,10053
2026.04.25,02:15,4721.76000,4726.45000,4718.41000,4721.78000,7951
2026.04.25,02:30,4721.79000,4729.40000,4714.79000,4726.72000,8831
2026.04.25,02:45,4727.85000,4733.38000,4723.84000,4727.05000,14713
2026.04.25,03:00,4726.99000,4729.68000,4720.22000,4720.39000,8851
2026.04.25,03:15,4720.46000,4725.82000,4719.05000,4723.35000,6616
2026.04.25,03:30,4723.37000,4727.16000,4719.22000,4722.56000,6380
2026.04.25,03:45,4722.55000,4727.69000,4720.38000,4726.77000,6412
2026.04.25,04:00,4726.83000,4729.95000,4725.31000,4727.85000,6548
2026.04.25,04:15,4727.75000,4729.29000,4722.26000,4722.77000,5634
2026.04.25,04:30,4722.75000,4725.58000,4718.97000,4722.57000,5901
2026.04.25,04:45,4722.55000,4727.98000,4720.42000,4723.34000,4552
2026.04.25,05:00,4723.35000,4724.93000,4719.81000,4723.87000,5111
2026.04.25,05:15,4723.85000,4724.30000,4716.97000,4716.97000,4886
2026.04.25,05:30,4716.99000,4720.58000,4716.87000,4718.75000,3749
2026.04.25,05:45,4718.74000,4723.23000,4717.61000,4722.79000,3982
2026.04.25,06:00,4722.80000,4726.10000,4720.84000,4722.20000,4336
2026.04.25,06:15,4722.18000,4723.19000,4717.38000,4719.04000,3397
2026.04.25,06:30,4719.05000,4720.58000,4715.92000,4716.69000,3605
2026.04.25,06:45,4716.40000,4718.48000,4713.51000,4716.20000,5160
2026.04.25,07:00,4716.29000,4717.50000,4705.06000,4706.43000,2264
2026.04.25,07:15,4706.46000,4709.31000,4705.11000,4707.89000,1683
2026.04.25,07:30,4707.82000,4709.00000,4705.30000,4707.41000,1705
2026.04.27,09:00,4692.82000,4699.74000,4679.78000,4685.13000,6299
2026.04.27,09:15,4685.53000,4688.49000,4682.66000,4686.47000,3433
2026.04.27,09:30,4686.42000,4686.82000,4681.77000,4684.51000,2793
2026.04.27,09:45,4684.49000,4686.03000,4681.27000,4684.20000,1995
2026.04.27,10:00,4684.10000,4684.72000,4677.36000,4683.20000,3164
2026.04.27,10:15,4683.22000,4684.15000,4676.96000,4677.06000,2198
2026.04.27,10:30,4677.00000,4679.85000,4674.72000,4676.60000,3119
2026.04.27,10:45,4676.73000,4682.30000,4676.73000,4679.63000,2569
2026.04.27,11:00,4679.65000,4681.13000,4671.77000,4679.93000,5826
2026.04.27,11:15,4679.97000,4682.33000,4677.30000,4680.33000,4453
2026.04.27,11:30,4680.48000,4681.27000,4676.56000,4680.42000,3326
2026.04.27,11:45,4680.41000,4698.09000,4680.41000,4697.62000,4192
2026.04.27,12:00,4697.67000,4709.74000,4692.03000,4692.84000,10651
2026.04.27,12:15,4692.82000,4698.67000,4690.96000,4697.90000,8168
2026.04.27,12:30,4697.91000,4700.81000,4695.39000,4697.83000,7479
2026.04.27,12:45,4697.82000,4706.52000,4697.41000,4702.55000,5838
2026.04.27,13:00,4702.61000,4706.75000,4696.21000,4699.64000,5863
2026.04.27,13:15,4699.59000,4708.22000,4698.61000,4705.68000,3966
2026.04.27,13:30,4705.56000,4714.61000,4704.19000,4713.46000,6041
2026.04.27,13:45,4713.50000,4723.22000,4712.02000,4718.09000,5283
2026.04.27,14:00,4718.03000,4721.96000,4716.21000,4717.87000,4778
2026.04.27,14:15,4717.83000,4718.55000,4714.07000,4715.47000,3487
2026.04.27,14:30,4715.19000,4729.53000,4714.94000,4728.33000,3532
2026.04.27,14:45,4728.27000,4728.72000,4722.39000,4723.99000,3044
2026.04.27,15:00,4723.98000,4728.11000,4723.54000,4727.50000,2201
2026.04.27,15:15,4727.44000,4728.01000,4724.77000,4726.79000,1797
2026.04.27,15:30,4726.80000,4729.83000,4725.20000,4726.27000,2159
2026.04.27,15:45,4726.15000,4726.65000,4722.49000,4724.93000,2297
2026.04.27,16:00,4724.90000,4725.49000,4717.90000,4718.36000,2639
2026.04.27,16:15,4718.37000,4719.98000,4716.08000,4718.15000,2719
2026.04.27,16:30,4718.17000,4718.42000,4708.71000,4711.68000,5710
2026.04.27,16:45,4711.67000,4713.54000,4708.51000,4710.19000,3767
2026.04.27,17:00,4710.23000,4715.64000,4709.17000,4714.31000,4869
2026.04.27,17:15,4714.33000,4715.59000,4711.25000,4714.48000,4485
2026.04.27,17:30,4714.49000,4714.60000,4709.39000,4710.68000,4719
2026.04.27,17:45,4710.67000,4715.55000,4709.92000,4712.66000,4346
2026.04.27,18:00,4712.67000,4718.19000,4710.70000,4717.06000,5740
2026.04.27,18:15,4717.05000,4718.25000,4712.16000,4716.02000,5050
2026.04.27,18:30,4716.04000,4717.26000,4713.54000,4714.73000,4532
2026.04.27,18:45,4714.71000,4716.72000,4709.77000,4713.35000,4859
2026.04.27,19:00,4713.37000,4714.35000,4710.00000,4710.96000,6684
2026.04.27,19:15,4710.98000,4714.13000,4709.36000,4710.70000,5331
2026.04.27,19:30,4710.71000,4711.79000,4705.41000,4711.75000,4983
2026.04.27,19:45,4711.76000,4714.60000,4705.43000,4706.74000,4680
2026.04.27,20:00,4706.76000,4708.23000,4702.38000,4705.17000,4287
2026.04.27,20:15,4705.13000,4706.48000,4701.48000,4702.15000,3803
2026.04.27,20:30,4702.16000,4705.32000,4699.32000,4704.58000,3931
2026.04.27,20:45,4704.57000,4704.57000,4699.50000,4703.58000,3377
2026.04.27,21:00,4703.59000,4706.77000,4701.55000,4701.85000,3105
2026.04.27,21:15,4701.86000,4705.80000,4699.53000,4704.96000,2819
2026.04.27,21:30,4705.00000,4710.55000,4704.54000,4708.95000,3627
2026.04.27,21:45,4708.96000,4710.95000,4707.03000,4708.70000,3840
2026.04.27,22:00,4708.74000,4709.10000,4703.87000,4704.02000,4194
2026.04.27,22:15,4704.01000,4706.99000,4700.25000,4705.19000,4580
2026.04.27,22:30,4705.20000,4708.46000,4700.06000,4702.63000,4265
2026.04.27,22:45,4702.60000,4705.30000,4700.96000,4704.82000,2929
2026.04.27,23:00,4704.83000,4709.21000,4702.46000,4708.95000,5352
2026.04.27,23:15,4708.98000,4712.45000,4701.80000,4706.95000,7094
2026.04.27,23:30,4706.96000,4707.80000,4697.08000,4698.63000,6370
2026.04.27,23:45,4698.60000,4704.42000,4696.97000,4699.29000,6141
2026.04.28,00:00,4699.35000,4700.65000,4692.98000,4696.00000,9790
2026.04.28,00:15,4696.01000,4703.53000,4695.56000,4699.89000,6445
2026.04.28,00:30,4699.84000,4702.53000,4689.14000,4693.32000,12052
2026.04.28,00:45,4693.34000,4697.36000,4689.37000,4696.02000,11585
2026.04.28,01:00,4695.96000,4696.30000,4687.64000,4692.60000,11674
2026.04.28,01:15,4692.52000,4696.66000,4686.32000,4688.93000,10279
2026.04.28,01:30,4688.92000,4696.75000,4683.55000,4693.53000,10740
2026.04.28,01:45,4693.62000,4694.10000,4676.54000,4678.11000,8789
2026.04.28,02:00,4678.12000,4679.37000,4667.07000,4674.61000,10718
2026.04.28,02:15,4674.52000,4681.20000,4671.42000,4681.20000,8318
2026.04.28,02:30,4681.11000,4682.56000,4676.62000,4677.24000,8059
2026.04.28,02:45,4677.32000,4677.94000,4667.93000,4669.99000,8584
2026.04.28,03:00,4669.88000,4674.92000,4667.20000,4674.62000,6173
2026.04.28,03:15,4674.60000,4677.77000,4673.53000,4676.40000,4829
2026.04.28,03:30,4676.39000,4679.63000,4674.35000,4674.94000,4945
2026.04.28,03:45,4674.95000,4678.15000,4674.69000,4676.73000,3438
2026.04.28,04:00,4676.74000,4678.45000,4671.60000,4673.71000,4479
2026.04.28,04:15,4673.73000,4679.93000,4668.38000,4679.58000,6409
2026.04.28,04:30,4679.61000,4686.18000,4679.31000,4683.14000,5671
2026.04.28,04:45,4683.19000,4684.35000,4680.83000,4682.09000,4371
2026.04.28,05:00,4682.10000,4682.79000,4678.81000,4681.26000,3988
2026.04.28,05:15,4681.33000,4685.51000,4680.55000,4683.93000,4169
2026.04.28,05:30,4683.89000,4685.15000,4682.50000,4682.69000,3160
2026.04.28,05:45,4682.61000,4684.90000,4680.63000,4680.63000,3186
2026.04.28,06:00,4680.60000,4681.22000,4678.35000,4680.01000,2870
2026.04.28,06:15,4679.97000,4682.69000,4679.59000,4682.21000,2334
2026.04.28,06:30,4682.29000,4682.34000,4676.56000,4680.01000,2859
2026.04.28,06:45,4679.98000,4681.48000,4678.28000,4680.80000,4932
2026.04.28,07:00,4680.83000,4681.45000,4677.27000,4679.11000,1550
2026.04.28,07:15,4679.16000,4680.72000,4678.43000,4679.79000,803
2026.04.28,07:30,4679.81000,4680.49000,4678.73000,4680.14000,1028
2026.04.28,07:45,4680.17000,4682.29000,4678.35000,4681.97000,1270
2026.04.28,09:00,4683.62000,4690.95000,4681.95000,4689.32000,3120
2026.04.28,09:15,4688.75000,4689.81000,4686.54000,4688.69000,1844
2026.04.28,09:30,4688.73000,4689.64000,4686.21000,4686.97000,1592
2026.04.28,09:45,4687.26000,4688.14000,4685.88000,4687.95000,1160
2026.04.28,10:00,4687.94000,4689.71000,4686.89000,4689.69000,1295
2026.04.28,10:15,4689.42000,4691.60000,4689.13000,4690.33000,1646
2026.04.28,10:30,4690.49000,4694.58000,4690.32000,4694.49000,1557
2026.04.28,10:45,4694.50000,4695.24000,4691.60000,4691.60000,1509
2026.04.28,11:00,4691.65000,4701.33000,4691.65000,4697.80000,3678
2026.04.28,11:15,4697.78000,4699.46000,4691.91000,4694.96000,3959
2026.04.28,11:30,4694.95000,4695.26000,4691.53000,4693.37000,3263
2026.04.28,11:45,4693.24000,4694.67000,4690.32000,4690.52000,2877
2026.04.28,12:00,4690.34000,4690.99000,4684.33000,4687.82000,6323
2026.04.28,12:15,4687.70000,4690.66000,4685.61000,4687.49000,4541
2026.04.28,12:30,4687.48000,4691.46000,4683.73000,4687.28000,4336
2026.04.28,12:45,4687.31000,4687.86000,4669.25000,4670.56000,6620
2026.04.28,13:00,4670.22000,4677.88000,4666.19000,4677.42000,5843
2026.04.28,13:15,4677.41000,4679.79000,4674.41000,4675.52000,2751
2026.04.28,13:30,4675.67000,4675.69000,4670.64000,4670.95000,4024
2026.04.28,13:45,4670.94000,4671.45000,4666.41000,4669.16000,4418
2026.04.28,14:00,4669.15000,4674.01000,4668.00000,4672.94000,3923
2026.04.28,14:15,4672.92000,4675.83000,4671.21000,4674.84000,3264
2026.04.28,14:30,4674.88000,4675.37000,4671.45000,4671.86000,2393
2026.04.28,14:45,4671.83000,4672.50000,4669.25000,4671.09000,1778
2026.04.28,15:00,4671.02000,4671.37000,4666.70000,4669.81000,2389
2026.04.28,15:15,4669.78000,4669.82000,4666.52000,4667.31000,1842
2026.04.28,15:30,4667.30000,4669.91000,4666.65000,4669.82000,1819
2026.04.28,15:45,4669.68000,4670.00000,4666.83000,4667.70000,1544
2026.04.28,16:00,4667.71000,4668.06000,4648.53000,4652.39000,5059
2026.04.28,16:15,4652.41000,4659.59000,4651.08000,4658.19000,2853
2026.04.28,16:30,4658.21000,4658.48000,4623.90000,4624.75000,11184
2026.04.28,16:45,4624.82000,4634.32000,4623.50000,4632.25000,7936
2026.04.28,17:00,4632.26000,4642.95000,4625.92000,4640.33000,7159
2026.04.28,17:15,4640.32000,4640.92000,4623.15000,4631.52000,7199
2026.04.28,17:30,4631.51000,4634.70000,4625.26000,4629.72000,6416
2026.04.28,17:45,4629.74000,4631.77000,4623.15000,4628.97000,6586
2026.04.28,18:00,4629.02000,4639.21000,4627.38000,4634.17000,6999
2026.04.28,18:15,4634.16000,4634.95000,4626.98000,4629.74000,5964
2026.04.28,18:30,4629.72000,4635.41000,4625.88000,4629.21000,5765
2026.04.28,18:45,4629.20000,4633.67000,4620.56000,4632.92000,6183
2026.04.28,19:00,4633.23000,4633.36000,4614.37000,4620.14000,9289
2026.04.28,19:15,4620.29000,4627.05000,4618.91000,4626.95000,6711
2026.04.28,19:30,4626.78000,4635.39000,4626.44000,4628.24000,6561
2026.04.28,19:45,4628.17000,4630.68000,4625.07000,4629.52000,4760
2026.04.28,20:00,4629.50000,4630.06000,4621.58000,4625.30000,5931
2026.04.28,20:15,4625.29000,4625.87000,4612.98000,4618.23000,6586
2026.04.28,20:30,4618.13000,4619.00000,4608.04000,4613.55000,7796
2026.04.28,20:45,4613.56000,4615.22000,4604.63000,4604.88000,7050
2026.04.28,21:00,4604.83000,4613.63000,4604.30000,4612.68000,5916
2026.04.28,21:15,4612.65000,4616.43000,4610.78000,4611.47000,5275
2026.04.28,21:30,4611.42000,4615.88000,4610.90000,4613.20000,4584
2026.04.28,21:45,4613.19000,4615.55000,4603.17000,4603.17000,5140
2026.04.28,22:00,4602.64000,4608.88000,4597.58000,4598.48000,6962
2026.04.28,22:15,4598.37000,4604.08000,4594.10000,4599.27000,6621
2026.04.28,22:30,4599.24000,4599.76000,4567.79000,4572.05000,10777
2026.04.28,22:45,4572.01000,4574.02000,4555.52000,4562.49000,11561
2026.04.28,23:00,4562.48000,4581.78000,4554.84000,4581.56000,10508
2026.04.28,23:15,4581.81000,4597.54000,4573.79000,4580.24000,11056
2026.04.28,23:30,4580.17000,4588.56000,4570.57000,4587.03000,9235
2026.04.28,23:45,4587.04000,4600.09000,4584.21000,4593.34000,9238
2026.04.29,00:00,4593.32000,4594.30000,4570.95000,4576.25000,12340
2026.04.29,00:15,4576.26000,4584.34000,4572.22000,4581.18000,11320
2026.04.29,00:30,4581.11000,4591.53000,4570.81000,4581.76000,17528
2026.04.29,00:45,4581.72000,4592.52000,4574.46000,4580.32000,12577
2026.04.29,01:00,4580.29000,4580.54000,4564.78000,4568.13000,14162
2026.04.29,01:15,4568.00000,4577.80000,4563.73000,4571.46000,14646
2026.04.29,01:30,4571.61000,4578.09000,4557.19000,4564.12000,13643
2026.04.29,01:45,4564.15000,4574.74000,4557.11000,4574.38000,14282
2026.04.29,02:00,4574.41000,4581.85000,4570.28000,4572.55000,14104
2026.04.29,02:15,4572.68000,4577.41000,4566.87000,4576.86000,10871
2026.04.29,02:30,4576.84000,4581.41000,4571.00000,4577.70000,10703
2026.04.29,02:45,4577.65000,4586.36000,4576.39000,4586.24000,9302
2026.04.29,03:00,4586.21000,4586.68000,4582.23000,4585.25000,8278
2026.04.29,03:15,4585.30000,4585.85000,4577.69000,4582.72000,7261
2026.04.29,03:30,4582.67000,4586.86000,4580.55000,4584.84000,7203
2026.04.29,03:45,4584.86000,4594.69000,4583.75000,4592.20000,7011
2026.04.29,04:00,4592.22000,4594.61000,4588.46000,4593.72000,5613
2026.04.29,04:15,4593.68000,4597.32000,4587.05000,4593.76000,7202
2026.04.29,04:30,4593.83000,4601.39000,4593.78000,4599.03000,5396
2026.04.29,04:45,4599.00000,4600.56000,4594.05000,4594.75000,5053
2026.04.29,05:00,4594.76000,4598.45000,4591.87000,4596.07000,5486
2026.04.29,05:15,4596.14000,4600.59000,4596.05000,4598.89000,6111
2026.04.29,05:30,4599.00000,4599.59000,4593.39000,4597.57000,4447
2026.04.29,05:45,4597.59000,4598.94000,4592.99000,4594.31000,3709
2026.04.29,06:00,4594.32000,4598.57000,4593.90000,4595.56000,3090
2026.04.29,06:15,4595.57000,4597.27000,4593.70000,4596.19000,3822
2026.04.29,06:30,4596.22000,4600.05000,4594.61000,4598.47000,3917
2026.04.29,06:45,4598.54000,4599.35000,4593.27000,4595.39000,6033
2026.04.29,07:00,4595.40000,4598.64000,4594.73000,4597.37000,2735
2026.04.29,07:15,4597.38000,4598.15000,4591.09000,4592.91000,2507
2026.04.29,07:30,4592.87000,4595.38000,4592.41000,4593.37000,1860
2026.04.29,07:45,4593.41000,4597.22000,4592.71000,4595.51000,1598
2026.04.29,09:00,4598.87000,4599.10000,4593.77000,4596.43000,1816
2026.04.29,09:15,4596.33000,4597.43000,4594.77000,4595.64000,959
2026.04.29,09:30,4595.65000,4597.03000,4592.80000,4593.66000,1039
2026.04.29,09:45,4593.65000,4595.31000,4592.04000,4593.82000,1301
2026.04.29,10:00,4594.11000,4594.50000,4588.81000,4590.77000,1865
2026.04.29,10:15,4590.76000,4592.88000,4589.91000,4591.92000,1252
2026.04.29,10:30,4592.00000,4593.69000,4587.51000,4589.82000,1545
2026.04.29,10:45,4589.84000,4596.12000,4588.34000,4595.60000,2296
2026.04.29,11:00,4595.59000,4610.13000,4594.86000,4607.46000,5728
2026.04.29,11:15,4607.49000,4607.81000,4598.55000,4600.05000,3792
2026.04.29,11:30,4600.02000,4604.91000,4599.29000,4603.71000,2631
2026.04.29,11:45,4603.73000,4604.08000,4595.97000,4600.24000,3378
2026.04.29,12:00,4600.23000,4600.49000,4575.63000,4581.98000,10863
2026.04.29,12:15,4582.14000,4586.43000,4578.89000,4580.33000,6701
2026.04.29,12:30,4580.04000,4591.44000,4578.53000,4590.47000,7646
2026.04.29,12:45,4590.54000,4591.51000,4580.21000,4584.73000,5961
2026.04.29,13:00,4584.75000,4602.40000,4584.75000,4600.82000,6234
2026.04.29,13:15,4601.10000,4604.11000,4598.16000,4598.90000,3656
2026.04.29,13:30,4598.93000,4601.74000,4595.59000,4596.93000,4760
2026.04.29,13:45,4596.81000,4601.30000,4591.95000,4593.67000,4858
2026.04.29,14:00,4593.65000,4602.96000,4592.66000,4601.71000,4775
2026.04.29,14:15,4601.75000,4603.08000,4596.97000,4598.62000,3234
2026.04.29,14:30,4598.61000,4598.70000,4592.10000,4593.85000,2306
2026.04.29,14:45,4593.84000,4596.55000,4592.09000,4595.66000,2109
2026.04.29,15:00,4595.69000,4603.55000,4595.22000,4600.45000,1976
2026.04.29,15:15,4600.76000,4601.95000,4597.25000,4601.61000,1985
2026.04.29,15:30,4601.63000,4605.57000,4601.58000,4602.22000,2467
2026.04.29,15:45,4602.25000,4605.70000,4602.24000,4604.94000,1649
2026.04.29,16:00,4604.92000,4607.66000,4600.35000,4601.09000,2609
2026.04.29,16:15,4601.10000,4602.79000,4598.65000,4600.60000,2247
2026.04.29,16:30,4600.59000,4601.67000,4593.64000,4598.70000,4066
2026.04.29,16:45,4598.73000,4603.15000,4590.73000,4591.13000,4451
2026.04.29,17:00,4591.12000,4598.63000,4586.94000,4588.47000,5972
2026.04.29,17:15,4588.52000,4589.37000,4581.24000,4584.98000,5529
2026.04.29,17:30,4584.99000,4587.60000,4580.74000,4585.02000,4988
2026.04.29,17:45,4585.04000,4586.84000,4581.09000,4584.41000,4861
2026.04.29,18:00,4584.45000,4588.77000,4576.69000,4578.58000,6512
2026.04.29,18:15,4578.56000,4581.24000,4569.20000,4575.16000,6292
2026.04.29,18:30,4575.17000,4578.68000,4569.07000,4570.35000,6506
2026.04.29,18:45,4570.37000,4572.57000,4567.24000,4567.72000,5906
2026.04.29,19:00,4567.97000,4573.45000,4564.38000,4565.24000,7939
2026.04.29,19:15,4565.25000,4571.30000,4565.24000,4566.19000,6209
2026.04.29,19:30,4566.10000,4568.93000,4557.18000,4568.43000,6883
2026.04.29,19:45,4568.41000,4576.68000,4568.34000,4573.11000,5301
2026.04.29,20:00,4572.82000,4575.56000,4570.34000,4573.58000,5073
2026.04.29,20:15,4573.55000,4580.78000,4565.64000,4565.64000,5439
2026.04.29,20:30,4565.50000,4569.58000,4558.70000,4558.98000,6799
2026.04.29,20:45,4558.99000,4562.02000,4551.43000,4555.69000,7446
2026.04.29,21:00,4555.68000,4568.23000,4554.99000,4567.94000,5059
2026.04.29,21:15,4567.97000,4573.16000,4567.97000,4571.77000,4771
2026.04.29,21:30,4571.82000,4576.55000,4565.91000,4566.30000,4541
2026.04.29,21:45,4566.33000,4570.56000,4563.78000,4569.74000,4506
2026.04.29,22:00,4569.69000,4572.03000,4565.34000,4567.87000,5908
2026.04.29,22:15,4567.88000,4570.21000,4564.01000,4564.59000,4850
2026.04.29,22:30,4564.57000,4571.80000,4563.40000,4567.02000,5765
2026.04.29,22:45,4566.93000,4566.93000,4559.05000,4561.58000,5246
2026.04.29,23:00,4561.57000,4568.33000,4560.53000,4564.56000,5038
2026.04.29,23:15,4564.48000,4568.99000,4559.01000,4559.17000,5398
2026.04.29,23:30,4559.05000,4559.85000,4550.89000,4557.65000,7435
2026.04.29,23:45,4557.46000,4559.97000,4541.81000,4544.85000,8239
2026.04.30,00:00,4544.88000,4553.32000,4544.88000,4549.85000,9426
2026.04.30,00:15,4549.74000,4551.56000,4534.50000,4537.80000,9857
2026.04.30,00:30,4537.74000,4539.52000,4513.28000,4514.57000,15305
2026.04.30,00:45,4514.58000,4530.07000,4509.97000,4521.62000,13925
2026.04.30,01:00,4521.61000,4528.25000,4517.42000,4525.99000,13587
2026.04.30,01:15,4525.96000,4537.78000,4524.20000,4533.28000,12793
2026.04.30,01:30,4533.34000,4542.65000,4530.70000,4538.66000,11405
2026.04.30,01:45,4538.68000,4540.55000,4532.05000,4539.43000,9496
2026.04.30,02:00,4539.39000,4546.88000,4536.27000,4537.98000,9640
2026.04.30,02:15,4538.12000,4546.48000,4536.10000,4543.44000,9363
2026.04.30,02:30,4543.45000,4556.23000,4539.73000,4553.08000,10956
2026.04.30,02:45,4553.09000,4558.89000,4542.11000,4547.57000,13043
2026.04.30,03:00,4547.52000,4564.87000,4546.85000,4559.06000,9945
2026.04.30,03:15,4559.08000,4564.13000,4557.00000,4560.18000,8472
2026.04.30,03:30,4560.15000,4560.15000,4545.53000,4550.43000,9313
2026.04.30,03:45,4550.29000,4551.51000,4543.29000,4545.34000,6619
2026.04.30,04:00,4545.41000,4552.35000,4542.87000,4550.62000,6296
2026.04.30,04:15,4550.53000,4554.46000,4545.84000,4547.17000,9645
2026.04.30,04:30,4547.18000,4548.46000,4542.63000,4544.79000,7321
2026.04.30,04:45,4544.78000,4547.58000,4541.50000,4546.60000,6734
2026.04.30,05:00,4547.45000,4552.52000,4525.00000,4525.26000,13517
2026.04.30,05:15,4525.58000,4539.84000,4524.97000,4532.59000,10650
2026.04.30,05:30,4532.63000,4540.33000,4520.19000,4520.56000,13337
2026.04.30,05:45,4520.25000,4541.09000,4518.07000,4538.05000,12842
2026.04.30,06:00,4538.03000,4548.76000,4533.20000,4547.78000,9296
2026.04.30,06:15,4547.76000,4550.67000,4541.10000,4542.83000,8076
2026.04.30,06:30,4542.76000,4545.13000,4537.57000,4539.58000,9127
2026.04.30,06:45,4539.54000,4549.85000,4539.22000,4546.91000,8437
2026.04.30,07:00,4546.94000,4553.60000,4542.59000,4546.66000,9245
2026.04.30,07:15,4546.67000,4548.08000,4541.09000,4543.31000,7186
2026.04.30,07:30,4543.33000,4546.54000,4542.12000,4543.35000,4056
2026.04.30,07:45,4543.62000,4544.73000,4541.07000,4544.16000,3990
2026.04.30,09:00,4542.61000,4548.59000,4538.96000,4546.51000,2697
2026.04.30,09:15,4546.28000,4550.49000,4546.03000,4548.72000,2342
2026.04.30,09:30,4548.70000,4551.67000,4547.06000,4548.03000,1697
2026.04.30,09:45,4548.30000,4552.56000,4547.43000,4551.70000,2115
2026.04.30,10:00,4551.67000,4554.10000,4550.10000,4553.23000,1921
2026.04.30,10:15,4552.91000,4555.05000,4549.30000,4551.39000,1833
2026.04.30,10:30,4551.70000,4554.84000,4551.08000,4554.37000,1714
2026.04.30,10:45,4554.39000,4562.07000,4553.70000,4561.53000,2894
2026.04.30,11:00,4561.48000,4568.53000,4557.69000,4558.02000,7769
2026.04.30,11:15,4558.05000,4564.54000,4556.30000,4563.49000,7440
2026.04.30,11:30,4563.51000,4566.99000,4562.19000,4566.89000,4646
2026.04.30,11:45,4566.90000,4574.12000,4566.44000,4569.84000,4544
2026.04.30,12:00,4569.88000,4571.42000,4564.52000,4568.42000,6621
2026.04.30,12:15,4568.53000,4580.96000,4565.82000,4579.68000,5847
2026.04.30,12:30,4579.83000,4581.23000,4570.89000,4576.31000,7312
2026.04.30,12:45,4576.30000,4582.39000,4573.88000,4579.02000,5449
2026.04.30,13:00,4579.01000,4581.92000,4574.74000,4579.78000,4565
2026.04.30,13:15,4579.75000,4580.87000,4571.95000,4573.19000,3381
2026.04.30,13:30,4573.01000,4574.20000,4560.06000,4562.50000,8379
2026.04.30,13:45,4562.51000,4565.42000,4559.93000,4564.93000,5261
2026.04.30,14:00,4564.92000,4569.08000,4562.24000,4565.06000,4813
2026.04.30,14:15,4565.04000,4566.88000,4562.76000,4563.19000,3855
2026.04.30,14:30,4563.18000,4563.88000,4557.78000,4561.51000,3886
2026.04.30,14:45,4561.48000,4561.54000,4555.51000,4555.82000,3282
2026.04.30,15:00,4555.81000,4556.58000,4550.62000,4555.41000,4649
2026.04.30,15:15,4555.39000,4556.97000,4545.64000,4547.12000,4726
2026.04.30,15:30,4547.16000,4547.69000,4540.72000,4544.54000,5140
2026.04.30,15:45,4544.53000,4549.38000,4541.85000,4541.94000,3923
2026.04.30,16:00,4541.88000,4553.63000,4541.76000,4553.18000,5479
2026.04.30,16:15,4553.20000,4559.02000,4551.93000,4555.48000,4151
2026.04.30,16:30,4555.50000,4566.85000,4553.84000,4564.03000,6179
2026.04.30,16:45,4563.95000,4569.70000,4562.02000,4562.59000,4548
2026.04.30,17:00,4562.61000,4567.67000,4560.03000,4566.14000,7614
2026.04.30,17:15,4566.15000,4570.89000,4563.51000,4569.41000,5813
2026.04.30,17:30,4569.42000,4578.44000,4569.42000,4575.17000,7086
2026.04.30,17:45,4575.18000,4591.51000,4574.60000,4589.41000,6491
2026.04.30,18:00,4589.58000,4595.46000,4586.06000,4591.59000,7750
2026.04.30,18:15,4591.57000,4593.56000,4584.66000,4591.34000,5818
2026.04.30,18:30,4591.27000,4598.04000,4587.91000,4596.70000,4875
2026.04.30,18:45,4596.65000,4605.45000,4593.32000,4598.45000,5729
2026.04.30,19:00,4598.46000,4629.58000,4597.29000,4618.75000,10842
2026.04.30,19:15,4618.72000,4620.46000,4611.94000,4617.37000,6772
2026.04.30,19:30,4617.35000,4620.80000,4613.72000,4615.08000,6929
2026.04.30,19:45,4615.13000,4619.31000,4614.00000,4616.26000,4663
2026.04.30,20:00,4615.94000,4620.05000,4614.21000,4618.62000,5741
2026.04.30,20:15,4618.64000,4626.82000,4615.27000,4625.46000,6589
2026.04.30,20:30,4625.61000,4631.87000,4618.53000,4619.13000,9243
2026.04.30,20:45,4619.17000,4627.12000,4617.99000,4625.15000,5132
2026.04.30,21:00,4625.17000,4629.16000,4623.54000,4626.75000,4995
2026.04.30,21:15,4626.70000,4644.15000,4625.98000,4643.89000,5955
2026.04.30,21:30,4643.91000,4646.85000,4634.18000,4636.45000,10021
2026.04.30,21:45,4636.41000,4639.77000,4633.80000,4639.57000,7232
2026.04.30,22:00,4639.59000,4645.64000,4635.68000,4635.81000,7809
2026.04.30,22:15,4635.82000,4643.62000,4630.41000,4637.64000,8086
2026.04.30,22:30,4637.69000,4637.77000,4626.75000,4629.73000,9031
2026.04.30,22:45,4629.68000,4635.37000,4628.04000,4630.13000,5566
2026.04.30,23:00,4630.18000,4637.60000,4629.33000,4635.44000,5339
2026.04.30,23:15,4635.50000,4637.71000,4628.39000,4629.57000,7064
2026.04.30,23:30,4629.42000,4636.41000,4624.51000,4625.70000,7429
2026.04.30,23:45,4625.58000,4640.05000,4624.48000,4639.52000,6795
2026.05.01,00:00,4639.50000,4644.07000,4634.57000,4641.06000,8786
2026.05.01,00:15,4641.11000,4645.98000,4632.77000,4633.45000,7954
2026.05.01,00:30,4633.15000,4634.57000,4620.07000,4625.35000,14230
2026.05.01,00:45,4625.36000,4625.36000,4610.55000,4610.70000,14110
2026.05.01,01:00,4610.79000,4625.61000,4609.03000,4620.44000,15924
2026.05.01,01:15,4620.35000,4625.94000,4616.14000,4622.72000,16353
2026.05.01,01:30,4622.92000,4622.92000,4610.76000,4617.63000,15506
2026.05.01,01:45,4617.65000,4623.88000,4617.08000,4619.69000,13227
2026.05.01,02:00,4619.68000,4624.07000,4614.83000,4619.87000,11642
2026.05.01,02:15,4619.80000,4624.58000,4615.71000,4623.05000,9549
2026.05.01,02:30,4623.16000,4625.50000,4613.36000,4615.54000,8687
2026.05.01,02:45,4615.48000,4617.12000,4611.29000,4615.35000,7045
2026.05.01,03:00,4615.36000,4617.45000,4609.85000,4611.72000,5735
2026.05.01,03:15,4611.65000,4611.87000,4605.47000,4608.04000,5901
2026.05.01,03:30,4608.05000,4613.70000,4607.03000,4609.00000,4241
2026.05.01,03:45,4608.94000,4617.70000,4605.29000,4607.56000,5705
2026.05.01,04:00,4607.58000,4619.95000,4607.58000,4615.78000,6088
2026.05.01,04:15,4615.89000,4620.74000,4612.95000,4617.55000,5669
2026.05.01,04:30,4617.54000,4621.70000,4614.85000,4617.86000,6373
2026.05.01,04:45,4617.87000,4619.90000,4615.15000,4616.86000,3811
2026.05.01,05:00,4616.83000,4624.52000,4616.66000,4620.53000,5595
2026.05.01,05:15,4620.54000,4625.12000,4619.90000,4620.65000,3837
2026.05.01,05:30,4620.64000,4623.20000,4618.86000,4620.53000,3372
2026.05.01,05:45,4620.60000,4624.94000,4620.04000,4622.36000,3720
2026.05.01,06:00,4622.34000,4627.37000,4622.00000,4624.05000,4523
2026.05.01,06:15,4624.07000,4625.24000,4616.98000,4617.65000,4513
2026.05.01,06:30,4617.66000,4622.90000,4615.33000,4622.44000,4045
2026.05.01,06:45,4622.51000,4623.21000,4614.33000,4617.18000,7315
2026.05.01,07:00,4617.32000,4620.30000,4615.90000,4616.25000,4790
2026.05.01,07:15,4616.29000,4619.39000,4615.80000,4616.65000,2290
2026.05.01,07:30,4616.63000,4618.67000,4615.44000,4617.32000,2510
2026.05.01,07:45,4617.31000,4622.50000,4616.68000,4622.26000,2254
2026.05.01,09:00,4628.10000,4632.65000,4625.08000,4631.07000,2253
2026.05.01,09:15,4631.40000,4631.67000,4628.34000,4631.03000,1951
2026.05.01,09:30,4631.01000,4632.37000,4626.69000,4632.28000,2251
2026.05.01,09:45,4632.29000,4632.29000,4628.18000,4630.03000,2151
2026.05.01,10:00,4630.06000,4631.69000,4628.01000,4630.06000,1720
2026.05.01,10:15,4630.02000,4632.06000,4628.93000,4630.40000,1331
2026.05.01,10:30,4630.67000,4634.12000,4630.31000,4631.19000,1877
2026.05.01,10:45,4631.17000,4633.30000,4626.27000,4626.46000,2254
2026.05.01,11:00,4626.43000,4630.96000,4620.56000,4622.15000,4137
2026.05.01,11:15,4622.07000,4628.32000,4620.72000,4623.73000,4044
2026.05.01,11:30,4623.45000,4625.20000,4618.20000,4620.49000,3168
2026.05.01,11:45,4620.53000,4625.12000,4619.31000,4619.49000,3289
2026.05.01,12:00,4619.50000,4620.82000,4615.25000,4618.60000,3003
2026.05.01,12:15,4618.62000,4619.14000,4613.87000,4616.30000,1996
2026.05.01,12:30,4616.40000,4621.78000,4616.16000,4620.04000,2491
2026.05.01,12:45,4619.77000,4622.11000,4618.74000,4620.86000,1997
2026.05.01,13:00,4620.67000,4634.54000,4619.67000,4630.94000,2707
2026.05.01,13:15,4631.01000,4636.12000,4628.46000,4629.34000,2417
2026.05.01,13:30,4629.36000,4631.10000,4624.01000,4624.41000,2125
2026.05.01,13:45,4624.40000,4624.51000,4616.26000,4619.23000,2720
2026.05.01,14:00,4619.14000,4621.55000,4617.52000,4620.72000,1995
2026.05.01,14:15,4620.94000,4626.69000,4620.37000,4626.00000,1661
2026.05.01,14:30,4626.03000,4631.89000,4625.22000,4625.98000,2869
2026.05.01,14:45,4626.17000,4628.07000,4625.31000,4626.51000,1797
2026.05.01,15:00,4626.70000,4628.62000,4619.66000,4621.49000,2822
2026.05.01,15:15,4621.50000,4623.19000,4616.78000,4617.47000,1728
2026.05.01,15:30,4617.39000,4618.03000,4611.99000,4613.49000,2621
2026.05.01,15:45,4613.31000,4614.62000,4608.78000,4608.96000,1928
2026.05.01,16:00,4608.98000,4614.68000,4607.41000,4614.12000,2644
2026.05.01,16:15,4614.14000,4616.11000,4611.40000,4614.41000,1880
2026.05.01,16:30,4614.40000,4615.20000,4609.29000,4609.73000,2429
2026.05.01,16:45,4609.41000,4613.46000,4602.77000,4604.72000,2897
2026.05.01,17:00,4604.70000,4607.89000,4600.85000,4601.28000,4266
2026.05.01,17:15,4601.31000,4601.90000,4593.24000,4593.47000,3787
2026.05.01,17:30,4593.51000,4597.45000,4590.57000,4593.21000,3691
2026.05.01,17:45,4593.23000,4595.99000,4591.03000,4594.62000,5841
2026.05.01,18:00,4594.43000,4596.33000,4589.89000,4595.90000,5299
2026.05.01,18:15,4595.91000,4598.08000,4585.27000,4592.21000,4729
2026.05.01,18:30,4592.25000,4592.62000,4583.65000,4585.41000,3990
2026.05.01,18:45,4585.43000,4585.97000,4575.85000,4578.07000,4315
2026.05.01,19:00,4578.06000,4582.47000,4573.02000,4574.05000,4627
2026.05.01,19:15,4574.06000,4577.01000,4566.34000,4567.19000,4432
2026.05.01,19:30,4567.07000,4572.19000,4566.02000,4571.14000,3708
2026.05.01,19:45,4571.12000,4572.74000,4564.71000,4568.92000,2958
2026.05.01,20:00,4568.70000,4569.26000,4564.14000,4565.83000,3251
2026.05.01,20:15,4565.69000,4571.32000,4564.53000,4569.27000,3116
2026.05.01,20:30,4569.20000,4572.96000,4567.47000,4570.29000,2943
2026.05.01,20:45,4570.25000,4570.71000,4560.09000,4562.72000,3809
2026.05.01,21:00,4562.78000,4567.96000,4561.29000,4566.75000,2620
2026.05.01,21:15,4566.73000,4572.75000,4566.49000,4572.03000,2294
2026.05.01,21:30,4572.02000,4576.09000,4567.35000,4570.35000,2909
2026.05.01,21:45,4570.19000,4572.08000,4566.06000,4566.88000,2794
2026.05.01,22:00,4566.86000,4568.91000,4562.38000,4565.89000,4007
2026.05.01,22:15,4565.90000,4576.34000,4564.54000,4571.86000,4454
2026.05.01,22:30,4571.73000,4577.69000,4570.26000,4575.56000,4047
2026.05.01,22:45,4575.58000,4579.56000,4572.70000,4578.73000,3539
2026.05.01,23:00,4578.68000,4590.41000,4574.89000,4584.59000,5253
2026.05.01,23:15,4584.67000,4607.83000,4582.67000,4602.73000,9453
2026.05.01,23:30,4602.76000,4603.24000,4589.01000,4592.00000,6983
2026.05.01,23:45,4592.03000,4595.52000,4589.74000,4590.83000,5294
2026.05.02,00:00,4590.87000,4597.19000,4589.61000,4591.17000,5380
2026.05.02,00:15,4591.15000,4593.17000,4586.62000,4589.23000,5552
2026.05.02,00:30,4589.24000,4608.79000,4586.47000,4607.62000,12429
2026.05.02,00:45,4607.63000,4628.71000,4598.54000,4624.85000,12323
2026.05.02,01:00,4624.49000,4659.97000,4623.65000,4655.83000,15240
2026.05.02,01:15,4655.80000,4660.23000,4643.79000,4644.61000,13399
2026.05.02,01:30,4644.64000,4646.31000,4630.25000,4633.23000,13142
2026.05.02,01:45,4633.25000,4635.41000,4626.96000,4632.00000,11493
2026.05.02,02:00,4632.23000,4636.69000,4618.82000,4636.59000,11604
2026.05.02,02:15,4636.11000,4640.69000,4633.90000,4636.43000,8365
2026.05.02,02:30,4636.46000,4644.70000,4635.44000,4643.47000,7898
2026.05.02,02:45,4643.50000,4647.86000,4633.00000,4643.11000,8467
2026.05.02,03:00,4643.08000,4645.48000,4637.99000,4642.60000,7750
2026.05.02,03:15,4642.59000,4649.89000,4637.40000,4637.84000,9493
2026.05.02,03:30,4637.90000,4641.29000,4633.65000,4638.81000,9007
2026.05.02,03:45,4638.79000,4642.87000,4636.39000,4638.67000,5825
2026.05.02,04:00,4638.69000,4642.66000,4637.53000,4639.71000,4665
2026.05.02,04:15,4639.72000,4640.16000,4630.82000,4631.73000,4549
2026.05.02,04:30,4631.76000,4632.26000,4626.71000,4628.06000,4735
2026.05.02,04:45,4627.92000,4634.91000,4627.22000,4629.39000,5528
2026.05.02,05:00,4629.41000,4630.61000,4615.57000,4615.68000,6127
2026.05.02,05:15,4615.67000,4623.83000,4613.63000,4623.22000,5766
2026.05.02,05:30,4623.20000,4624.47000,4616.13000,4622.17000,6437
2026.05.02,05:45,4622.20000,4625.93000,4619.99000,4624.36000,4826
2026.05.02,06:00,4624.43000,4626.60000,4620.42000,4626.24000,3848
2026.05.02,06:15,4626.27000,4627.72000,4624.19000,4624.19000,3215
2026.05.02,06:30,4624.20000,4624.55000,4611.16000,4611.77000,5557
2026.05.02,06:45,4611.76000,4615.34000,4608.76000,4610.79000,6512
2026.05.02,07:00,4610.75000,4612.33000,4606.79000,4610.89000,1947
2026.05.02,07:15,4611.10000,4615.68000,4609.57000,4612.88000,1882
2026.05.02,07:30,4612.90000,4615.07000,4609.60000,4613.37000,1667
2026.05.04,09:00,4619.56000,4628.94000,4618.65000,4622.80000,4400
2026.05.04,09:15,4622.85000,4622.92000,4612.50000,4620.59000,3424
2026.05.04,09:30,4620.58000,4629.36000,4619.52000,4628.10000,2448
2026.05.04,09:45,4628.07000,4628.94000,4618.57000,4618.92000,2723
2026.05.04,10:00,4618.95000,4620.67000,4611.08000,4614.94000,3624
2026.05.04,10:15,4614.93000,4617.87000,4612.84000,4617.25000,2388
2026.05.04,10:30,4616.73000,4618.55000,4612.46000,4613.28000,2794
2026.05.04,10:45,4613.16000,4616.97000,4611.09000,4613.55000,3431
2026.05.04,11:00,4613.49000,4616.38000,4604.49000,4611.75000,5850
2026.05.04,11:15,4611.79000,4614.53000,4601.58000,4605.98000,5543
2026.05.04,11:30,4605.68000,4609.93000,4604.94000,4605.78000,3709
2026.05.04,11:45,4606.03000,4613.30000,4604.63000,4612.79000,3560
2026.05.04,12:00,4612.73000,4613.96000,4595.87000,4600.36000,5434
2026.05.04,12:15,4600.39000,4604.49000,4593.92000,4594.54000,4526
2026.05.04,12:30,4594.62000,4601.71000,4592.55000,4601.35000,3998
2026.05.04,12:45,4601.36000,4613.78000,4600.86000,4612.90000,2681
2026.05.04,13:00,4612.89000,4618.69000,4603.32000,4608.32000,4163
2026.05.04,13:15,4608.02000,4608.02000,4591.39000,4593.14000,4292
2026.05.04,13:30,4593.08000,4604.10000,4590.79000,4604.10000,3358
2026.05.04,13:45,4604.11000,4611.10000,4601.37000,4605.68000,3058
2026.05.04,14:00,4605.61000,4611.74000,4604.24000,4609.96000,2843
2026.05.04,14:15,4610.02000,4610.88000,4607.99000,4609.56000,2060
2026.05.04,14:30,4609.63000,4611.19000,4598.23000,4604.92000,3226
2026.05.04,14:45,4605.04000,4617.11000,4605.04000,4615.03000,5945
2026.05.04,15:00,4615.04000,4615.49000,4607.41000,4611.20000,3245
2026.05.04,15:15,4611.37000,4613.20000,4607.11000,4607.91000,2427
2026.05.04,15:30,4607.88000,4612.66000,4607.22000,4609.14000,2510
2026.05.04,15:45,4609.13000,4610.44000,4605.17000,4605.98000,2262
2026.05.04,16:00,4605.96000,4606.86000,4601.90000,4603.89000,3211
2026.05.04,16:15,4603.90000,4612.86000,4595.41000,4596.68000,5346
2026.05.04,16:30,4596.84000,4599.04000,4592.00000,4598.82000,4440
2026.05.04,16:45,4598.87000,4601.79000,4594.12000,4599.02000,3462
2026.05.04,17:00,4598.90000,4600.68000,4587.65000,4597.00000,5734
2026.05.04,17:15,4597.01000,4597.61000,4589.09000,4594.08000,4546
2026.05.04,17:30,4594.19000,4595.60000,4584.32000,4585.54000,6095
2026.05.04,17:45,4585.55000,4592.60000,4583.81000,4588.64000,4689
2026.05.04,18:00,4588.56000,4593.39000,4585.65000,4591.87000,5399
2026.05.04,18:15,4591.86000,4592.76000,4583.04000,4585.85000,4617
2026.05.04,18:30,4585.86000,4588.15000,4582.73000,4588.13000,5546
2026.05.04,18:45,4588.17000,4591.03000,4577.71000,4579.03000,5448
2026.05.04,19:00,4579.09000,4581.01000,4574.24000,4580.23000,6393
2026.05.04,19:15,4580.25000,4581.12000,4574.01000,4574.83000,5794
2026.05.04,19:30,4574.82000,4581.39000,4573.52000,4578.15000,4255
2026.05.04,19:45,4578.16000,4579.62000,4575.42000,4576.68000,3943
2026.05.04,20:00,4576.90000,4584.31000,4575.92000,4584.08000,4278
2026.05.04,20:15,4584.06000,4584.59000,4580.33000,4581.17000,3024
2026.05.04,20:30,4581.20000,4584.53000,4580.22000,4581.17000,2249
2026.05.04,20:45,4581.25000,4582.20000,4571.77000,4575.41000,3109
2026.05.04,21:00,4575.40000,4575.88000,4537.30000,4541.85000,15295
2026.05.04,21:15,4541.82000,4545.20000,4526.11000,4544.79000,12704
2026.05.04,21:30,4544.78000,4564.14000,4542.93000,4558.44000,10486
2026.05.04,21:45,4558.45000,4566.66000,4558.08000,4562.60000,6284
2026.05.04,22:00,4562.76000,4570.68000,4561.11000,4565.24000,7593
2026.05.04,22:15,4565.42000,4569.96000,4561.46000,4561.93000,5821
2026.05.04,22:30,4561.90000,4562.65000,4551.17000,4553.56000,6949
2026.05.04,22:45,4553.54000,4562.89000,4552.97000,4560.27000,6187
2026.05.04,23:00,4560.30000,4565.75000,4558.95000,4563.56000,5876
2026.05.04,23:15,4563.66000,4579.26000,4563.27000,4568.54000,8516
2026.05.04,23:30,4568.58000,4571.59000,4561.26000,4569.96000,6219
2026.05.04,23:45,4569.99000,4575.83000,4566.35000,4568.22000,5538
2026.05.05,00:00,4568.24000,4575.72000,4557.22000,4566.02000,11038
2026.05.05,00:15,4566.18000,4567.71000,4561.02000,4561.18000,6426
2026.05.05,00:30,4561.16000,4570.89000,4555.33000,4565.36000,13107
2026.05.05,00:45,4565.40000,4566.71000,4557.39000,4563.70000,11143
2026.05.05,01:00,4563.66000,4565.33000,4553.17000,4560.22000,12640
2026.05.05,01:15,4560.30000,4582.04000,4559.17000,4571.21000,11286
2026.05.05,01:30,4571.26000,4583.14000,4570.22000,4574.57000,8428
2026.05.05,01:45,4574.59000,4577.00000,4559.39000,4561.50000,10046
2026.05.05,02:00,4561.72000,4566.03000,4548.10000,4548.38000,11847
2026.05.05,02:15,4548.23000,4555.45000,4514.01000,4537.76000,18014
2026.05.05,02:30,4538.11000,4542.91000,4527.22000,4534.91000,14738
2026.05.05,02:45,4534.89000,4535.04000,4512.33000,4521.21000,12964
2026.05.05,03:00,4521.32000,4525.44000,4500.45000,4509.64000,13981
2026.05.05,03:15,4509.70000,4526.89000,4508.64000,4514.62000,12694
2026.05.05,03:30,4514.70000,4518.76000,4511.34000,4512.52000,8934
2026.05.05,03:45,4512.51000,4515.97000,4507.28000,4510.64000,8500
2026.05.05,04:00,4510.71000,4526.18000,4510.71000,4522.43000,9551
2026.05.05,04:15,4522.32000,4531.53000,4521.60000,4524.25000,9083
2026.05.05,04:30,4524.16000,4527.55000,4521.43000,4525.99000,6003
2026.05.05,04:45,4525.96000,4526.77000,4521.50000,4522.27000,4380
2026.05.05,05:00,4522.35000,4525.37000,4518.53000,4519.86000,4831
2026.05.05,05:15,4519.78000,4520.21000,4509.76000,4511.85000,5666
2026.05.05,05:30,4511.78000,4515.01000,4510.52000,4511.84000,5683
2026.05.05,05:45,4511.85000,4516.24000,4510.57000,4516.11000,5176
2026.05.05,06:00,4515.99000,4523.34000,4511.23000,4518.78000,7473
2026.05.05,06:15,4518.77000,4525.97000,4517.36000,4522.34000,6378
2026.05.05,06:30,4522.42000,4527.23000,4520.40000,4520.99000,5255
2026.05.05,06:45,4521.17000,4523.24000,4515.04000,4517.50000,5605
2026.05.05,07:00,4517.49000,4517.96000,4511.54000,4514.70000,2425
2026.05.05,07:15,4514.65000,4515.68000,4511.89000,4515.20000,1424
2026.05.05,07:30,4515.19000,4518.57000,4514.49000,4518.36000,1634
2026.05.05,07:45,4518.33000,4523.50000,4518.32000,4521.82000,1634
2026.05.05,09:00,4523.25000,4524.31000,4517.60000,4521.05000,2042
2026.05.05,09:15,4521.09000,4522.72000,4519.09000,4519.60000,1058
2026.05.05,09:30,4519.58000,4522.04000,4518.36000,4518.94000,1052
2026.05.05,09:45,4518.93000,4519.23000,4515.26000,4517.51000,1459
2026.05.05,10:00,4517.16000,4520.80000,4515.67000,4520.27000,1388
2026.05.05,10:15,4520.26000,4521.57000,4518.93000,4521.03000,912
2026.05.05,10:30,4521.15000,4521.43000,4518.02000,4518.42000,823
2026.05.05,10:45,4518.43000,4520.81000,4517.07000,4519.06000,1602
2026.05.05,11:00,4519.19000,4528.45000,4517.34000,4527.73000,3670
2026.05.05,11:15,4527.71000,4527.72000,4513.14000,4516.62000,4491
2026.05.05,11:30,4516.52000,4524.24000,4515.85000,4523.82000,2696
2026.05.05,11:45,4523.74000,4530.33000,4523.74000,4529.58000,2998
2026.05.05,12:00,4529.64000,4539.46000,4525.41000,4538.58000,4132
2026.05.05,12:15,4538.57000,4540.01000,4535.01000,4537.76000,3051
2026.05.05,12:30,4537.81000,4542.03000,4533.92000,4536.86000,4084
2026.05.05,12:45,4536.55000,4541.36000,4535.87000,4541.03000,2688
2026.05.05,13:00,4541.07000,4542.55000,4537.32000,4538.67000,2500
2026.05.05,13:15,4538.71000,4541.77000,4534.39000,4541.50000,2026
2026.05.05,13:30,4541.53000,4546.00000,4539.96000,4544.52000,2182
2026.05.05,13:45,4544.58000,4546.82000,4538.75000,4539.03000,2759
2026.05.05,14:00,4538.95000,4542.21000,4537.53000,4542.10000,1894
2026.05.05,14:15,4542.13000,4542.73000,4537.18000,4537.99000,1619
2026.05.05,14:30,4537.90000,4539.11000,4535.45000,4535.89000,1664
2026.05.05,14:45,4535.90000,4536.87000,4532.25000,4534.62000,1807
2026.05.05,15:00,4534.55000,4535.80000,4532.74000,4533.04000,1386
2026.05.05,15:15,4533.17000,4533.98000,4529.26000,4529.49000,1820
2026.05.05,15:30,4529.51000,4533.71000,4527.82000,4531.60000,2035
2026.05.05,15:45,4531.59000,4536.48000,4531.17000,4533.63000,2027
2026.05.05,16:00,4533.52000,4545.54000,4531.09000,4540.18000,3550
2026.05.05,16:15,4540.17000,4540.53000,4535.77000,4539.91000,2373
2026.05.05,16:30,4539.98000,4551.73000,4539.64000,4545.73000,4093
2026.05.05,16:45,4545.70000,4548.83000,4543.46000,4545.75000,2611
2026.05.05,17:00,4545.77000,4551.85000,4541.25000,4543.61000,4745
2026.05.05,17:15,4543.62000,4544.81000,4533.59000,4536.83000,4151
2026.05.05,17:30,4536.76000,4549.39000,4536.10000,4546.14000,4618
2026.05.05,17:45,4546.09000,4550.92000,4545.25000,4548.07000,3660
2026.05.05,18:00,4548.19000,4555.16000,4547.44000,4553.94000,4772
2026.05.05,18:15,4553.93000,4555.61000,4548.46000,4548.94000,3661
2026.05.05,18:30,4548.95000,4558.30000,4548.82000,4551.32000,5517
2026.05.05,18:45,4551.22000,4551.95000,4543.33000,4545.62000,4411
2026.05.05,19:00,4545.63000,4553.46000,4545.41000,4551.00000,5033
2026.05.05,19:15,4551.03000,4554.77000,4549.05000,4550.95000,4768
2026.05.05,19:30,4550.96000,4553.22000,4547.78000,4549.76000,3959
2026.05.05,19:45,4549.75000,4559.45000,4548.22000,4558.33000,4083
2026.05.05,20:00,4558.32000,4560.36000,4553.46000,4557.70000,4454
2026.05.05,20:15,4557.66000,4557.85000,4552.15000,4552.18000,3175
2026.05.05,20:30,4552.24000,4558.25000,4550.94000,4555.51000,3753
2026.05.05,20:45,4555.49000,4557.39000,4552.79000,4556.13000,2513
2026.05.05,21:00,4556.15000,4556.87000,4550.63000,4553.00000,2703
2026.05.05,21:15,4552.94000,4554.97000,4546.81000,4547.82000,2769
2026.05.05,21:30,4547.81000,4554.06000,4544.25000,4545.06000,4489
2026.05.05,21:45,4545.13000,4545.67000,4540.16000,4543.71000,3906
2026.05.05,22:00,4543.72000,4553.22000,4539.79000,4552.80000,5534
2026.05.05,22:15,4552.84000,4557.58000,4549.83000,4556.05000,5462
2026.05.05,22:30,4556.06000,4564.65000,4555.05000,4563.31000,5476
2026.05.05,22:45,4563.37000,4564.94000,4559.05000,4562.85000,4656
2026.05.05,23:00,4562.86000,4567.01000,4554.11000,4564.90000,8606
2026.05.05,23:15,4564.92000,4574.14000,4561.15000,4573.38000,7249
2026.05.05,23:30,4573.42000,4574.24000,4566.56000,4567.03000,4725
2026.05.05,23:45,4567.04000,4568.50000,4561.66000,4564.56000,4574
2026.05.06,00:00,4564.33000,4581.07000,4564.30000,4578.58000,7279
2026.05.06,00:15,4578.61000,4584.92000,4576.02000,4576.82000,6226
2026.05.06,00:30,4576.86000,4581.78000,4571.32000,4573.69000,10772
2026.05.06,00:45,4573.70000,4583.09000,4572.53000,4578.87000,7719
2026.05.06,01:00,4578.72000,4584.26000,4570.73000,4573.66000,9109
2026.05.06,01:15,4573.67000,4586.70000,4565.61000,4583.91000,12002
2026.05.06,01:30,4583.97000,4585.66000,4577.37000,4582.80000,7671
2026.05.06,01:45,4582.79000,4583.00000,4575.40000,4582.35000,7640
2026.05.06,02:00,4582.37000,4583.81000,4577.67000,4580.84000,6722
2026.05.06,02:15,4580.87000,4581.48000,4575.41000,4579.27000,6213
2026.05.06,02:30,4579.26000,4580.91000,4572.54000,4572.85000,6203
2026.05.06,02:45,4573.04000,4575.78000,4568.26000,4568.47000,5127
2026.05.06,03:00,4568.50000,4569.00000,4562.23000,4566.21000,5176
2026.05.06,03:15,4566.20000,4566.28000,4556.26000,4559.91000,5366
2026.05.06,03:30,4559.97000,4560.25000,4553.56000,4556.75000,5443
2026.05.06,03:45,4556.74000,4562.88000,4555.55000,4561.19000,3620
2026.05.06,04:00,4561.20000,4562.64000,4553.30000,4556.16000,4447
2026.05.06,04:15,4556.20000,4561.49000,4555.97000,4558.70000,4562
2026.05.06,04:30,4558.69000,4562.69000,4556.08000,4560.49000,3956
2026.05.06,04:45,4560.50000,4562.30000,4558.20000,4559.87000,3005
2026.05.06,05:00,4559.94000,4564.81000,4558.65000,4564.19000,2670
2026.05.06,05:15,4564.35000,4565.39000,4561.05000,4562.03000,2931
2026.05.06,05:30,4562.08000,4562.61000,4557.52000,4561.64000,2940
2026.05.06,05:45,4561.63000,4565.76000,4559.61000,4560.89000,4114
2026.05.06,06:00,4561.00000,4561.53000,4556.78000,4557.08000,3427
2026.05.06,06:15,4557.14000,4558.87000,4554.87000,4556.25000,2753
2026.05.06,06:30,4556.24000,4558.22000,4555.42000,4555.57000,2249
2026.05.06,06:45,4555.55000,4558.77000,4551.47000,4555.16000,4328
2026.05.06,07:00,4555.06000,4557.22000,4553.88000,4557.01000,1532
2026.05.06,07:15,4556.56000,4559.76000,4555.31000,4559.36000,1994
2026.05.06,07:30,4559.39000,4560.08000,4554.84000,4555.65000,1601
2026.05.06,07:45,4555.45000,4557.58000,4554.50000,4556.50000,1459
2026.05.06,09:00,4558.13000,4558.21000,4548.94000,4550.67000,2147
2026.05.06,09:15,4550.36000,4551.04000,4546.04000,4546.24000,1802
2026.05.06,09:30,4546.25000,4551.03000,4545.95000,4548.71000,1586
2026.05.06,09:45,4548.60000,4576.87000,4547.00000,4573.31000,5300
2026.05.06,10:00,4573.30000,4590.39000,4569.23000,4588.27000,5444
2026.05.06,10:15,4588.33000,4589.37000,4581.58000,4581.85000,4270
2026.05.06,10:30,4581.74000,4588.37000,4579.41000,4585.25000,3306
2026.05.06,10:45,4585.36000,4595.62000,4584.81000,4593.96000,3277
2026.05.06,11:00,4593.93000,4598.27000,4589.31000,4591.63000,6027
2026.05.06,11:15,4591.61000,4604.28000,4587.98000,4602.12000,5767
2026.05.06,11:30,4602.10000,4610.95000,4601.93000,4610.12000,4555
2026.05.06,11:45,4610.18000,4619.96000,4609.41000,4618.61000,4532
2026.05.06,12:00,4618.62000,4622.54000,4609.41000,4611.38000,7060
2026.05.06,12:15,4611.26000,4625.68000,4609.37000,4624.78000,5516
2026.05.06,12:30,4624.79000,4626.26000,4620.41000,4624.04000,4927
2026.05.06,12:45,4624.03000,4628.75000,4623.48000,4625.76000,4173
2026.05.06,13:00,4625.61000,4634.47000,4625.13000,4633.56000,3917
2026.05.06,13:15,4633.52000,4636.44000,4629.55000,4630.23000,2611
2026.05.06,13:30,4630.24000,4635.16000,4626.71000,4634.69000,3381
2026.05.06,13:45,4634.38000,4641.85000,4633.69000,4640.91000,3491
2026.05.06,14:00,4640.89000,4650.51000,4638.34000,4647.61000,3837
2026.05.06,14:15,4647.60000,4651.22000,4644.28000,4645.74000,3318
2026.05.06,14:30,4645.80000,4652.03000,4642.45000,4647.68000,3147
2026.05.06,14:45,4647.65000,4648.18000,4642.95000,4643.72000,1949
2026.05.06,15:00,4643.52000,4647.61000,4643.23000,4647.59000,1781
2026.05.06,15:15,4647.73000,4653.47000,4645.31000,4652.58000,2492
2026.05.06,15:30,4652.63000,4652.63000,4645.93000,4647.64000,3605
2026.05.06,15:45,4647.63000,4652.52000,4647.10000,4649.05000,2736
2026.05.06,16:00,4649.06000,4656.57000,4648.74000,4654.62000,2716
2026.05.06,16:15,4654.60000,4655.25000,4649.31000,4650.47000,2679
2026.05.06,16:30,4650.46000,4652.08000,4644.43000,4649.89000,4196
2026.05.06,16:45,4649.87000,4663.87000,4649.21000,4663.09000,4111
2026.05.06,17:00,4663.08000,4666.03000,4656.98000,4660.51000,5355
2026.05.06,17:15,4660.52000,4666.71000,4657.82000,4666.00000,4619
2026.05.06,17:30,4666.03000,4668.60000,4659.75000,4664.30000,4873
2026.05.06,17:45,4664.31000,4669.67000,4662.70000,4669.27000,4201
2026.05.06,18:00,4669.30000,4670.50000,4658.40000,4658.49000,4195
2026.05.06,18:15,4658.46000,4670.03000,4657.30000,4667.27000,4998
2026.05.06,18:30,4667.33000,4670.18000,4662.95000,4670.04000,3878
2026.05.06,18:45,4670.05000,4681.85000,4669.95000,4681.06000,5515
2026.05.06,19:00,4681.24000,4682.43000,4675.13000,4679.51000,5705
2026.05.06,19:15,4679.44000,4680.76000,4676.64000,4677.02000,3869
2026.05.06,19:30,4677.01000,4678.85000,4671.67000,4677.43000,3819
2026.05.06,19:45,4677.47000,4702.79000,4677.39000,4700.10000,11479
2026.05.06,20:00,4700.16000,4708.52000,4689.09000,4695.48000,9446
2026.05.06,20:15,4695.62000,4705.03000,4691.47000,4699.96000,7690
2026.05.06,20:30,4699.67000,4706.07000,4695.74000,4696.00000,7436
2026.05.06,20:45,4696.05000,4702.75000,4694.27000,4701.63000,5856
2026.05.06,21:00,4701.64000,4705.83000,4695.86000,4698.04000,7607
2026.05.06,21:15,4698.02000,4704.78000,4695.43000,4704.48000,5654
2026.05.06,21:30,4704.51000,4716.15000,4704.51000,4714.22000,7943
2026.05.06,21:45,4714.24000,4723.09000,4707.33000,4717.79000,10634
2026.05.06,22:00,4717.80000,4721.27000,4709.14000,4711.87000,9629
2026.05.06,22:15,4711.89000,4713.60000,4705.46000,4705.47000,7416
2026.05.06,22:30,4705.44000,4715.46000,4697.96000,4699.69000,7972
2026.05.06,22:45,4699.70000,4702.65000,4690.92000,4691.84000,8114
2026.05.06,23:00,4691.82000,4692.99000,4670.40000,4672.18000,9721
2026.05.06,23:15,4672.23000,4688.76000,4660.28000,4683.43000,11089
2026.05.06,23:30,4683.42000,4685.41000,4677.78000,4682.70000,8288
2026.05.06,23:45,4682.74000,4684.68000,4676.80000,4683.01000,7032
2026.05.07,00:00,4683.05000,4692.47000,4668.76000,4683.47000,11807
2026.05.07,00:15,4683.56000,4691.24000,4679.37000,4685.01000,8053
2026.05.07,00:30,4685.02000,4699.02000,4680.11000,4695.25000,13473
2026.05.07,00:45,4695.22000,4707.65000,4692.37000,4702.03000,11464
2026.05.07,01:00,4701.77000,4712.47000,4697.63000,4711.05000,12742
2026.05.07,01:15,4711.08000,4717.49000,4704.62000,4705.75000,10712
2026.05.07,01:30,4705.98000,4714.38000,4704.54000,4713.19000,10706
2026.05.07,01:45,4713.24000,4713.95000,4700.69000,4703.06000,10121
2026.05.07,02:00,4702.90000,4705.79000,4693.35000,4696.64000,8752
2026.05.07,02:15,4696.57000,4703.10000,4694.32000,4695.18000,7081
2026.05.07,02:30,4695.20000,4697.91000,4689.28000,4693.00000,7471
2026.05.07,02:45,4692.92000,4694.83000,4687.74000,4687.82000,7668
2026.05.07,03:00,4687.72000,4688.54000,4681.11000,4683.78000,7964
2026.05.07,03:15,4683.80000,4688.51000,4682.53000,4688.23000,6267
2026.05.07,03:30,4688.28000,4692.01000,4685.29000,4688.55000,5659
2026.05.07,03:45,4688.57000,4689.95000,4679.53000,4683.01000,7309
2026.05.07,04:00,4683.00000,4688.06000,4679.52000,4685.46000,6202
2026.05.07,04:15,4685.48000,4686.11000,4680.07000,4683.03000,5831
2026.05.07,04:30,4682.94000,4683.49000,4679.02000,4680.61000,4108
2026.05.07,04:45,4680.66000,4684.63000,4680.22000,4684.11000,4147
2026.05.07,05:00,4684.10000,4687.50000,4681.85000,4686.82000,3150
2026.05.07,05:15,4686.83000,4690.53000,4686.52000,4687.64000,3341
2026.05.07,05:30,4688.00000,4690.31000,4685.07000,4686.02000,3755
2026.05.07,05:45,4686.03000,4688.12000,4684.93000,4686.09000,3210
2026.05.07,06:00,4686.11000,4695.66000,4685.98000,4695.04000,3582
2026.05.07,06:15,4695.05000,4700.08000,4694.82000,4698.27000,3791
2026.05.07,06:30,4698.26000,4698.82000,4693.59000,4695.29000,3657
2026.05.07,06:45,4695.30000,4698.33000,4692.28000,4692.46000,4960
2026.05.07,07:00,4692.52000,4699.46000,4692.43000,4698.88000,3180
2026.05.07,07:15,4698.90000,4699.48000,4691.82000,4692.64000,2276
2026.05.07,07:30,4692.60000,4693.05000,4688.47000,4688.48000,1969
2026.05.07,07:45,4688.45000,4691.88000,4685.17000,4691.11000,2442
2026.05.07,09:00,4695.03000,4698.13000,4689.15000,4697.04000,2269
2026.05.07,09:15,4697.06000,4700.05000,4692.92000,4695.38000,2581
2026.05.07,09:30,4695.06000,4699.87000,4694.09000,4698.88000,2053
2026.05.07,09:45,4698.82000,4698.86000,4694.07000,4694.81000,1799
2026.05.07,10:00,4694.80000,4698.72000,4693.73000,4694.01000,1775
2026.05.07,10:15,4694.21000,4697.90000,4689.99000,4693.45000,1930
2026.05.07,10:30,4693.46000,4694.57000,4691.55000,4693.25000,1310
2026.05.07,10:45,4693.29000,4699.41000,4693.11000,4699.03000,2417
2026.05.07,11:00,4698.68000,4700.86000,4689.62000,4699.50000,6264
2026.05.07,11:15,4699.51000,4701.19000,4691.80000,4692.18000,5186
2026.05.07,11:30,4692.05000,4693.21000,4685.61000,4688.01000,4302
2026.05.07,11:45,4688.00000,4691.43000,4685.15000,4688.68000,3819
2026.05.07,12:00,4688.72000,4711.04000,4684.94000,4709.53000,7698
2026.05.07,12:15,4709.27000,4716.44000,4703.50000,4704.23000,6360
2026.05.07,12:30,4704.16000,4718.10000,4702.18000,4712.91000,6209
2026.05.07,12:45,4712.92000,4721.53000,4712.47000,4714.81000,4750
2026.05.07,13:00,4714.80000,4718.67000,4703.37000,4704.08000,5335
2026.05.07,13:15,4704.09000,4707.75000,4701.39000,4702.60000,4134
2026.05.07,13:30,4702.52000,4705.39000,4699.75000,4703.97000,4306
2026.05.07,13:45,4703.98000,4709.99000,4703.98000,4707.03000,3207
2026.05.07,14:00,4706.96000,4709.67000,4704.03000,4705.83000,3359
2026.05.07,14:15,4705.60000,4708.58000,4704.25000,4704.47000,3365
2026.05.07,14:30,4704.58000,4705.00000,4702.07000,4703.93000,2044
2026.05.07,14:45,4703.65000,4704.47000,4699.01000,4699.25000,1988
2026.05.07,15:00,4699.22000,4700.96000,4696.69000,4696.81000,2797
2026.05.07,15:15,4696.82000,4698.53000,4694.63000,4696.77000,2189
2026.05.07,15:30,4696.79000,4699.18000,4692.09000,4697.77000,1933
2026.05.07,15:45,4697.79000,4699.06000,4693.83000,4696.47000,1961
2026.05.07,16:00,4696.40000,4701.24000,4696.17000,4700.46000,2230
2026.05.07,16:15,4700.65000,4700.83000,4694.40000,4695.95000,2396
2026.05.07,16:30,4695.96000,4706.09000,4694.87000,4703.58000,3898
2026.05.07,16:45,4703.56000,4706.60000,4700.65000,4701.07000,3332
2026.05.07,17:00,4701.09000,4710.34000,4700.83000,4708.17000,4172
2026.05.07,17:15,4708.18000,4717.82000,4707.31000,4717.14000,5212
2026.05.07,17:30,4717.08000,4749.93000,4715.87000,4745.50000,8693
2026.05.07,17:45,4745.59000,4747.03000,4735.58000,4739.24000,4650
2026.05.07,18:00,4739.20000,4750.14000,4731.43000,4749.10000,8405
2026.05.07,18:15,4749.11000,4750.60000,4737.87000,4739.46000,8427
2026.05.07,18:30,4739.49000,4743.87000,4738.31000,4742.95000,5449
2026.05.07,18:45,4742.98000,4744.40000,4737.03000,4743.21000,5417
2026.05.07,19:00,4743.11000,4753.44000,4742.39000,4742.49000,7568
2026.05.07,19:15,4742.48000,4742.89000,4733.37000,4740.08000,6759
2026.05.07,19:30,4740.07000,4741.69000,4733.78000,4735.32000,4942
2026.05.07,19:45,4735.21000,4737.19000,4730.59000,4731.00000,4592
2026.05.07,20:00,4731.03000,4736.19000,4721.65000,4734.18000,5620
2026.05.07,20:15,4734.19000,4738.74000,4731.45000,4735.73000,4202
2026.05.07,20:30,4735.29000,4739.38000,4732.97000,4738.09000,4275
2026.05.07,20:45,4738.11000,4739.09000,4725.75000,4729.13000,4666
2026.05.07,21:00,4729.12000,4735.07000,4726.51000,4734.74000,5112
2026.05.07,21:15,4734.75000,4736.12000,4728.40000,4732.37000,3621
2026.05.07,21:30,4732.36000,4739.62000,4727.98000,4738.86000,3823
2026.05.07,21:45,4738.87000,4739.65000,4735.02000,4735.64000,3326
2026.05.07,22:00,4735.65000,4736.93000,4728.13000,4730.28000,3992
2026.05.07,22:15,4730.26000,4736.62000,4727.24000,4733.11000,4335
2026.05.07,22:30,4732.80000,4738.02000,4731.67000,4736.87000,4618
2026.05.07,22:45,4736.88000,4743.66000,4734.03000,4742.74000,6091
2026.05.07,23:00,4742.81000,4746.31000,4739.43000,4743.80000,7249
2026.05.07,23:15,4743.78000,4747.16000,4733.18000,4737.70000,7773
2026.05.07,23:30,4737.63000,4751.72000,4736.98000,4751.11000,6653
2026.05.07,23:45,4751.18000,4752.63000,4744.78000,4750.15000,5840
2026.05.08,00:00,4749.84000,4750.10000,4731.13000,4733.44000,10074
2026.05.08,00:15,4733.43000,4746.66000,4731.39000,4745.00000,7057
2026.05.08,00:30,4744.88000,4758.03000,4743.26000,4748.42000,11327
2026.05.08,00:45,4748.38000,4749.32000,4737.29000,4746.10000,12586
2026.05.08,01:00,4746.01000,4753.72000,4742.45000,4751.74000,9441
2026.05.08,01:15,4751.73000,4759.43000,4740.88000,4756.59000,10266
2026.05.08,01:30,4756.64000,4758.84000,4747.20000,4751.75000,8534
2026.05.08,01:45,4751.91000,4763.38000,4750.99000,4762.57000,7461
2026.05.08,02:00,4762.56000,4764.78000,4754.49000,4754.87000,9091
2026.05.08,02:15,4754.88000,4756.26000,4736.40000,4739.97000,11939
2026.05.08,02:30,4740.14000,4747.01000,4738.81000,4738.81000,9006
2026.05.08,02:45,4738.79000,4739.81000,4726.32000,4729.13000,10756
2026.05.08,03:00,4729.14000,4729.62000,4713.34000,4715.16000,13518
2026.05.08,03:15,4715.15000,4723.04000,4704.08000,4720.07000,13255
2026.05.08,03:30,4720.12000,4720.92000,4710.29000,4711.20000,10707
2026.05.08,03:45,4711.19000,4718.26000,4710.46000,4715.04000,9680
2026.05.08,04:00,4715.03000,4719.61000,4711.78000,4714.58000,8394
2026.05.08,04:15,4714.54000,4719.10000,4687.83000,4699.12000,14701
2026.05.08,04:30,4698.92000,4706.16000,4693.36000,4699.59000,13497
2026.05.08,04:45,4699.44000,4712.20000,4697.97000,4711.43000,11016
2026.05.08,05:00,4711.33000,4712.44000,4705.16000,4708.12000,10164
2026.05.08,05:15,4708.10000,4713.07000,4705.41000,4712.55000,8670
2026.05.08,05:30,4712.68000,4716.09000,4702.94000,4705.75000,9251
2026.05.08,05:45,4706.06000,4711.39000,4695.43000,4709.55000,12389
2026.05.08,06:00,4709.57000,4712.95000,4704.91000,4709.89000,8742
2026.05.08,06:15,4709.93000,4710.73000,4697.69000,4705.02000,10749
2026.05.08,06:30,4705.03000,4712.01000,4703.62000,4709.53000,6963
2026.05.08,06:45,4709.57000,4710.74000,4702.63000,4702.87000,10132
2026.05.08,07:00,4702.90000,4719.00000,4702.90000,4711.52000,6505
2026.05.08,07:15,4711.79000,4714.27000,4709.07000,4712.93000,3380
2026.05.08,07:30,4712.87000,4715.54000,4696.17000,4703.85000,6275
2026.05.08,07:45,4703.47000,4703.84000,4684.58000,4685.50000,6320
2026.05.08,09:00,4686.89000,4698.02000,4686.11000,4691.07000,3787
2026.05.08,09:15,4691.09000,4699.48000,4689.05000,4693.45000,4156
2026.05.08,09:30,4693.48000,4695.08000,4685.85000,4686.76000,3251
2026.05.08,09:45,4686.74000,4688.68000,4681.53000,4685.52000,2472
2026.05.08,10:00,4685.60000,4693.92000,4684.24000,4691.71000,2378
2026.05.08,10:15,4691.79000,4698.25000,4691.56000,4696.39000,2006
2026.05.08,10:30,4696.41000,4699.03000,4694.73000,4697.29000,1969
2026.05.08,10:45,4697.43000,4705.48000,4697.42000,4704.14000,3153
2026.05.08,11:00,4704.15000,4709.38000,4701.39000,4702.78000,5557
2026.05.08,11:15,4702.72000,4705.79000,4693.84000,4697.14000,5295
2026.05.08,11:30,4697.26000,4708.19000,4695.78000,4704.99000,4282
2026.05.08,11:45,4705.00000,4705.85000,4696.86000,4701.23000,4389
2026.05.08,12:00,4701.03000,4719.40000,4700.80000,4714.14000,7682
2026.05.08,12:15,4713.94000,4718.71000,4711.15000,4712.46000,5053
2026.05.08,12:30,4712.47000,4715.12000,4705.03000,4711.10000,5724
2026.05.08,12:45,4711.12000,4725.52000,4710.98000,4722.74000,5576
2026.05.08,13:00,4722.76000,4732.69000,4721.39000,4723.98000,5483
2026.05.08,13:15,4723.92000,4724.27000,4718.00000,4721.35000,3684
2026.05.08,13:30,4721.36000,4723.50000,4706.82000,4709.92000,7234
2026.05.08,13:45,4710.23000,4717.57000,4708.20000,4713.47000,5867
2026.05.08,14:00,4713.46000,4720.20000,4711.03000,4720.20000,4482
2026.05.08,14:15,4720.19000,4722.83000,4717.03000,4720.39000,3418
2026.05.08,14:30,4720.24000,4731.02000,4719.93000,4724.86000,3829
2026.05.08,14:45,4724.90000,4725.08000,4717.87000,4719.51000,2735
2026.05.08,15:00,4719.63000,4723.28000,4714.74000,4715.00000,3205
2026.05.08,15:15,4714.97000,4718.53000,4713.27000,4717.44000,2523
2026.05.08,15:30,4717.55000,4718.37000,4708.70000,4712.02000,3415
2026.05.08,15:45,4712.04000,4716.71000,4709.66000,4711.09000,3065
2026.05.08,16:00,4711.17000,4716.28000,4709.34000,4712.10000,3450
2026.05.08,16:15,4712.11000,4720.27000,4710.32000,4719.26000,3196
2026.05.08,16:30,4719.32000,4727.26000,4719.32000,4724.62000,6111
2026.05.08,16:45,4724.54000,4731.10000,4723.02000,4727.30000,5038
2026.05.08,17:00,4726.94000,4730.02000,4712.47000,4723.03000,8099
2026.05.08,17:15,4722.97000,4734.63000,4721.46000,4733.53000,6247
2026.05.08,17:30,4733.55000,4734.18000,4725.40000,4729.03000,5727
2026.05.08,17:45,4729.07000,4729.52000,4721.32000,4725.56000,4924
2026.05.08,18:00,4725.36000,4726.44000,4715.00000,4715.08000,6052
2026.05.08,18:15,4715.11000,4718.22000,4696.67000,4706.47000,8297
2026.05.08,18:30,4706.50000,4711.75000,4701.21000,4708.08000,6305
2026.05.08,18:45,4708.09000,4713.63000,4706.80000,4707.72000,5411
2026.05.08,19:00,4707.73000,4713.09000,4706.59000,4711.48000,5359
2026.05.08,19:15,4711.46000,4722.59000,4711.24000,4716.86000,5836
2026.05.08,19:30,4716.92000,4723.55000,4716.22000,4716.88000,4622
2026.05.08,19:45,4716.86000,4720.19000,4714.83000,4715.65000,4096
2026.05.08,20:00,4715.66000,4720.21000,4713.26000,4718.56000,4008
2026.05.08,20:15,4718.55000,4722.83000,4717.60000,4717.81000,3352
2026.05.08,20:30,4717.78000,4718.76000,4709.39000,4713.42000,4673
2026.05.08,20:45,4713.44000,4713.98000,4707.40000,4711.68000,4786
2026.05.08,21:00,4711.74000,4719.04000,4710.98000,4718.94000,3637
2026.05.08,21:15,4718.96000,4723.91000,4717.39000,4720.32000,2960
2026.05.08,21:30,4720.31000,4727.96000,4720.28000,4724.41000,3186
2026.05.08,21:45,4724.31000,4724.42000,4715.39000,4719.66000,4574
2026.05.08,22:00,4719.85000,4727.34000,4718.70000,4721.94000,5215
2026.05.08,22:15,4721.96000,4725.73000,4720.06000,4723.91000,3671
2026.05.08,22:30,4723.85000,4725.88000,4720.95000,4721.02000,3936
2026.05.08,22:45,4720.85000,4721.42000,4713.62000,4717.73000,4042
2026.05.08,23:00,4717.79000,4719.78000,4703.72000,4704.64000,6312
2026.05.08,23:15,4704.62000,4710.94000,4702.75000,4709.52000,5676
2026.05.08,23:30,4709.23000,4730.76000,4702.94000,4723.94000,11139
2026.05.08,23:45,4724.04000,4731.97000,4719.05000,4724.24000,9034
2026.05.09,00:00,4724.26000,4729.00000,4716.09000,4720.44000,10348
2026.05.09,00:15,4720.45000,4727.76000,4719.44000,4727.10000,7345
2026.05.09,00:30,4727.00000,4744.31000,4726.71000,4738.13000,12799
2026.05.09,00:45,4738.10000,4747.77000,4734.95000,4747.55000,9683
2026.05.09,01:00,4747.52000,4749.22000,4718.48000,4731.63000,13138
2026.05.09,01:15,4731.56000,4733.98000,4716.49000,4716.94000,10804
2026.05.09,01:30,4717.78000,4725.52000,4714.20000,4722.71000,11032
2026.05.09,01:45,4722.62000,4724.59000,4713.29000,4715.85000,8761
2026.05.09,02:00,4715.77000,4720.92000,4706.10000,4707.83000,8912
2026.05.09,02:15,4707.74000,4713.59000,4704.24000,4713.16000,9550
2026.05.09,02:30,4713.14000,4715.03000,4703.77000,4705.97000,9037
2026.05.09,02:45,4706.01000,4711.14000,4701.96000,4707.09000,7272
2026.05.09,03:00,4707.10000,4712.49000,4705.51000,4711.44000,5968
2026.05.09,03:15,4711.47000,4717.68000,4711.32000,4717.63000,4542
2026.05.09,03:30,4717.66000,4720.26000,4713.00000,4713.22000,4940
2026.05.09,03:45,4713.24000,4716.19000,4711.26000,4712.49000,5126
2026.05.09,04:00,4712.48000,4716.13000,4712.20000,4715.12000,4792
2026.05.09,04:15,4715.26000,4722.05000,4715.11000,4720.54000,4400
2026.05.09,04:30,4720.46000,4721.78000,4719.53000,4720.78000,2805
2026.05.09,04:45,4720.81000,4722.71000,4719.22000,4720.74000,2392
2026.05.09,05:00,4720.84000,4728.69000,4720.57000,4727.73000,5609
2026.05.09,05:15,4727.78000,4728.95000,4723.74000,4725.58000,3374
2026.05.09,05:30,4725.57000,4726.51000,4723.86000,4724.59000,2816
2026.05.09,05:45,4724.61000,4724.68000,4719.83000,4721.93000,3549
2026.05.09,06:00,4721.81000,4725.71000,4720.83000,4723.52000,2887
2026.05.09,06:15,4723.50000,4725.10000,4723.27000,4723.68000,1740
2026.05.09,06:30,4723.79000,4726.87000,4721.51000,4725.38000,3156
2026.05.09,06:45,4725.36000,4726.00000,4722.88000,4723.93000,4160
2026.05.09,07:00,4723.94000,4724.23000,4716.81000,4718.48000,1499
2026.05.09,07:15,4718.44000,4718.85000,4714.89000,4717.03000,1431
2026.05.09,07:30,4717.00000,4718.86000,4715.36000,4715.93000,947
2026.05.11,09:00,4700.88000,4700.97000,4678.59000,4687.00000,5737
2026.05.11,09:15,4687.02000,4696.15000,4681.59000,4694.46000,3619
2026.05.11,09:30,4694.41000,4694.41000,4686.73000,4691.18000,2859
2026.05.11,09:45,4691.19000,4694.62000,4689.86000,4691.79000,2314
2026.05.11,10:00,4691.63000,4696.84000,4688.40000,4690.22000,2779
2026.05.11,10:15,4690.13000,4697.21000,4688.80000,4694.62000,2138
2026.05.11,10:30,4694.61000,4698.50000,4694.31000,4697.47000,1882
2026.05.11,10:45,4697.63000,4698.79000,4689.97000,4691.66000,2661
2026.05.11,11:00,4691.42000,4691.76000,4680.09000,4682.52000,5491
2026.05.11,11:15,4682.25000,4686.65000,4675.73000,4683.32000,4911
2026.05.11,11:30,4683.33000,4693.39000,4683.24000,4689.17000,3852
2026.05.11,11:45,4689.19000,4692.73000,4669.80000,4683.08000,6449
2026.05.11,12:00,4683.03000,4699.48000,4674.26000,4692.19000,11068
2026.05.11,12:15,4692.20000,4705.59000,4689.41000,4698.97000,7843
2026.05.11,12:30,4699.03000,4701.81000,4690.65000,4694.30000,7296
2026.05.11,12:45,4694.66000,4696.04000,4679.98000,4685.42000,6050
2026.05.11,13:00,4685.41000,4693.10000,4678.19000,4685.97000,5893
2026.05.11,13:15,4685.81000,4688.69000,4682.71000,4688.59000,2999
2026.05.11,13:30,4688.55000,4700.23000,4687.96000,4688.59000,5030
2026.05.11,13:45,4688.53000,4693.73000,4676.45000,4681.71000,5427
2026.05.11,14:00,4681.38000,4689.84000,4675.29000,4686.86000,4387
2026.05.11,14:15,4686.87000,4690.31000,4683.78000,4689.58000,3744
2026.05.11,14:30,4689.59000,4690.44000,4682.31000,4687.84000,3215
2026.05.11,14:45,4687.83000,4687.83000,4676.94000,4678.45000,2602
2026.05.11,15:00,4678.67000,4679.59000,4673.26000,4677.43000,2926
2026.05.11,15:15,4677.51000,4678.70000,4670.25000,4671.80000,2851
2026.05.11,15:30,4671.38000,4674.69000,4668.21000,4673.08000,3098
2026.05.11,15:45,4673.06000,4676.00000,4671.68000,4672.08000,2325
2026.05.11,16:00,4671.95000,4676.05000,4670.66000,4673.47000,2521
2026.05.11,16:15,4673.46000,4675.22000,4670.43000,4670.43000,2215
2026.05.11,16:30,4670.55000,4680.83000,4662.06000,4663.75000,5484
2026.05.11,16:45,4663.84000,4663.97000,4647.66000,4652.17000,7676
2026.05.11,17:00,4652.11000,4667.04000,4649.18000,4665.27000,5959
2026.05.11,17:15,4665.28000,4670.55000,4664.45000,4667.35000,5523
2026.05.11,17:30,4667.34000,4675.50000,4667.15000,4674.14000,3961
2026.05.11,17:45,4674.15000,4680.46000,4671.18000,4678.51000,4513
2026.05.11,18:00,4678.49000,4680.33000,4674.36000,4675.83000,4626
2026.05.11,18:15,4675.84000,4678.06000,4671.91000,4675.59000,3413
2026.05.11,18:30,4675.54000,4677.75000,4671.48000,4671.98000,2846
2026.05.11,18:45,4672.07000,4672.72000,4664.10000,4667.59000,3250
2026.05.11,19:00,4667.57000,4673.74000,4664.14000,4672.07000,4950
2026.05.11,19:15,4672.09000,4678.73000,4671.22000,4671.22000,4619
2026.05.11,19:30,4671.11000,4675.28000,4669.05000,4670.37000,4198
2026.05.11,19:45,4670.40000,4671.47000,4666.67000,4667.65000,2844
2026.05.11,20:00,4667.60000,4670.05000,4665.25000,4667.34000,2940
2026.05.11,20:15,4667.35000,4667.49000,4656.78000,4657.50000,3700
2026.05.11,20:30,4657.38000,4663.74000,4650.47000,4662.79000,4204
2026.05.11,20:45,4662.77000,4664.91000,4656.19000,4656.90000,3283
2026.05.11,21:00,4656.89000,4662.88000,4656.42000,4662.54000,3306
2026.05.11,21:15,4662.52000,4665.92000,4660.25000,4663.26000,2814
2026.05.11,21:30,4663.34000,4666.71000,4660.29000,4663.46000,3562
2026.05.11,21:45,4663.42000,4667.50000,4661.42000,4664.27000,3726
2026.05.11,22:00,4664.38000,4672.29000,4664.17000,4669.32000,4816
2026.05.11,22:15,4669.23000,4672.10000,4667.40000,4671.87000,2840
2026.05.11,22:30,4671.83000,4677.31000,4670.10000,4675.52000,3939
2026.05.11,22:45,4675.54000,4675.78000,4670.18000,4674.53000,3550
2026.05.11,23:00,4674.34000,4675.95000,4667.39000,4668.32000,4723
2026.05.11,23:15,4668.28000,4695.24000,4667.36000,4690.50000,8377
2026.05.11,23:30,4690.49000,4698.41000,4688.96000,4691.96000,7250
2026.05.11,23:45,4691.99000,4701.06000,4686.15000,4700.07000,7172
2026.05.12,00:00,4700.08000,4721.66000,4698.58000,4720.81000,10253
2026.05.12,00:15,4720.92000,4735.74000,4720.36000,4728.42000,9505
2026.05.12,00:30,4728.45000,4745.52000,4728.06000,4743.76000,12519
2026.05.12,00:45,4743.70000,4748.53000,4734.54000,4735.72000,9961
2026.05.12,01:00,4735.69000,4738.15000,4718.34000,4730.71000,9987
2026.05.12,01:15,4730.77000,4733.87000,4724.59000,4725.11000,8343
2026.05.12,01:30,4725.15000,4733.53000,4714.98000,4732.33000,10612
2026.05.12,01:45,4732.30000,4733.95000,4723.60000,4725.49000,8276
2026.05.12,02:00,4725.39000,4731.81000,4722.80000,4728.50000,7192
2026.05.12,02:15,4728.59000,4738.24000,4727.25000,4732.92000,6254
2026.05.12,02:30,4732.91000,4734.75000,4726.64000,4727.20000,6490
2026.05.12,02:45,4727.21000,4732.66000,4724.94000,4732.03000,6226
2026.05.12,03:00,4732.12000,4733.63000,4727.07000,4727.86000,4799
2026.05.12,03:15,4727.87000,4728.20000,4722.35000,4723.90000,5126
2026.05.12,03:30,4723.93000,4726.11000,4707.96000,4711.46000,7192
2026.05.12,03:45,4711.47000,4716.96000,4709.01000,4716.34000,6297
2026.05.12,04:00,4716.32000,4720.02000,4715.84000,4718.23000,5468
2026.05.12,04:15,4718.26000,4721.73000,4716.98000,4718.25000,5326
2026.05.12,04:30,4718.23000,4724.54000,4717.75000,4724.04000,4352
2026.05.12,04:45,4724.02000,4724.66000,4721.91000,4723.73000,3170
2026.05.12,05:00,4723.74000,4726.93000,4722.02000,4723.52000,3712
2026.05.12,05:15,4723.50000,4727.37000,4720.95000,4727.00000,3971
2026.05.12,05:30,4727.01000,4729.34000,4725.72000,4726.73000,3555
2026.05.12,05:45,4726.72000,4728.93000,4724.79000,4724.91000,4099
2026.05.12,06:00,4725.15000,4728.37000,4723.77000,4724.69000,4651
2026.05.12,06:15,4724.95000,4725.62000,4722.97000,4724.36000,3397
2026.05.12,06:30,4724.38000,4728.65000,4722.43000,4727.03000,3226
2026.05.12,06:45,4727.06000,4736.22000,4727.06000,4733.68000,4235
2026.05.12,07:00,4733.55000,4737.62000,4729.87000,4734.86000,2376
2026.05.12,07:15,4734.95000,4735.20000,4733.32000,4735.14000,1267
2026.05.12,07:30,4735.15000,4738.53000,4734.87000,4737.27000,890
2026.05.12,07:45,4737.28000,4737.63000,4732.56000,4735.26000,1558
2026.05.12,09:00,4739.86000,4743.70000,4738.10000,4738.50000,2716
2026.05.12,09:15,4738.49000,4741.85000,4737.16000,4739.57000,1592
2026.05.12,09:30,4739.55000,4745.52000,4738.72000,4744.69000,1754
2026.05.12,09:45,4744.63000,4755.28000,4743.98000,4750.88000,3237
2026.05.12,10:00,4750.93000,4754.54000,4745.84000,4750.83000,3236
2026.05.12,10:15,4750.85000,4754.58000,4750.54000,4752.88000,2211
2026.05.12,10:30,4752.89000,4759.36000,4751.07000,4755.64000,3758
2026.05.12,10:45,4755.95000,4770.27000,4755.20000,4767.21000,4545
2026.05.12,11:00,4767.20000,4769.64000,4758.14000,4766.58000,6450
2026.05.12,11:15,4766.60000,4773.45000,4752.89000,4762.31000,6434
2026.05.12,11:30,4762.32000,4763.93000,4757.58000,4758.08000,4329
2026.05.12,11:45,4758.30000,4761.95000,4748.40000,4749.28000,5396
2026.05.12,12:00,4749.01000,4755.47000,4741.86000,4746.17000,10209
2026.05.12,12:15,4746.16000,4751.40000,4733.50000,4735.25000,8158
2026.05.12,12:30,4735.24000,4738.79000,4720.17000,4728.94000,9630
2026.05.12,12:45,4728.64000,4731.28000,4723.63000,4727.10000,8678
2026.05.12,13:00,4727.12000,4733.94000,4724.97000,4731.64000,7539
2026.05.12,13:15,4731.65000,4731.65000,4724.25000,4726.85000,4597
2026.05.12,13:30,4726.89000,4731.89000,4721.97000,4731.69000,6798
2026.05.12,13:45,4731.70000,4733.51000,4726.78000,4730.13000,6381
2026.05.12,14:00,4730.05000,4733.43000,4726.94000,4730.73000,5589
2026.05.12,14:15,4731.05000,4731.26000,4722.48000,4723.63000,4949
2026.05.12,14:30,4723.88000,4728.08000,4723.51000,4723.62000,3000
2026.05.12,14:45,4723.65000,4724.19000,4717.91000,4720.24000,3085
2026.05.12,15:00,4720.23000,4723.29000,4719.48000,4721.92000,3346
2026.05.12,15:15,4721.96000,4730.47000,4721.64000,4722.49000,3843
2026.05.12,15:30,4722.44000,4726.30000,4721.29000,4724.67000,2634
2026.05.12,15:45,4724.64000,4725.03000,4710.74000,4713.96000,4327
2026.05.12,16:00,4713.90000,4718.83000,4708.58000,4712.71000,5039
2026.05.12,16:15,4712.72000,4717.02000,4712.42000,4714.88000,3410
2026.05.12,16:30,4714.87000,4722.29000,4712.68000,4714.82000,6523
2026.05.12,16:45,4714.88000,4719.69000,4709.69000,4713.92000,6020
2026.05.12,17:00,4713.73000,4714.00000,4702.39000,4705.21000,7695
2026.05.12,17:15,4705.23000,4707.02000,4695.20000,4696.03000,5850
2026.05.12,17:30,4696.06000,4704.80000,4695.25000,4702.36000,5351
2026.05.12,17:45,4702.39000,4704.37000,4694.47000,4696.90000,6982
2026.05.12,18:00,4697.24000,4698.34000,4686.70000,4695.72000,7037
2026.05.12,18:15,4695.70000,4699.66000,4693.77000,4697.95000,4828
2026.05.12,18:30,4697.90000,4702.48000,4695.50000,4700.32000,4404
2026.05.12,18:45,4700.34000,4703.77000,4697.62000,4699.76000,4993
2026.05.12,19:00,4699.74000,4706.78000,4699.06000,4699.84000,5038
2026.05.12,19:15,4699.90000,4704.11000,4697.10000,4702.80000,3947
2026.05.12,19:30,4702.77000,4704.43000,4697.91000,4699.89000,4280
2026.05.12,19:45,4699.75000,4706.45000,4698.80000,4703.29000,4656
2026.05.12,20:00,4703.19000,4703.21000,4697.75000,4697.89000,4326
2026.05.12,20:15,4697.78000,4702.52000,4697.51000,4699.65000,3748
2026.05.12,20:30,4699.45000,4705.06000,4694.36000,4695.10000,5402
2026.05.12,20:45,4695.16000,4701.65000,4694.06000,4699.46000,4061
2026.05.12,21:00,4699.47000,4708.50000,4698.69000,4705.08000,3694
2026.05.12,21:15,4705.10000,4705.47000,4698.77000,4700.21000,3600
2026.05.12,21:30,4700.22000,4700.30000,4684.50000,4690.70000,5992
2026.05.12,21:45,4690.68000,4694.46000,4689.65000,4694.44000,4412
2026.05.12,22:00,4694.38000,4698.11000,4687.02000,4691.60000,7167
2026.05.12,22:15,4691.63000,4700.22000,4691.55000,4700.10000,4590
2026.05.12,22:30,4700.17000,4705.94000,4697.76000,4704.25000,4630
2026.05.12,22:45,4704.26000,4709.09000,4702.33000,4706.43000,4725
2026.05.12,23:00,4706.45000,4708.03000,4698.28000,4705.67000,5545
2026.05.12,23:15,4705.66000,4708.18000,4694.98000,4696.89000,5313
2026.05.12,23:30,4696.87000,4708.59000,4689.33000,4702.75000,9873
2026.05.12,23:45,4702.82000,4711.44000,4700.40000,4705.59000,7712
2026.05.13,00:00,4705.52000,4708.81000,4687.27000,4689.05000,9666
2026.05.13,00:15,4688.97000,4695.36000,4679.44000,4690.80000,9402
2026.05.13,00:30,4690.51000,4701.69000,4683.64000,4699.18000,13465
2026.05.13,00:45,4699.17000,4701.41000,4676.54000,4679.13000,13569
2026.05.13,01:00,4678.98000,4694.92000,4675.94000,4692.77000,12436
2026.05.13,01:15,4692.78000,4694.09000,4682.39000,4683.28000,10059
2026.05.13,01:30,4683.25000,4688.08000,4671.59000,4685.83000,10992
2026.05.13,01:45,4685.63000,4685.68000,4669.04000,4672.89000,11260
2026.05.13,02:00,4672.82000,4676.07000,4664.16000,4664.40000,11923
2026.05.13,02:15,4664.41000,4666.07000,4637.91000,4656.06000,14475
2026.05.13,02:30,4655.91000,4667.93000,4653.80000,4665.53000,10808
2026.05.13,02:45,4665.54000,4670.19000,4664.28000,4666.00000,7887
2026.05.13,03:00,4666.44000,4673.01000,4664.24000,4671.77000,6550
2026.05.13,03:15,4671.76000,4675.03000,4666.32000,4668.26000,6445
2026.05.13,03:30,4668.16000,4671.50000,4665.03000,4669.85000,6827
2026.05.13,03:45,4669.70000,4674.35000,4666.73000,4671.22000,6915
2026.05.13,04:00,4671.42000,4679.66000,4671.22000,4677.02000,6209
2026.05.13,04:15,4677.03000,4682.27000,4676.93000,4679.15000,5860
2026.05.13,04:30,4679.07000,4680.67000,4675.93000,4679.60000,4361
2026.05.13,04:45,4679.58000,4680.46000,4677.68000,4678.81000,3707
2026.05.13,05:00,4678.85000,4683.46000,4676.22000,4681.29000,5836
2026.05.13,05:15,4681.33000,4687.63000,4679.81000,4685.17000,5181
2026.05.13,05:30,4685.11000,4697.52000,4684.61000,4695.28000,5277
2026.05.13,05:45,4695.27000,4698.09000,4690.57000,4695.86000,5109
2026.05.13,06:00,4695.87000,4702.69000,4695.87000,4699.79000,3968
2026.05.13,06:15,4699.78000,4704.43000,4698.92000,4703.34000,3676
2026.05.13,06:30,4703.40000,4710.44000,4703.40000,4709.34000,4121
2026.05.13,06:45,4709.32000,4715.74000,4709.04000,4715.65000,5809
2026.05.13,07:00,4715.51000,4719.40000,4712.06000,4713.45000,3303
2026.05.13,07:15,4713.50000,4716.29000,4712.43000,4713.20000,2131
2026.05.13,07:30,4713.24000,4715.49000,4711.89000,4714.69000,1603
2026.05.13,07:45,4714.65000,4715.74000,4712.80000,4714.33000,2008
2026.05.13,09:00,4716.07000,4721.21000,4711.76000,4714.75000,2493
2026.05.13,09:15,4714.77000,4719.41000,4713.11000,4716.99000,2111
2026.05.13,09:30,4716.96000,4720.98000,4715.09000,4716.41000,1755
2026.05.13,09:45,4716.14000,4722.41000,4716.11000,4716.87000,1875
2026.05.13,10:00,4716.61000,4723.12000,4715.67000,4717.50000,2683
2026.05.13,10:15,4717.59000,4723.99000,4716.89000,4719.91000,2809
2026.05.13,10:30,4720.09000,4721.55000,4715.78000,4720.77000,2981
2026.05.13,10:45,4720.78000,4723.32000,4714.64000,4717.01000,4319
2026.05.13,11:00,4717.16000,4726.26000,4715.16000,4719.87000,6405
2026.05.13,11:15,4719.89000,4726.20000,4719.46000,4722.67000,5473
2026.05.13,11:30,4722.71000,4725.06000,4716.99000,4720.28000,5005
2026.05.13,11:45,4719.95000,4720.50000,4714.09000,4714.92000,4455
2026.05.13,12:00,4714.94000,4717.25000,4707.09000,4709.48000,9252
2026.05.13,12:15,4709.49000,4710.55000,4702.52000,4704.32000,6740
2026.05.13,12:30,4704.12000,4710.53000,4701.64000,4708.77000,6385
2026.05.13,12:45,4708.78000,4710.60000,4700.95000,4702.51000,4891
2026.05.13,13:00,4702.42000,4707.53000,4699.21000,4701.56000,5364
2026.05.13,13:15,4701.54000,4703.94000,4698.31000,4700.35000,3636
2026.05.13,13:30,4700.39000,4700.42000,4694.05000,4694.50000,6411
2026.05.13,13:45,4694.51000,4697.31000,4687.28000,4691.97000,6641
2026.05.13,14:00,4691.94000,4694.46000,4688.96000,4692.22000,4977
2026.05.13,14:15,4692.23000,4700.65000,4691.19000,4700.51000,3712
2026.05.13,14:30,4700.45000,4705.82000,4700.19000,4703.75000,3301
2026.05.13,14:45,4703.77000,4704.82000,4694.37000,4696.04000,3311
2026.05.13,15:00,4696.02000,4698.88000,4695.35000,4698.34000,2801
2026.05.13,15:15,4698.44000,4703.34000,4697.99000,4701.22000,2478
2026.05.13,15:30,4701.21000,4703.31000,4697.17000,4698.55000,2682
2026.05.13,15:45,4698.56000,4701.69000,4698.13000,4699.48000,2775
2026.05.13,16:00,4699.46000,4707.31000,4698.20000,4705.33000,4146
2026.05.13,16:15,4705.24000,4705.66000,4697.76000,4698.07000,4132
2026.05.13,16:30,4697.94000,4702.67000,4693.41000,4696.96000,6716
2026.05.13,16:45,4697.12000,4705.40000,4696.32000,4704.21000,5099
2026.05.13,17:00,4703.89000,4712.93000,4703.26000,4710.44000,5512
2026.05.13,17:15,4710.45000,4715.30000,4706.77000,4708.79000,5359
2026.05.13,17:30,4708.81000,4713.56000,4707.67000,4711.16000,4878
2026.05.13,17:45,4711.23000,4712.10000,4698.99000,4701.89000,5228
2026.05.13,18:00,4701.94000,4705.44000,4696.87000,4702.17000,5251
2026.05.13,18:15,4702.16000,4708.88000,4702.13000,4707.47000,4050
2026.05.13,18:30,4707.48000,4707.88000,4702.88000,4703.52000,3955
2026.05.13,18:45,4703.53000,4704.52000,4701.22000,4702.73000,4124
2026.05.13,19:00,4702.50000,4704.17000,4698.48000,4700.25000,4734
2026.05.13,19:15,4700.24000,4701.22000,4694.50000,4696.97000,4567
2026.05.13,19:30,4697.04000,4699.91000,4694.32000,4695.94000,3470
2026.05.13,19:45,4695.95000,4702.83000,4694.76000,4700.60000,3616
2026.05.13,20:00,4700.61000,4701.93000,4693.63000,4694.41000,4165
2026.05.13,20:15,4694.37000,4695.27000,4685.84000,4688.83000,4458
2026.05.13,20:30,4688.78000,4694.25000,4685.83000,4693.93000,4306
2026.05.13,20:45,4693.85000,4701.06000,4692.88000,4700.98000,3249
2026.05.13,21:00,4700.99000,4710.65000,4698.64000,4702.25000,5475
2026.05.13,21:15,4702.28000,4705.89000,4698.63000,4699.52000,4327
2026.05.13,21:30,4699.58000,4699.85000,4694.08000,4695.59000,4416
2026.05.13,21:45,4695.56000,4696.84000,4693.66000,4694.18000,3452
2026.05.13,22:00,4694.17000,4699.09000,4691.49000,4698.92000,5060
2026.05.13,22:15,4698.93000,4700.47000,4695.75000,4698.32000,4819
2026.05.13,22:30,4698.38000,4705.26000,4698.02000,4703.32000,4572
2026.05.13,22:45,4703.31000,4705.49000,4697.33000,4697.38000,4575
2026.05.13,23:00,4697.29000,4701.57000,4693.49000,4694.01000,6027
2026.05.13,23:15,4694.02000,4694.30000,4683.03000,4683.90000,7335
2026.05.13,23:30,4683.75000,4686.17000,4675.81000,4682.91000,12026
2026.05.13,23:45,4682.89000,4685.47000,4677.49000,4683.75000,9303
2026.05.14,00:00,4683.45000,4691.11000,4683.43000,4689.79000,9116
2026.05.14,00:15,4689.80000,4694.60000,4686.42000,4688.63000,7245
2026.05.14,00:30,4688.49000,4690.78000,4672.93000,4678.54000,15070
2026.05.14,00:45,4678.51000,4683.21000,4669.46000,4679.39000,14191
2026.05.14,01:00,4679.25000,4683.17000,4672.89000,4681.19000,13360
2026.05.14,01:15,4681.18000,4685.38000,4673.50000,4684.09000,10863
2026.05.14,01:30,4684.02000,4690.85000,4682.98000,4683.64000,10128
2026.05.14,01:45,4683.65000,4684.85000,4677.18000,4679.76000,10763
2026.05.14,02:00,4680.14000,4690.44000,4678.87000,4687.52000,9002
2026.05.14,02:15,4687.51000,4691.71000,4685.18000,4691.10000,8046
2026.05.14,02:30,4691.09000,4699.92000,4686.74000,4699.31000,7535
2026.05.14,02:45,4699.34000,4699.53000,4694.36000,4695.43000,5650
2026.05.14,03:00,4695.50000,4702.73000,4694.97000,4701.90000,5638
2026.05.14,03:15,4701.93000,4709.88000,4698.59000,4706.75000,6731
2026.05.14,03:30,4706.79000,4707.54000,4699.82000,4699.94000,6320
2026.05.14,03:45,4699.93000,4701.27000,4695.13000,4695.73000,5508
2026.05.14,04:00,4695.74000,4701.02000,4695.63000,4699.55000,4484
2026.05.14,04:15,4699.67000,4701.23000,4696.60000,4698.36000,5167
2026.05.14,04:30,4698.52000,4698.56000,4690.07000,4691.02000,5144
2026.05.14,04:45,4691.25000,4694.54000,4684.46000,4685.71000,4873
2026.05.14,05:00,4685.56000,4692.79000,4684.36000,4692.30000,4724
2026.05.14,05:15,4692.32000,4694.01000,4688.70000,4691.96000,4028
2026.05.14,05:30,4691.95000,4692.77000,4685.76000,4686.29000,3636
2026.05.14,05:45,4686.30000,4687.62000,4677.40000,4684.99000,6417
2026.05.14,06:00,4685.02000,4689.05000,4683.29000,4689.04000,3703
2026.05.14,06:15,4689.03000,4690.40000,4686.53000,4687.19000,4056
2026.05.14,06:30,4687.15000,4689.12000,4684.49000,4688.41000,3415
2026.05.14,06:45,4688.33000,4689.46000,4683.39000,4688.15000,5851
2026.05.14,07:00,4688.00000,4690.91000,4685.93000,4690.83000,1862
2026.05.14,07:15,4690.81000,4693.23000,4690.14000,4691.29000,1314
2026.05.14,07:30,4691.30000,4692.73000,4689.14000,4690.68000,1584
2026.05.14,07:45,4690.64000,4691.13000,4687.55000,4687.55000,1668
2026.05.14,09:00,4692.49000,4693.83000,4688.60000,4691.19000,2194
2026.05.14,09:15,4691.31000,4697.19000,4690.64000,4696.99000,2262
2026.05.14,09:30,4696.95000,4700.22000,4695.16000,4698.63000,1787
2026.05.14,09:45,4698.92000,4700.53000,4696.64000,4699.89000,1311
2026.05.14,10:00,4699.86000,4702.07000,4699.08000,4701.06000,1358
2026.05.14,10:15,4701.01000,4701.17000,4696.62000,4697.20000,1323
2026.05.14,10:30,4697.17000,4697.56000,4693.99000,4694.79000,1815
2026.05.14,10:45,4694.80000,4696.87000,4692.96000,4696.57000,2102
2026.05.14,11:00,4696.56000,4699.39000,4689.23000,4697.62000,4919
2026.05.14,11:15,4697.55000,4705.31000,4697.15000,4700.79000,5164
2026.05.14,11:30,4700.74000,4703.08000,4692.83000,4699.86000,4531
2026.05.14,11:45,4700.18000,4706.56000,4699.15000,4704.65000,3926
2026.05.14,12:00,4704.82000,4706.90000,4684.04000,4688.62000,11548
2026.05.14,12:15,4688.67000,4695.30000,4687.13000,4692.67000,8103
2026.05.14,12:30,4692.55000,4694.79000,4683.72000,4688.71000,8745
2026.05.14,12:45,4688.88000,4694.95000,4683.55000,4688.80000,8184
2026.05.14,13:00,4688.88000,4693.91000,4686.48000,4688.37000,7168
2026.05.14,13:15,4688.02000,4694.10000,4686.97000,4693.63000,3836
2026.05.14,13:30,4693.64000,4699.71000,4689.47000,4691.60000,5647
2026.05.14,13:45,4691.58000,4693.47000,4679.65000,4686.41000,7090
2026.05.14,14:00,4686.25000,4690.22000,4681.07000,4682.99000,6213
2026.05.14,14:15,4682.68000,4693.22000,4681.20000,4691.15000,5320
2026.05.14,14:30,4691.14000,4691.65000,4675.39000,4676.20000,4632
2026.05.14,14:45,4676.21000,4677.99000,4673.93000,4675.05000,3690
2026.05.14,15:00,4675.12000,4682.62000,4668.01000,4681.98000,4528
2026.05.14,15:15,4682.04000,4707.45000,4681.43000,4702.06000,4472
2026.05.14,15:30,4702.03000,4712.53000,4700.96000,4704.89000,3985
2026.05.14,15:45,4704.90000,4706.35000,4702.22000,4702.28000,2770
2026.05.14,16:00,4702.29000,4704.11000,4699.64000,4699.92000,3424
2026.05.14,16:15,4699.91000,4700.40000,4693.07000,4693.59000,3209
2026.05.14,16:30,4693.60000,4701.55000,4693.08000,4696.96000,6608
2026.05.14,16:45,4697.23000,4703.28000,4689.07000,4689.95000,5969
2026.05.14,17:00,4689.91000,4694.78000,4686.07000,4687.84000,6566
2026.05.14,17:15,4687.85000,4693.18000,4686.35000,4691.28000,5333
2026.05.14,17:30,4691.39000,4699.62000,4690.75000,4698.80000,4304
2026.05.14,17:45,4698.70000,4702.48000,4694.82000,4700.03000,6170
2026.05.14,18:00,4699.85000,4702.29000,4694.41000,4695.20000,5777
2026.05.14,18:15,4695.26000,4706.91000,4694.80000,4705.36000,5286
2026.05.14,18:30,4705.35000,4718.65000,4702.81000,4709.08000,5888
2026.05.14,18:45,4709.11000,4709.53000,4690.73000,4693.23000,5784
2026.05.14,19:00,4693.24000,4701.04000,4691.83000,4699.03000,5390
2026.05.14,19:15,4698.95000,4704.94000,4697.73000,4702.84000,5753
2026.05.14,19:30,4702.77000,4706.61000,4695.47000,4696.86000,5938
2026.05.14,19:45,4696.94000,4697.54000,4692.78000,4693.32000,4540
2026.05.14,20:00,4693.43000,4698.01000,4690.03000,4694.45000,4566
2026.05.14,20:15,4694.46000,4696.59000,4690.59000,4690.60000,3937
2026.05.14,20:30,4690.59000,4697.14000,4688.12000,4695.37000,5248
2026.05.14,20:45,4695.50000,4702.52000,4695.49000,4699.50000,4919
2026.05.14,21:00,4699.54000,4705.38000,4695.98000,4697.30000,4984
2026.05.14,21:15,4697.31000,4698.33000,4693.94000,4697.49000,5096
2026.05.14,21:30,4697.50000,4697.98000,4692.16000,4693.47000,4155
2026.05.14,21:45,4693.48000,4697.62000,4691.07000,4696.89000,4975
2026.05.14,22:00,4696.88000,4698.74000,4692.83000,4697.25000,4617
2026.05.14,22:15,4697.26000,4697.63000,4689.39000,4692.08000,3538
2026.05.14,22:30,4692.10000,4697.37000,4690.81000,4695.21000,4062
2026.05.14,22:45,4695.22000,4704.84000,4693.94000,4693.94000,6045
2026.05.14,23:00,4693.59000,4703.61000,4692.24000,4703.61000,5976
2026.05.14,23:15,4703.56000,4707.44000,4698.55000,4702.48000,4768
2026.05.14,23:30,4702.57000,4710.04000,4697.82000,4697.93000,6883
2026.05.14,23:45,4697.87000,4706.16000,4695.87000,4704.76000,5696
2026.05.15,00:00,4704.79000,4707.77000,4696.01000,4704.19000,8301
2026.05.15,00:15,4704.22000,4704.39000,4688.09000,4688.41000,8606
2026.05.15,00:30,4688.31000,4689.62000,4666.28000,4676.92000,12979
2026.05.15,00:45,4676.93000,4690.96000,4675.82000,4679.65000,12568
2026.05.15,01:00,4679.48000,4690.28000,4677.26000,4687.61000,11017
2026.05.15,01:15,4687.51000,4700.87000,4686.79000,4691.45000,9498
2026.05.15,01:30,4691.47000,4692.39000,4685.81000,4686.82000,7534
2026.05.15,01:45,4686.85000,4690.31000,4679.14000,4679.44000,9419
2026.05.15,02:00,4679.55000,4686.78000,4677.03000,4684.85000,7851
2026.05.15,02:15,4684.86000,4689.49000,4683.88000,4685.79000,5972
2026.05.15,02:30,4685.81000,4688.88000,4680.96000,4682.60000,6241
2026.05.15,02:45,4682.45000,4686.79000,4680.96000,4685.46000,5294
2026.05.15,03:00,4685.48000,4686.53000,4673.90000,4678.55000,5813
2026.05.15,03:15,4678.46000,4681.34000,4675.32000,4677.31000,5558
2026.05.15,03:30,4677.34000,4678.44000,4670.43000,4675.40000,5696
2026.05.15,03:45,4675.43000,4678.97000,4672.77000,4678.54000,4246
2026.05.15,04:00,4678.65000,4682.60000,4678.39000,4678.76000,5525
2026.05.15,04:15,4678.68000,4682.90000,4676.70000,4677.20000,6085
2026.05.15,04:30,4677.29000,4681.66000,4676.31000,4681.38000,5291
2026.05.15,04:45,4681.41000,4681.83000,4677.71000,4678.21000,3839
2026.05.15,05:00,4678.30000,4678.37000,4668.81000,4674.65000,6103
2026.05.15,05:15,4674.66000,4676.45000,4672.65000,4673.48000,3643
2026.05.15,05:30,4673.77000,4674.94000,4668.23000,4668.40000,3022
2026.05.15,05:45,4668.39000,4671.83000,4666.78000,4671.57000,2872
2026.05.15,06:00,4671.79000,4671.79000,4666.54000,4667.28000,2778
2026.05.15,06:15,4667.29000,4669.08000,4662.82000,4663.31000,2713
2026.05.15,06:30,4662.90000,4665.59000,4655.41000,4656.54000,4588
2026.05.15,06:45,4656.52000,4658.85000,4652.99000,4654.21000,6627
2026.05.15,07:00,4654.24000,4656.97000,4649.17000,4649.79000,3348
2026.05.15,07:15,4649.71000,4651.01000,4646.74000,4647.95000,2002
2026.05.15,07:30,4647.98000,4652.84000,4644.24000,4650.84000,2305
2026.05.15,07:45,4651.00000,4652.64000,4649.39000,4650.02000,2040
2026.05.15,09:00,4650.12000,4658.55000,4646.98000,4655.58000,3797
2026.05.15,09:15,4655.57000,4659.55000,4655.55000,4659.01000,2144
2026.05.15,09:30,4659.02000,4662.48000,4658.41000,4661.42000,1971
2026.05.15,09:45,4661.47000,4662.70000,4659.83000,4662.37000,1267
2026.05.15,10:00,4662.20000,4663.16000,4658.64000,4659.00000,1931
2026.05.15,10:15,4658.99000,4664.32000,4655.63000,4663.96000,2972
2026.05.15,10:30,4663.93000,4665.36000,4646.51000,4657.23000,4330
2026.05.15,10:45,4656.95000,4657.24000,4647.79000,4651.80000,5022
2026.05.15,11:00,4651.88000,4653.58000,4642.25000,4650.20000,7490
2026.05.15,11:15,4650.22000,4657.98000,4629.29000,4630.08000,8400
2026.05.15,11:30,4630.25000,4630.67000,4613.36000,4619.29000,8421
2026.05.15,11:45,4619.07000,4630.41000,4617.14000,4630.06000,7912
2026.05.15,12:00,4630.07000,4631.32000,4607.66000,4614.13000,14384
2026.05.15,12:15,4614.11000,4625.50000,4608.30000,4608.64000,11434
2026.05.15,12:30,4608.93000,4622.98000,4607.37000,4622.80000,10325
2026.05.15,12:45,4622.83000,4624.62000,4607.18000,4614.20000,10076
2026.05.15,13:00,4614.21000,4618.86000,4609.34000,4612.98000,9487
2026.05.15,13:15,4612.92000,4616.74000,4609.32000,4612.61000,6674
2026.05.15,13:30,4612.60000,4617.92000,4609.50000,4617.92000,7363
2026.05.15,13:45,4618.09000,4623.41000,4611.51000,4618.11000,7811
2026.05.15,14:00,4618.10000,4622.33000,4614.51000,4617.40000,6353
2026.05.15,14:15,4617.39000,4618.45000,4609.79000,4612.81000,6231
2026.05.15,14:30,4612.86000,4617.17000,4607.51000,4613.17000,4981
2026.05.15,14:45,4613.21000,4617.25000,4610.51000,4615.29000,3726
2026.05.15,15:00,4615.30000,4621.38000,4612.94000,4620.04000,4440
2026.05.15,15:15,4620.05000,4620.58000,4607.29000,4610.76000,4134
2026.05.15,15:30,4610.75000,4614.85000,4604.24000,4605.76000,4153
2026.05.15,15:45,4605.71000,4612.49000,4604.75000,4606.17000,4760
2026.05.15,16:00,4606.18000,4606.46000,4588.43000,4592.13000,7647
2026.05.15,16:15,4592.12000,4595.41000,4580.64000,4588.78000,7547
2026.05.15,16:30,4588.81000,4589.87000,4563.77000,4568.46000,13102
2026.05.15,16:45,4568.45000,4573.29000,4557.44000,4558.47000,11825
2026.05.15,17:00,4558.41000,4573.26000,4556.10000,4570.96000,12310
2026.05.15,17:15,4570.92000,4578.29000,4570.11000,4575.06000,9694
2026.05.15,17:30,4575.03000,4580.38000,4566.86000,4567.69000,7804
2026.05.15,17:45,4567.71000,4574.27000,4564.24000,4569.80000,8069
2026.05.15,18:00,4569.70000,4586.25000,4565.93000,4585.93000,10043
2026.05.15,18:15,4585.90000,4588.78000,4579.06000,4581.82000,7457
2026.05.15,18:30,4581.83000,4582.64000,4574.70000,4577.74000,5842
2026.05.15,18:45,4577.71000,4578.67000,4568.33000,4570.81000,5449
2026.05.15,19:00,4571.41000,4572.04000,4557.25000,4565.32000,8083
2026.05.15,19:15,4565.29000,4565.75000,4552.66000,4558.32000,8146
2026.05.15,19:30,4558.29000,4562.59000,4549.93000,4562.48000,9432
2026.05.15,19:45,4562.52000,4563.67000,4552.67000,4554.46000,6659
2026.05.15,20:00,4554.43000,4563.71000,4545.69000,4547.34000,8706
2026.05.15,20:15,4547.30000,4554.57000,4539.44000,4553.34000,7874
2026.05.15,20:30,4553.19000,4555.74000,4542.72000,4543.52000,7009
2026.05.15,20:45,4543.47000,4547.00000,4531.92000,4545.76000,8517
2026.05.15,21:00,4545.85000,4562.83000,4544.16000,4560.90000,7868
2026.05.15,21:15,4560.92000,4563.22000,4551.43000,4551.81000,6234
2026.05.15,21:30,4551.80000,4556.87000,4549.47000,4555.11000,6525
2026.05.15,21:45,4555.08000,4572.63000,4554.13000,4565.98000,10558
2026.05.15,22:00,4565.80000,4570.21000,4560.89000,4566.21000,8470
2026.05.15,22:15,4566.27000,4568.70000,4559.07000,4562.46000,5665
2026.05.15,22:30,4562.43000,4562.76000,4550.90000,4551.50000,6291
2026.05.15,22:45,4551.49000,4558.89000,4549.82000,4552.01000,7143
2026.05.15,23:00,4551.99000,4555.26000,4545.19000,4545.74000,8076
2026.05.15,23:15,4545.68000,4558.74000,4544.93000,4554.92000,8616
2026.05.15,23:30,4555.01000,4555.01000,4543.74000,4545.54000,8256
2026.05.15,23:45,4545.53000,4555.54000,4543.58000,4545.95000,7076
2026.05.16,00:00,4545.91000,4549.63000,4535.97000,4546.42000,11017
2026.05.16,00:15,4546.44000,4557.47000,4540.67000,4548.69000,9328
2026.05.16,00:30,4549.21000,4551.26000,4519.80000,4519.92000,17676
2026.05.16,00:45,4519.90000,4542.01000,4510.51000,4533.37000,14485
2026.05.16,01:00,4533.16000,4550.45000,4525.21000,4543.28000,14156
2026.05.16,01:15,4543.14000,4562.74000,4540.44000,4555.46000,15581
2026.05.16,01:30,4555.49000,4560.44000,4550.63000,4556.71000,14401
2026.05.16,01:45,4556.69000,4566.41000,4545.95000,4562.64000,13606
2026.05.16,02:00,4562.73000,4563.57000,4550.74000,4552.37000,12712
2026.05.16,02:15,4552.38000,4553.91000,4542.86000,4547.26000,11354
2026.05.16,02:30,4547.24000,4550.33000,4539.89000,4541.30000,11239
2026.05.16,02:45,4541.35000,4543.45000,4533.71000,4540.00000,9658
2026.05.16,03:00,4539.79000,4542.42000,4529.24000,4532.50000,8457
2026.05.16,03:15,4532.62000,4542.34000,4531.34000,4540.99000,7535
2026.05.16,03:30,4541.00000,4547.65000,4540.07000,4547.20000,7646
2026.05.16,03:45,4547.19000,4548.14000,4541.81000,4544.33000,7772
2026.05.16,04:00,4544.35000,4557.98000,4543.12000,4556.87000,8260
2026.05.16,04:15,4556.95000,4564.33000,4554.36000,4557.69000,7966
2026.05.16,04:30,4557.68000,4563.61000,4557.64000,4560.78000,7228
2026.05.16,04:45,4560.80000,4562.56000,4557.22000,4559.45000,5570
2026.05.16,05:00,4559.59000,4561.94000,4555.91000,4561.70000,5450
2026.05.16,05:15,4561.64000,4562.90000,4552.94000,4558.11000,7646
2026.05.16,05:30,4558.13000,4558.91000,4552.40000,4557.61000,7229
2026.05.16,05:45,4557.58000,4562.85000,4556.69000,4559.24000,4825
2026.05.16,06:00,4559.30000,4560.19000,4549.39000,4550.32000,5770
2026.05.16,06:15,4550.34000,4552.82000,4548.39000,4550.25000,4817
2026.05.16,06:30,4550.22000,4555.28000,4549.63000,4553.44000,5462
2026.05.16,06:45,4553.47000,4554.45000,4544.89000,4545.88000,6778
2026.05.16,07:00,4545.92000,4546.42000,4535.97000,4538.38000,4142
2026.05.16,07:15,4538.35000,4539.23000,4532.83000,4539.23000,2761
2026.05.16,07:30,4539.22000,4543.83000,4538.85000,4539.99000,2355
2026.05.18,09:00,4531.13000,4554.75000,4528.80000,4548.19000,4950
2026.05.18,09:15,4548.17000,4549.95000,4537.62000,4540.70000,3415
2026.05.18,09:30,4540.72000,4553.64000,4540.52000,4549.56000,4155
2026.05.18,09:45,4549.69000,4554.24000,4543.43000,4546.05000,3273
2026.05.18,10:00,4545.65000,4547.70000,4539.21000,4541.15000,3606
2026.05.18,10:15,4541.13000,4544.47000,4537.61000,4537.84000,3730
2026.05.18,10:30,4537.64000,4541.58000,4531.99000,4538.78000,5238
2026.05.18,10:45,4538.75000,4543.84000,4531.54000,4536.76000,6042
2026.05.18,11:00,4536.72000,4542.41000,4522.68000,4526.04000,11641
2026.05.18,11:15,4526.09000,4533.47000,4514.12000,4515.33000,9655
2026.05.18,11:30,4515.30000,4518.82000,4480.65000,4481.80000,13026
2026.05.18,11:45,4481.40000,4516.52000,4479.99000,4514.37000,11830
2026.05.18,12:00,4514.47000,4515.65000,4489.11000,4495.73000,16176
2026.05.18,12:15,4495.72000,4509.89000,4492.51000,4504.19000,14185
2026.05.18,12:30,4503.92000,4513.79000,4499.45000,4512.56000,12963
2026.05.18,12:45,4512.28000,4535.59000,4510.71000,4525.55000,11153
2026.05.18,13:00,4525.21000,4538.70000,4521.77000,4536.44000,9171
2026.05.18,13:15,4536.55000,4540.60000,4531.63000,4533.31000,6513
2026.05.18,13:30,4533.20000,4541.19000,4529.22000,4535.96000,8015
2026.05.18,13:45,4535.94000,4542.61000,4530.01000,4533.35000,7486
2026.05.18,14:00,4533.56000,4535.73000,4526.89000,4529.66000,6829
2026.05.18,14:15,4529.69000,4538.34000,4528.23000,4535.64000,7256
2026.05.18,14:30,4535.63000,4547.80000,4524.91000,4545.59000,9120
2026.05.18,14:45,4545.41000,4547.77000,4539.00000,4541.16000,5918
2026.05.18,15:00,4541.12000,4549.71000,4540.88000,4544.31000,5718
2026.05.18,15:15,4544.33000,4547.10000,4530.09000,4532.79000,5919
2026.05.18,15:30,4532.81000,4544.21000,4532.11000,4541.52000,5957
2026.05.18,15:45,4541.58000,4545.72000,4535.13000,4540.60000,5684
2026.05.18,16:00,4540.58000,4542.67000,4532.94000,4538.33000,6596
2026.05.18,16:15,4538.29000,4550.65000,4535.01000,4548.54000,7548
2026.05.18,16:30,4548.36000,4551.68000,4538.13000,4539.45000,9617
2026.05.18,16:45,4539.41000,4543.09000,4529.65000,4531.09000,6707
2026.05.18,17:00,4530.69000,4540.34000,4529.71000,4537.10000,7812
2026.05.18,17:15,4537.29000,4548.22000,4534.50000,4537.65000,6864
2026.05.18,17:30,4537.58000,4547.20000,4534.75000,4540.74000,7194
2026.05.18,17:45,4540.73000,4547.78000,4538.43000,4546.71000,6309
2026.05.18,18:00,4546.70000,4549.37000,4542.14000,4543.75000,6123
2026.05.18,18:15,4543.69000,4551.29000,4538.00000,4550.51000,6389
2026.05.18,18:30,4550.35000,4559.82000,4547.76000,4548.86000,8173
2026.05.18,18:45,4548.88000,4551.58000,4539.86000,4546.15000,6918
2026.05.18,19:00,4546.18000,4548.82000,4542.31000,4546.49000,6552
2026.05.18,19:15,4546.48000,4551.32000,4542.85000,4547.95000,4988
2026.05.18,19:30,4547.94000,4553.18000,4545.87000,4548.18000,5520
2026.05.18,19:45,4548.27000,4557.07000,4548.24000,4549.80000,4576
2026.05.18,20:00,4549.77000,4551.99000,4540.84000,4546.37000,5121
2026.05.18,20:15,4546.36000,4548.88000,4544.56000,4544.79000,4186
2026.05.18,20:30,4544.77000,4546.37000,4540.51000,4543.06000,5476
2026.05.18,20:45,4543.02000,4544.69000,4540.37000,4543.03000,4259
2026.05.18,21:00,4543.04000,4545.08000,4535.61000,4539.27000,5302
2026.05.18,21:15,4539.11000,4542.47000,4538.16000,4539.51000,4047
2026.05.18,21:30,4539.52000,4543.54000,4531.96000,4543.17000,5157
2026.05.18,21:45,4543.23000,4547.52000,4536.68000,4540.23000,4732
2026.05.18,22:00,4540.15000,4541.79000,4529.69000,4539.39000,6287
2026.05.18,22:15,4539.48000,4540.26000,4531.63000,4535.88000,5157
2026.05.18,22:30,4535.87000,4566.81000,4535.50000,4562.00000,12103
2026.05.18,22:45,4562.15000,4564.69000,4549.49000,4550.70000,9125
2026.05.18,23:00,4550.74000,4556.65000,4547.22000,4553.44000,6706
2026.05.18,23:15,4553.38000,4555.05000,4545.30000,4550.40000,7351
2026.05.18,23:30,4550.42000,4569.77000,4549.99000,4569.47000,9758
2026.05.18,23:45,4569.29000,4574.85000,4562.62000,4571.25000,10041
2026.05.19,00:00,4571.12000,4576.38000,4561.67000,4567.55000,10694
2026.05.19,00:15,4567.54000,4576.19000,4563.94000,4571.91000,7398
2026.05.19,00:30,4572.03000,4579.84000,4564.61000,4566.31000,14277
2026.05.19,00:45,4566.37000,4584.23000,4563.80000,4575.56000,13855
2026.05.19,01:00,4575.48000,4575.48000,4559.26000,4564.23000,14297
2026.05.19,01:15,4564.26000,4568.88000,4554.86000,4561.47000,13295
2026.05.19,01:30,4561.48000,4563.07000,4538.67000,4547.70000,14565
2026.05.19,01:45,4547.66000,4548.51000,4537.60000,4546.38000,12164
2026.05.19,02:00,4546.41000,4547.98000,4531.55000,4540.52000,14038
2026.05.19,02:15,4540.49000,4542.84000,4534.35000,4534.52000,10340
2026.05.19,02:30,4534.59000,4544.37000,4534.02000,4538.57000,9454
2026.05.19,02:45,4538.55000,4546.91000,4538.05000,4543.52000,7930
2026.05.19,03:00,4543.60000,4549.04000,4540.09000,4548.53000,7219
2026.05.19,03:15,4548.52000,4550.70000,4533.79000,4537.09000,9016
2026.05.19,03:30,4537.08000,4544.88000,4534.23000,4543.49000,9328
2026.05.19,03:45,4543.52000,4554.53000,4542.73000,4550.02000,7002
2026.05.19,04:00,4549.94000,4558.22000,4547.88000,4553.09000,7826
2026.05.19,04:15,4553.08000,4555.65000,4551.62000,4553.81000,6922
2026.05.19,04:30,4553.79000,4554.15000,4547.27000,4548.16000,6483
2026.05.19,04:45,4548.12000,4549.62000,4545.44000,4546.86000,5413
2026.05.19,05:00,4546.87000,4547.85000,4543.69000,4545.30000,6147
2026.05.19,05:15,4545.31000,4545.47000,4536.47000,4542.07000,6777
2026.05.19,05:30,4542.04000,4543.99000,4538.89000,4541.37000,5467
2026.05.19,05:45,4541.41000,4543.26000,4534.08000,4535.73000,6019
2026.05.19,06:00,4535.74000,4564.59000,4535.14000,4554.39000,14049
2026.05.19,06:15,4554.47000,4555.77000,4546.48000,4551.65000,9354
2026.05.19,06:30,4551.67000,4561.36000,4550.26000,4558.09000,7660
2026.05.19,06:45,4558.12000,4562.83000,4557.27000,4558.39000,7454
2026.05.19,07:00,4558.43000,4562.78000,4557.80000,4562.20000,2450
2026.05.19,07:15,4562.10000,4566.83000,4562.02000,4563.10000,2278
2026.05.19,07:30,4563.13000,4564.99000,4561.57000,4564.45000,1849
2026.05.19,07:45,4564.48000,4566.83000,4562.57000,4566.83000,1760
2026.05.19,09:00,4568.32000,4573.35000,4566.95000,4572.99000,2130
2026.05.19,09:15,4572.96000,4574.45000,4570.81000,4572.94000,2486
2026.05.19,09:30,4572.93000,4578.28000,4571.25000,4576.56000,2028
2026.05.19,09:45,4576.52000,4576.92000,4572.26000,4573.56000,1471
2026.05.19,10:00,4573.55000,4586.64000,4573.39000,4585.44000,3331
2026.05.19,10:15,4585.58000,4588.98000,4583.12000,4585.73000,2330
2026.05.19,10:30,4585.77000,4587.67000,4582.65000,4585.13000,2214
2026.05.19,10:45,4585.22000,4586.76000,4579.21000,4581.79000,2583
2026.05.19,11:00,4581.80000,4589.44000,4576.51000,4578.44000,7449
2026.05.19,11:15,4578.46000,4585.76000,4568.30000,4573.25000,6277
2026.05.19,11:30,4573.44000,4576.16000,4568.04000,4570.77000,5289
2026.05.19,11:45,4570.76000,4572.48000,4561.37000,4562.70000,4851
2026.05.19,12:00,4562.96000,4569.22000,4557.35000,4565.87000,8905
2026.05.19,12:15,4565.88000,4568.56000,4553.76000,4559.15000,7597
2026.05.19,12:30,4559.16000,4572.44000,4555.03000,4570.36000,7522
2026.05.19,12:45,4570.57000,4571.52000,4561.00000,4563.42000,6720
2026.05.19,13:00,4563.70000,4563.70000,4552.88000,4554.19000,8066
2026.05.19,13:15,4554.08000,4562.35000,4551.13000,4559.78000,5395
2026.05.19,13:30,4559.70000,4559.99000,4550.85000,4556.07000,6754
2026.05.19,13:45,4556.16000,4557.79000,4545.48000,4547.16000,5607
2026.05.19,14:00,4546.85000,4552.59000,4543.65000,4551.75000,5718
2026.05.19,14:15,4551.80000,4552.95000,4546.46000,4549.01000,4179
2026.05.19,14:30,4548.73000,4554.95000,4546.62000,4547.62000,4095
2026.05.19,14:45,4547.55000,4549.46000,4544.09000,4544.96000,3916
2026.05.19,15:00,4544.98000,4545.63000,4538.75000,4540.07000,4412
2026.05.19,15:15,4540.09000,4543.14000,4537.83000,4540.36000,4065
2026.05.19,15:30,4540.08000,4542.31000,4537.90000,4539.85000,3608
2026.05.19,15:45,4539.90000,4543.81000,4539.58000,4542.08000,3531
2026.05.19,16:00,4542.57000,4546.44000,4540.20000,4544.71000,4443
2026.05.19,16:15,4544.72000,4545.21000,4530.72000,4538.11000,5860
2026.05.19,16:30,4538.51000,4544.17000,4532.67000,4538.52000,7996
2026.05.19,16:45,4538.39000,4543.55000,4532.72000,4540.45000,7184
2026.05.19,17:00,4540.47000,4545.92000,4533.36000,4542.00000,8257
2026.05.19,17:15,4541.99000,4553.94000,4540.89000,4547.38000,7330
2026.05.19,17:30,4547.46000,4552.86000,4544.53000,4552.11000,6262
2026.05.19,17:45,4552.14000,4552.63000,4543.01000,4547.94000,5116
2026.05.19,18:00,4547.93000,4555.25000,4543.80000,4548.60000,6288
2026.05.19,18:15,4548.62000,4550.16000,4542.96000,4548.30000,4929
2026.05.19,18:30,4548.29000,4549.39000,4541.36000,4542.09000,5300
2026.05.19,18:45,4542.21000,4559.33000,4541.97000,4557.05000,6419
2026.05.19,19:00,4557.33000,4559.06000,4542.38000,4546.37000,6104
2026.05.19,19:15,4546.43000,4548.11000,4536.18000,4538.43000,5875
2026.05.19,19:30,4538.42000,4545.12000,4536.82000,4543.29000,4490
2026.05.19,19:45,4543.33000,4548.52000,4538.18000,4542.73000,3995
2026.05.19,20:00,4542.71000,4542.71000,4536.95000,4539.64000,4656
2026.05.19,20:15,4539.60000,4546.82000,4535.93000,4540.59000,5333
2026.05.19,20:30,4540.42000,4543.18000,4536.70000,4539.49000,6327
2026.05.19,20:45,4539.51000,4544.58000,4538.33000,4541.66000,4532
2026.05.19,21:00,4541.63000,4542.34000,4536.06000,4541.45000,4447
2026.05.19,21:15,4541.49000,4541.80000,4538.15000,4539.73000,3133
2026.05.19,21:30,4539.80000,4543.05000,4525.52000,4529.11000,6383
2026.05.19,21:45,4529.05000,4544.65000,4527.67000,4544.65000,7100
2026.05.19,22:00,4544.49000,4547.85000,4535.93000,4536.70000,5826
2026.05.19,22:15,4536.66000,4542.15000,4535.71000,4539.22000,4587
2026.05.19,22:30,4539.21000,4543.09000,4536.71000,4541.96000,5471
2026.05.19,22:45,4541.85000,4542.40000,4529.76000,4530.73000,5837
2026.05.19,23:00,4530.69000,4546.48000,4527.37000,4542.07000,6452
2026.05.19,23:15,4542.10000,4544.21000,4536.70000,4542.95000,5144
2026.05.19,23:30,4542.96000,4547.12000,4536.72000,4537.40000,6147
2026.05.19,23:45,4537.39000,4541.65000,4535.59000,4537.03000,5528
2026.05.20,00:00,4537.09000,4537.45000,4514.61000,4524.22000,10322
2026.05.20,00:15,4524.21000,4526.11000,4490.87000,4492.03000,12862
2026.05.20,00:30,4492.16000,4495.59000,4464.51000,4476.12000,19085
2026.05.20,00:45,4476.19000,4511.24000,4473.75000,4503.61000,16086
2026.05.20,01:00,4503.53000,4514.04000,4492.17000,4492.59000,16496
2026.05.20,01:15,4492.58000,4500.84000,4484.41000,4490.03000,15314
2026.05.20,01:30,4490.06000,4498.62000,4487.34000,4494.31000,13844
2026.05.20,01:45,4494.58000,4496.70000,4486.16000,4494.02000,12720
2026.05.20,02:00,4494.01000,4499.85000,4489.64000,4499.04000,10742
2026.05.20,02:15,4499.07000,4505.05000,4493.97000,4498.82000,10220
2026.05.20,02:30,4498.86000,4507.45000,4497.86000,4502.16000,9988
2026.05.20,02:45,4502.18000,4509.31000,4500.18000,4508.40000,7731
2026.05.20,03:00,4508.42000,4510.37000,4496.31000,4500.89000,7550
2026.05.20,03:15,4500.91000,4512.01000,4498.76000,4508.72000,7141
2026.05.20,03:30,4508.76000,4512.43000,4505.52000,4505.83000,7100
2026.05.20,03:45,4505.84000,4509.33000,4504.57000,4507.76000,5857
2026.05.20,04:00,4507.79000,4510.73000,4505.80000,4510.25000,6447
2026.05.20,04:15,4510.34000,4511.09000,4503.29000,4506.97000,6386
2026.05.20,04:30,4506.94000,4508.38000,4502.64000,4504.47000,5809
2026.05.20,04:45,4504.48000,4504.92000,4499.09000,4500.69000,5888
2026.05.20,05:00,4500.70000,4503.75000,4499.67000,4501.01000,4827
2026.05.20,05:15,4500.85000,4502.05000,4495.53000,4495.94000,6187
2026.05.20,05:30,4495.99000,4500.78000,4493.16000,4499.04000,6074
2026.05.20,05:45,4498.96000,4500.04000,4490.14000,4493.51000,6319
2026.05.20,06:00,4493.47000,4497.62000,4492.98000,4497.03000,5532
2026.05.20,06:15,4497.05000,4497.43000,4485.51000,4487.02000,5495
2026.05.20,06:30,4486.95000,4489.90000,4485.82000,4488.37000,5182
2026.05.20,06:45,4488.33000,4488.85000,4481.06000,4483.39000,6616
2026.05.20,07:00,4483.17000,4487.13000,4480.82000,4485.54000,2587
2026.05.20,07:15,4485.51000,4488.15000,4483.32000,4486.21000,1808
2026.05.20,07:30,4486.25000,4486.27000,4481.82000,4483.39000,1456
2026.05.20,07:45,4483.41000,4484.28000,4481.56000,4482.10000,1653
2026.05.20,09:00,4481.89000,4485.92000,4481.21000,4482.49000,1504
2026.05.20,09:15,4482.58000,4482.58000,4477.71000,4479.17000,1829
2026.05.20,09:30,4479.16000,4485.61000,4477.22000,4482.03000,3030
2026.05.20,09:45,4481.65000,4484.56000,4479.12000,4483.94000,2355
2026.05.20,10:00,4484.17000,4486.75000,4479.44000,4485.89000,2298
2026.05.20,10:15,4485.44000,4488.56000,4483.02000,4485.86000,2181
2026.05.20,10:30,4485.88000,4496.51000,4485.17000,4492.05000,3367
2026.05.20,10:45,4492.04000,4494.63000,4487.89000,4489.02000,3207
2026.05.20,11:00,4489.40000,4490.66000,4479.36000,4488.11000,7283
2026.05.20,11:15,4488.57000,4501.94000,4480.70000,4501.43000,9521
2026.05.20,11:30,4501.72000,4507.45000,4499.45000,4504.87000,9587
2026.05.20,11:45,4504.89000,4508.86000,4497.85000,4500.82000,7825
2026.05.20,12:00,4500.78000,4506.09000,4487.68000,4492.13000,10335
2026.05.20,12:15,4492.46000,4496.51000,4472.66000,4473.50000,9907
2026.05.20,12:30,4473.58000,4476.95000,4455.70000,4466.37000,13269
2026.05.20,12:45,4466.38000,4488.29000,4462.65000,4480.99000,12918
2026.05.20,13:00,4481.00000,4487.01000,4475.90000,4481.26000,8602
2026.05.20,13:15,4480.99000,4487.01000,4476.49000,4481.17000,6927
2026.05.20,13:30,4481.09000,4483.25000,4460.27000,4460.54000,10564
2026.05.20,13:45,4460.24000,4466.18000,4458.28000,4465.44000,7586
2026.05.20,14:00,4465.42000,4467.19000,4453.18000,4457.62000,7599
2026.05.20,14:15,4457.60000,4464.13000,4456.69000,4460.91000,6016
2026.05.20,14:30,4460.75000,4466.05000,4457.12000,4460.69000,6261
2026.05.20,14:45,4460.67000,4465.28000,4457.87000,4463.74000,4335
2026.05.20,15:00,4463.75000,4470.21000,4463.10000,4468.88000,6005
2026.05.20,15:15,4469.19000,4470.65000,4462.35000,4465.30000,5122
2026.05.20,15:30,4464.93000,4465.95000,4460.04000,4462.77000,4853
2026.05.20,15:45,4462.73000,4463.06000,4456.47000,4462.12000,4061
2026.05.20,16:00,4462.09000,4472.86000,4461.69000,4469.42000,5145
2026.05.20,16:15,4469.03000,4475.30000,4466.68000,4468.16000,4809
2026.05.20,16:30,4467.89000,4479.18000,4467.59000,4472.31000,8485
2026.05.20,16:45,4472.33000,4475.28000,4463.15000,4472.75000,7368
2026.05.20,17:00,4472.72000,4477.54000,4467.03000,4472.09000,8117
2026.05.20,17:15,4472.12000,4478.30000,4467.54000,4472.02000,7799
2026.05.20,17:30,4472.07000,4472.61000,4461.45000,4467.02000,6975
2026.05.20,17:45,4467.03000,4477.97000,4465.16000,4474.23000,6424
2026.05.20,18:00,4474.24000,4485.26000,4471.78000,4481.12000,8754
2026.05.20,18:15,4481.13000,4484.18000,4476.26000,4482.86000,5870
2026.05.20,18:30,4482.84000,4486.01000,4475.89000,4481.48000,5572
2026.05.20,18:45,4481.49000,4482.11000,4475.13000,4478.62000,5481
2026.05.20,19:00,4478.60000,4483.91000,4476.61000,4482.43000,7020
2026.05.20,19:15,4482.44000,4486.58000,4478.06000,4486.58000,6600
2026.05.20,19:30,4486.46000,4489.17000,4476.72000,4479.34000,7561
2026.05.20,19:45,4479.37000,4490.16000,4479.22000,4483.69000,6476
2026.05.20,20:00,4483.68000,4486.21000,4479.64000,4480.18000,5559
2026.05.20,20:15,4480.17000,4483.61000,4472.46000,4474.01000,5068
2026.05.20,20:30,4473.94000,4484.80000,4472.75000,4483.16000,5254
2026.05.20,20:45,4483.23000,4491.17000,4481.68000,4484.75000,4180
2026.05.20,21:00,4484.72000,4492.19000,4484.50000,4487.90000,3639
2026.05.20,21:15,4487.91000,4492.69000,4487.10000,4488.96000,3542
2026.05.20,21:30,4488.94000,4496.98000,4488.56000,4494.23000,5126
2026.05.20,21:45,4494.24000,4495.67000,4489.90000,4494.45000,3786
2026.05.20,22:00,4494.43000,4496.75000,4492.67000,4493.01000,4143
2026.05.20,22:15,4492.99000,4501.06000,4491.01000,4499.87000,3894
2026.05.20,22:30,4499.85000,4500.41000,4493.32000,4495.27000,4736
2026.05.20,22:45,4495.26000,4499.53000,4490.75000,4499.06000,5448
2026.05.20,23:00,4499.05000,4500.96000,4495.72000,4496.58000,5028
2026.05.20,23:15,4496.57000,4499.69000,4492.90000,4499.69000,7061
2026.05.20,23:30,4499.63000,4504.51000,4499.14000,4502.76000,6879
2026.05.20,23:45,4502.77000,4505.33000,4493.78000,4496.18000,5379
2026.05.21,00:00,4496.16000,4506.16000,4493.76000,4505.11000,9661
2026.05.21,00:15,4505.09000,4505.34000,4489.20000,4489.25000,8050
2026.05.21,00:30,4489.54000,4493.05000,4482.85000,4489.78000,13212
2026.05.21,00:45,4489.74000,4492.13000,4482.00000,4482.99000,11268
2026.05.21,01:00,4482.91000,4485.23000,4466.97000,4476.95000,12355
2026.05.21,01:15,4476.58000,4510.61000,4476.58000,4507.06000,19710
2026.05.21,01:30,4507.10000,4528.70000,4507.10000,4520.67000,17251
2026.05.21,01:45,4520.94000,4537.23000,4516.56000,4531.24000,12372
2026.05.21,02:00,4531.25000,4535.67000,4523.04000,4524.48000,11252
2026.05.21,02:15,4524.44000,4552.66000,4524.34000,4529.51000,17037
2026.05.21,02:30,4529.43000,4539.46000,4527.58000,4536.83000,11059
2026.05.21,02:45,4536.84000,4537.91000,4527.26000,4529.11000,10350
2026.05.21,03:00,4529.18000,4535.31000,4528.28000,4533.74000,6967
2026.05.21,03:15,4533.75000,4533.80000,4524.04000,4526.06000,8427
2026.05.21,03:30,4526.07000,4533.66000,4524.12000,4533.59000,7435
2026.05.21,03:45,4533.62000,4535.44000,4529.97000,4534.35000,7707
2026.05.21,04:00,4534.36000,4538.17000,4530.99000,4534.29000,7146
2026.05.21,04:15,4534.22000,4536.78000,4530.83000,4532.43000,7527
2026.05.21,04:30,4532.45000,4536.34000,4529.84000,4533.06000,7813
2026.05.21,04:45,4533.08000,4535.24000,4530.27000,4531.07000,4751
2026.05.21,05:00,4531.13000,4534.00000,4528.91000,4532.93000,5686
2026.05.21,05:15,4532.92000,4536.62000,4531.84000,4534.96000,7281
2026.05.21,05:30,4534.98000,4543.52000,4534.98000,4537.19000,6059
2026.05.21,05:45,4537.26000,4545.11000,4536.67000,4542.27000,5102
2026.05.21,06:00,4542.32000,4545.25000,4541.65000,4543.91000,4460
2026.05.21,06:15,4543.93000,4545.97000,4543.17000,4544.89000,3587
2026.05.21,06:30,4544.91000,4550.24000,4544.91000,4546.46000,4691
2026.05.21,06:45,4546.33000,4548.61000,4545.29000,4545.55000,5871
2026.05.21,07:00,4545.48000,4550.39000,4545.26000,4546.73000,2612
2026.05.21,07:15,4546.76000,4548.30000,4542.82000,4545.54000,4421
2026.05.21,07:30,4545.56000,4546.20000,4542.68000,4543.37000,2869
2026.05.21,07:45,4543.22000,4544.72000,4542.09000,4543.11000,1989
2026.05.21,09:00,4547.17000,4547.19000,4538.29000,4539.72000,4283
2026.05.21,09:15,4539.73000,4540.31000,4534.98000,4538.48000,3248
2026.05.21,09:30,4538.47000,4543.29000,4538.34000,4542.32000,2018
2026.05.21,09:45,4542.29000,4544.63000,4537.01000,4539.99000,2802
2026.05.21,10:00,4540.01000,4543.11000,4537.56000,4539.59000,2120
2026.05.21,10:15,4539.83000,4540.52000,4534.43000,4538.64000,2564
2026.05.21,10:30,4538.69000,4545.40000,4537.81000,4542.87000,2246
2026.05.21,10:45,4542.86000,4547.17000,4541.45000,4546.49000,2679
2026.05.21,11:00,4546.57000,4548.69000,4539.92000,4544.58000,7503
2026.05.21,11:15,4544.54000,4553.34000,4537.17000,4543.48000,7328
2026.05.21,11:30,4543.49000,4544.98000,4539.18000,4543.56000,4726
2026.05.21,11:45,4543.55000,4548.61000,4541.77000,4544.86000,4165
2026.05.21,12:00,4545.23000,4560.13000,4539.54000,4559.68000,10075
2026.05.21,12:15,4559.99000,4567.54000,4556.87000,4566.70000,6941
2026.05.21,12:30,4566.78000,4570.70000,4561.32000,4567.46000,7511
2026.05.21,12:45,4567.45000,4568.36000,4558.74000,4560.62000,6888
2026.05.21,13:00,4560.60000,4564.61000,4550.38000,4551.44000,6641
2026.05.21,13:15,4551.47000,4552.96000,4539.63000,4540.44000,5238
2026.05.21,13:30,4540.43000,4542.36000,4533.67000,4536.36000,7451
2026.05.21,13:45,4536.34000,4537.27000,4531.43000,4532.79000,5549
2026.05.21,14:00,4532.78000,4539.03000,4531.15000,4537.63000,4825
2026.05.21,14:15,4537.67000,4540.13000,4532.71000,4535.75000,4516
2026.05.21,14:30,4535.53000,4537.18000,4531.50000,4533.72000,3515
2026.05.21,14:45,4533.73000,4534.31000,4527.15000,4528.27000,3485
2026.05.21,15:00,4528.28000,4536.63000,4527.06000,4536.08000,3879
2026.05.21,15:15,4536.09000,4540.16000,4534.09000,4539.81000,3022
2026.05.21,15:30,4539.86000,4540.51000,4533.80000,4537.29000,2601
2026.05.21,15:45,4537.30000,4539.23000,4535.38000,4538.45000,1982
2026.05.21,16:00,4538.48000,4540.45000,4529.64000,4530.63000,5281
2026.05.21,16:15,4530.64000,4531.02000,4521.42000,4522.81000,5027
2026.05.21,16:30,4522.79000,4527.19000,4518.07000,4525.93000,6793
2026.05.21,16:45,4525.94000,4530.00000,4518.38000,4528.01000,6330
2026.05.21,17:00,4528.00000,4535.28000,4526.55000,4531.16000,5848
2026.05.21,17:15,4531.17000,4539.92000,4528.65000,4532.98000,6570
2026.05.21,17:30,4532.95000,4535.21000,4522.91000,4524.84000,6388
2026.05.21,17:45,4524.86000,4526.34000,4518.78000,4521.58000,6911
2026.05.21,18:00,4521.52000,4524.35000,4518.22000,4520.58000,6053
2026.05.21,18:15,4520.47000,4523.40000,4511.71000,4512.52000,6047
2026.05.21,18:30,4512.51000,4517.50000,4511.69000,4516.47000,4874
2026.05.21,18:45,4516.46000,4523.38000,4514.18000,4519.55000,3818
2026.05.21,19:00,4519.53000,4535.56000,4518.09000,4534.16000,7285
2026.05.21,19:15,4534.22000,4536.76000,4529.20000,4535.52000,8151
2026.05.21,19:30,4535.68000,4535.68000,4526.30000,4529.03000,6393
2026.05.21,19:45,4529.02000,4534.53000,4528.03000,4532.44000,6064
2026.05.21,20:00,4532.43000,4540.43000,4531.85000,4537.86000,7586
2026.05.21,20:15,4537.82000,4542.52000,4535.28000,4536.73000,5322
2026.05.21,20:30,4536.63000,4542.84000,4529.48000,4529.48000,5677
2026.05.21,20:45,4529.68000,4533.08000,4527.75000,4530.50000,4343
2026.05.21,21:00,4530.48000,4535.20000,4529.80000,4532.85000,4388
2026.05.21,21:15,4532.75000,4534.75000,4510.54000,4518.06000,8483
2026.05.21,21:30,4518.28000,4518.38000,4504.80000,4517.06000,14222
2026.05.21,21:45,4517.03000,4517.92000,4510.73000,4511.62000,9555
2026.05.21,22:00,4511.74000,4520.16000,4510.66000,4516.31000,7881
2026.05.21,22:15,4516.26000,4521.17000,4512.52000,4513.98000,6214
2026.05.21,22:30,4514.08000,4515.99000,4508.02000,4512.17000,5106
2026.05.21,22:45,4512.14000,4517.35000,4510.85000,4514.09000,4900
2026.05.21,23:00,4514.10000,4519.26000,4513.63000,4514.65000,5821
2026.05.21,23:15,4514.68000,4514.76000,4503.72000,4506.32000,6661
2026.05.21,23:30,4506.20000,4517.67000,4505.25000,4514.85000,9493
2026.05.21,23:45,4514.87000,4518.04000,4501.77000,4504.02000,7449
2026.05.22,00:00,4504.04000,4512.59000,4499.27000,4502.27000,12019
2026.05.22,00:15,4502.03000,4505.36000,4495.31000,4500.89000,10537
2026.05.22,00:30,4501.15000,4502.61000,4488.46000,4497.28000,13755
2026.05.22,00:45,4497.14000,4520.95000,4494.58000,4512.94000,14472
2026.05.22,01:00,4512.90000,4515.32000,4502.45000,4508.02000,12818
2026.05.22,01:15,4508.01000,4509.14000,4498.05000,4507.42000,16545
2026.05.22,01:30,4507.44000,4511.33000,4502.34000,4504.71000,11873
2026.05.22,01:45,4504.68000,4510.62000,4501.60000,4508.85000,13320
2026.05.22,02:00,4508.87000,4515.13000,4496.67000,4509.97000,14681
2026.05.22,02:15,4509.91000,4511.55000,4502.21000,4503.35000,11749
2026.05.22,02:30,4503.31000,4509.83000,4502.55000,4506.80000,8825
2026.05.22,02:45,4506.85000,4512.69000,4506.59000,4511.91000,7541
2026.05.22,03:00,4511.96000,4520.76000,4511.96000,4517.09000,9466
2026.05.22,03:15,4517.03000,4518.84000,4514.48000,4516.40000,8791
2026.05.22,03:30,4516.44000,4519.29000,4515.36000,4517.99000,6806
2026.05.22,03:45,4518.04000,4520.29000,4516.13000,4519.38000,5895
2026.05.22,04:00,4519.44000,4531.64000,4514.06000,4526.21000,11796
2026.05.22,04:15,4526.20000,4546.18000,4526.01000,4541.36000,17526
2026.05.22,04:30,4541.29000,4548.96000,4538.55000,4548.17000,11658
2026.05.22,04:45,4548.12000,4559.24000,4544.62000,4551.38000,12200
2026.05.22,05:00,4551.40000,4556.13000,4542.88000,4546.01000,12557
2026.05.22,05:15,4546.05000,4550.66000,4544.03000,4548.33000,9225
2026.05.22,05:30,4548.30000,4549.44000,4542.74000,4545.27000,7206
2026.05.22,05:45,4545.18000,4546.03000,4527.21000,4531.89000,13858
2026.05.22,06:00,4531.91000,4537.85000,4529.58000,4537.80000,10155
2026.05.22,06:15,4537.78000,4541.96000,4537.63000,4538.78000,5749
2026.05.22,06:30,4538.68000,4543.23000,4538.47000,4539.23000,5337
2026.05.22,06:45,4539.24000,4543.73000,4534.61000,4543.06000,7682
2026.05.22,07:00,4543.04000,4544.68000,4541.03000,4542.44000,3402
2026.05.22,07:15,4542.33000,4542.72000,4540.12000,4541.19000,1992
2026.05.22,07:30,4541.18000,4542.15000,4540.25000,4540.71000,1573
2026.05.22,07:45,4540.50000,4543.49000,4539.64000,4542.57000,1464
2026.05.22,09:00,4541.89000,4545.61000,4539.42000,4541.93000,3132
2026.05.22,09:15,4541.91000,4543.29000,4539.67000,4540.69000,2968
2026.05.22,09:30,4540.71000,4543.38000,4539.51000,4542.52000,1986
2026.05.22,09:45,4542.27000,4543.38000,4540.44000,4543.22000,1447
2026.05.22,10:00,4543.18000,4544.91000,4542.22000,4543.58000,1427
2026.05.22,10:15,4543.57000,4544.18000,4536.07000,4540.49000,1508
2026.05.22,10:30,4540.18000,4540.18000,4532.09000,4532.09000,1969
2026.05.22,10:45,4532.33000,4536.57000,4532.20000,4535.41000,2383
2026.05.22,11:00,4535.40000,4536.98000,4530.80000,4531.25000,5552
2026.05.22,11:15,4531.26000,4537.23000,4530.15000,4536.26000,4853
2026.05.22,11:30,4536.28000,4541.23000,4535.52000,4537.62000,4675
2026.05.22,11:45,4537.60000,4538.81000,4525.38000,4526.63000,4473
2026.05.22,12:00,4526.62000,4536.18000,4523.41000,4529.81000,8497
2026.05.22,12:15,4529.83000,4533.40000,4526.07000,4528.71000,6042
2026.05.22,12:30,4528.98000,4529.87000,4521.10000,4525.21000,6918
2026.05.22,12:45,4525.20000,4531.70000,4524.55000,4526.47000,6439
2026.05.22,13:00,4526.44000,4529.41000,4521.22000,4527.54000,5613
2026.05.22,13:15,4527.65000,4529.00000,4522.67000,4524.72000,4181
2026.05.22,13:30,4524.69000,4524.69000,4518.03000,4522.59000,5392
2026.05.22,13:45,4522.64000,4527.08000,4519.35000,4523.24000,4706
2026.05.22,14:00,4523.22000,4525.39000,4520.35000,4521.11000,3859
2026.05.22,14:15,4521.26000,4523.05000,4519.00000,4521.69000,3535
2026.05.22,14:30,4521.74000,4527.77000,4521.55000,4526.90000,3173
2026.05.22,14:45,4526.83000,4530.11000,4526.22000,4529.27000,2321
2026.05.22,15:00,4529.51000,4530.19000,4527.68000,4529.19000,2632
2026.05.22,15:15,4529.26000,4532.88000,4527.70000,4532.07000,3742
2026.05.22,15:30,4532.11000,4532.73000,4525.34000,4529.02000,2766
2026.05.22,15:45,4529.04000,4530.15000,4527.01000,4527.19000,2452
2026.05.22,16:00,4527.07000,4529.57000,4523.47000,4525.37000,3163
2026.05.22,16:15,4525.41000,4529.17000,4523.37000,4526.15000,2832
2026.05.22,16:30,4526.17000,4534.28000,4524.87000,4534.18000,6255
2026.05.22,16:45,4534.17000,4534.23000,4506.91000,4511.04000,7841
2026.05.22,17:00,4511.32000,4524.48000,4509.86000,4521.36000,10281
2026.05.22,17:15,4521.33000,4526.10000,4516.24000,4525.38000,6816
2026.05.22,17:30,4525.36000,4527.48000,4521.46000,4526.44000,6204
2026.05.22,17:45,4526.46000,4528.69000,4523.82000,4526.89000,4997
2026.05.22,18:00,4526.88000,4527.14000,4521.36000,4522.50000,5344
2026.05.22,18:15,4522.51000,4527.45000,4522.33000,4525.71000,4217
2026.05.22,18:30,4525.68000,4525.76000,4516.06000,4519.76000,5463
2026.05.22,18:45,4519.75000,4523.24000,4517.52000,4521.66000,4478
2026.05.22,19:00,4521.68000,4530.05000,4521.28000,4524.54000,4833
2026.05.22,19:15,4524.55000,4531.13000,4523.54000,4527.09000,7638
2026.05.22,19:30,4526.87000,4527.43000,4516.95000,4522.42000,7639
2026.05.22,19:45,4522.37000,4524.94000,4521.45000,4521.75000,4931
2026.05.22,20:00,4521.79000,4525.57000,4517.01000,4517.18000,4566
2026.05.22,20:15,4517.16000,4520.57000,4515.03000,4517.64000,5646
2026.05.22,20:30,4517.58000,4526.03000,4514.56000,4525.17000,5225
2026.05.22,20:45,4525.16000,4535.90000,4524.58000,4532.05000,3606
2026.05.22,21:00,4532.06000,4536.85000,4529.54000,4533.84000,4366
2026.05.22,21:15,4533.90000,4534.23000,4524.37000,4524.66000,3667
2026.05.22,21:30,4524.65000,4525.37000,4512.17000,4512.43000,5531
2026.05.22,21:45,4512.37000,4515.20000,4510.12000,4514.51000,4637
2026.05.22,22:00,4514.50000,4517.38000,4513.76000,4515.79000,4835
2026.05.22,22:15,4515.78000,4515.78000,4511.85000,4511.97000,3761
2026.05.22,22:30,4511.94000,4523.10000,4511.36000,4521.54000,4154
2026.05.22,22:45,4521.60000,4525.02000,4520.08000,4520.62000,5095
2026.05.22,23:00,4520.64000,4529.93000,4518.71000,4529.27000,7709
2026.05.22,23:15,4529.26000,4535.82000,4521.14000,4521.81000,9055
2026.05.22,23:30,4521.75000,4523.73000,4515.12000,4518.73000,7080
2026.05.22,23:45,4518.75000,4528.46000,4517.31000,4528.20000,6219
2026.05.23,00:00,4528.19000,4534.26000,4520.70000,4528.24000,10232
2026.05.23,00:15,4528.26000,4529.77000,4521.23000,4522.06000,7275
2026.05.23,00:30,4521.87000,4527.24000,4510.88000,4517.62000,12455
2026.05.23,00:45,4517.58000,4518.95000,4510.19000,4513.35000,10898
2026.05.23,01:00,4513.34000,4513.38000,4492.27000,4497.34000,13381
2026.05.23,01:15,4497.33000,4500.35000,4491.51000,4499.09000,14595
2026.05.23,01:30,4499.11000,4505.84000,4497.17000,4504.30000,9752
2026.05.23,01:45,4504.22000,4507.17000,4500.29000,4500.48000,7613
2026.05.23,02:00,4500.55000,4511.96000,4500.24000,4511.18000,8399
2026.05.23,02:15,4511.22000,4519.30000,4510.95000,4519.30000,6825
2026.05.23,02:30,4519.38000,4522.24000,4517.17000,4518.06000,7136
2026.05.23,02:45,4518.05000,4521.90000,4514.58000,4519.82000,6320
2026.05.23,03:00,4519.84000,4520.34000,4516.67000,4519.27000,5672
2026.05.23,03:15,4519.12000,4524.15000,4516.64000,4523.67000,4585
2026.05.23,03:30,4523.68000,4526.66000,4512.81000,4515.01000,6033
2026.05.23,03:45,4514.82000,4518.01000,4512.20000,4514.88000,6434
2026.05.23,04:00,4514.90000,4520.81000,4514.66000,4519.21000,4466
2026.05.23,04:15,4519.01000,4526.00000,4513.03000,4525.33000,8703
2026.05.23,04:30,4525.27000,4527.90000,4519.47000,4522.18000,9845
2026.05.23,04:45,4522.19000,4522.88000,4518.51000,4519.25000,6023
2026.05.23,05:00,4519.31000,4519.49000,4511.62000,4513.72000,6241
2026.05.23,05:15,4513.70000,4517.69000,4512.42000,4515.21000,4654
2026.05.23,05:30,4515.14000,4520.01000,4513.83000,4515.08000,4545
2026.05.23,05:45,4515.11000,4516.05000,4512.80000,4515.20000,4004
2026.05.23,06:00,4515.21000,4515.91000,4506.87000,4507.23000,6176
2026.05.23,06:15,4507.21000,4509.07000,4506.30000,4507.24000,3855
2026.05.23,06:30,4507.18000,4510.82000,4504.15000,4509.69000,4002
2026.05.23,06:45,4509.70000,4510.01000,4506.53000,4508.22000,4121
2026.05.23,07:00,4508.24000,4509.28000,4504.62000,4507.93000,1651
2026.05.23,07:15,4507.95000,4510.45000,4506.60000,4509.90000,1016
2026.05.23,07:30,4509.89000,4510.29000,4504.08000,4504.33000,1693
2026.05.25,09:00,4541.52000,4557.79000,4540.13000,4554.68000,6319
2026.05.25,09:15,4554.90000,4556.36000,4548.50000,4551.67000,4472
2026.05.25,09:30,4551.84000,4561.05000,4551.23000,4558.23000,3668
2026.05.25,09:45,4558.35000,4565.59000,4557.58000,4565.05000,2995
2026.05.25,10:00,4565.06000,4576.45000,4564.71000,4574.43000,3559
2026.05.25,10:15,4574.47000,4578.25000,4573.39000,4574.95000,2584
2026.05.25,10:30,4574.97000,4580.13000,4574.97000,4577.34000,2811
2026.05.25,10:45,4577.31000,4578.26000,4565.42000,4567.01000,3264
2026.05.25,11:00,4566.81000,4575.70000,4566.16000,4572.53000,5480
2026.05.25,11:15,4572.51000,4575.40000,4569.57000,4572.16000,4232
2026.05.25,11:30,4572.08000,4575.42000,4570.68000,4571.46000,3580
2026.05.25,11:45,4571.48000,4579.47000,4565.90000,4569.44000,5276
2026.05.25,12:00,4569.46000,4576.00000,4560.15000,4565.70000,9289
2026.05.25,12:15,4565.68000,4575.33000,4561.97000,4573.10000,5780
2026.05.25,12:30,4573.01000,4574.76000,4563.14000,4563.44000,5277
2026.05.25,12:45,4563.41000,4567.31000,4560.11000,4562.90000,4358
2026.05.25,13:00,4562.53000,4568.28000,4561.06000,4562.04000,4210
2026.05.25,13:15,4562.09000,4563.24000,4558.87000,4562.92000,2924
2026.05.25,13:30,4562.95000,4569.69000,4561.30000,4569.69000,4061
2026.05.25,13:45,4569.70000,4570.23000,4559.18000,4561.05000,3686
2026.05.25,14:00,4561.13000,4564.31000,4560.48000,4563.09000,3651
2026.05.25,14:15,4563.11000,4564.32000,4559.78000,4560.52000,3211
2026.05.25,14:30,4560.63000,4563.96000,4557.80000,4558.49000,3010
2026.05.25,14:45,4558.47000,4561.21000,4556.57000,4559.61000,3010
2026.05.25,15:00,4559.59000,4562.42000,4559.22000,4560.80000,2251
2026.05.25,15:15,4560.88000,4565.87000,4560.00000,4565.05000,2011
2026.05.25,15:30,4565.06000,4565.44000,4559.30000,4562.50000,3353
2026.05.25,15:45,4562.52000,4565.72000,4561.98000,4564.84000,1542
2026.05.25,16:00,4564.83000,4566.15000,4562.61000,4563.51000,1935
2026.05.25,16:15,4563.45000,4563.67000,4553.73000,4554.06000,2596
2026.05.25,16:30,4553.78000,4560.96000,4552.40000,4556.93000,3794
2026.05.25,16:45,4556.91000,4557.88000,4551.98000,4553.41000,4428
2026.05.25,17:00,4553.38000,4555.82000,4550.37000,4553.76000,4794
2026.05.25,17:15,4553.73000,4557.36000,4552.30000,4554.08000,4212
2026.05.25,17:30,4554.09000,4557.45000,4553.34000,4556.38000,3185
2026.05.25,17:45,4556.36000,4563.30000,4555.97000,4562.46000,4577
2026.05.25,18:00,4562.75000,4564.73000,4560.57000,4560.63000,4223
2026.05.25,18:15,4560.64000,4561.27000,4552.34000,4554.29000,5285
2026.05.25,18:30,4554.30000,4561.61000,4553.98000,4559.85000,3670
2026.05.25,18:45,4559.58000,4565.11000,4558.36000,4564.64000,2382
2026.05.25,19:00,4564.61000,4564.84000,4559.49000,4560.91000,2271
2026.05.25,19:15,4560.92000,4561.16000,4553.70000,4554.88000,2806
2026.05.25,19:30,4555.10000,4558.07000,4553.08000,4554.59000,2367
2026.05.25,19:45,4554.60000,4556.53000,4553.32000,4556.00000,1985
2026.05.25,20:00,4556.01000,4558.63000,4554.84000,4555.45000,1542
2026.05.25,20:15,4555.44000,4559.17000,4555.44000,4558.93000,1326
2026.05.25,20:30,4558.94000,4566.08000,4558.54000,4565.66000,3381
2026.05.25,20:45,4565.68000,4569.15000,4564.70000,4567.56000,2147
2026.05.25,21:00,4567.57000,4572.48000,4567.56000,4571.98000,2516
2026.05.25,21:15,4572.00000,4573.58000,4569.72000,4570.85000,2631
2026.05.25,21:30,4570.88000,4573.27000,4568.24000,4570.21000,2858
2026.05.25,21:45,4570.23000,4572.49000,4568.39000,4568.56000,1388
2026.05.25,22:00,4568.54000,4572.50000,4567.45000,4571.96000,1783
2026.05.25,22:15,4571.98000,4575.29000,4569.40000,4571.65000,2512
2026.05.25,22:30,4571.64000,4576.07000,4571.51000,4574.38000,3086
2026.05.25,22:45,4574.40000,4576.97000,4569.14000,4569.25000,2654
2026.05.25,23:00,4569.23000,4569.32000,4556.10000,4556.32000,4166
2026.05.25,23:15,4556.33000,4560.91000,4552.94000,4560.46000,3761
2026.05.25,23:30,4560.52000,4570.26000,4559.79000,4566.35000,4056
2026.05.25,23:45,4566.36000,4568.77000,4564.05000,4567.69000,3533
2026.05.26,00:00,4567.58000,4571.23000,4561.32000,4564.46000,5711
2026.05.26,00:15,4564.31000,4564.58000,4560.36000,4561.74000,4013
2026.05.26,00:30,4561.45000,4565.47000,4561.40000,4565.08000,3844
2026.05.26,00:45,4565.07000,4565.35000,4560.12000,4563.04000,3695
2026.05.26,01:00,4563.05000,4570.03000,4562.30000,4567.63000,4086
2026.05.26,01:15,4567.61000,4570.58000,4567.19000,4567.71000,3235
2026.05.26,01:30,4567.73000,4568.56000,4564.95000,4567.09000,3280
2026.05.26,01:45,4567.10000,4569.10000,4565.41000,4566.81000,3892
2026.05.26,02:00,4566.77000,4573.38000,4565.65000,4570.08000,5216
2026.05.26,02:15,4570.05000,4574.64000,4567.76000,4573.48000,4932
2026.05.26,02:30,4573.44000,4573.57000,4566.81000,4568.95000,3019
2026.05.26,02:45,4568.93000,4572.76000,4568.67000,4570.89000,2183
2026.05.26,03:00,4570.92000,4571.13000,4568.39000,4570.54000,2366
2026.05.26,03:15,4570.56000,4570.66000,4568.00000,4568.11000,1600
2026.05.26,03:30,4568.10000,4572.30000,4567.86000,4572.00000,2066
2026.05.26,03:45,4572.03000,4574.66000,4570.76000,4573.44000,2715
2026.05.26,04:00,4573.29000,4578.15000,4573.21000,4573.97000,3312
2026.05.26,04:15,4573.95000,4574.44000,4570.11000,4571.25000,1915
2026.05.26,04:30,4571.24000,4571.29000,4566.01000,4566.73000,1286
2026.05.26,04:45,4566.74000,4566.75000,4562.98000,4565.06000,1944
2026.05.26,05:00,4565.07000,4571.57000,4564.31000,4569.04000,1495
2026.05.26,05:15,4569.02000,4570.93000,4567.19000,4570.93000,902
2026.05.26,05:30,4570.84000,4571.41000,4569.83000,4570.85000,976
2026.05.26,05:45,4570.84000,4570.89000,4570.25000,4570.26000,44
2026.05.26,07:15,4571.73000,4572.13000,4571.54000,4571.54000,98
2026.05.26,07:45,4571.57000,4572.90000,4571.08000,4572.26000,859
2026.05.26,09:00,4572.39000,4574.22000,4570.60000,4573.52000,2849
2026.05.26,09:15,4573.49000,4575.55000,4572.62000,4572.88000,1935
2026.05.26,09:30,4572.91000,4575.10000,4569.32000,4573.98000,2081
2026.05.26,09:45,4574.03000,4576.54000,4573.25000,4574.74000,1707
2026.05.26,10:00,4574.76000,4579.33000,4573.40000,4578.96000,2255
2026.05.26,10:15,4578.97000,4580.20000,4566.77000,4567.96000,2386
2026.05.26,10:30,4567.94000,4568.52000,4554.74000,4556.69000,4322
2026.05.26,10:45,4556.70000,4562.91000,4556.70000,4559.57000,2931
2026.05.26,11:00,4559.64000,4560.23000,4548.34000,4552.12000,6995
2026.05.26,11:15,4552.14000,4553.18000,4540.84000,4548.80000,6002
2026.05.26,11:30,4548.78000,4552.78000,4543.29000,4547.83000,4565
2026.05.26,11:45,4547.84000,4551.70000,4539.18000,4549.17000,5185
2026.05.26,12:00,4549.47000,4550.30000,4542.05000,4548.62000,8014
2026.05.26,12:15,4548.58000,4549.11000,4541.78000,4543.83000,5396
2026.05.26,12:30,4543.80000,4544.36000,4527.45000,4532.23000,8903
2026.05.26,12:45,4532.25000,4537.30000,4530.87000,4536.85000,5715
2026.05.26,13:00,4536.82000,4539.50000,4535.30000,4538.60000,3913
2026.05.26,13:15,4538.61000,4539.00000,4536.23000,4536.71000,2564
2026.05.26,13:30,4536.84000,4538.58000,4533.53000,4533.98000,3952
2026.05.26,13:45,4534.00000,4534.78000,4530.04000,4532.37000,3176
2026.05.26,14:00,4532.34000,4538.40000,4532.07000,4537.11000,2803
2026.05.26,14:15,4537.10000,4543.73000,4536.55000,4542.21000,2994
2026.05.26,14:30,4542.25000,4545.48000,4540.96000,4541.43000,2183
2026.05.26,14:45,4541.39000,4543.85000,4540.78000,4542.45000,1402
2026.05.26,15:00,4542.43000,4543.13000,4535.99000,4536.92000,1926
2026.05.26,15:15,4537.00000,4539.50000,4532.37000,4532.37000,1745
2026.05.26,15:30,4532.35000,4533.21000,4525.08000,4526.23000,3024
2026.05.26,15:45,4526.20000,4529.16000,4523.31000,4525.49000,3707
2026.05.26,16:00,4525.44000,4531.61000,4522.96000,4529.32000,3638
2026.05.26,16:15,4529.11000,4531.40000,4528.64000,4531.23000,2125
2026.05.26,16:30,4531.09000,4535.22000,4527.84000,4529.72000,5655
2026.05.26,16:45,4529.70000,4529.89000,4523.46000,4527.22000,5851
2026.05.26,17:00,4527.15000,4532.70000,4526.88000,4531.54000,5343
2026.05.26,17:15,4531.59000,4536.14000,4528.29000,4530.12000,4191
2026.05.26,17:30,4530.10000,4533.92000,4528.56000,4533.85000,4608
2026.05.26,17:45,4533.89000,4534.05000,4528.35000,4530.85000,4291
2026.05.26,18:00,4531.09000,4534.03000,4525.86000,4528.51000,6331
2026.05.26,18:15,4528.50000,4531.11000,4521.98000,4529.64000,4895
2026.05.26,18:30,4529.72000,4529.77000,4521.63000,4526.53000,5146
2026.05.26,18:45,4526.52000,4539.10000,4525.12000,4538.22000,5305
2026.05.26,19:00,4538.32000,4538.91000,4526.98000,4527.69000,4889
2026.05.26,19:15,4527.70000,4530.06000,4520.40000,4522.15000,3657
2026.05.26,19:30,4522.24000,4526.44000,4519.97000,4525.50000,4105
2026.05.26,19:45,4525.49000,4527.51000,4520.28000,4523.78000,3382
2026.05.26,20:00,4523.80000,4524.95000,4519.19000,4520.37000,3077
2026.05.26,20:15,4520.35000,4526.48000,4518.23000,4524.80000,5193
2026.05.26,20:30,4524.81000,4525.31000,4512.07000,4513.28000,4899
2026.05.26,20:45,4513.25000,4523.53000,4513.11000,4522.54000,3821
2026.05.26,21:00,4522.55000,4532.16000,4519.32000,4529.44000,4291
2026.05.26,21:15,4529.49000,4535.41000,4527.37000,4533.27000,3828
2026.05.26,21:30,4533.28000,4538.83000,4531.29000,4533.09000,5221
2026.05.26,21:45,4533.11000,4540.57000,4533.07000,4534.26000,4641
2026.05.26,22:00,4534.30000,4536.40000,4531.64000,4531.66000,3112
2026.05.26,22:15,4531.74000,4532.67000,4522.61000,4523.52000,5054
2026.05.26,22:30,4523.60000,4523.81000,4504.09000,4510.08000,10009
2026.05.26,22:45,4510.07000,4515.71000,4503.33000,4507.16000,5894
2026.05.26,23:00,4507.15000,4512.13000,4504.42000,4510.41000,6371
2026.05.26,23:15,4510.40000,4515.98000,4503.56000,4506.13000,5283
2026.05.26,23:30,4506.15000,4512.04000,4500.22000,4511.99000,5832
2026.05.26,23:45,4512.00000,4523.61000,4510.49000,4520.24000,7001
2026.05.27,00:00,4520.25000,4526.21000,4515.99000,4518.27000,6622
2026.05.27,00:15,4518.38000,4527.52000,4518.07000,4522.26000,5563
2026.05.27,00:30,4522.39000,4531.28000,4521.13000,4527.25000,9761
2026.05.27,00:45,4527.44000,4529.21000,4511.91000,4513.85000,10977
2026.05.27,01:00,4513.48000,4520.34000,4507.70000,4510.76000,9201
2026.05.27,01:15,4510.70000,4517.92000,4508.63000,4517.60000,6640
2026.05.27,01:30,4517.44000,4524.95000,4516.59000,4521.41000,6959
2026.05.27,01:45,4521.39000,4522.03000,4512.65000,4515.29000,6783
2026.05.27,02:00,4515.32000,4515.61000,4508.07000,4509.40000,6998
2026.05.27,02:15,4509.32000,4510.45000,4504.92000,4506.11000,5796
2026.05.27,02:30,4506.16000,4508.97000,4502.40000,4508.32000,6236
2026.05.27,02:45,4508.35000,4510.74000,4505.98000,4506.40000,5558
2026.05.27,03:00,4506.43000,4508.56000,4500.35000,4501.20000,4464
2026.05.27,03:15,4501.21000,4508.83000,4499.68000,4508.03000,3983
2026.05.27,03:30,4508.02000,4511.37000,4506.19000,4506.54000,3865
2026.05.27,03:45,4506.55000,4507.80000,4503.14000,4504.90000,3638
2026.05.27,04:00,4504.95000,4507.50000,4503.23000,4503.53000,3548
2026.05.27,04:15,4503.50000,4507.60000,4500.43000,4501.35000,4122
2026.05.27,04:30,4501.27000,4501.71000,4496.86000,4498.38000,6084
2026.05.27,04:45,4498.39000,4501.35000,4489.85000,4491.04000,4950
2026.05.27,05:00,4490.98000,4493.25000,4481.77000,4487.29000,6044
2026.05.27,05:15,4487.33000,4496.18000,4486.42000,4495.10000,3490
2026.05.27,05:30,4495.09000,4498.28000,4494.01000,4495.96000,2924
2026.05.27,05:45,4495.95000,4499.42000,4495.94000,4499.05000,2777
2026.05.27,06:00,4499.07000,4500.92000,4497.60000,4499.21000,2954
2026.05.27,06:15,4499.22000,4504.23000,4499.19000,4501.93000,2789
2026.05.27,06:30,4501.89000,4505.77000,4500.63000,4504.63000,2668
2026.05.27,06:45,4504.62000,4509.95000,4503.99000,4508.85000,4133
2026.05.27,07:00,4508.84000,4510.49000,4506.16000,4507.91000,1881
2026.05.27,07:15,4507.94000,4509.79000,4506.09000,4506.36000,1074
2026.05.27,07:30,4506.38000,4509.63000,4506.00000,4508.63000,753
2026.05.27,07:45,4508.67000,4509.70000,4503.95000,4506.59000,1539
2026.05.27,09:00,4511.64000,4513.40000,4497.06000,4504.50000,2011
2026.05.27,09:15,4504.51000,4509.72000,4501.87000,4504.21000,2946
2026.05.27,09:30,4504.22000,4506.15000,4497.96000,4500.89000,2519
2026.05.27,09:45,4500.86000,4512.58000,4499.43000,4510.63000,1981
2026.05.27,10:00,4510.66000,4513.45000,4507.33000,4508.75000,2014
2026.05.27,10:15,4508.70000,4512.28000,4503.97000,4512.25000,2241
2026.05.27,10:30,4512.24000,4527.09000,4510.85000,4526.70000,3077
2026.05.27,10:45,4526.69000,4527.40000,4518.06000,4519.62000,2431
2026.05.27,11:00,4519.24000,4525.69000,4517.13000,4522.05000,3652
2026.05.27,11:15,4522.02000,4522.59000,4513.71000,4518.13000,3542
2026.05.27,11:30,4518.12000,4520.74000,4516.50000,4518.24000,2546
2026.05.27,11:45,4518.28000,4522.05000,4514.63000,4515.14000,2954
2026.05.27,12:00,4515.12000,4521.05000,4512.84000,4519.27000,6365
2026.05.27,12:15,4519.28000,4520.86000,4514.38000,4515.94000,3519
2026.05.27,12:30,4516.19000,4517.15000,4509.33000,4510.14000,3626
2026.05.27,12:45,4509.82000,4510.69000,4506.64000,4507.88000,3152
2026.05.27,13:00,4507.91000,4509.45000,4501.83000,4504.03000,4021
2026.05.27,13:15,4503.98000,4505.86000,4498.93000,4505.54000,2760
2026.05.27,13:30,4505.53000,4505.86000,4498.48000,4499.86000,2966
2026.05.27,13:45,4499.80000,4507.12000,4497.77000,4505.78000,2393
2026.05.27,14:00,4505.77000,4510.41000,4504.92000,4509.37000,2929
2026.05.27,14:15,4509.38000,4511.74000,4505.58000,4506.97000,2568
2026.05.27,14:30,4506.93000,4507.17000,4501.64000,4504.43000,1720
2026.05.27,14:45,4504.47000,4505.57000,4496.38000,4496.62000,1922
2026.05.27,15:00,4496.60000,4503.21000,4495.49000,4503.20000,2018
2026.05.27,15:15,4503.17000,4503.46000,4499.39000,4499.45000,1917
2026.05.27,15:30,4499.47000,4508.38000,4498.00000,4508.31000,2504
2026.05.27,15:45,4508.44000,4517.30000,4508.29000,4509.92000,4014
2026.05.27,16:00,4509.88000,4513.79000,4508.18000,4508.94000,3194
2026.05.27,16:15,4508.99000,4508.99000,4504.06000,4507.37000,3516
2026.05.27,16:30,4507.19000,4508.81000,4491.55000,4493.38000,9239
2026.05.27,16:45,4493.40000,4502.28000,4491.89000,4497.36000,7630
2026.05.27,17:00,4497.37000,4499.23000,4493.47000,4494.05000,6607
2026.05.27,17:15,4494.04000,4495.76000,4483.44000,4486.22000,6448
2026.05.27,17:30,4486.25000,4487.90000,4479.37000,4487.75000,6229
2026.05.27,17:45,4487.74000,4490.19000,4483.44000,4485.21000,4455
2026.05.27,18:00,4485.29000,4488.61000,4480.02000,4480.24000,5492
2026.05.27,18:15,4480.27000,4489.40000,4480.11000,4486.12000,4054
2026.05.27,18:30,4486.11000,4488.50000,4481.13000,4482.87000,3762
2026.05.27,18:45,4482.89000,4484.09000,4475.84000,4481.99000,4732
2026.05.27,19:00,4482.01000,4489.31000,4481.35000,4486.44000,4735
2026.05.27,19:15,4486.45000,4492.77000,4486.08000,4488.99000,3948
2026.05.27,19:30,4488.96000,4496.57000,4485.98000,4496.10000,3473
2026.05.27,19:45,4496.14000,4498.66000,4492.63000,4497.68000,3429
2026.05.27,20:00,4497.69000,4497.69000,4488.77000,4491.75000,3130
2026.05.27,20:15,4491.72000,4495.42000,4489.27000,4490.21000,2479
2026.05.27,20:30,4490.19000,4492.12000,4486.72000,4488.50000,2621
2026.05.27,20:45,4488.48000,4493.04000,4488.22000,4490.02000,1683
2026.05.27,21:00,4490.01000,4490.48000,4484.17000,4485.39000,2453
2026.05.27,21:15,4485.32000,4486.30000,4476.24000,4476.77000,3076
2026.05.27,21:30,4476.71000,4477.12000,4461.74000,4465.45000,7334
2026.05.27,21:45,4465.37000,4466.97000,4442.49000,4445.81000,9055
2026.05.27,22:00,4446.16000,4453.35000,4443.27000,4451.00000,5708
2026.05.27,22:15,4450.91000,4452.22000,4439.42000,4440.89000,5591
2026.05.27,22:30,4440.75000,4444.27000,4432.20000,4443.13000,6165
2026.05.27,22:45,4443.08000,4444.63000,4424.82000,4428.60000,5850
2026.05.27,23:00,4428.58000,4437.61000,4428.26000,4430.31000,6095
2026.05.27,23:15,4430.40000,4466.59000,4427.36000,4454.72000,13332
2026.05.27,23:30,4454.61000,4460.01000,4444.63000,4446.99000,8948
2026.05.27,23:45,4447.07000,4448.15000,4437.59000,4438.69000,6548
2026.05.28,00:00,4438.42000,4438.91000,4411.05000,4416.58000,12344
2026.05.28,00:15,4416.57000,4421.31000,4401.19000,4404.63000,11872
2026.05.28,00:30,4404.28000,4425.42000,4404.10000,4419.18000,13240
2026.05.28,00:45,4419.19000,4434.05000,4418.19000,4427.38000,10365
2026.05.28,01:00,4427.40000,4455.37000,4425.96000,4448.04000,11559
2026.05.28,01:15,4448.23000,4455.21000,4439.99000,4445.36000,10747
2026.05.28,01:30,4445.32000,4449.36000,4435.44000,4443.05000,9426
2026.05.28,01:45,4442.99000,4446.26000,4433.28000,4433.89000,7121
2026.05.28,02:00,4433.88000,4438.57000,4428.22000,4432.15000,6906
2026.05.28,02:15,4432.11000,4435.90000,4429.81000,4435.85000,5542
2026.05.28,02:30,4436.02000,4441.61000,4432.91000,4434.10000,6113
2026.05.28,02:45,4434.15000,4438.68000,4430.95000,4436.43000,5376
2026.05.28,03:00,4436.38000,4441.91000,4434.18000,4440.04000,4904
2026.05.28,03:15,4440.18000,4447.61000,4439.79000,4446.79000,3901
2026.05.28,03:30,4446.77000,4453.25000,4445.11000,4450.66000,3700
2026.05.28,03:45,4450.67000,4453.28000,4449.27000,4450.64000,4176
2026.05.28,04:00,4450.67000,4451.69000,4441.26000,4444.14000,6081
2026.05.28,04:15,4444.15000,4451.20000,4443.18000,4449.68000,4819
2026.05.28,04:30,4450.04000,4454.28000,4449.83000,4450.49000,3594
2026.05.28,04:45,4450.47000,4453.99000,4449.93000,4450.38000,2857
2026.05.28,05:00,4450.33000,4452.20000,4447.76000,4450.05000,2876
2026.05.28,05:15,4450.06000,4458.24000,4449.75000,4455.42000,3227
2026.05.28,05:30,4455.43000,4456.45000,4451.20000,4453.07000,2034
2026.05.28,05:45,4453.01000,4454.89000,4452.08000,4454.22000,1713
2026.05.28,06:00,4454.21000,4454.61000,4450.48000,4451.75000,2425
2026.05.28,06:15,4451.74000,4454.01000,4449.62000,4451.05000,2878
2026.05.28,06:30,4451.07000,4454.80000,4449.48000,4453.49000,2614
2026.05.28,06:45,4453.50000,4453.74000,4448.86000,4451.01000,3130
2026.05.28,07:00,4450.80000,4455.40000,4449.89000,4455.40000,1283
2026.05.28,07:15,4455.36000,4458.88000,4454.67000,4454.91000,1400
2026.05.28,07:30,4454.90000,4455.65000,4451.58000,4453.71000,958
2026.05.28,07:45,4453.72000,4456.38000,4452.67000,4455.48000,1003
2026.05.28,09:00,4463.75000,4465.78000,4455.15000,4457.41000,1707
2026.05.28,09:15,4457.39000,4461.81000,4456.23000,4459.50000,1191
2026.05.28,09:30,4459.48000,4462.26000,4454.77000,4458.10000,1682
2026.05.28,09:45,4458.07000,4458.62000,4454.74000,4457.06000,1117
2026.05.28,10:00,4457.08000,4457.82000,4451.34000,4453.42000,2315
2026.05.28,10:15,4453.45000,4454.77000,4449.29000,4450.29000,2916
2026.05.28,10:30,4450.27000,4454.16000,4448.94000,4450.66000,2074
2026.05.28,10:45,4450.64000,4450.70000,4444.01000,4446.94000,2803
2026.05.28,11:00,4446.96000,4452.24000,4444.23000,4444.61000,4093
2026.05.28,11:15,4444.63000,4453.96000,4443.68000,4445.92000,4569
2026.05.28,11:30,4445.95000,4453.13000,4443.56000,4452.19000,3863
2026.05.28,11:45,4452.23000,4457.76000,4450.56000,4457.03000,3076
2026.05.28,12:00,4457.04000,4458.76000,4437.45000,4438.20000,6574
2026.05.28,12:15,4438.10000,4440.57000,4416.97000,4418.97000,7066
2026.05.28,12:30,4419.01000,4426.43000,4415.85000,4417.83000,7765
2026.05.28,12:45,4417.82000,4420.36000,4406.60000,4409.65000,7275
2026.05.28,13:00,4409.67000,4412.57000,4396.02000,4402.46000,6907
2026.05.28,13:15,4402.51000,4408.61000,4399.76000,4406.19000,4144
2026.05.28,13:30,4406.13000,4410.35000,4400.63000,4402.19000,4570
2026.05.28,13:45,4402.09000,4402.50000,4392.49000,4394.37000,5098
2026.05.28,14:00,4394.42000,4397.98000,4390.14000,4394.11000,5372
2026.05.28,14:15,4394.09000,4394.45000,4381.72000,4387.38000,6327
2026.05.28,14:30,4387.37000,4387.73000,4370.67000,4376.54000,7122
2026.05.28,14:45,4376.52000,4379.28000,4368.21000,4374.82000,5419
2026.05.28,15:00,4374.68000,4382.19000,4369.29000,4376.43000,5034
2026.05.28,15:15,4376.46000,4377.14000,4366.05000,4368.20000,4941
2026.05.28,15:30,4368.19000,4375.02000,4368.13000,4373.83000,4554
2026.05.28,15:45,4373.82000,4375.37000,4367.90000,4372.81000,5031
2026.05.28,16:00,4373.03000,4377.57000,4366.98000,4375.43000,4634
2026.05.28,16:15,4375.07000,4379.98000,4371.33000,4378.55000,3712
2026.05.28,16:30,4378.69000,4393.42000,4374.78000,4389.44000,6905
2026.05.28,16:45,4389.51000,4395.65000,4387.53000,4387.99000,6147
2026.05.28,17:00,4388.07000,4390.34000,4374.40000,4375.89000,5729
2026.05.28,17:15,4375.88000,4384.93000,4374.16000,4380.21000,4123
2026.05.28,17:30,4380.20000,4385.45000,4376.88000,4380.40000,4181
2026.05.28,17:45,4380.41000,4384.46000,4379.06000,4383.35000,3274
2026.05.28,18:00,4383.51000,4392.10000,4383.51000,4388.71000,4274
2026.05.28,18:15,4388.90000,4396.47000,4386.22000,4392.70000,3705
2026.05.28,18:30,4392.69000,4393.73000,4385.29000,4389.32000,3333
2026.05.28,18:45,4389.35000,4391.02000,4382.70000,4387.54000,3749
2026.05.28,19:00,4387.47000,4394.94000,4386.41000,4393.36000,4247
2026.05.28,19:15,4393.34000,4394.45000,4387.56000,4389.78000,3621
2026.05.28,19:30,4389.79000,4395.00000,4386.25000,4389.87000,3193
2026.05.28,19:45,4389.94000,4391.79000,4385.80000,4386.90000,2637
2026.05.28,20:00,4386.77000,4391.08000,4386.21000,4389.29000,2900
2026.05.28,20:15,4389.30000,4399.03000,4388.54000,4396.37000,3246
2026.05.28,20:30,4396.25000,4396.90000,4390.03000,4391.05000,3872
2026.05.28,20:45,4391.18000,4396.40000,4389.61000,4393.44000,2791
2026.05.28,21:00,4393.45000,4404.20000,4391.40000,4399.17000,3168
2026.05.28,21:15,4399.18000,4402.37000,4393.90000,4401.16000,2610
2026.05.28,21:30,4401.15000,4402.40000,4387.99000,4388.97000,3099
2026.05.28,21:45,4388.95000,4388.95000,4374.91000,4382.95000,6123
2026.05.28,22:00,4382.99000,4389.47000,4381.58000,4386.90000,4667
2026.05.28,22:15,4386.77000,4390.59000,4384.35000,4384.84000,2973
2026.05.28,22:30,4384.92000,4390.36000,4380.90000,4385.69000,4560
2026.05.28,22:45,4385.70000,4388.45000,4381.15000,4388.04000,4687
2026.05.28,23:00,4388.02000,4392.97000,4388.02000,4392.46000,3388
2026.05.28,23:15,4392.47000,4392.84000,4379.49000,4384.79000,4049
2026.05.28,23:30,4384.51000,4403.01000,4383.69000,4402.09000,7382
2026.05.28,23:45,4402.22000,4433.78000,4401.60000,4432.10000,7292
2026.05.29,00:00,4432.12000,4439.02000,4424.94000,4426.65000,9286
2026.05.29,00:15,4426.72000,4434.17000,4425.66000,4428.64000,5774
2026.05.29,00:30,4428.70000,4430.88000,4417.97000,4422.06000,10661
2026.05.29,00:45,4422.05000,4434.35000,4421.50000,4430.12000,9063
2026.05.29,01:00,4430.21000,4467.40000,4420.36000,4463.95000,11639
2026.05.29,01:15,4463.94000,4473.07000,4451.05000,4460.71000,15821
2026.05.29,01:30,4460.77000,4471.57000,4452.78000,4468.79000,11745
2026.05.29,01:45,4468.88000,4480.33000,4461.95000,4469.77000,11668
2026.05.29,02:00,4469.78000,4480.74000,4468.66000,4471.35000,8996
2026.05.29,02:15,4471.57000,4482.19000,4469.25000,4476.69000,7288
2026.05.29,02:30,4477.03000,4484.88000,4477.01000,4479.25000,7865
2026.05.29,02:45,4479.26000,4482.38000,4478.66000,4482.09000,5381
2026.05.29,03:00,4482.13000,4485.59000,4477.82000,4484.27000,5205
2026.05.29,03:15,4484.32000,4502.84000,4484.00000,4500.52000,7732
2026.05.29,03:30,4500.65000,4506.33000,4497.42000,4504.31000,6198
2026.05.29,03:45,4504.35000,4511.01000,4504.27000,4510.97000,5587
2026.05.29,04:00,4510.99000,4514.52000,4503.45000,4503.87000,6208
2026.05.29,04:15,4503.85000,4506.86000,4501.11000,4502.03000,5802
2026.05.29,04:30,4502.08000,4507.04000,4502.08000,4504.91000,4131
2026.05.29,04:45,4504.92000,4510.06000,4504.54000,4508.79000,3700
2026.05.29,05:00,4508.80000,4516.43000,4506.07000,4507.65000,4845
2026.05.29,05:15,4507.66000,4512.51000,4505.16000,4506.09000,4265
2026.05.29,05:30,4506.08000,4506.28000,4500.80000,4501.72000,3634
2026.05.29,05:45,4501.66000,4503.63000,4498.38000,4501.35000,3286
2026.05.29,06:00,4501.32000,4503.66000,4498.59000,4499.63000,3263
2026.05.29,06:15,4499.66000,4503.02000,4499.56000,4499.57000,2526
2026.05.29,06:30,4499.56000,4501.87000,4498.98000,4499.08000,2340
2026.05.29,06:45,4499.09000,4500.46000,4497.16000,4497.73000,3543
2026.05.29,07:00,4497.68000,4498.71000,4494.75000,4497.02000,2095
2026.05.29,07:15,4496.88000,4500.69000,4496.30000,4499.31000,1611
2026.05.29,07:30,4499.30000,4500.58000,4494.88000,4495.34000,1410
2026.05.29,07:45,4495.36000,4496.47000,4494.35000,4495.40000,1217
2026.05.29,09:00,4498.73000,4498.73000,4491.35000,4493.71000,2090
2026.05.29,09:15,4493.75000,4496.36000,4492.33000,4495.68000,1887
2026.05.29,09:30,4495.67000,4496.56000,4492.83000,4495.43000,1877
2026.05.29,09:45,4495.41000,4496.04000,4490.91000,4491.38000,1712
2026.05.29,10:00,4491.41000,4495.74000,4490.70000,4494.52000,2181
2026.05.29,10:15,4494.53000,4497.05000,4491.57000,4492.14000,1707
2026.05.29,10:30,4492.45000,4494.87000,4489.15000,4490.10000,2405
2026.05.29,10:45,4490.19000,4496.50000,4489.10000,4495.18000,2595
2026.05.29,11:00,4495.36000,4498.25000,4492.19000,4497.49000,5706
2026.05.29,11:15,4497.28000,4500.53000,4495.78000,4500.26000,3812
2026.05.29,11:30,4500.23000,4500.52000,4493.21000,4498.22000,3445
2026.05.29,11:45,4497.99000,4498.32000,4493.36000,4496.17000,3362
2026.05.29,12:00,4496.20000,4515.47000,4492.53000,4514.88000,8187
2026.05.29,12:15,4514.92000,4520.80000,4505.01000,4505.38000,6045
2026.05.29,12:30,4505.31000,4508.55000,4502.46000,4506.40000,6061
2026.05.29,12:45,4506.46000,4507.54000,4501.11000,4506.26000,4844
2026.05.29,13:00,4506.23000,4511.14000,4504.14000,4506.87000,4437
2026.05.29,13:15,4506.89000,4508.85000,4501.82000,4502.93000,2783
2026.05.29,13:30,4502.94000,4507.64000,4498.26000,4504.96000,3550
2026.05.29,13:45,4504.98000,4508.11000,4501.06000,4501.59000,3581
2026.05.29,14:00,4501.55000,4501.86000,4494.83000,4496.12000,4575
2026.05.29,14:15,4496.20000,4499.18000,4495.16000,4496.75000,3941
2026.05.29,14:30,4496.74000,4499.05000,4494.75000,4498.22000,2585
2026.05.29,14:45,4498.23000,4501.73000,4496.46000,4501.45000,2544
2026.05.29,15:00,4501.42000,4505.37000,4501.22000,4502.20000,2542
2026.05.29,15:15,4502.27000,4511.66000,4501.91000,4509.02000,3045
2026.05.29,15:30,4509.00000,4510.79000,4508.33000,4510.45000,2450
2026.05.29,15:45,4510.40000,4514.98000,4508.18000,4513.98000,1994
2026.05.29,16:00,4513.93000,4515.54000,4508.71000,4511.89000,2027
2026.05.29,16:15,4511.87000,4512.18000,4509.40000,4509.77000,1728
2026.05.29,16:30,4509.79000,4512.65000,4502.55000,4506.72000,4524
2026.05.29,16:45,4506.73000,4515.69000,4503.90000,4515.03000,3591
2026.05.29,17:00,4514.98000,4522.46000,4511.13000,4515.70000,6221
2026.05.29,17:15,4515.72000,4521.51000,4509.89000,4516.65000,4739
2026.05.29,17:30,4516.58000,4520.84000,4511.35000,4516.55000,4006
2026.05.29,17:45,4516.52000,4524.06000,4515.14000,4523.70000,3587
2026.05.29,18:00,4523.59000,4523.94000,4516.01000,4516.23000,4026
2026.05.29,18:15,4516.32000,4517.11000,4510.81000,4514.07000,3870
2026.05.29,18:30,4513.93000,4526.05000,4512.79000,4525.14000,4597
2026.05.29,18:45,4525.10000,4526.18000,4522.08000,4524.78000,3050
2026.05.29,19:00,4524.77000,4524.94000,4514.12000,4515.22000,4052
2026.05.29,19:15,4515.19000,4517.94000,4512.42000,4516.89000,3621
2026.05.29,19:30,4516.86000,4518.00000,4513.95000,4515.08000,2598
2026.05.29,19:45,4514.93000,4516.35000,4510.00000,4515.08000,2843
2026.05.29,20:00,4515.09000,4530.28000,4513.18000,4529.13000,3827
2026.05.29,20:15,4529.16000,4532.37000,4522.19000,4528.70000,4181
2026.05.29,20:30,4528.69000,4532.52000,4524.69000,4532.35000,3301
2026.05.29,20:45,4532.34000,4539.82000,4529.58000,4531.11000,3710
2026.05.29,21:00,4531.10000,4531.10000,4525.44000,4528.68000,3093
2026.05.29,21:15,4528.53000,4530.98000,4525.76000,4530.40000,3076
2026.05.29,21:30,4530.41000,4543.13000,4530.40000,4537.85000,3810
2026.05.29,21:45,4537.91000,4541.02000,4535.25000,4538.55000,3278
2026.05.29,22:00,4538.53000,4540.41000,4530.62000,4532.14000,3555
2026.05.29,22:15,4532.15000,4534.52000,4526.77000,4528.06000,3764
2026.05.29,22:30,4528.07000,4531.36000,4525.84000,4530.98000,2899
2026.05.29,22:45,4530.99000,4538.90000,4527.46000,4538.35000,4128
2026.05.29,23:00,4538.37000,4538.54000,4526.91000,4528.26000,4816
2026.05.29,23:15,4528.39000,4531.97000,4519.97000,4522.39000,4869
2026.05.29,23:30,4522.43000,4523.39000,4512.60000,4514.15000,5972
2026.05.29,23:45,4514.03000,4524.13000,4512.59000,4523.02000,4738
2026.05.30,00:00,4523.15000,4526.84000,4517.03000,4522.65000,6490
2026.05.30,00:15,4522.67000,4529.10000,4521.20000,4528.08000,5218
2026.05.30,00:30,4528.09000,4535.50000,4522.30000,4533.03000,8958
2026.05.30,00:45,4533.05000,4540.66000,4529.65000,4536.65000,7759
2026.05.30,01:00,4536.60000,4552.63000,4535.11000,4543.78000,8808
2026.05.30,01:15,4543.80000,4545.00000,4526.02000,4529.71000,9992
2026.05.30,01:30,4529.61000,4541.81000,4525.34000,4540.22000,9591
2026.05.30,01:45,4540.21000,4570.57000,4536.60000,4563.88000,12518
2026.05.30,02:00,4563.96000,4595.29000,4563.96000,4589.80000,12963
2026.05.30,02:15,4589.82000,4591.57000,4578.05000,4578.59000,9322
2026.05.30,02:30,4578.58000,4583.36000,4561.45000,4566.64000,9215
2026.05.30,02:45,4566.63000,4571.52000,4557.67000,4571.15000,7340
2026.05.30,03:00,4571.14000,4572.25000,4559.84000,4563.65000,5425
2026.05.30,03:15,4563.53000,4567.73000,4560.33000,4563.04000,5000
2026.05.30,03:30,4563.06000,4573.46000,4561.91000,4569.38000,6149
2026.05.30,03:45,4569.39000,4569.39000,4560.99000,4566.78000,4874
2026.05.30,04:00,4566.88000,4568.39000,4563.33000,4563.93000,4593
2026.05.30,04:15,4563.91000,4566.88000,4560.69000,4561.98000,5828
2026.05.30,04:30,4561.97000,4562.32000,4553.09000,4553.97000,5234
2026.05.30,04:45,4554.02000,4557.49000,4551.45000,4553.39000,4536
2026.05.30,05:00,4553.41000,4558.69000,4552.39000,4558.13000,4395
2026.05.30,05:15,4558.19000,4560.19000,4555.46000,4559.21000,3474
2026.05.30,05:30,4559.22000,4561.52000,4557.44000,4557.86000,2632
2026.05.30,05:45,4557.85000,4557.85000,4550.70000,4553.32000,5590
2026.05.30,06:00,4553.08000,4560.11000,4552.33000,4558.30000,3401
2026.05.30,06:15,4558.24000,4559.04000,4554.74000,4555.27000,2838
2026.05.30,06:30,4555.25000,4556.26000,4551.13000,4551.51000,3551
2026.05.30,06:45,4551.50000,4551.66000,4542.82000,4545.70000,7066
2026.05.30,07:00,4545.72000,4549.10000,4542.80000,4548.79000,2912
2026.05.30,07:15,4548.76000,4548.82000,4541.96000,4542.32000,1508
2026.05.30,07:30,4542.34000,4543.70000,4541.01000,4543.27000,1000
2026.06.01,09:00,4521.63000,4535.23000,4517.68000,4534.61000,4229
2026.06.01,09:15,4534.29000,4536.48000,4530.93000,4533.13000,3085
2026.06.01,09:30,4532.23000,4536.48000,4530.76000,4535.52000,2632
2026.06.01,09:45,4535.41000,4540.41000,4534.77000,4535.24000,2250
2026.06.01,10:00,4535.43000,4543.26000,4534.62000,4542.62000,2094
2026.06.01,10:15,4542.64000,4545.22000,4540.10000,4544.98000,2028
2026.06.01,10:30,4545.04000,4545.86000,4538.24000,4541.91000,2445
2026.06.01,10:45,4541.60000,4544.82000,4538.26000,4539.15000,2821
2026.06.01,11:00,4539.13000,4546.10000,4537.17000,4540.33000,4710
2026.06.01,11:15,4540.53000,4544.36000,4537.42000,4543.34000,3601
2026.06.01,11:30,4543.36000,4545.14000,4535.23000,4535.98000,3386
2026.06.01,11:45,4535.99000,4542.76000,4535.95000,4540.55000,3387
2026.06.01,12:00,4540.58000,4541.33000,4525.89000,4533.88000,6065
2026.06.01,12:15,4533.89000,4536.45000,4527.89000,4528.81000,4661
2026.06.01,12:30,4528.78000,4533.83000,4526.96000,4533.03000,4556
2026.06.01,12:45,4533.02000,4533.59000,4523.71000,4525.14000,4408
2026.06.01,13:00,4525.11000,4534.03000,4524.24000,4532.06000,3627
2026.06.01,13:15,4532.02000,4534.58000,4529.47000,4530.37000,2156
2026.06.01,13:30,4530.30000,4531.11000,4522.33000,4523.00000,4147
2026.06.01,13:45,4523.01000,4525.11000,4521.26000,4521.56000,3350
2026.06.01,14:00,4521.47000,4525.53000,4515.40000,4518.83000,3544
2026.06.01,14:15,4518.78000,4521.37000,4513.57000,4520.43000,3445
2026.06.01,14:30,4520.25000,4523.96000,4509.68000,4510.60000,2899
2026.06.01,14:45,4510.59000,4516.37000,4509.74000,4516.32000,2175
2026.06.01,15:00,4516.30000,4519.78000,4512.28000,4514.75000,1909
2026.06.01,15:15,4514.72000,4518.59000,4514.72000,4515.82000,1429
2026.06.01,15:30,4515.83000,4517.28000,4513.53000,4514.52000,1748
2026.06.01,15:45,4514.51000,4515.15000,4508.49000,4514.44000,2231
2026.06.01,16:00,4514.42000,4519.11000,4513.57000,4518.21000,2151
2026.06.01,16:15,4518.28000,4523.64000,4517.65000,4520.30000,1967
2026.06.01,16:30,4520.53000,4522.12000,4512.59000,4519.84000,4476
2026.06.01,16:45,4519.83000,4525.30000,4516.98000,4518.08000,3689
2026.06.01,17:00,4518.03000,4518.59000,4512.57000,4514.02000,4216
2026.06.01,17:15,4514.03000,4515.65000,4504.78000,4514.44000,4298
2026.06.01,17:30,4514.46000,4514.87000,4501.51000,4504.58000,4217
2026.06.01,17:45,4504.57000,4504.90000,4500.11000,4501.41000,4165
2026.06.01,18:00,4501.39000,4510.10000,4500.59000,4507.26000,4040
2026.06.01,18:15,4507.29000,4508.32000,4503.23000,4503.73000,3076
2026.06.01,18:30,4503.77000,4507.76000,4497.80000,4498.08000,3613
2026.06.01,18:45,4498.09000,4502.99000,4492.30000,4502.99000,4188
2026.06.01,19:00,4502.93000,4504.38000,4493.37000,4495.65000,4756
2026.06.01,19:15,4495.63000,4496.96000,4490.16000,4496.04000,4007
2026.06.01,19:30,4496.02000,4500.37000,4492.55000,4499.87000,2980
2026.06.01,19:45,4499.89000,4502.55000,4495.35000,4497.96000,3272
2026.06.01,20:00,4497.95000,4500.69000,4497.37000,4499.62000,2560
2026.06.01,20:15,4499.56000,4506.32000,4496.29000,4496.31000,3083
2026.06.01,20:30,4496.33000,4499.23000,4489.05000,4498.18000,3726
2026.06.01,20:45,4498.16000,4498.32000,4493.68000,4495.78000,2878
2026.06.01,21:00,4495.73000,4502.02000,4495.73000,4501.68000,2100
2026.06.01,21:15,4501.69000,4503.34000,4496.08000,4500.79000,2336
2026.06.01,21:30,4500.84000,4507.34000,4500.41000,4505.81000,2642
2026.06.01,21:45,4505.90000,4510.97000,4502.42000,4503.85000,2898
2026.06.01,22:00,4503.84000,4506.69000,4499.76000,4504.94000,2957
2026.06.01,22:15,4505.00000,4512.90000,4504.03000,4510.62000,2681
2026.06.01,22:30,4510.63000,4512.20000,4506.17000,4507.04000,2620
2026.06.01,22:45,4507.05000,4509.72000,4505.40000,4505.73000,2291
2026.06.01,23:00,4505.74000,4509.56000,4502.99000,4503.31000,3026
2026.06.01,23:15,4503.19000,4507.78000,4497.48000,4505.61000,4343
2026.06.01,23:30,4505.56000,4508.21000,4497.72000,4507.32000,4558
2026.06.01,23:45,4507.27000,4510.35000,4498.50000,4502.00000,4489
2026.06.02,00:00,4502.36000,4503.81000,4471.95000,4483.93000,10097
2026.06.02,00:15,4483.96000,4489.56000,4462.31000,4464.86000,12744
2026.06.02,00:30,4464.88000,4478.68000,4458.94000,4466.82000,13326
2026.06.02,00:45,4466.93000,4469.62000,4448.74000,4449.69000,11640
2026.06.02,01:00,4449.49000,4462.02000,4447.65000,4461.20000,10548
2026.06.02,01:15,4461.08000,4464.79000,4449.67000,4456.03000,8423
2026.06.02,01:30,4455.91000,4461.57000,4453.60000,4459.92000,6900
2026.06.02,01:45,4459.90000,4461.21000,4452.22000,4458.68000,6713
2026.06.02,02:00,4458.72000,4465.31000,4455.17000,4464.32000,6328
2026.06.02,02:15,4464.37000,4470.20000,4463.10000,4468.19000,4919
2026.06.02,02:30,4468.24000,4479.71000,4467.97000,4472.24000,8135
2026.06.02,02:45,4472.32000,4475.41000,4468.53000,4473.94000,4421
2026.06.02,03:00,4473.97000,4478.26000,4465.05000,4467.07000,4628
2026.06.02,03:15,4467.12000,4469.44000,4462.81000,4467.86000,4395
2026.06.02,03:30,4467.89000,4471.99000,4467.60000,4468.08000,4578
2026.06.02,03:45,4468.09000,4482.01000,4467.26000,4479.97000,5801
2026.06.02,04:00,4480.01000,4480.93000,4471.49000,4475.04000,5375
2026.06.02,04:15,4475.02000,4482.73000,4472.35000,4482.39000,4260
2026.06.02,04:30,4482.41000,4491.62000,4480.21000,4491.62000,8762
2026.06.02,04:45,4491.52000,4495.48000,4487.23000,4487.31000,6430
2026.06.02,05:00,4487.45000,4489.93000,4486.04000,4488.63000,3241
2026.06.02,05:15,4488.53000,4490.03000,4486.33000,4486.43000,2740
2026.06.02,05:30,4486.59000,4488.03000,4484.73000,4487.75000,2048
2026.06.02,05:45,4487.74000,4488.58000,4486.33000,4486.53000,1922
2026.06.02,06:00,4486.51000,4488.24000,4484.73000,4485.34000,2408
2026.06.02,06:15,4485.36000,4486.60000,4484.29000,4484.59000,2207
2026.06.02,06:30,4484.58000,4485.69000,4482.84000,4483.26000,2526
2026.06.02,06:45,4483.20000,4484.36000,4478.95000,4481.14000,4713
2026.06.02,07:00,4481.15000,4484.36000,4480.05000,4483.55000,1617
2026.06.02,07:15,4483.52000,4484.41000,4482.04000,4482.98000,974
2026.06.02,07:30,4483.00000,4484.75000,4481.97000,4482.60000,1072
2026.06.02,07:45,4482.42000,4485.72000,4481.34000,4484.53000,1393
2026.06.02,09:00,4486.13000,4486.13000,4481.44000,4484.58000,1559
2026.06.02,09:15,4484.57000,4485.20000,4481.40000,4481.50000,1876
2026.06.02,09:30,4481.53000,4483.48000,4479.52000,4481.45000,1121
2026.06.02,09:45,4481.41000,4486.42000,4481.25000,4485.34000,1276
2026.06.02,10:00,4485.21000,4487.67000,4481.65000,4486.15000,1452
2026.06.02,10:15,4486.14000,4488.23000,4485.17000,4487.10000,888
2026.06.02,10:30,4487.15000,4487.44000,4480.52000,4483.28000,1949
2026.06.02,10:45,4483.27000,4485.85000,4478.95000,4484.45000,2443
2026.06.02,11:00,4484.50000,4485.21000,4476.39000,4481.23000,5286
2026.06.02,11:15,4480.91000,4493.82000,4480.86000,4493.67000,4804
2026.06.02,11:30,4493.60000,4497.10000,4484.96000,4486.98000,3648
2026.06.02,11:45,4486.97000,4487.61000,4480.57000,4481.21000,3685
2026.06.02,12:00,4481.19000,4491.50000,4473.77000,4490.00000,8541
2026.06.02,12:15,4489.69000,4492.41000,4480.73000,4486.21000,7369
2026.06.02,12:30,4486.23000,4489.41000,4479.56000,4479.82000,6254
2026.06.02,12:45,4479.85000,4482.35000,4462.89000,4473.93000,6989
2026.06.02,13:00,4474.08000,4481.02000,4472.20000,4480.53000,5807
2026.06.02,13:15,4480.57000,4484.65000,4478.53000,4481.98000,3142
2026.06.02,13:30,4482.00000,4485.49000,4474.25000,4476.41000,4034
2026.06.02,13:45,4476.48000,4486.53000,4473.47000,4486.09000,3266
2026.06.02,14:00,4486.05000,4492.64000,4485.64000,4488.11000,3719
2026.06.02,14:15,4488.14000,4497.54000,4485.57000,4495.11000,3833
2026.06.02,14:30,4495.02000,4499.42000,4492.80000,4497.13000,3238
2026.06.02,14:45,4496.84000,4499.44000,4495.23000,4499.42000,1900
2026.06.02,15:00,4499.38000,4505.44000,4497.79000,4504.48000,2300
2026.06.02,15:15,4504.40000,4510.03000,4503.98000,4504.66000,2755
2026.06.02,15:30,4504.64000,4511.20000,4503.39000,4510.30000,2834
2026.06.02,15:45,4510.11000,4518.35000,4509.79000,4517.57000,2224
2026.06.02,16:00,4517.52000,4518.79000,4515.26000,4518.70000,2358
2026.06.02,16:15,4518.73000,4521.97000,4516.64000,4519.80000,2663
2026.06.02,16:30,4519.73000,4528.16000,4519.51000,4524.39000,5914
2026.06.02,16:45,4524.44000,4526.28000,4516.29000,4517.07000,3130
2026.06.02,17:00,4517.08000,4524.71000,4516.97000,4518.79000,3981
2026.06.02,17:15,4518.77000,4533.89000,4517.87000,4532.95000,4536
2026.06.02,17:30,4532.97000,4538.59000,4531.86000,4532.77000,3922
2026.06.02,17:45,4532.80000,4536.91000,4532.06000,4535.82000,2990
2026.06.02,18:00,4535.86000,4541.65000,4533.34000,4539.86000,3743
2026.06.02,18:15,4539.76000,4540.46000,4533.22000,4533.87000,2888
2026.06.02,18:30,4533.84000,4535.27000,4531.00000,4531.72000,2414
2026.06.02,18:45,4531.74000,4535.41000,4527.89000,4534.96000,2864
2026.06.02,19:00,4534.87000,4539.23000,4532.98000,4534.84000,3646
2026.06.02,19:15,4534.90000,4535.41000,4529.40000,4531.17000,3460
2026.06.02,19:30,4531.07000,4533.46000,4528.14000,4528.90000,2743
2026.06.02,19:45,4528.81000,4530.29000,4525.97000,4526.66000,2209
2026.06.02,20:00,4526.67000,4534.23000,4525.24000,4533.92000,2815
2026.06.02,20:15,4533.94000,4535.74000,4525.03000,4526.63000,3052
2026.06.02,20:30,4526.64000,4527.37000,4520.99000,4525.42000,3234
2026.06.02,20:45,4525.41000,4531.48000,4524.81000,4529.91000,2304
2026.06.02,21:00,4529.89000,4531.66000,4527.50000,4528.91000,2063
2026.06.02,21:15,4528.90000,4529.65000,4524.48000,4528.37000,1994
2026.06.02,21:30,4528.46000,4528.86000,4525.43000,4528.86000,1535
2026.06.02,21:45,4528.84000,4533.89000,4528.84000,4533.03000,1984
2026.06.02,22:00,4533.10000,4534.56000,4528.58000,4528.68000,2370
2026.06.02,22:15,4528.67000,4530.01000,4526.34000,4529.94000,1984
2026.06.02,22:30,4530.00000,4530.72000,4526.26000,4526.82000,2199
2026.06.02,22:45,4526.84000,4530.50000,4525.46000,4527.56000,2442
2026.06.02,23:00,4527.57000,4528.58000,4524.94000,4526.27000,2565
2026.06.02,23:15,4526.25000,4534.02000,4523.96000,4529.30000,3450
2026.06.02,23:30,4529.41000,4533.69000,4521.73000,4525.00000,4741
2026.06.02,23:45,4525.02000,4525.93000,4513.45000,4514.65000,3947
2026.06.03,00:00,4514.93000,4524.74000,4511.61000,4513.99000,6761
2026.06.03,00:15,4514.02000,4517.26000,4509.89000,4510.78000,5601
2026.06.03,00:30,4510.76000,4514.43000,4506.18000,4508.45000,9861
2026.06.03,00:45,4508.39000,4513.80000,4502.12000,4502.12000,6714
2026.06.03,01:00,4502.06000,4506.92000,4497.85000,4504.21000,7799
2026.06.03,01:15,4504.19000,4505.08000,4490.22000,4495.61000,8624
2026.06.03,01:30,4495.63000,4505.42000,4495.63000,4504.30000,5280
2026.06.03,01:45,4504.29000,4506.34000,4500.87000,4504.04000,4693
2026.06.03,02:00,4503.99000,4508.00000,4501.64000,4503.25000,5261
2026.06.03,02:15,4503.29000,4506.03000,4501.29000,4505.24000,4551
2026.06.03,02:30,4505.36000,4508.41000,4500.18000,4502.44000,5041
2026.06.03,02:45,4502.43000,4507.06000,4501.17000,4502.06000,4007
2026.06.03,03:00,4502.15000,4502.84000,4497.95000,4498.18000,4310
2026.06.03,03:15,4498.11000,4498.38000,4490.15000,4490.17000,4356
2026.06.03,03:30,4490.16000,4491.50000,4486.17000,4489.73000,4325
2026.06.03,03:45,4489.64000,4491.82000,4488.94000,4491.75000,3041
2026.06.03,04:00,4491.77000,4493.02000,4486.77000,4489.52000,4499
2026.06.03,04:15,4489.54000,4491.74000,4486.31000,4490.92000,4681
2026.06.03,04:30,4491.05000,4491.66000,4482.17000,4484.47000,4512
2026.06.03,04:45,4484.46000,4486.49000,4482.58000,4484.43000,3194
2026.06.03,05:00,4484.44000,4488.40000,4484.14000,4485.06000,3047
2026.06.03,05:15,4485.03000,4490.92000,4483.97000,4488.50000,3062
2026.06.03,05:30,4488.49000,4489.42000,4478.47000,4480.42000,2850
2026.06.03,05:45,4480.40000,4490.30000,4480.10000,4487.34000,2309
2026.06.03,06:00,4487.42000,4489.10000,4487.03000,4487.15000,1961
2026.06.03,06:15,4487.16000,4489.56000,4485.56000,4489.56000,1909
2026.06.03,06:30,4489.35000,4490.17000,4483.34000,4487.40000,2105
2026.06.03,06:45,4487.39000,4488.68000,4485.60000,4488.16000,2808
2026.06.03,07:00,4488.15000,4489.91000,4486.21000,4489.91000,1186
2026.06.03,07:15,4489.89000,4491.11000,4488.58000,4489.78000,767
2026.06.03,07:30,4489.79000,4490.98000,4488.71000,4488.88000,840
2026.06.03,07:45,4488.82000,4489.93000,4486.24000,4489.37000,1159
2026.06.03,09:00,4492.42000,4493.16000,4487.36000,4489.35000,2456
2026.06.03,09:15,4489.34000,4491.80000,4487.60000,4490.11000,1915
2026.06.03,09:30,4490.08000,4491.33000,4487.30000,4488.95000,1434
2026.06.03,09:45,4489.00000,4492.31000,4483.72000,4485.00000,2748
2026.06.03,10:00,4485.10000,4488.96000,4474.38000,4477.50000,3520
2026.06.03,10:15,4477.56000,4477.56000,4461.90000,4467.61000,5361
2026.06.03,10:30,4467.63000,4474.88000,4462.22000,4474.87000,5106
2026.06.03,10:45,4474.88000,4475.18000,4468.93000,4474.07000,3425
2026.06.03,11:00,4474.01000,4479.80000,4473.68000,4475.90000,4150
2026.06.03,11:15,4475.92000,4483.32000,4474.40000,4483.16000,2783
2026.06.03,11:30,4483.18000,4496.77000,4481.28000,4495.55000,3107
2026.06.03,11:45,4495.59000,4495.66000,4485.67000,4485.85000,2817
2026.06.03,12:00,4485.75000,4487.34000,4467.01000,4471.34000,8155
2026.06.03,12:15,4471.36000,4472.66000,4463.31000,4467.06000,5490
2026.06.03,12:30,4467.18000,4472.98000,4464.93000,4470.46000,4998
2026.06.03,12:45,4470.39000,4477.19000,4470.04000,4475.66000,3582
2026.06.03,13:00,4475.71000,4481.30000,4472.87000,4480.49000,3625
2026.06.03,13:15,4480.53000,4480.94000,4473.94000,4478.79000,2506
2026.06.03,13:30,4478.80000,4484.95000,4474.87000,4478.87000,3242
2026.06.03,13:45,4478.82000,4481.98000,4472.88000,4481.81000,3952
2026.06.03,14:00,4481.76000,4487.58000,4481.74000,4485.42000,3311
2026.06.03,14:15,4485.48000,4487.18000,4483.06000,4483.39000,2695
2026.06.03,14:30,4483.29000,4484.76000,4483.09000,4484.56000,509
