2026.05.13,07:35,4713.60000,4715.40000,4712.62000,4713.94000,541
2026.05.13,07:40,4713.95000,4715.49000,4711.89000,4714.69000,583
2026.05.13,07:45,4714.65000,4715.67000,4712.80000,4715.11000,715
2026.05.13,07:50,4715.09000,4715.55000,4713.25000,4713.61000,707
2026.05.13,07:55,4713.75000,4715.74000,4713.42000,4714.33000,586
2026.05.13,09:00,4716.07000,4721.21000,4714.05000,4719.55000,875
2026.05.13,09:05,4719.54000,4720.16000,4712.26000,4713.45000,863
2026.05.13,09:10,4713.09000,4715.13000,4711.76000,4714.75000,755
2026.05.13,09:15,4714.77000,4717.17000,4713.11000,4716.96000,796
2026.05.13,09:20,4716.87000,4719.41000,4714.81000,4716.53000,827
2026.05.13,09:25,4716.55000,4717.82000,4714.48000,4716.99000,488
2026.05.13,09:30,4716.96000,4720.98000,4716.05000,4718.61000,617
2026.05.13,09:35,4718.62000,4720.30000,4716.23000,4718.55000,496
2026.05.13,09:40,4718.58000,4719.07000,4715.09000,4716.41000,642
2026.05.13,09:45,4716.14000,4718.22000,4716.11000,4716.83000,385
2026.05.13,09:50,4716.51000,4722.41000,4716.36000,4720.81000,841
2026.05.13,09:55,4720.75000,4721.22000,4716.43000,4716.87000,649
2026.05.13,10:00,4716.61000,4720.76000,4715.67000,4720.43000,969
2026.05.13,10:05,4720.19000,4723.12000,4717.41000,4720.00000,835
2026.05.13,10:10,4720.41000,4721.62000,4717.08000,4717.50000,879
2026.05.13,10:15,4717.59000,4720.30000,4716.89000,4716.89000,730
2026.05.13,10:20,4717.20000,4722.81000,4716.91000,4722.78000,915
2026.05.13,10:25,4722.80000,4723.99000,4718.73000,4719.91000,1164
2026.05.13,10:30,4720.09000,4721.20000,4718.06000,4718.47000,996
2026.05.13,10:35,4718.89000,4721.55000,4715.78000,4719.90000,1140
2026.05.13,10:40,4719.88000,4721.07000,4717.43000,4720.77000,845
2026.05.13,10:45,4720.78000,4723.32000,4714.64000,4716.08000,1870
2026.05.13,10:50,4716.10000,4719.66000,4715.20000,4717.41000,1434
2026.05.13,10:55,4717.42000,4718.48000,4715.24000,4717.01000,1015
2026.05.13,11:00,4717.16000,4724.91000,4715.16000,4724.16000,2282
2026.05.13,11:05,4724.17000,4726.26000,4720.44000,4720.74000,2178
2026.05.13,11:10,4720.71000,4724.21000,4719.66000,4719.87000,1945
2026.05.13,11:15,4719.89000,4725.57000,4719.46000,4724.34000,2166
2026.05.13,11:20,4724.32000,4726.20000,4723.06000,4724.62000,1932
2026.05.13,11:25,4724.63000,4725.15000,4720.60000,4722.67000,1375
2026.05.13,11:30,4722.71000,4723.97000,4719.44000,4720.47000,1552
2026.05.13,11:35,4720.51000,4722.26000,4716.99000,4722.23000,1850
2026.05.13,11:40,4722.21000,4725.06000,4719.63000,4720.28000,1603
2026.05.13,11:45,4719.95000,4720.50000,4716.44000,4716.46000,1386
2026.05.13,11:50,4716.78000,4720.14000,4715.11000,4716.86000,1342
2026.05.13,11:55,4716.77000,4718.23000,4714.09000,4714.92000,1727
2026.05.13,12:00,4714.94000,4717.25000,4707.64000,4711.67000,4275
2026.05.13,12:05,4711.68000,4713.42000,4707.09000,4713.24000,2626
2026.05.13,12:10,4713.19000,4716.25000,4709.01000,4709.48000,2351
2026.05.13,12:15,4709.49000,4710.55000,4704.84000,4706.46000,2536
2026.05.13,12:20,4706.47000,4709.89000,4704.97000,4707.47000,2195
2026.05.13,12:25,4707.44000,4707.89000,4702.52000,4704.32000,2009
2026.05.13,12:30,4704.12000,4705.48000,4702.36000,4704.82000,2174
2026.05.13,12:35,4704.86000,4706.66000,4701.64000,4705.43000,2391
2026.05.13,12:40,4705.42000,4710.53000,4704.12000,4708.77000,1820
2026.05.13,12:45,4708.78000,4710.60000,4706.52000,4709.75000,1601
2026.05.13,12:50,4709.72000,4710.05000,4705.71000,4706.25000,1438
2026.05.13,12:55,4706.26000,4706.67000,4700.95000,4702.51000,1852
2026.05.13,13:00,4702.42000,4707.53000,4701.41000,4706.34000,1795
2026.05.13,13:05,4706.26000,4706.88000,4699.21000,4699.67000,1992
2026.05.13,13:10,4699.70000,4703.66000,4699.47000,4701.56000,1577
2026.05.13,13:15,4701.54000,4703.62000,4698.80000,4702.99000,1301
2026.05.13,13:20,4702.82000,4703.94000,4701.09000,4703.07000,1018
2026.05.13,13:25,4703.04000,4703.94000,4698.31000,4700.35000,1317
2026.05.13,13:30,4700.39000,4700.42000,4695.56000,4696.24000,2265
2026.05.13,13:35,4696.22000,4698.52000,4694.84000,4694.84000,1986
2026.05.13,13:40,4694.87000,4697.81000,4694.05000,4694.50000,2160
2026.05.13,13:45,4694.51000,4696.74000,4692.95000,4696.74000,2083
2026.05.13,13:50,4696.65000,4697.31000,4688.94000,4688.98000,2363
2026.05.13,13:55,4689.06000,4693.59000,4687.28000,4691.97000,2195
2026.05.13,14:00,4691.94000,4693.74000,4688.96000,4693.01000,1922
2026.05.13,14:05,4692.97000,4693.56000,4689.06000,4689.57000,1401
2026.05.13,14:10,4689.55000,4694.46000,4689.15000,4692.22000,1654
2026.05.13,14:15,4692.23000,4694.32000,4691.19000,4693.95000,1283
2026.05.13,14:20,4693.96000,4696.10000,4693.73000,4695.17000,1247
2026.05.13,14:25,4695.20000,4700.65000,4695.11000,4700.51000,1182
2026.05.13,14:30,4700.45000,4704.32000,4700.19000,4703.44000,1386
2026.05.13,14:35,4703.43000,4705.82000,4702.89000,4703.93000,1125
2026.05.13,14:40,4703.95000,4705.12000,4703.13000,4703.75000,790
2026.05.13,14:45,4703.77000,4704.82000,4702.08000,4702.31000,1053
2026.05.13,14:50,4702.32000,4702.60000,4696.82000,4697.41000,1162
2026.05.13,14:55,4697.40000,4697.82000,4694.37000,4696.04000,1096
2026.05.13,15:00,4696.02000,4698.10000,4695.35000,4697.52000,1077
2026.05.13,15:05,4697.51000,4698.88000,4695.63000,4696.67000,1000
2026.05.13,15:10,4696.72000,4698.61000,4695.94000,4698.34000,724
2026.05.13,15:15,4698.44000,4702.45000,4697.99000,4702.16000,859
2026.05.13,15:20,4702.18000,4703.34000,4700.90000,4701.39000,875
2026.05.13,15:25,4701.38000,4701.78000,4700.02000,4701.22000,744
2026.05.13,15:30,4701.21000,4703.31000,4700.08000,4700.29000,864
2026.05.13,15:35,4700.21000,4702.25000,4697.81000,4700.67000,1133
2026.05.13,15:40,4700.73000,4700.89000,4697.17000,4698.55000,685
2026.05.13,15:45,4698.56000,4701.17000,4698.13000,4701.17000,691
2026.05.13,15:50,4701.19000,4701.51000,4699.01000,4701.38000,1046
2026.05.13,15:55,4701.37000,4701.69000,4698.26000,4699.48000,1038
2026.05.13,16:00,4699.46000,4706.51000,4698.20000,4706.50000,1401
2026.05.13,16:05,4706.58000,4706.92000,4703.47000,4704.27000,1344
2026.05.13,16:10,4704.26000,4707.31000,4703.78000,4705.33000,1401
2026.05.13,16:15,4705.24000,4705.66000,4700.73000,4701.33000,1407
2026.05.13,16:20,4701.34000,4703.84000,4698.66000,4699.45000,1372
2026.05.13,16:25,4699.46000,4700.15000,4697.76000,4698.07000,1353
2026.05.13,16:30,4697.94000,4702.67000,4693.41000,4700.62000,2770
2026.05.13,16:35,4700.64000,4702.22000,4699.23000,4701.08000,1868
2026.05.13,16:40,4701.07000,4702.37000,4696.53000,4696.96000,2078
2026.05.13,16:45,4697.12000,4700.08000,4697.12000,4698.50000,1756
2026.05.13,16:50,4698.48000,4701.37000,4696.32000,4699.33000,1663
2026.05.13,16:55,4699.40000,4705.40000,4699.21000,4704.21000,1680
2026.05.13,17:00,4703.89000,4710.03000,4703.26000,4709.49000,2092
2026.05.13,17:05,4709.50000,4712.93000,4707.37000,4710.44000,1775
2026.05.13,17:10,4710.42000,4711.94000,4708.54000,4710.44000,1645
2026.05.13,17:15,4710.45000,4715.30000,4710.44000,4712.76000,1722
2026.05.13,17:20,4712.70000,4713.02000,4707.42000,4708.53000,1912
2026.05.13,17:25,4708.52000,4710.19000,4706.77000,4708.79000,1725
2026.05.13,17:30,4708.81000,4711.30000,4707.67000,4710.05000,1639
2026.05.13,17:35,4710.07000,4712.78000,4709.16000,4711.64000,1603
2026.05.13,17:40,4711.63000,4713.56000,4710.57000,4711.16000,1636
2026.05.13,17:45,4711.23000,4712.10000,4707.14000,4708.65000,1403
2026.05.13,17:50,4708.68000,4708.84000,4702.39000,4702.42000,1906
2026.05.13,17:55,4702.44000,4703.91000,4698.99000,4701.89000,1919
2026.05.13,18:00,4701.94000,4705.44000,4699.82000,4700.86000,2011
2026.05.13,18:05,4700.95000,4702.45000,4696.87000,4698.64000,1797
2026.05.13,18:10,4698.63000,4703.61000,4697.71000,4702.17000,1443
2026.05.13,18:15,4702.16000,4707.09000,4702.13000,4705.89000,1451
2026.05.13,18:20,4705.88000,4708.48000,4704.20000,4705.19000,1341
2026.05.13,18:25,4705.18000,4708.88000,4705.01000,4707.47000,1258
2026.05.13,18:30,4707.48000,4707.88000,4704.65000,4706.14000,1265
2026.05.13,18:35,4706.12000,4707.67000,4702.88000,4703.40000,1368
2026.05.13,18:40,4703.39000,4705.20000,4703.09000,4703.52000,1322
2026.05.13,18:45,4703.53000,4704.52000,4701.22000,4703.61000,1299
2026.05.13,18:50,4703.63000,4704.32000,4701.43000,4702.61000,1512
2026.05.13,18:55,4702.66000,4704.05000,4701.83000,4702.73000,1313
2026.05.13,19:00,4702.50000,4704.17000,4700.74000,4701.13000,1684
2026.05.13,19:05,4701.12000,4701.85000,4698.48000,4700.38000,1608
2026.05.13,19:10,4700.28000,4701.85000,4699.18000,4700.25000,1442
2026.05.13,19:15,4700.24000,4701.22000,4698.25000,4699.14000,1396
2026.05.13,19:20,4699.17000,4700.80000,4698.62000,4699.04000,1509
2026.05.13,19:25,4699.00000,4699.68000,4694.50000,4696.97000,1662
2026.05.13,19:30,4697.04000,4698.09000,4694.32000,4698.05000,1095
2026.05.13,19:35,4698.07000,4699.91000,4697.27000,4698.29000,1091
2026.05.13,19:40,4698.37000,4698.96000,4695.15000,4695.94000,1284
2026.05.13,19:45,4695.95000,4698.79000,4694.76000,4697.85000,1499
2026.05.13,19:50,4697.83000,4700.76000,4697.20000,4700.67000,1044
2026.05.13,19:55,4700.69000,4702.83000,4699.35000,4700.60000,1073
2026.05.13,20:00,4700.61000,4701.93000,4697.93000,4700.44000,1525
2026.05.13,20:05,4700.45000,4700.45000,4697.90000,4698.46000,1305
2026.05.13,20:10,4698.48000,4699.22000,4693.63000,4694.41000,1335
2026.05.13,20:15,4694.37000,4695.27000,4690.14000,4690.63000,1332
2026.05.13,20:20,4690.57000,4692.21000,4685.84000,4686.86000,1519
2026.05.13,20:25,4686.82000,4692.24000,4686.55000,4688.83000,1607
2026.05.13,20:30,4688.78000,4691.67000,4685.83000,4688.15000,1891
2026.05.13,20:35,4688.02000,4692.59000,4688.02000,4690.73000,1248
2026.05.13,20:40,4690.74000,4694.25000,4690.00000,4693.93000,1167
2026.05.13,20:45,4693.85000,4696.76000,4692.88000,4696.66000,1028
2026.05.13,20:50,4696.69000,4698.20000,4696.23000,4698.08000,1072
2026.05.13,20:55,4698.09000,4701.06000,4697.79000,4700.98000,1149
2026.05.13,21:00,4700.99000,4701.40000,4698.64000,4698.99000,1272
2026.05.13,21:05,4698.97000,4710.65000,4698.87000,4708.50000,1634
2026.05.13,21:10,4708.49000,4709.08000,4701.59000,4702.25000,2569
2026.05.13,21:15,4702.28000,4703.26000,4700.38000,4700.65000,1592
2026.05.13,21:20,4700.66000,4705.89000,4700.39000,4703.17000,1444
2026.05.13,21:25,4703.18000,4703.42000,4698.63000,4699.52000,1291
2026.05.13,21:30,4699.58000,4699.85000,4695.37000,4696.21000,1555
2026.05.13,21:35,4696.20000,4697.49000,4695.19000,4695.91000,1328
2026.05.13,21:40,4695.93000,4697.33000,4694.08000,4695.59000,1533
2026.05.13,21:45,4695.56000,4696.51000,4693.76000,4695.40000,1272
2026.05.13,21:50,4695.44000,4696.84000,4694.18000,4695.12000,1058
2026.05.13,21:55,4695.14000,4696.76000,4693.66000,4694.18000,1122
2026.05.13,22:00,4694.17000,4695.47000,4691.61000,4693.04000,1914
2026.05.13,22:05,4693.05000,4695.15000,4691.49000,4694.35000,1707
2026.05.13,22:10,4694.34000,4699.09000,4694.19000,4698.92000,1439
2026.05.13,22:15,4698.93000,4700.43000,4695.75000,4697.88000,2068
2026.05.13,22:20,4697.90000,4700.47000,4697.13000,4698.44000,1533
2026.05.13,22:25,4698.40000,4699.56000,4697.07000,4698.32000,1218
2026.05.13,22:30,4698.38000,4702.98000,4698.02000,4702.21000,1672
2026.05.13,22:35,4702.14000,4705.26000,4702.13000,4704.72000,1523
2026.05.13,22:40,4704.78000,4704.87000,4700.89000,4703.32000,1377
2026.05.13,22:45,4703.31000,4705.49000,4702.14000,4702.14000,1492
2026.05.13,22:50,4702.13000,4702.20000,4699.86000,4701.09000,1627
2026.05.13,22:55,4701.02000,4701.04000,4697.33000,4697.38000,1456
2026.05.13,23:00,4697.29000,4700.05000,4694.82000,4699.57000,2327
2026.05.13,23:05,4699.58000,4701.57000,4697.84000,4699.19000,1784
2026.05.13,23:10,4699.20000,4699.24000,4693.49000,4694.01000,1916
2026.05.13,23:15,4694.02000,4694.30000,4689.36000,4691.82000,2197
2026.05.13,23:20,4691.52000,4693.33000,4685.00000,4687.78000,3147
2026.05.13,23:25,4687.66000,4688.88000,4683.03000,4683.90000,1991
2026.05.13,23:30,4683.75000,4685.25000,4675.81000,4682.42000,3999
2026.05.13,23:35,4682.38000,4686.17000,4677.20000,4679.07000,4363
2026.05.13,23:40,4679.05000,4683.83000,4677.71000,4682.91000,3664
2026.05.13,23:45,4682.89000,4684.05000,4677.49000,4680.42000,3343
2026.05.13,23:50,4680.31000,4685.42000,4680.06000,4681.25000,3075
2026.05.13,23:55,4681.35000,4685.47000,4678.60000,4683.75000,2885
2026.05.14,00:00,4683.45000,4690.45000,4683.43000,4687.75000,3775
2026.05.14,00:05,4687.73000,4689.47000,4685.34000,4686.42000,2835
2026.05.14,00:10,4686.27000,4691.11000,4685.38000,4689.79000,2506
2026.05.14,00:15,4689.80000,4692.10000,4686.42000,4692.00000,2490
2026.05.14,00:20,4691.97000,4694.60000,4690.16000,4693.95000,2247
2026.05.14,00:25,4694.05000,4694.44000,4688.08000,4688.63000,2508
2026.05.14,00:30,4688.49000,4690.78000,4682.39000,4683.93000,4916
2026.05.14,00:35,4683.94000,4684.08000,4672.93000,4674.22000,4942
2026.05.14,00:40,4674.28000,4683.54000,4673.42000,4678.54000,5212
2026.05.14,00:45,4678.51000,4678.98000,4669.46000,4672.78000,5013
2026.05.14,00:50,4672.90000,4682.76000,4670.16000,4682.76000,4845
2026.05.14,00:55,4682.82000,4683.21000,4677.51000,4679.39000,4333
2026.05.14,01:00,4679.25000,4680.38000,4672.89000,4676.71000,4698
2026.05.14,01:05,4676.65000,4680.92000,4674.02000,4677.80000,4603
2026.05.14,01:10,4677.06000,4683.17000,4677.01000,4681.19000,4059
2026.05.14,01:15,4681.18000,4682.25000,4673.58000,4674.02000,3997
2026.05.14,01:20,4674.10000,4682.15000,4673.50000,4681.78000,3666
2026.05.14,01:25,4681.85000,4685.38000,4681.15000,4684.09000,3200
2026.05.14,01:30,4684.02000,4690.37000,4682.98000,4689.92000,3482
2026.05.14,01:35,4689.87000,4690.85000,4684.91000,4686.38000,3521
2026.05.14,01:40,4686.36000,4688.54000,4683.45000,4683.64000,3125
2026.05.14,01:45,4683.65000,4684.85000,4677.18000,4681.59000,3929
2026.05.14,01:50,4681.62000,4682.40000,4678.22000,4681.13000,3576
2026.05.14,01:55,4681.15000,4683.38000,4678.78000,4679.76000,3258
2026.05.14,02:00,4680.14000,4686.03000,4678.87000,4684.28000,3292
2026.05.14,02:05,4684.31000,4688.56000,4681.91000,4688.41000,2784
2026.05.14,02:10,4688.43000,4690.44000,4686.06000,4687.52000,2926
2026.05.14,02:15,4687.51000,4687.92000,4685.34000,4687.14000,2551
2026.05.14,02:20,4687.16000,4690.01000,4685.18000,4687.95000,2581
2026.05.14,02:25,4687.90000,4691.71000,4687.41000,4691.10000,2914
2026.05.14,02:30,4691.09000,4695.64000,4686.74000,4695.18000,2689
2026.05.14,02:35,4695.20000,4699.12000,4694.40000,4698.69000,2658
2026.05.14,02:40,4698.70000,4699.92000,4697.02000,4699.31000,2188
2026.05.14,02:45,4699.34000,4699.53000,4696.45000,4698.31000,2031
2026.05.14,02:50,4698.32000,4698.46000,4694.53000,4695.67000,1780
2026.05.14,02:55,4695.70000,4698.16000,4694.36000,4695.43000,1839
2026.05.14,03:00,4695.50000,4699.46000,4694.97000,4697.72000,2080
2026.05.14,03:05,4697.73000,4701.92000,4696.42000,4700.85000,1833
2026.05.14,03:10,4700.83000,4702.73000,4699.10000,4701.90000,1725
2026.05.14,03:15,4701.93000,4703.64000,4698.63000,4699.46000,2102
2026.05.14,03:20,4699.45000,4709.46000,4698.59000,4705.80000,2319
2026.05.14,03:25,4705.78000,4709.88000,4703.57000,4706.75000,2310
2026.05.14,03:30,4706.79000,4707.54000,4702.25000,4703.93000,2671
2026.05.14,03:35,4703.92000,4704.22000,4701.58000,4702.74000,1498
2026.05.14,03:40,4702.72000,4702.94000,4699.82000,4699.94000,2151
2026.05.14,03:45,4699.93000,4701.27000,4698.40000,4699.67000,1924
2026.05.14,03:50,4699.65000,4699.75000,4695.49000,4696.38000,1893
2026.05.14,03:55,4696.31000,4697.78000,4695.13000,4695.73000,1691
2026.05.14,04:00,4695.74000,4699.36000,4695.63000,4696.61000,1568
2026.05.14,04:05,4696.60000,4699.93000,4696.14000,4699.33000,1587
2026.05.14,04:10,4699.35000,4701.02000,4698.40000,4699.55000,1329
2026.05.14,04:15,4699.67000,4699.89000,4696.83000,4699.76000,1664
2026.05.14,04:20,4699.82000,4701.23000,4697.12000,4697.56000,1530
2026.05.14,04:25,4697.55000,4699.66000,4696.60000,4698.36000,1973
2026.05.14,04:30,4698.52000,4698.56000,4690.21000,4690.42000,2177
2026.05.14,04:35,4690.40000,4692.86000,4690.07000,4690.85000,1748
2026.05.14,04:40,4690.86000,4693.49000,4690.70000,4691.02000,1219
2026.05.14,04:45,4691.25000,4694.54000,4690.26000,4691.26000,1445
2026.05.14,04:50,4691.22000,4692.44000,4688.44000,4688.82000,1674
2026.05.14,04:55,4688.77000,4689.79000,4684.46000,4685.71000,1754
2026.05.14,05:00,4685.56000,4689.48000,4684.36000,4687.91000,2301
2026.05.14,05:05,4687.93000,4691.49000,4687.75000,4690.81000,1274
2026.05.14,05:10,4690.82000,4692.79000,4690.42000,4692.30000,1149
2026.05.14,05:15,4692.32000,4694.01000,4690.17000,4690.64000,1474
2026.05.14,05:20,4690.62000,4691.05000,4688.70000,4690.43000,1426
2026.05.14,05:25,4690.41000,4692.13000,4690.15000,4691.96000,1128
2026.05.14,05:30,4691.95000,4692.77000,4690.15000,4691.27000,1043
2026.05.14,05:35,4691.25000,4691.29000,4687.29000,4689.86000,1333
2026.05.14,05:40,4689.87000,4691.31000,4685.76000,4686.29000,1260
2026.05.14,05:45,4686.30000,4687.62000,4677.40000,4679.35000,2621
2026.05.14,05:50,4679.37000,4687.45000,4679.37000,4687.00000,2094
2026.05.14,05:55,4686.88000,4687.59000,4684.44000,4684.99000,1702
2026.05.14,06:00,4685.02000,4686.04000,4683.61000,4684.19000,1455
2026.05.14,06:05,4684.21000,4686.70000,4683.29000,4686.51000,1107
2026.05.14,06:10,4686.49000,4689.05000,4685.57000,4689.04000,1141
2026.05.14,06:15,4689.03000,4690.40000,4686.95000,4687.94000,1352
2026.05.14,06:20,4688.06000,4690.10000,4687.39000,4688.00000,1306
2026.05.14,06:25,4687.89000,4688.64000,4686.53000,4687.19000,1398
2026.05.14,06:30,4687.15000,4688.62000,4684.49000,4685.33000,1261
2026.05.14,06:35,4685.32000,4689.12000,4684.56000,4688.86000,1085
2026.05.14,06:40,4688.88000,4688.88000,4686.99000,4688.41000,1069
2026.05.14,06:45,4688.33000,4689.46000,4687.37000,4689.32000,1105
2026.05.14,06:50,4689.08000,4689.08000,4683.39000,4685.52000,2727
2026.05.14,06:55,4685.61000,4689.05000,4685.49000,4688.15000,2019
2026.05.14,07:00,4688.00000,4688.44000,4685.93000,4686.94000,756
2026.05.14,07:05,4686.95000,4689.26000,4686.95000,4689.14000,687
2026.05.14,07:10,4689.15000,4690.91000,4689.15000,4690.83000,419
2026.05.14,07:15,4690.81000,4690.97000,4690.14000,4690.86000,479
2026.05.14,07:20,4690.87000,4693.01000,4690.60000,4692.56000,365
2026.05.14,07:25,4692.55000,4693.23000,4691.17000,4691.29000,470
2026.05.14,07:30,4691.30000,4692.73000,4689.14000,4689.80000,504
2026.05.14,07:35,4689.81000,4691.44000,4689.36000,4691.42000,547
2026.05.14,07:40,4691.38000,4691.78000,4689.83000,4690.68000,533
2026.05.14,07:45,4690.64000,4691.13000,4688.53000,4688.93000,556
2026.05.14,07:50,4688.88000,4689.38000,4687.86000,4688.15000,509
2026.05.14,07:55,4688.06000,4689.32000,4687.55000,4687.55000,603
2026.05.14,09:00,4692.49000,4693.83000,4689.53000,4692.97000,737
2026.05.14,09:05,4692.92000,4693.72000,4689.33000,4689.57000,798
2026.05.14,09:10,4689.90000,4691.56000,4688.60000,4691.19000,659
2026.05.14,09:15,4691.31000,4695.98000,4690.64000,4694.56000,1246
2026.05.14,09:20,4694.61000,4695.93000,4693.95000,4695.35000,535
2026.05.14,09:25,4695.31000,4697.19000,4695.28000,4696.99000,481
2026.05.14,09:30,4696.95000,4698.91000,4695.16000,4697.12000,518
2026.05.14,09:35,4697.11000,4699.14000,4696.14000,4697.99000,723
2026.05.14,09:40,4698.00000,4700.22000,4697.54000,4698.63000,546
2026.05.14,09:45,4698.92000,4699.52000,4696.64000,4697.62000,590
2026.05.14,09:50,4697.40000,4700.48000,4697.08000,4699.99000,460
2026.05.14,09:55,4699.71000,4700.53000,4699.21000,4699.89000,261
2026.05.14,10:00,4699.86000,4701.09000,4699.10000,4699.18000,449
2026.05.14,10:05,4699.20000,4701.53000,4699.08000,4700.89000,473
2026.05.14,10:10,4700.88000,4702.07000,4700.74000,4701.06000,436
2026.05.14,10:15,4701.01000,4701.17000,4700.15000,4700.81000,298
2026.05.14,10:20,4700.79000,4701.03000,4699.12000,4699.53000,368
2026.05.14,10:25,4699.56000,4699.56000,4696.62000,4697.20000,657
2026.05.14,10:30,4697.17000,4697.38000,4693.99000,4695.33000,623
2026.05.14,10:35,4695.34000,4696.93000,4694.84000,4695.94000,469
2026.05.14,10:40,4695.85000,4697.56000,4694.44000,4694.79000,723
2026.05.14,10:45,4694.80000,4696.45000,4693.14000,4693.50000,967
2026.05.14,10:50,4693.79000,4695.79000,4692.96000,4695.44000,432
2026.05.14,10:55,4695.74000,4696.87000,4694.23000,4696.57000,703
2026.05.14,11:00,4696.56000,4699.39000,4689.23000,4691.74000,1819
2026.05.14,11:05,4691.72000,4696.30000,4690.64000,4696.09000,1739
2026.05.14,11:10,4695.84000,4697.81000,4693.84000,4697.62000,1361
2026.05.14,11:15,4697.55000,4705.31000,4697.15000,4700.95000,1801
2026.05.14,11:20,4700.97000,4702.87000,4699.40000,4701.29000,1756
2026.05.14,11:25,4701.30000,4702.26000,4699.24000,4700.79000,1607
2026.05.14,11:30,4700.74000,4703.08000,4696.94000,4697.20000,1526
2026.05.14,11:35,4697.21000,4697.37000,4694.04000,4695.25000,1607
2026.05.14,11:40,4695.28000,4700.82000,4692.83000,4699.86000,1398
2026.05.14,11:45,4700.18000,4704.57000,4699.96000,4703.57000,1486
2026.05.14,11:50,4703.55000,4703.64000,4699.15000,4700.33000,1223
2026.05.14,11:55,4700.34000,4706.56000,4700.30000,4704.65000,1217
2026.05.14,12:00,4704.82000,4706.90000,4694.36000,4698.31000,4193
2026.05.14,12:05,4698.28000,4698.78000,4686.21000,4688.11000,3778
2026.05.14,12:10,4688.49000,4692.36000,4684.04000,4688.62000,3577
2026.05.14,12:15,4688.67000,4694.53000,4687.13000,4688.65000,3352
2026.05.14,12:20,4688.64000,4692.71000,4688.06000,4692.03000,2598
2026.05.14,12:25,4692.41000,4695.30000,4691.22000,4692.67000,2153
2026.05.14,12:30,4692.55000,4694.79000,4689.42000,4692.78000,2977
2026.05.14,12:35,4692.75000,4694.46000,4686.95000,4689.13000,2858
2026.05.14,12:40,4689.12000,4690.17000,4683.72000,4688.71000,2910
2026.05.14,12:45,4688.88000,4694.95000,4686.63000,4694.32000,2297
2026.05.14,12:50,4694.31000,4694.44000,4683.55000,4685.77000,2552
2026.05.14,12:55,4685.75000,4689.26000,4684.12000,4688.80000,3335
2026.05.14,13:00,4688.88000,4693.91000,4686.87000,4693.63000,2870
2026.05.14,13:05,4693.65000,4693.79000,4688.80000,4690.80000,2082
2026.05.14,13:10,4690.81000,4690.93000,4686.48000,4688.37000,2216
2026.05.14,13:15,4688.02000,4690.98000,4686.97000,4689.88000,1408
2026.05.14,13:20,4689.89000,4691.55000,4689.58000,4690.82000,1159
2026.05.14,13:25,4690.81000,4694.10000,4689.88000,4693.63000,1269
2026.05.14,13:30,4693.64000,4697.89000,4690.60000,4697.39000,2128
2026.05.14,13:35,4697.37000,4699.71000,4695.13000,4695.29000,1556
2026.05.14,13:40,4695.32000,4696.25000,4689.47000,4691.60000,1963
2026.05.14,13:45,4691.58000,4693.47000,4680.56000,4682.66000,2398
2026.05.14,13:50,4682.64000,4687.99000,4679.65000,4686.99000,2527
2026.05.14,13:55,4686.96000,4688.23000,4684.91000,4686.41000,2165
2026.05.14,14:00,4686.25000,4690.22000,4685.10000,4687.43000,2159
2026.05.14,14:05,4687.52000,4687.76000,4681.92000,4684.52000,2082
2026.05.14,14:10,4684.53000,4685.82000,4681.07000,4682.99000,1972
2026.05.14,14:15,4682.68000,4686.47000,4682.61000,4683.02000,1600
2026.05.14,14:20,4682.99000,4688.47000,4681.20000,4688.26000,2112
2026.05.14,14:25,4688.25000,4693.22000,4688.08000,4691.15000,1608
2026.05.14,14:30,4691.14000,4691.65000,4683.16000,4685.04000,1615
2026.05.14,14:35,4685.03000,4686.54000,4678.82000,4680.59000,1356
2026.05.14,14:40,4680.57000,4681.29000,4675.39000,4676.20000,1661
2026.05.14,14:45,4676.21000,4677.99000,4674.13000,4676.42000,1552
2026.05.14,14:50,4676.68000,4677.54000,4674.22000,4675.56000,1107
2026.05.14,14:55,4675.55000,4677.06000,4673.93000,4675.05000,1031
2026.05.14,15:00,4675.12000,4675.36000,4668.01000,4672.64000,1583
2026.05.14,15:05,4672.63000,4680.05000,4672.14000,4678.57000,1611
2026.05.14,15:10,4678.56000,4682.62000,4676.94000,4681.98000,1334
2026.05.14,15:15,4682.04000,4683.59000,4681.43000,4683.28000,1114
2026.05.14,15:20,4683.30000,4692.26000,4683.30000,4691.30000,1029
2026.05.14,15:25,4691.29000,4707.45000,4691.22000,4702.06000,2329
2026.05.14,15:30,4702.03000,4710.59000,4700.96000,4709.20000,1638
2026.05.14,15:35,4709.21000,4712.53000,4706.35000,4707.38000,1445
2026.05.14,15:40,4707.39000,4707.90000,4702.94000,4704.89000,902
2026.05.14,15:45,4704.90000,4706.35000,4702.71000,4704.78000,851
2026.05.14,15:50,4704.80000,4705.91000,4703.11000,4705.31000,798
2026.05.14,15:55,4705.35000,4706.29000,4702.22000,4702.28000,1121
2026.05.14,16:00,4702.29000,4702.94000,4699.64000,4700.59000,1351
2026.05.14,16:05,4700.68000,4704.11000,4700.22000,4701.22000,1121
2026.05.14,16:10,4701.24000,4703.70000,4699.72000,4699.92000,952
2026.05.14,16:15,4699.91000,4700.40000,4697.12000,4697.64000,1053
2026.05.14,16:20,4697.63000,4698.66000,4696.83000,4697.29000,944
2026.05.14,16:25,4697.31000,4697.31000,4693.07000,4693.59000,1212
2026.05.14,16:30,4693.60000,4701.55000,4693.08000,4698.85000,2937
2026.05.14,16:35,4698.53000,4700.75000,4696.51000,4700.01000,1997
2026.05.14,16:40,4700.02000,4700.85000,4696.34000,4696.96000,1674
2026.05.14,16:45,4697.23000,4703.28000,4697.08000,4700.03000,2148
2026.05.14,16:50,4700.45000,4701.53000,4697.81000,4698.30000,1670
2026.05.14,16:55,4698.29000,4698.61000,4689.07000,4689.95000,2151
2026.05.14,17:00,4689.91000,4693.38000,4687.23000,4693.09000,2448
2026.05.14,17:05,4693.10000,4694.78000,4687.43000,4690.58000,2294
2026.05.14,17:10,4690.69000,4691.72000,4686.07000,4687.84000,1824
2026.05.14,17:15,4687.85000,4689.34000,4686.35000,4688.56000,1858
2026.05.14,17:20,4688.53000,4690.92000,4688.06000,4690.59000,1809
2026.05.14,17:25,4690.58000,4693.18000,4690.02000,4691.28000,1666
2026.05.14,17:30,4691.39000,4694.93000,4690.75000,4694.01000,1297
2026.05.14,17:35,4694.16000,4695.61000,4691.26000,4694.42000,1440
2026.05.14,17:40,4694.40000,4699.62000,4691.51000,4698.80000,1567
2026.05.14,17:45,4698.70000,4702.48000,4694.82000,4695.30000,2465
2026.05.14,17:50,4695.29000,4701.45000,4695.18000,4699.72000,1831
2026.05.14,17:55,4699.64000,4701.38000,4698.25000,4700.03000,1874
2026.05.14,18:00,4699.85000,4702.29000,4697.18000,4698.54000,2071
2026.05.14,18:05,4698.71000,4700.67000,4696.06000,4699.07000,1752
2026.05.14,18:10,4699.06000,4700.29000,4694.41000,4695.20000,1954
2026.05.14,18:15,4695.26000,4699.63000,4694.80000,4697.59000,1872
2026.05.14,18:20,4697.60000,4700.36000,4695.14000,4699.66000,1739
2026.05.14,18:25,4699.67000,4706.91000,4699.17000,4705.36000,1675
2026.05.14,18:30,4705.35000,4710.37000,4702.81000,4710.01000,1995
2026.05.14,18:35,4710.02000,4718.65000,4709.99000,4711.98000,2185
2026.05.14,18:40,4712.01000,4714.55000,4708.99000,4709.08000,1708
2026.05.14,18:45,4709.11000,4709.53000,4703.16000,4704.35000,1457
2026.05.14,18:50,4704.29000,4704.29000,4695.01000,4700.05000,1917
2026.05.14,18:55,4700.02000,4701.03000,4690.73000,4693.23000,2410
2026.05.14,19:00,4693.24000,4701.04000,4691.83000,4697.63000,2314
2026.05.14,19:05,4697.67000,4699.95000,4696.20000,4697.33000,1381
2026.05.14,19:10,4697.47000,4700.59000,4695.55000,4699.03000,1695
2026.05.14,19:15,4698.95000,4701.67000,4698.92000,4699.60000,1639
2026.05.14,19:20,4699.65000,4701.69000,4697.73000,4701.13000,2110
2026.05.14,19:25,4701.17000,4704.94000,4700.78000,4702.84000,2004
2026.05.14,19:30,4702.77000,4705.66000,4701.63000,4702.52000,1722
2026.05.14,19:35,4702.35000,4706.61000,4701.68000,4701.83000,2017
2026.05.14,19:40,4701.82000,4702.75000,4695.47000,4696.86000,2199
2026.05.14,19:45,4696.94000,4697.54000,4694.29000,4695.16000,1942
2026.05.14,19:50,4695.14000,4696.59000,4693.42000,4694.61000,1303
2026.05.14,19:55,4694.59000,4696.86000,4692.78000,4693.32000,1295
2026.05.14,20:00,4693.43000,4694.06000,4690.03000,4692.63000,1483
2026.05.14,20:05,4692.61000,4696.55000,4690.88000,4696.31000,1334
2026.05.14,20:10,4696.27000,4698.01000,4693.07000,4694.45000,1749
2026.05.14,20:15,4694.46000,4696.59000,4693.89000,4695.54000,1288
2026.05.14,20:20,4695.58000,4696.57000,4693.19000,4693.50000,1109
2026.05.14,20:25,4693.51000,4694.31000,4690.59000,4690.60000,1540
2026.05.14,20:30,4690.59000,4694.91000,4689.16000,4694.84000,1696
2026.05.14,20:35,4694.83000,4694.83000,4688.12000,4692.44000,2140
2026.05.14,20:40,4692.43000,4697.14000,4691.97000,4695.37000,1412
2026.05.14,20:45,4695.50000,4700.45000,4695.49000,4700.10000,1629
2026.05.14,20:50,4700.08000,4702.52000,4698.23000,4699.01000,1616
2026.05.14,20:55,4699.00000,4701.49000,4698.33000,4699.50000,1674
2026.05.14,21:00,4699.54000,4699.99000,4698.42000,4699.48000,1289
2026.05.14,21:05,4699.53000,4700.70000,4698.04000,4698.40000,1336
2026.05.14,21:10,4698.42000,4705.38000,4695.98000,4697.30000,2359
2026.05.14,21:15,4697.31000,4698.33000,4695.12000,4696.74000,1676
2026.05.14,21:20,4696.76000,4697.66000,4693.94000,4694.40000,1553
2026.05.14,21:25,4694.41000,4698.33000,4694.20000,4697.49000,1867
2026.05.14,21:30,4697.50000,4697.98000,4695.28000,4696.83000,1215
2026.05.14,21:35,4696.81000,4697.61000,4694.60000,4696.04000,1289
2026.05.14,21:40,4696.05000,4696.05000,4692.16000,4693.47000,1651
2026.05.14,21:45,4693.48000,4694.91000,4692.00000,4692.75000,1429
2026.05.14,21:50,4692.78000,4697.62000,4691.07000,4696.60000,1923
2026.05.14,21:55,4696.58000,4697.33000,4695.27000,4696.89000,1623
2026.05.14,22:00,4696.88000,4698.60000,4694.75000,4695.04000,1894
2026.05.14,22:05,4695.02000,4698.74000,4692.83000,4697.45000,1597
2026.05.14,22:10,4697.46000,4697.73000,4696.17000,4697.25000,1126
2026.05.14,22:15,4697.26000,4697.63000,4694.78000,4695.23000,1016
2026.05.14,22:20,4695.24000,4696.87000,4693.28000,4693.57000,1076
2026.05.14,22:25,4693.53000,4694.09000,4689.39000,4692.08000,1446
2026.05.14,22:30,4692.10000,4695.06000,4690.81000,4693.91000,1449
2026.05.14,22:35,4693.92000,4695.97000,4692.97000,4695.55000,1150
2026.05.14,22:40,4695.51000,4697.37000,4694.90000,4695.21000,1463
2026.05.14,22:45,4695.22000,4700.26000,4694.84000,4698.20000,1529
2026.05.14,22:50,4698.15000,4704.57000,4697.72000,4704.14000,1910
2026.05.14,22:55,4704.23000,4704.84000,4693.94000,4693.94000,2606
2026.05.14,23:00,4693.59000,4698.07000,4692.24000,4696.33000,2516
2026.05.14,23:05,4696.18000,4698.81000,4693.89000,4697.17000,1530
2026.05.14,23:10,4697.19000,4703.61000,4696.61000,4703.61000,1930
2026.05.14,23:15,4703.56000,4703.62000,4698.55000,4701.66000,1533
2026.05.14,23:20,4701.62000,4707.44000,4701.37000,4705.23000,1986
2026.05.14,23:25,4705.21000,4705.88000,4702.24000,4702.48000,1249
2026.05.14,23:30,4702.57000,4707.92000,4700.43000,4705.53000,2136
2026.05.14,23:35,4705.57000,4710.04000,4703.47000,4706.48000,2756
2026.05.14,23:40,4706.49000,4707.33000,4697.82000,4697.93000,1991
2026.05.14,23:45,4697.87000,4703.22000,4695.87000,4703.13000,2245
2026.05.14,23:50,4703.17000,4705.06000,4701.76000,4703.56000,1849
2026.05.14,23:55,4703.58000,4706.16000,4702.70000,4704.76000,1602
2026.05.15,00:00,4704.79000,4707.77000,4696.01000,4697.53000,3713
2026.05.15,00:05,4697.52000,4703.23000,4696.51000,4701.18000,2290
2026.05.15,00:10,4701.17000,4704.78000,4700.85000,4704.19000,2298
2026.05.15,00:15,4704.22000,4704.39000,4691.51000,4693.29000,2743
2026.05.15,00:20,4693.24000,4695.20000,4689.92000,4694.83000,3186
2026.05.15,00:25,4694.76000,4697.17000,4688.09000,4688.41000,2677
2026.05.15,00:30,4688.31000,4689.62000,4681.46000,4684.31000,4267
2026.05.15,00:35,4684.32000,4686.82000,4680.63000,4682.66000,3772
2026.05.15,00:40,4682.67000,4683.22000,4666.28000,4676.92000,4940
2026.05.15,00:45,4676.93000,4690.60000,4675.82000,4689.38000,5093
2026.05.15,00:50,4689.48000,4690.96000,4680.40000,4685.12000,3912
2026.05.15,00:55,4685.08000,4686.66000,4678.67000,4679.65000,3563
2026.05.15,01:00,4679.48000,4689.30000,4677.26000,4685.63000,4241
2026.05.15,01:05,4685.65000,4686.72000,4680.69000,4685.51000,3899
2026.05.15,01:10,4685.52000,4690.28000,4685.08000,4687.61000,2877
2026.05.15,01:15,4687.51000,4695.10000,4686.79000,4694.51000,3279
2026.05.15,01:20,4694.54000,4700.87000,4693.52000,4694.74000,3042
2026.05.15,01:25,4694.72000,4695.00000,4688.14000,4691.45000,3177
2026.05.15,01:30,4691.47000,4692.12000,4686.83000,4688.13000,2378
2026.05.15,01:35,4688.14000,4690.50000,4685.90000,4689.90000,2685
2026.05.15,01:40,4689.91000,4692.39000,4685.81000,4686.82000,2471
2026.05.15,01:45,4686.85000,4689.14000,4684.84000,4687.16000,2903
2026.05.15,01:50,4687.23000,4690.31000,4682.68000,4685.33000,3243
2026.05.15,01:55,4685.30000,4688.42000,4679.14000,4679.44000,3273
2026.05.15,02:00,4679.55000,4682.60000,4677.03000,4678.47000,3152
2026.05.15,02:05,4678.42000,4683.69000,4678.14000,4683.58000,2709
2026.05.15,02:10,4683.61000,4686.78000,4682.04000,4684.85000,1990
2026.05.15,02:15,4684.86000,4688.68000,4684.27000,4687.30000,1946
2026.05.15,02:20,4687.25000,4687.51000,4683.88000,4685.91000,2210
2026.05.15,02:25,4685.89000,4689.49000,4685.36000,4685.79000,1816
2026.05.15,02:30,4685.81000,4688.73000,4684.60000,4688.60000,1787
2026.05.15,02:35,4688.63000,4688.88000,4684.96000,4686.51000,2328
2026.05.15,02:40,4686.46000,4687.06000,4680.96000,4682.60000,2126
2026.05.15,02:45,4682.45000,4683.49000,4680.96000,4683.29000,1730
2026.05.15,02:50,4683.31000,4685.15000,4681.13000,4684.55000,1822
2026.05.15,02:55,4684.51000,4686.79000,4683.51000,4685.46000,1742
2026.05.15,03:00,4685.48000,4686.53000,4678.02000,4678.82000,1966
2026.05.15,03:05,4678.79000,4679.34000,4674.52000,4676.91000,2303
2026.05.15,03:10,4676.89000,4679.29000,4673.90000,4678.55000,1544
2026.05.15,03:15,4678.46000,4681.34000,4678.46000,4679.97000,1657
2026.05.15,03:20,4679.96000,4680.64000,4676.91000,4677.61000,1748
2026.05.15,03:25,4677.60000,4678.12000,4675.32000,4677.31000,2153
2026.05.15,03:30,4677.34000,4678.44000,4673.75000,4674.22000,2031
2026.05.15,03:35,4674.24000,4675.06000,4670.43000,4673.02000,1937
2026.05.15,03:40,4673.01000,4675.80000,4672.53000,4675.40000,1728
2026.05.15,03:45,4675.43000,4676.83000,4672.77000,4676.40000,1626
2026.05.15,03:50,4676.35000,4678.69000,4675.38000,4677.59000,1105
2026.05.15,03:55,4677.56000,4678.97000,4675.05000,4678.54000,1515
2026.05.15,04:00,4678.65000,4682.02000,4678.60000,4680.87000,1800
2026.05.15,04:05,4680.89000,4682.60000,4679.79000,4680.14000,1845
2026.05.15,04:10,4680.20000,4681.24000,4678.39000,4678.76000,1880
2026.05.15,04:15,4678.68000,4680.93000,4678.09000,4679.84000,2016
2026.05.15,04:20,4679.87000,4682.90000,4679.33000,4680.78000,2191
2026.05.15,04:25,4680.76000,4682.32000,4676.70000,4677.20000,1878
2026.05.15,04:30,4677.29000,4679.35000,4676.31000,4678.94000,2138
2026.05.15,04:35,4678.93000,4680.02000,4678.35000,4678.88000,1775
2026.05.15,04:40,4678.91000,4681.66000,4678.91000,4681.38000,1378
2026.05.15,04:45,4681.41000,4681.83000,4679.81000,4680.89000,1200
2026.05.15,04:50,4680.88000,4681.24000,4677.94000,4678.06000,1416
2026.05.15,04:55,4678.14000,4679.47000,4677.71000,4678.21000,1223
2026.05.15,05:00,4678.30000,4678.37000,4668.81000,4670.19000,2606
2026.05.15,05:05,4670.18000,4674.26000,4669.01000,4671.98000,1813
2026.05.15,05:10,4672.08000,4674.78000,4671.58000,4674.65000,1684
2026.05.15,05:15,4674.66000,4676.23000,4673.97000,4675.78000,1267
2026.05.15,05:20,4675.74000,4676.45000,4674.13000,4674.73000,1150
2026.05.15,05:25,4674.77000,4675.79000,4672.65000,4673.48000,1226
2026.05.15,05:30,4673.77000,4674.94000,4672.54000,4673.08000,1031
2026.05.15,05:35,4673.09000,4673.58000,4670.30000,4670.30000,1027
2026.05.15,05:40,4670.26000,4671.82000,4668.23000,4668.40000,964
2026.05.15,05:45,4668.39000,4669.95000,4666.78000,4669.62000,1079
2026.05.15,05:50,4669.74000,4670.31000,4668.15000,4668.23000,886
2026.05.15,05:55,4668.22000,4671.83000,4668.05000,4671.57000,907
2026.05.15,06:00,4671.79000,4671.79000,4668.43000,4668.94000,995
2026.05.15,06:05,4668.96000,4669.19000,4666.70000,4669.08000,859
2026.05.15,06:10,4669.07000,4669.24000,4666.54000,4667.28000,924
2026.05.15,06:15,4667.29000,4668.01000,4666.11000,4667.37000,771
2026.05.15,06:20,4667.35000,4669.05000,4666.95000,4667.87000,980
2026.05.15,06:25,4667.85000,4669.08000,4662.82000,4663.31000,962
2026.05.15,06:30,4662.90000,4665.59000,4661.22000,4664.56000,1398
2026.05.15,06:35,4664.58000,4664.70000,4659.09000,4659.22000,1287
2026.05.15,06:40,4659.24000,4660.70000,4655.41000,4656.54000,1903
2026.05.15,06:45,4656.52000,4657.60000,4652.99000,4656.96000,1819
2026.05.15,06:50,4656.52000,4658.85000,4655.88000,4658.03000,2245
2026.05.15,06:55,4658.21000,4658.21000,4653.21000,4654.21000,2563
2026.05.15,07:00,4654.24000,4656.97000,4649.53000,4649.95000,1242
2026.05.15,07:05,4649.89000,4651.95000,4649.17000,4651.71000,1129
2026.05.15,07:10,4651.69000,4652.41000,4649.43000,4649.79000,977
2026.05.15,07:15,4649.71000,4651.01000,4648.41000,4649.21000,740
2026.05.15,07:20,4649.23000,4650.48000,4647.94000,4648.50000,572
2026.05.15,07:25,4648.48000,4648.48000,4646.74000,4647.95000,690
2026.05.15,07:30,4647.98000,4648.60000,4646.60000,4647.71000,665
2026.05.15,07:35,4647.72000,4648.43000,4644.24000,4645.91000,772
2026.05.15,07:40,4645.88000,4652.84000,4645.24000,4650.84000,868
2026.05.15,07:45,4651.00000,4652.17000,4650.36000,4650.52000,689
2026.05.15,07:50,4650.48000,4651.38000,4649.39000,4651.12000,589
2026.05.15,07:55,4651.13000,4652.64000,4650.02000,4650.02000,762
2026.05.15,09:00,4650.12000,4653.98000,4646.98000,4652.91000,1138
2026.05.15,09:05,4652.89000,4658.41000,4651.47000,4655.31000,1671
2026.05.15,09:10,4655.28000,4658.55000,4654.03000,4655.58000,988
2026.05.15,09:15,4655.57000,4659.48000,4655.55000,4659.04000,907
2026.05.15,09:20,4659.06000,4659.50000,4657.19000,4657.94000,596
2026.05.15,09:25,4657.97000,4659.55000,4657.27000,4659.01000,641
2026.05.15,09:30,4659.02000,4662.42000,4658.41000,4660.43000,722
2026.05.15,09:35,4660.44000,4661.84000,4658.60000,4660.83000,634
2026.05.15,09:40,4660.81000,4662.48000,4659.59000,4661.42000,615
2026.05.15,09:45,4661.47000,4662.19000,4660.67000,4661.13000,366
2026.05.15,09:50,4661.08000,4662.57000,4659.83000,4662.37000,519
2026.05.15,09:55,4662.35000,4662.70000,4661.81000,4662.37000,382
2026.05.15,10:00,4662.20000,4663.16000,4660.57000,4662.86000,596
2026.05.15,10:05,4662.87000,4663.06000,4660.72000,4660.74000,499
2026.05.15,10:10,4660.75000,4662.95000,4658.64000,4659.00000,836
2026.05.15,10:15,4658.99000,4660.39000,4656.18000,4658.39000,1180
2026.05.15,10:20,4658.43000,4659.22000,4655.63000,4657.98000,912
2026.05.15,10:25,4657.92000,4664.32000,4657.65000,4663.96000,880
2026.05.15,10:30,4663.93000,4665.36000,4650.08000,4651.26000,1637
2026.05.15,10:35,4650.93000,4653.54000,4646.51000,4652.65000,1618
2026.05.15,10:40,4652.55000,4657.32000,4651.92000,4657.23000,1075
2026.05.15,10:45,4656.95000,4657.24000,4652.10000,4654.23000,1584
2026.05.15,10:50,4654.24000,4655.41000,4650.94000,4651.96000,1449
2026.05.15,10:55,4651.92000,4652.20000,4647.79000,4651.80000,1989
2026.05.15,11:00,4651.88000,4653.58000,4642.25000,4649.08000,3071
2026.05.15,11:05,4649.14000,4651.99000,4646.20000,4650.44000,2251
2026.05.15,11:10,4650.43000,4651.06000,4644.42000,4650.20000,2168
2026.05.15,11:15,4650.22000,4657.98000,4648.69000,4654.05000,3044
2026.05.15,11:20,4654.03000,4654.50000,4644.28000,4644.37000,2069
2026.05.15,11:25,4644.53000,4644.83000,4629.29000,4630.08000,3287
2026.05.15,11:30,4630.25000,4630.67000,4622.18000,4623.93000,3079
2026.05.15,11:35,4623.92000,4624.77000,4618.38000,4621.48000,2275
2026.05.15,11:40,4621.33000,4622.00000,4613.36000,4619.29000,3067
2026.05.15,11:45,4619.07000,4627.59000,4618.82000,4627.29000,2335
2026.05.15,11:50,4627.59000,4627.79000,4617.14000,4620.02000,2834
2026.05.15,11:55,4620.05000,4630.41000,4617.66000,4630.06000,2743
2026.05.15,12:00,4630.07000,4631.32000,4618.78000,4622.27000,5520
2026.05.15,12:05,4622.28000,4624.13000,4609.26000,4609.54000,4700
2026.05.15,12:10,4609.95000,4615.27000,4607.66000,4614.13000,4164
2026.05.15,12:15,4614.11000,4620.85000,4608.53000,4619.54000,4102
2026.05.15,12:20,4619.78000,4625.50000,4616.33000,4621.00000,3698
2026.05.15,12:25,4620.97000,4621.78000,4608.30000,4608.64000,3634
2026.05.15,12:30,4608.93000,4616.46000,4607.37000,4616.03000,3702
2026.05.15,12:35,4616.07000,4621.26000,4613.63000,4617.17000,3531
2026.05.15,12:40,4617.71000,4622.98000,4616.94000,4622.80000,3092
2026.05.15,12:45,4622.83000,4624.62000,4613.97000,4616.12000,3058
2026.05.15,12:50,4616.09000,4618.17000,4607.18000,4609.87000,3568
2026.05.15,12:55,4609.88000,4616.32000,4609.84000,4614.20000,3450
2026.05.15,13:00,4614.21000,4615.32000,4609.34000,4614.09000,3661
2026.05.15,13:05,4614.10000,4618.37000,4612.31000,4618.04000,3103
2026.05.15,13:10,4618.07000,4618.86000,4612.69000,4612.98000,2723
2026.05.15,13:15,4612.92000,4616.17000,4609.32000,4613.78000,2770
2026.05.15,13:20,4613.81000,4616.74000,4611.78000,4613.94000,2128
2026.05.15,13:25,4613.92000,4615.19000,4611.51000,4612.61000,1776
2026.05.15,13:30,4612.60000,4614.86000,4609.50000,4612.61000,2746
2026.05.15,13:35,4612.60000,4616.62000,4611.97000,4612.94000,2265
2026.05.15,13:40,4612.95000,4617.92000,4610.65000,4617.92000,2352
2026.05.15,13:45,4618.09000,4618.78000,4611.51000,4614.63000,2429
2026.05.15,13:50,4614.61000,4621.15000,4612.14000,4620.69000,2892
2026.05.15,13:55,4620.77000,4623.41000,4617.14000,4618.11000,2490
2026.05.15,14:00,4618.10000,4620.42000,4614.51000,4619.00000,2386
2026.05.15,14:05,4619.03000,4622.33000,4616.54000,4617.63000,1922
2026.05.15,14:10,4617.71000,4620.02000,4616.46000,4617.40000,2045
2026.05.15,14:15,4617.39000,4618.45000,4614.23000,4614.70000,2153
2026.05.15,14:20,4614.71000,4614.99000,4609.79000,4614.28000,2167
2026.05.15,14:25,4614.30000,4614.75000,4611.82000,4612.81000,1911
2026.05.15,14:30,4612.86000,4614.01000,4607.51000,4609.05000,1807
2026.05.15,14:35,4609.06000,4615.62000,4608.48000,4614.79000,1869
2026.05.15,14:40,4614.77000,4617.17000,4613.07000,4613.17000,1305
2026.05.15,14:45,4613.21000,4615.90000,4612.67000,4615.82000,1187
2026.05.15,14:50,4615.75000,4617.25000,4612.61000,4612.93000,1276
2026.05.15,14:55,4612.94000,4616.61000,4610.51000,4615.29000,1263
2026.05.15,15:00,4615.30000,4616.65000,4612.94000,4614.42000,1444
2026.05.15,15:05,4614.40000,4621.38000,4614.40000,4621.32000,1669
2026.05.15,15:10,4621.33000,4621.35000,4618.50000,4620.04000,1327
2026.05.15,15:15,4620.05000,4620.58000,4614.08000,4614.13000,1147
2026.05.15,15:20,4614.15000,4614.17000,4607.29000,4610.65000,1632
2026.05.15,15:25,4610.64000,4612.84000,4609.46000,4610.76000,1355
2026.05.15,15:30,4610.75000,4614.85000,4610.54000,4614.09000,1205
2026.05.15,15:35,4614.11000,4614.80000,4610.42000,4611.25000,1570
2026.05.15,15:40,4611.23000,4613.36000,4604.24000,4605.76000,1378
2026.05.15,15:45,4605.71000,4609.94000,4604.98000,4609.68000,1828
2026.05.15,15:50,4609.67000,4612.49000,4607.88000,4607.97000,1541
2026.05.15,15:55,4607.99000,4608.21000,4604.75000,4606.17000,1391
2026.05.15,16:00,4606.18000,4606.46000,4598.77000,4600.00000,2373
2026.05.15,16:05,4600.03000,4601.33000,4592.11000,4593.15000,2855
2026.05.15,16:10,4593.12000,4593.70000,4588.43000,4592.13000,2419
2026.05.15,16:15,4592.12000,4595.41000,4581.15000,4582.68000,2395
2026.05.15,16:20,4582.74000,4589.34000,4580.64000,4584.95000,2960
2026.05.15,16:25,4584.87000,4590.24000,4583.49000,4588.78000,2192
2026.05.15,16:30,4588.81000,4589.87000,4566.89000,4569.61000,4716
2026.05.15,16:35,4569.27000,4572.08000,4563.77000,4569.40000,4339
2026.05.15,16:40,4569.35000,4575.96000,4565.74000,4568.46000,4047
2026.05.15,16:45,4568.45000,4570.51000,4562.23000,4563.30000,4323
2026.05.15,16:50,4563.39000,4573.29000,4563.39000,4568.81000,3777
2026.05.15,16:55,4568.78000,4570.75000,4557.44000,4558.47000,3725
2026.05.15,17:00,4558.41000,4565.12000,4556.10000,4563.67000,4386
2026.05.15,17:05,4563.68000,4570.31000,4561.71000,4566.49000,4037
2026.05.15,17:10,4566.50000,4573.26000,4564.18000,4570.96000,3887
2026.05.15,17:15,4570.92000,4578.23000,4570.11000,4575.44000,3468
2026.05.15,17:20,4575.42000,4578.29000,4573.02000,4575.29000,3527
2026.05.15,17:25,4575.28000,4577.91000,4572.33000,4575.06000,2699
2026.05.15,17:30,4575.03000,4580.38000,4574.26000,4575.15000,2853
2026.05.15,17:35,4575.16000,4576.06000,4570.62000,4572.29000,2630
2026.05.15,17:40,4572.28000,4573.43000,4566.86000,4567.69000,2321
2026.05.15,17:45,4567.71000,4574.21000,4564.24000,4573.00000,2783
2026.05.15,17:50,4572.97000,4574.27000,4568.73000,4569.01000,2458
2026.05.15,17:55,4569.14000,4571.29000,4566.33000,4569.80000,2828
2026.05.15,18:00,4569.70000,4572.45000,4565.93000,4570.22000,3509
2026.05.15,18:05,4570.24000,4576.80000,4569.05000,4575.98000,3080
2026.05.15,18:10,4575.99000,4586.25000,4575.53000,4585.93000,3454
2026.05.15,18:15,4585.90000,4587.45000,4582.05000,4586.13000,2587
2026.05.15,18:20,4586.10000,4588.78000,4582.15000,4582.46000,2687
2026.05.15,18:25,4582.47000,4583.66000,4579.06000,4581.82000,2183
2026.05.15,18:30,4581.83000,4582.64000,4577.19000,4579.09000,1910
2026.05.15,18:35,4579.08000,4582.40000,4574.70000,4577.04000,1969
2026.05.15,18:40,4577.03000,4578.94000,4575.30000,4577.74000,1963
2026.05.15,18:45,4577.71000,4578.67000,4574.23000,4575.01000,1788
2026.05.15,18:50,4574.81000,4574.85000,4568.33000,4570.69000,1950
2026.05.15,18:55,4570.62000,4573.14000,4568.65000,4570.81000,1711
2026.05.15,19:00,4571.41000,4572.04000,4557.25000,4561.21000,2787
2026.05.15,19:05,4561.20000,4567.69000,4559.73000,4566.47000,2820
2026.05.15,19:10,4566.51000,4567.20000,4563.46000,4565.32000,2476
2026.05.15,19:15,4565.29000,4565.75000,4552.66000,4556.80000,3136
2026.05.15,19:20,4556.79000,4561.14000,4554.04000,4560.12000,2557
2026.05.15,19:25,4560.21000,4561.28000,4556.22000,4558.32000,2453
2026.05.15,19:30,4558.29000,4558.29000,4549.93000,4555.13000,3686
2026.05.15,19:35,4555.08000,4559.25000,4553.08000,4558.33000,3025
2026.05.15,19:40,4558.32000,4562.59000,4557.57000,4562.48000,2721
2026.05.15,19:45,4562.52000,4563.67000,4558.18000,4562.30000,2216
2026.05.15,19:50,4562.31000,4562.57000,4556.55000,4557.85000,1943
2026.05.15,19:55,4557.74000,4558.08000,4552.67000,4554.46000,2500
2026.05.15,20:00,4554.43000,4558.68000,4550.23000,4558.01000,3389
2026.05.15,20:05,4558.03000,4563.71000,4553.01000,4554.73000,2741
2026.05.15,20:10,4554.75000,4554.86000,4545.69000,4547.34000,2576
2026.05.15,20:15,4547.30000,4549.32000,4539.44000,4546.70000,2809
2026.05.15,20:20,4546.71000,4552.75000,4544.81000,4551.77000,2669
2026.05.15,20:25,4551.68000,4554.57000,4550.20000,4553.34000,2396
2026.05.15,20:30,4553.19000,4555.74000,4551.82000,4553.25000,2020
2026.05.15,20:35,4553.34000,4553.40000,4544.20000,4546.59000,2646
2026.05.15,20:40,4546.60000,4549.32000,4542.72000,4543.52000,2343
2026.05.15,20:45,4543.47000,4544.00000,4537.62000,4538.01000,2612
2026.05.15,20:50,4537.96000,4543.13000,4531.92000,4542.36000,2911
2026.05.15,20:55,4542.31000,4547.00000,4538.14000,4545.76000,2994
2026.05.15,21:00,4545.85000,4549.38000,4544.16000,4546.71000,2693
2026.05.15,21:05,4546.61000,4559.77000,4546.23000,4558.74000,2817
2026.05.15,21:10,4558.79000,4562.83000,4556.19000,4560.90000,2358
2026.05.15,21:15,4560.92000,4563.22000,4556.58000,4557.31000,2353
2026.05.15,21:20,4557.32000,4561.85000,4555.80000,4555.85000,2155
2026.05.15,21:25,4555.87000,4556.71000,4551.43000,4551.81000,1726
2026.05.15,21:30,4551.80000,4556.87000,4550.85000,4554.78000,2225
2026.05.15,21:35,4554.81000,4555.05000,4551.14000,4552.45000,2220
2026.05.15,21:40,4552.44000,4555.22000,4549.47000,4555.11000,2080
2026.05.15,21:45,4555.08000,4563.64000,4554.13000,4559.47000,3925
2026.05.15,21:50,4559.45000,4572.63000,4557.53000,4568.75000,3861
2026.05.15,21:55,4568.71000,4569.80000,4564.08000,4565.98000,2772
2026.05.15,22:00,4565.80000,4570.21000,4561.80000,4561.88000,3220
2026.05.15,22:05,4561.90000,4566.11000,4560.89000,4564.34000,2819
2026.05.15,22:10,4564.32000,4568.90000,4563.50000,4566.21000,2430
2026.05.15,22:15,4566.27000,4568.70000,4563.30000,4564.20000,1880
2026.05.15,22:20,4564.19000,4565.48000,4562.92000,4564.73000,1725
2026.05.15,22:25,4564.61000,4564.61000,4559.07000,4562.46000,2060
2026.05.15,22:30,4562.43000,4562.76000,4558.57000,4559.48000,1895
2026.05.15,22:35,4559.36000,4560.05000,4553.74000,4554.19000,2210
2026.05.15,22:40,4554.22000,4554.89000,4550.90000,4551.50000,2186
2026.05.15,22:45,4551.49000,4558.61000,4551.05000,4556.62000,2421
2026.05.15,22:50,4556.63000,4558.89000,4553.66000,4554.09000,2047
2026.05.15,22:55,4554.08000,4554.13000,4549.82000,4552.01000,2675
2026.05.15,23:00,4551.99000,4551.99000,4546.26000,4550.28000,2834
2026.05.15,23:05,4550.29000,4553.19000,4548.76000,4553.19000,2520
2026.05.15,23:10,4553.16000,4555.26000,4545.19000,4545.74000,2723
2026.05.15,23:15,4545.68000,4551.52000,4544.93000,4548.89000,2840
2026.05.15,23:20,4548.91000,4558.74000,4548.05000,4555.60000,3303
2026.05.15,23:25,4555.59000,4557.50000,4552.73000,4554.92000,2473
2026.05.15,23:30,4555.01000,4555.01000,4548.03000,4549.46000,3008
2026.05.15,23:35,4549.02000,4553.95000,4547.36000,4548.15000,2824
2026.05.15,23:40,4548.10000,4549.92000,4543.74000,4545.54000,2424
2026.05.15,23:45,4545.53000,4551.89000,4543.58000,4549.39000,2361
2026.05.15,23:50,4549.38000,4555.54000,4547.32000,4554.24000,2385
2026.05.15,23:55,4554.10000,4554.69000,4545.93000,4545.95000,2330
2026.05.16,00:00,4545.91000,4549.27000,4538.40000,4544.21000,4751
2026.05.16,00:05,4544.27000,4549.63000,4535.97000,4538.39000,3654
2026.05.16,00:10,4538.38000,4546.75000,4538.13000,4546.42000,2612
2026.05.16,00:15,4546.44000,4553.26000,4540.67000,4550.85000,2685
2026.05.16,00:20,4550.78000,4554.54000,4549.48000,4554.50000,2860
2026.05.16,00:25,4554.51000,4557.47000,4546.27000,4548.69000,3783
2026.05.16,00:30,4549.21000,4551.26000,4541.57000,4542.53000,5658
2026.05.16,00:35,4542.55000,4542.71000,4526.23000,4528.58000,6281
2026.05.16,00:40,4528.49000,4531.23000,4519.80000,4519.92000,5737
2026.05.16,00:45,4519.90000,4529.39000,4510.51000,4528.93000,5552
2026.05.16,00:50,4529.00000,4537.05000,4525.87000,4534.66000,4544
2026.05.16,00:55,4534.61000,4542.01000,4530.85000,4533.37000,4389
2026.05.16,01:00,4533.16000,4535.02000,4525.21000,4533.19000,5059
2026.05.16,01:05,4533.32000,4540.28000,4533.31000,4534.15000,4794
2026.05.16,01:10,4534.13000,4550.45000,4533.66000,4543.28000,4303
2026.05.16,01:15,4543.14000,4558.78000,4540.44000,4558.78000,4873
2026.05.16,01:20,4558.88000,4562.74000,4555.99000,4558.24000,5396
2026.05.16,01:25,4558.26000,4559.11000,4552.41000,4555.46000,5312
2026.05.16,01:30,4555.49000,4559.61000,4552.93000,4557.39000,5273
2026.05.16,01:35,4557.38000,4560.44000,4554.21000,4555.76000,4692
2026.05.16,01:40,4555.39000,4557.38000,4550.63000,4556.71000,4436
2026.05.16,01:45,4556.69000,4557.21000,4550.16000,4551.26000,4261
2026.05.16,01:50,4551.40000,4557.02000,4545.95000,4556.86000,4953
2026.05.16,01:55,4556.80000,4566.41000,4554.93000,4562.64000,4392
2026.05.16,02:00,4562.73000,4563.57000,4551.85000,4553.29000,4690
2026.05.16,02:05,4553.28000,4558.78000,4551.67000,4558.69000,4047
2026.05.16,02:10,4558.46000,4560.08000,4550.74000,4552.37000,3975
2026.05.16,02:15,4552.38000,4553.91000,4546.16000,4547.42000,3631
2026.05.16,02:20,4547.46000,4552.12000,4543.94000,4545.72000,3784
2026.05.16,02:25,4545.74000,4548.89000,4542.86000,4547.26000,3939
2026.05.16,02:30,4547.24000,4550.33000,4543.57000,4543.67000,3994
2026.05.16,02:35,4543.59000,4546.59000,4541.65000,4542.23000,3652
2026.05.16,02:40,4542.22000,4544.83000,4539.89000,4541.30000,3593
2026.05.16,02:45,4541.35000,4542.95000,4539.00000,4540.04000,3438
2026.05.16,02:50,4540.03000,4543.45000,4536.34000,4537.83000,3102
2026.05.16,02:55,4537.80000,4540.00000,4533.71000,4540.00000,3118
2026.05.16,03:00,4539.79000,4542.42000,4533.42000,4535.59000,3135
2026.05.16,03:05,4535.38000,4536.61000,4529.51000,4531.50000,2835
2026.05.16,03:10,4531.35000,4533.61000,4529.24000,4532.50000,2487
2026.05.16,03:15,4532.62000,4534.87000,4531.34000,4533.81000,2447
2026.05.16,03:20,4533.84000,4540.44000,4533.40000,4540.38000,2512
2026.05.16,03:25,4540.39000,4542.34000,4537.18000,4540.99000,2576
2026.05.16,03:30,4541.00000,4544.39000,4540.07000,4543.97000,2727
2026.05.16,03:35,4543.99000,4545.78000,4542.70000,4545.60000,2412
2026.05.16,03:40,4545.62000,4547.65000,4543.64000,4547.20000,2507
2026.05.16,03:45,4547.19000,4548.14000,4545.04000,4545.41000,2192
2026.05.16,03:50,4545.40000,4547.24000,4541.81000,4542.67000,2819
2026.05.16,03:55,4542.68000,4545.17000,4541.93000,4544.33000,2761
2026.05.16,04:00,4544.35000,4552.35000,4543.12000,4549.96000,3468
2026.05.16,04:05,4550.19000,4555.24000,4549.64000,4554.53000,2599
2026.05.16,04:10,4554.63000,4557.98000,4554.35000,4556.87000,2193
2026.05.16,04:15,4556.95000,4557.41000,4554.36000,4555.72000,2143
2026.05.16,04:20,4555.70000,4563.64000,4555.21000,4561.95000,2696
2026.05.16,04:25,4561.94000,4564.33000,4556.39000,4557.69000,3127
2026.05.16,04:30,4557.68000,4563.33000,4557.64000,4562.54000,2647
2026.05.16,04:35,4562.55000,4563.61000,4560.14000,4563.03000,2537
2026.05.16,04:40,4563.01000,4563.54000,4560.57000,4560.78000,2044
2026.05.16,04:45,4560.80000,4562.56000,4559.78000,4560.54000,1809
2026.05.16,04:50,4560.46000,4560.53000,4558.16000,4558.34000,1995
2026.05.16,04:55,4558.45000,4560.61000,4557.22000,4559.45000,1766
2026.05.16,05:00,4559.59000,4561.19000,4558.10000,4559.18000,1746
2026.05.16,05:05,4559.20000,4559.82000,4555.91000,4558.52000,2022
2026.05.16,05:10,4558.51000,4561.94000,4557.98000,4561.70000,1682
2026.05.16,05:15,4561.64000,4562.90000,4552.94000,4554.59000,2880
2026.05.16,05:20,4554.53000,4559.94000,4554.37000,4558.62000,2393
2026.05.16,05:25,4558.63000,4559.43000,4556.28000,4558.11000,2373
2026.05.16,05:30,4558.13000,4558.91000,4552.40000,4555.32000,3134
2026.05.16,05:35,4555.40000,4558.10000,4554.72000,4557.99000,2121
2026.05.16,05:40,4557.98000,4558.53000,4555.74000,4557.61000,1974
2026.05.16,05:45,4557.58000,4560.22000,4556.69000,4559.30000,1631
2026.05.16,05:50,4559.26000,4562.85000,4559.26000,4560.96000,1512
2026.05.16,05:55,4560.90000,4561.37000,4558.25000,4559.24000,1682
2026.05.16,06:00,4559.30000,4560.19000,4554.19000,4554.24000,1918
2026.05.16,06:05,4554.25000,4555.85000,4551.59000,4551.78000,1904
2026.05.16,06:10,4551.77000,4552.20000,4549.39000,4550.32000,1948
2026.05.16,06:15,4550.34000,4552.44000,4548.77000,4552.23000,1579
2026.05.16,06:20,4551.91000,4552.82000,4549.95000,4550.05000,1544
2026.05.16,06:25,4550.09000,4551.06000,4548.39000,4550.25000,1694
2026.05.16,06:30,4550.22000,4553.77000,4549.67000,4550.55000,1591
2026.05.16,06:35,4550.56000,4555.28000,4549.63000,4554.58000,1887
2026.05.16,06:40,4554.59000,4555.13000,4552.55000,4553.44000,1984
2026.05.16,06:45,4553.47000,4554.45000,4551.50000,4551.99000,1813
2026.05.16,06:50,4552.00000,4552.00000,4548.33000,4549.36000,2480
2026.05.16,06:55,4549.35000,4549.35000,4544.89000,4545.88000,2485
2026.05.16,07:00,4545.92000,4546.42000,4538.75000,4539.92000,1365
2026.05.16,07:05,4539.93000,4540.38000,4535.97000,4536.97000,1560
2026.05.16,07:10,4536.98000,4540.47000,4536.39000,4538.38000,1217
2026.05.16,07:15,4538.35000,4538.41000,4535.06000,4536.38000,1081
2026.05.16,07:20,4536.37000,4537.54000,4532.83000,4537.00000,984
2026.05.16,07:25,4537.02000,4539.23000,4536.16000,4539.23000,696
2026.05.16,07:30,4539.22000,4543.83000,4538.85000,4540.89000,980
2026.05.16,07:35,4540.90000,4541.66000,4539.02000,4540.36000,755
2026.05.16,07:40,4540.35000,4541.03000,4538.91000,4539.99000,620
2026.05.18,09:00,4531.13000,4545.26000,4528.80000,4544.86000,2127
2026.05.18,09:05,4544.98000,4554.70000,4544.81000,4553.02000,1712
2026.05.18,09:10,4552.97000,4554.75000,4547.42000,4548.19000,1111
2026.05.18,09:15,4548.17000,4549.95000,4543.65000,4544.58000,949
2026.05.18,09:20,4544.55000,4546.32000,4537.62000,4544.88000,1518
2026.05.18,09:25,4544.87000,4545.15000,4538.44000,4540.70000,948
2026.05.18,09:30,4540.72000,4550.86000,4540.52000,4544.72000,1517
2026.05.18,09:35,4544.78000,4552.88000,4544.39000,4550.78000,1335
2026.05.18,09:40,4550.58000,4553.64000,4547.50000,4549.56000,1303
2026.05.18,09:45,4549.69000,4554.24000,4549.15000,4551.43000,1009
2026.05.18,09:50,4551.42000,4551.88000,4546.56000,4546.91000,993
2026.05.18,09:55,4546.92000,4549.92000,4543.43000,4546.05000,1271
2026.05.18,10:00,4545.65000,4547.70000,4543.36000,4544.93000,1145
2026.05.18,10:05,4545.09000,4545.20000,4539.21000,4541.32000,1332
2026.05.18,10:10,4541.28000,4545.82000,4539.59000,4541.15000,1129
2026.05.18,10:15,4541.13000,4543.18000,4538.32000,4539.27000,1170
2026.05.18,10:20,4539.26000,4544.47000,4539.26000,4541.33000,1053
2026.05.18,10:25,4541.34000,4543.55000,4537.61000,4537.84000,1507
2026.05.18,10:30,4537.64000,4539.74000,4534.57000,4538.94000,1646
2026.05.18,10:35,4538.95000,4541.58000,4536.61000,4538.83000,1377
2026.05.18,10:40,4538.82000,4541.00000,4531.99000,4538.78000,2215
2026.05.18,10:45,4538.75000,4539.81000,4531.54000,4537.57000,2068
2026.05.18,10:50,4537.63000,4543.84000,4536.97000,4540.78000,1741
2026.05.18,10:55,4540.62000,4542.02000,4534.97000,4536.76000,2233
2026.05.18,11:00,4536.72000,4542.41000,4529.80000,4530.71000,3716
2026.05.18,11:05,4530.72000,4533.55000,4522.68000,4523.54000,4374
2026.05.18,11:10,4523.55000,4529.57000,4523.41000,4526.04000,3551
2026.05.18,11:15,4526.09000,4529.29000,4522.58000,4522.64000,3212
2026.05.18,11:20,4522.63000,4533.47000,4516.71000,4517.15000,3274
2026.05.18,11:25,4517.12000,4520.81000,4514.12000,4515.33000,3169
2026.05.18,11:30,4515.30000,4518.82000,4487.15000,4492.45000,4416
2026.05.18,11:35,4492.49000,4503.12000,4489.09000,4489.75000,4458
2026.05.18,11:40,4489.76000,4493.31000,4480.65000,4481.80000,4152
2026.05.18,11:45,4481.40000,4496.65000,4479.99000,4494.39000,3866
2026.05.18,11:50,4494.41000,4496.14000,4486.18000,4491.56000,4009
2026.05.18,11:55,4491.82000,4516.52000,4491.14000,4514.37000,3955
2026.05.18,12:00,4514.47000,4515.65000,4489.11000,4497.82000,5763
2026.05.18,12:05,4497.54000,4504.71000,4492.50000,4501.23000,5293
2026.05.18,12:10,4501.16000,4505.30000,4494.14000,4495.73000,5120
2026.05.18,12:15,4495.72000,4500.58000,4492.51000,4498.20000,4375
2026.05.18,12:20,4498.17000,4507.88000,4493.20000,4506.39000,5042
2026.05.18,12:25,4506.30000,4509.89000,4498.15000,4504.19000,4768
2026.05.18,12:30,4503.92000,4511.42000,4501.06000,4510.15000,4338
2026.05.18,12:35,4510.09000,4513.79000,4499.45000,4507.97000,4615
2026.05.18,12:40,4507.92000,4512.81000,4505.69000,4512.56000,4010
2026.05.18,12:45,4512.28000,4528.62000,4510.71000,4527.78000,3898
2026.05.18,12:50,4527.58000,4535.59000,4525.90000,4530.42000,3931
2026.05.18,12:55,4530.47000,4530.70000,4524.86000,4525.55000,3324
2026.05.18,13:00,4525.21000,4535.92000,4521.77000,4532.05000,3519
2026.05.18,13:05,4532.08000,4533.62000,4525.29000,4528.20000,2968
2026.05.18,13:10,4528.27000,4538.70000,4527.41000,4536.44000,2684
2026.05.18,13:15,4536.55000,4537.73000,4531.63000,4535.05000,1973
2026.05.18,13:20,4535.17000,4540.60000,4532.83000,4537.21000,2210
2026.05.18,13:25,4537.20000,4539.93000,4533.31000,4533.31000,2330
2026.05.18,13:30,4533.20000,4537.67000,4529.22000,4532.25000,3046
2026.05.18,13:35,4531.94000,4538.66000,4530.39000,4538.05000,2733
2026.05.18,13:40,4538.08000,4541.19000,4534.63000,4535.96000,2236
2026.05.18,13:45,4535.94000,4542.61000,4530.12000,4530.43000,2571
2026.05.18,13:50,4530.45000,4535.55000,4530.01000,4533.93000,2531
2026.05.18,13:55,4533.89000,4534.94000,4530.38000,4533.35000,2384
2026.05.18,14:00,4533.56000,4535.61000,4529.46000,4531.00000,2515
2026.05.18,14:05,4531.03000,4534.75000,4527.29000,4533.03000,2100
2026.05.18,14:10,4533.05000,4535.73000,4526.89000,4529.66000,2214
2026.05.18,14:15,4529.69000,4533.13000,4528.23000,4530.67000,2210
2026.05.18,14:20,4530.78000,4536.50000,4529.00000,4533.50000,2315
2026.05.18,14:25,4533.51000,4538.34000,4529.35000,4535.64000,2731
2026.05.18,14:30,4535.63000,4537.87000,4526.19000,4526.89000,3155
2026.05.18,14:35,4526.95000,4537.78000,4524.91000,4535.39000,3237
2026.05.18,14:40,4535.38000,4547.80000,4533.53000,4545.59000,2728
2026.05.18,14:45,4545.41000,4547.77000,4539.25000,4541.84000,2431
2026.05.18,14:50,4541.87000,4547.58000,4539.00000,4541.04000,2005
2026.05.18,14:55,4540.98000,4543.87000,4540.44000,4541.16000,1482
2026.05.18,15:00,4541.12000,4548.21000,4540.88000,4545.71000,1976
2026.05.18,15:05,4545.68000,4549.71000,4543.10000,4545.60000,2129
2026.05.18,15:10,4545.61000,4547.71000,4543.30000,4544.31000,1613
2026.05.18,15:15,4544.33000,4547.10000,4543.85000,4545.42000,1840
2026.05.18,15:20,4545.41000,4545.72000,4536.96000,4537.43000,1953
2026.05.18,15:25,4537.40000,4539.02000,4530.09000,4532.79000,2126
2026.05.18,15:30,4532.81000,4541.36000,4532.11000,4539.98000,2110
2026.05.18,15:35,4540.01000,4542.76000,4538.34000,4542.68000,2037
2026.05.18,15:40,4542.69000,4544.21000,4539.64000,4541.52000,1810
2026.05.18,15:45,4541.58000,4541.70000,4538.18000,4540.39000,1782
2026.05.18,15:50,4540.40000,4545.72000,4537.92000,4543.16000,2021
2026.05.18,15:55,4543.12000,4544.09000,4535.13000,4540.60000,1881
2026.05.18,16:00,4540.58000,4542.67000,4532.94000,4535.83000,2674
2026.05.18,16:05,4535.81000,4539.96000,4533.85000,4538.04000,1928
2026.05.18,16:10,4538.11000,4539.11000,4535.65000,4538.33000,1994
2026.05.18,16:15,4538.29000,4548.94000,4535.01000,4545.76000,2356
2026.05.18,16:20,4545.75000,4549.47000,4541.35000,4545.84000,2735
2026.05.18,16:25,4545.85000,4550.65000,4544.76000,4548.54000,2457
2026.05.18,16:30,4548.36000,4551.68000,4539.22000,4542.20000,3537
2026.05.18,16:35,4542.25000,4547.39000,4540.16000,4544.35000,3188
2026.05.18,16:40,4544.33000,4544.88000,4538.13000,4539.45000,2892
2026.05.18,16:45,4539.41000,4543.09000,4537.23000,4538.84000,2420
2026.05.18,16:50,4538.92000,4539.84000,4534.87000,4536.33000,2181
2026.05.18,16:55,4536.31000,4538.93000,4529.65000,4531.09000,2106
2026.05.18,17:00,4530.69000,4539.20000,4529.71000,4535.22000,2535
2026.05.18,17:05,4535.15000,4540.34000,4533.13000,4537.72000,2956
2026.05.18,17:10,4537.62000,4538.02000,4532.05000,4537.10000,2321
2026.05.18,17:15,4537.29000,4541.79000,4534.50000,4536.41000,1908
2026.05.18,17:20,4536.39000,4544.02000,4534.52000,4543.26000,2297
2026.05.18,17:25,4543.27000,4548.22000,4537.29000,4537.65000,2659
2026.05.18,17:30,4537.58000,4547.20000,4534.75000,4539.67000,3003
2026.05.18,17:35,4539.68000,4542.11000,4537.74000,4538.07000,2056
2026.05.18,17:40,4538.08000,4541.00000,4534.84000,4540.74000,2135
2026.05.18,17:45,4540.73000,4546.02000,4538.43000,4543.67000,2175
2026.05.18,17:50,4543.63000,4546.14000,4542.45000,4545.87000,1895
2026.05.18,17:55,4545.96000,4547.78000,4544.65000,4546.71000,2239
2026.05.18,18:00,4546.70000,4549.37000,4543.58000,4543.89000,2327
2026.05.18,18:05,4543.84000,4548.00000,4543.30000,4546.27000,1877
2026.05.18,18:10,4546.21000,4546.33000,4542.14000,4543.75000,1919
2026.05.18,18:15,4543.69000,4545.89000,4541.72000,4541.94000,1611
2026.05.18,18:20,4541.92000,4542.04000,4538.00000,4539.24000,1690
2026.05.18,18:25,4539.22000,4551.29000,4539.03000,4550.51000,3088
2026.05.18,18:30,4550.35000,4559.82000,4550.24000,4554.60000,3599
2026.05.18,18:35,4554.62000,4555.25000,4551.72000,4552.78000,2235
2026.05.18,18:40,4552.82000,4554.40000,4547.76000,4548.86000,2339
2026.05.18,18:45,4548.88000,4551.58000,4543.64000,4543.92000,2272
2026.05.18,18:50,4543.94000,4546.14000,4539.86000,4544.57000,2455
2026.05.18,18:55,4544.60000,4548.58000,4542.67000,4546.15000,2191
2026.05.18,19:00,4546.18000,4548.82000,4544.65000,4546.39000,2476
2026.05.18,19:05,4546.40000,4548.18000,4543.42000,4544.01000,2002
2026.05.18,19:10,4544.04000,4547.13000,4542.31000,4546.49000,2074
2026.05.18,19:15,4546.48000,4546.67000,4542.85000,4545.70000,1787
2026.05.18,19:20,4545.71000,4549.93000,4545.50000,4549.79000,1403
2026.05.18,19:25,4549.78000,4551.32000,4546.77000,4547.95000,1798
2026.05.18,19:30,4547.94000,4553.18000,4545.87000,4551.62000,2152
2026.05.18,19:35,4551.61000,4551.82000,4547.93000,4551.28000,1814
2026.05.18,19:40,4551.26000,4551.38000,4547.90000,4548.18000,1554
2026.05.18,19:45,4548.27000,4553.80000,4548.24000,4552.09000,1599
2026.05.18,19:50,4552.14000,4557.07000,4551.44000,4556.04000,1571
2026.05.18,19:55,4555.89000,4556.67000,4549.80000,4549.80000,1406
2026.05.18,20:00,4549.77000,4551.99000,4540.84000,4542.60000,2146
2026.05.18,20:05,4542.55000,4547.27000,4541.53000,4547.13000,1482
2026.05.18,20:10,4547.12000,4547.82000,4545.08000,4546.37000,1493
2026.05.18,20:15,4546.36000,4548.53000,4545.33000,4546.44000,1416
2026.05.18,20:20,4546.42000,4548.88000,4546.09000,4546.47000,1242
2026.05.18,20:25,4546.35000,4548.27000,4544.56000,4544.79000,1528
2026.05.18,20:30,4544.77000,4545.51000,4540.51000,4543.45000,2065
2026.05.18,20:35,4543.43000,4546.37000,4543.27000,4546.15000,1621
2026.05.18,20:40,4546.00000,4546.00000,4540.52000,4543.06000,1790
2026.05.18,20:45,4543.02000,4543.22000,4540.51000,4541.55000,1422
2026.05.18,20:50,4541.49000,4543.87000,4540.37000,4543.23000,1524
2026.05.18,20:55,4543.24000,4544.69000,4542.60000,4543.03000,1313
2026.05.18,21:00,4543.04000,4545.08000,4540.21000,4540.50000,1540
2026.05.18,21:05,4540.48000,4542.12000,4536.86000,4538.30000,2039
2026.05.18,21:10,4538.33000,4540.46000,4535.61000,4539.27000,1723
2026.05.18,21:15,4539.11000,4542.47000,4538.66000,4542.05000,1432
2026.05.18,21:20,4542.08000,4542.39000,4538.16000,4539.41000,1544
2026.05.18,21:25,4539.40000,4540.73000,4538.42000,4539.51000,1071
2026.05.18,21:30,4539.52000,4540.53000,4532.58000,4532.66000,1828
2026.05.18,21:35,4532.69000,4539.49000,4531.96000,4538.20000,1883
2026.05.18,21:40,4538.21000,4543.54000,4537.73000,4543.17000,1446
2026.05.18,21:45,4543.23000,4547.52000,4542.05000,4542.97000,1948
2026.05.18,21:50,4542.96000,4543.44000,4537.31000,4539.24000,1351
2026.05.18,21:55,4539.23000,4540.31000,4536.68000,4540.23000,1433
2026.05.18,22:00,4540.15000,4541.79000,4537.91000,4538.31000,1935
2026.05.18,22:05,4538.28000,4539.70000,4532.02000,4532.56000,1762
2026.05.18,22:10,4532.59000,4539.58000,4529.69000,4539.39000,2590
2026.05.18,22:15,4539.48000,4540.26000,4536.38000,4538.99000,1761
2026.05.18,22:20,4538.97000,4539.95000,4531.63000,4535.95000,1879
2026.05.18,22:25,4535.91000,4537.79000,4534.35000,4535.88000,1517
2026.05.18,22:30,4535.87000,4545.39000,4535.50000,4541.87000,2840
2026.05.18,22:35,4541.83000,4555.56000,4541.83000,4555.54000,3581
2026.05.18,22:40,4555.48000,4566.81000,4551.43000,4562.00000,5682
2026.05.18,22:45,4562.15000,4564.69000,4554.93000,4555.30000,3743
2026.05.18,22:50,4555.33000,4555.81000,4551.47000,4551.60000,2979
2026.05.18,22:55,4551.65000,4555.04000,4549.49000,4550.70000,2403
2026.05.18,23:00,4550.74000,4552.58000,4547.22000,4550.79000,2360
2026.05.18,23:05,4550.83000,4556.65000,4550.83000,4555.57000,2306
2026.05.18,23:10,4555.56000,4555.85000,4551.39000,4553.44000,2040
2026.05.18,23:15,4553.38000,4555.05000,4547.09000,4547.47000,2434
2026.05.18,23:20,4547.51000,4553.64000,4545.30000,4551.36000,2588
2026.05.18,23:25,4551.37000,4554.75000,4549.59000,4550.40000,2329
2026.05.18,23:30,4550.42000,4562.45000,4549.99000,4561.94000,2536
2026.05.18,23:35,4561.92000,4563.04000,4557.92000,4561.49000,3744
2026.05.18,23:40,4561.56000,4569.77000,4558.42000,4569.47000,3478
2026.05.18,23:45,4569.29000,4574.85000,4567.89000,4572.32000,3820
2026.05.18,23:50,4572.15000,4574.08000,4562.66000,4563.28000,3379
2026.05.18,23:55,4563.36000,4572.55000,4562.62000,4571.25000,2842
2026.05.19,00:00,4571.12000,4576.38000,4564.40000,4565.16000,4351
2026.05.19,00:05,4565.23000,4568.34000,4562.34000,4563.52000,3458
2026.05.19,00:10,4563.55000,4569.42000,4561.67000,4567.55000,2885
2026.05.19,00:15,4567.54000,4568.52000,4563.94000,4566.13000,2357
2026.05.19,00:20,4566.14000,4573.08000,4565.47000,4572.62000,2053
2026.05.19,00:25,4572.65000,4576.19000,4571.06000,4571.91000,2988
2026.05.19,00:30,4572.03000,4579.84000,4567.11000,4578.45000,4781
2026.05.19,00:35,4578.44000,4578.51000,4570.77000,4573.47000,4323
2026.05.19,00:40,4573.45000,4575.60000,4564.61000,4566.31000,5173
2026.05.19,00:45,4566.37000,4576.33000,4563.80000,4573.99000,5450
2026.05.19,00:50,4573.93000,4584.07000,4572.73000,4583.30000,4508
2026.05.19,00:55,4583.31000,4584.23000,4574.71000,4575.56000,3897
2026.05.19,01:00,4575.48000,4575.48000,4564.39000,4565.34000,4640
2026.05.19,01:05,4565.62000,4567.42000,4559.26000,4566.78000,5154
2026.05.19,01:10,4566.79000,4569.76000,4561.88000,4564.23000,4503
2026.05.19,01:15,4564.26000,4568.88000,4562.18000,4566.07000,4515
2026.05.19,01:20,4566.12000,4567.17000,4554.86000,4558.99000,4520
2026.05.19,01:25,4559.33000,4563.26000,4557.42000,4561.47000,4260
2026.05.19,01:30,4561.48000,4563.07000,4545.05000,4549.46000,4800
2026.05.19,01:35,4549.48000,4550.90000,4543.06000,4546.45000,4901
2026.05.19,01:40,4546.46000,4549.39000,4538.67000,4547.70000,4864
2026.05.19,01:45,4547.66000,4548.15000,4537.60000,4543.23000,4254
2026.05.19,01:50,4543.18000,4548.51000,4541.16000,4541.74000,4200
2026.05.19,01:55,4541.69000,4547.33000,4541.15000,4546.38000,3710
2026.05.19,02:00,4546.41000,4547.98000,4531.55000,4537.39000,5682
2026.05.19,02:05,4537.38000,4544.52000,4533.72000,4536.70000,4661
2026.05.19,02:10,4536.73000,4542.78000,4536.09000,4540.52000,3695
2026.05.19,02:15,4540.49000,4542.84000,4534.35000,4536.70000,3242
2026.05.19,02:20,4536.68000,4540.57000,4535.79000,4539.00000,3744
2026.05.19,02:25,4538.98000,4540.32000,4534.45000,4534.52000,3354
2026.05.19,02:30,4534.59000,4541.52000,4534.02000,4540.85000,3458
2026.05.19,02:35,4540.88000,4542.21000,4538.01000,4541.82000,2945
2026.05.19,02:40,4541.87000,4544.37000,4538.43000,4538.57000,3051
2026.05.19,02:45,4538.55000,4543.59000,4538.05000,4541.22000,2786
2026.05.19,02:50,4541.20000,4544.44000,4539.62000,4544.15000,2456
2026.05.19,02:55,4544.16000,4546.91000,4542.08000,4543.52000,2688
2026.05.19,03:00,4543.60000,4544.54000,4540.09000,4541.59000,2635
2026.05.19,03:05,4541.62000,4544.47000,4541.04000,4543.51000,2602
2026.05.19,03:10,4543.48000,4549.04000,4542.64000,4548.53000,1982
2026.05.19,03:15,4548.52000,4550.19000,4546.49000,4547.00000,2191
2026.05.19,03:20,4547.21000,4550.70000,4544.46000,4545.78000,2780
2026.05.19,03:25,4545.80000,4547.00000,4533.79000,4537.09000,4045
2026.05.19,03:30,4537.08000,4541.94000,4534.23000,4539.62000,4007
2026.05.19,03:35,4539.59000,4544.78000,4539.30000,4544.07000,2979
2026.05.19,03:40,4544.11000,4544.88000,4541.71000,4543.49000,2342
2026.05.19,03:45,4543.52000,4548.70000,4542.73000,4548.24000,2085
2026.05.19,03:50,4548.29000,4554.22000,4548.21000,4552.98000,2765
2026.05.19,03:55,4552.95000,4554.53000,4549.54000,4550.02000,2152
2026.05.19,04:00,4549.94000,4557.18000,4547.88000,4556.66000,3113
2026.05.19,04:05,4556.64000,4558.22000,4554.55000,4556.34000,2373
2026.05.19,04:10,4556.35000,4556.78000,4552.82000,4553.09000,2340
2026.05.19,04:15,4553.08000,4555.65000,4551.84000,4554.50000,2207
2026.05.19,04:20,4554.53000,4555.25000,4552.26000,4553.75000,2391
2026.05.19,04:25,4553.73000,4554.66000,4551.62000,4553.81000,2324
2026.05.19,04:30,4553.79000,4554.15000,4548.70000,4548.76000,2218
2026.05.19,04:35,4548.77000,4550.39000,4547.27000,4549.49000,1976
2026.05.19,04:40,4549.48000,4551.32000,4547.64000,4548.16000,2289
2026.05.19,04:45,4548.12000,4549.62000,4546.56000,4546.61000,2075
2026.05.19,04:50,4546.68000,4549.29000,4546.39000,4547.45000,1743
2026.05.19,04:55,4547.44000,4547.71000,4545.44000,4546.86000,1595
2026.05.19,05:00,4546.87000,4546.99000,4543.71000,4545.79000,2429
2026.05.19,05:05,4545.85000,4547.85000,4543.69000,4545.07000,2011
2026.05.19,05:10,4545.13000,4546.50000,4544.13000,4545.30000,1707
2026.05.19,05:15,4545.31000,4545.47000,4541.38000,4542.54000,2333
2026.05.19,05:20,4542.62000,4542.69000,4540.41000,4541.18000,1864
2026.05.19,05:25,4541.19000,4542.88000,4536.47000,4542.07000,2580
2026.05.19,05:30,4542.04000,4543.99000,4540.59000,4542.70000,2172
2026.05.19,05:35,4542.68000,4543.40000,4539.12000,4539.59000,1746
2026.05.19,05:40,4539.53000,4541.59000,4538.89000,4541.37000,1549
2026.05.19,05:45,4541.41000,4543.26000,4540.78000,4541.64000,1825
2026.05.19,05:50,4541.61000,4542.14000,4539.67000,4540.29000,2001
2026.05.19,05:55,4540.25000,4541.78000,4534.08000,4535.73000,2193
2026.05.19,06:00,4535.74000,4564.59000,4535.14000,4553.46000,5923
2026.05.19,06:05,4553.50000,4560.03000,4551.10000,4556.83000,4670
2026.05.19,06:10,4556.85000,4558.24000,4553.24000,4554.39000,3456
2026.05.19,06:15,4554.47000,4555.72000,4550.83000,4551.62000,3192
2026.05.19,06:20,4551.68000,4555.77000,4549.57000,4550.04000,2983
2026.05.19,06:25,4550.08000,4551.96000,4546.48000,4551.65000,3179
2026.05.19,06:30,4551.67000,4557.32000,4550.26000,4556.29000,2880
2026.05.19,06:35,4556.30000,4559.55000,4555.81000,4559.43000,2343
2026.05.19,06:40,4559.46000,4561.36000,4557.77000,4558.09000,2437
2026.05.19,06:45,4558.12000,4562.83000,4557.76000,4561.19000,2387
2026.05.19,06:50,4561.08000,4562.48000,4559.77000,4562.44000,2638
2026.05.19,06:55,4562.42000,4562.42000,4557.27000,4558.39000,2429
2026.05.19,07:00,4558.43000,4561.35000,4557.80000,4560.36000,1170
2026.05.19,07:05,4560.33000,4560.46000,4558.31000,4558.70000,801
2026.05.19,07:10,4558.71000,4562.78000,4558.47000,4562.20000,479
2026.05.19,07:15,4562.10000,4566.45000,4562.02000,4564.22000,925
2026.05.19,07:20,4564.23000,4566.63000,4562.79000,4566.39000,691
2026.05.19,07:25,4566.41000,4566.83000,4562.54000,4563.10000,662
2026.05.19,07:30,4563.13000,4564.78000,4561.57000,4562.83000,830
2026.05.19,07:35,4562.82000,4564.18000,4562.54000,4562.59000,441
2026.05.19,07:40,4562.60000,4564.99000,4562.33000,4564.45000,578
2026.05.19,07:45,4564.48000,4564.97000,4563.83000,4563.96000,654
2026.05.19,07:50,4563.97000,4565.63000,4562.91000,4563.22000,484
2026.05.19,07:55,4563.29000,4566.83000,4562.57000,4566.83000,622
2026.05.19,09:00,4568.32000,4571.01000,4566.95000,4569.90000,649
2026.05.19,09:05,4570.12000,4573.35000,4569.34000,4571.61000,737
2026.05.19,09:10,4571.94000,4573.33000,4570.00000,4572.99000,744
2026.05.19,09:15,4572.96000,4574.45000,4572.19000,4573.62000,1010
2026.05.19,09:20,4573.46000,4574.44000,4571.48000,4572.05000,780
2026.05.19,09:25,4572.02000,4573.00000,4570.81000,4572.94000,696
2026.05.19,09:30,4572.93000,4573.85000,4571.25000,4572.86000,694
2026.05.19,09:35,4572.85000,4575.80000,4572.35000,4575.11000,572
2026.05.19,09:40,4575.84000,4578.28000,4574.75000,4576.56000,762
2026.05.19,09:45,4576.52000,4576.92000,4574.38000,4575.31000,528
2026.05.19,09:50,4575.32000,4575.67000,4573.12000,4573.70000,493
2026.05.19,09:55,4573.69000,4573.96000,4572.26000,4573.56000,450
2026.05.19,10:00,4573.55000,4581.10000,4573.39000,4580.82000,1629
2026.05.19,10:05,4580.47000,4581.57000,4578.79000,4579.90000,847
2026.05.19,10:10,4579.92000,4586.64000,4579.68000,4585.44000,855
2026.05.19,10:15,4585.58000,4586.80000,4583.12000,4585.73000,807
2026.05.19,10:20,4585.74000,4588.98000,4583.51000,4585.88000,1003
2026.05.19,10:25,4585.90000,4586.78000,4584.87000,4585.73000,520
2026.05.19,10:30,4585.77000,4586.72000,4582.65000,4586.04000,779
2026.05.19,10:35,4586.05000,4587.67000,4583.49000,4584.58000,734
2026.05.19,10:40,4584.59000,4586.42000,4583.87000,4585.13000,701
2026.05.19,10:45,4585.22000,4586.76000,4582.55000,4583.17000,849
2026.05.19,10:50,4583.01000,4583.59000,4581.77000,4582.41000,743
2026.05.19,10:55,4582.54000,4582.79000,4579.21000,4581.79000,991
2026.05.19,11:00,4581.80000,4589.44000,4578.21000,4579.19000,2669
2026.05.19,11:05,4579.31000,4585.37000,4576.51000,4583.92000,2714
2026.05.19,11:10,4583.88000,4584.68000,4578.42000,4578.44000,2066
2026.05.19,11:15,4578.46000,4581.27000,4574.65000,4579.75000,1962
2026.05.19,11:20,4579.71000,4585.76000,4573.12000,4574.42000,2147
2026.05.19,11:25,4574.65000,4575.15000,4568.30000,4573.25000,2168
2026.05.19,11:30,4573.44000,4576.16000,4571.98000,4574.97000,1946
2026.05.19,11:35,4574.96000,4575.67000,4568.24000,4568.86000,1869
2026.05.19,11:40,4568.85000,4574.11000,4568.04000,4570.77000,1474
2026.05.19,11:45,4570.76000,4572.48000,4569.39000,4571.66000,1564
2026.05.19,11:50,4571.62000,4571.70000,4565.80000,4566.04000,1623
2026.05.19,11:55,4565.98000,4566.76000,4561.37000,4562.70000,1664
2026.05.19,12:00,4562.96000,4567.32000,4557.35000,4564.06000,3617
2026.05.19,12:05,4564.05000,4569.22000,4560.45000,4563.98000,2746
2026.05.19,12:10,4563.96000,4568.47000,4562.35000,4565.87000,2542
2026.05.19,12:15,4565.88000,4568.56000,4557.24000,4559.08000,2601
2026.05.19,12:20,4559.18000,4559.72000,4553.76000,4555.37000,2791
2026.05.19,12:25,4555.39000,4560.07000,4555.39000,4559.15000,2205
2026.05.19,12:30,4559.16000,4562.03000,4555.03000,4561.46000,2744
2026.05.19,12:35,4561.49000,4568.51000,4561.09000,4568.26000,2419
2026.05.19,12:40,4568.39000,4572.44000,4566.18000,4570.36000,2359
2026.05.19,12:45,4570.57000,4571.52000,4565.24000,4566.45000,2180
2026.05.19,12:50,4566.46000,4568.62000,4561.00000,4567.24000,2351
2026.05.19,12:55,4567.56000,4567.80000,4562.47000,4563.42000,2189
2026.05.19,13:00,4563.70000,4563.70000,4558.02000,4561.19000,2534
2026.05.19,13:05,4561.21000,4561.39000,4554.48000,4554.85000,2904
2026.05.19,13:10,4555.27000,4557.87000,4552.88000,4554.19000,2628
2026.05.19,13:15,4554.08000,4557.45000,4551.13000,4557.12000,1972
2026.05.19,13:20,4557.02000,4559.98000,4556.41000,4558.37000,1735
2026.05.19,13:25,4558.40000,4562.35000,4557.24000,4559.78000,1688
2026.05.19,13:30,4559.70000,4559.99000,4554.09000,4554.72000,2620
2026.05.19,13:35,4554.71000,4556.92000,4551.60000,4553.56000,2141
2026.05.19,13:40,4553.62000,4559.50000,4550.85000,4556.07000,1993
2026.05.19,13:45,4556.16000,4557.79000,4550.05000,4551.94000,1957
2026.05.19,13:50,4551.95000,4554.57000,4547.96000,4550.74000,1969
2026.05.19,13:55,4550.71000,4550.71000,4545.48000,4547.16000,1681
2026.05.19,14:00,4546.85000,4550.91000,4543.65000,4547.21000,2555
2026.05.19,14:05,4547.20000,4552.59000,4547.16000,4548.80000,1731
2026.05.19,14:10,4548.83000,4552.06000,4547.28000,4551.75000,1432
2026.05.19,14:15,4551.80000,4552.95000,4548.08000,4550.68000,1268
2026.05.19,14:20,4550.70000,4551.86000,4546.46000,4548.21000,1378
2026.05.19,14:25,4547.98000,4550.57000,4547.27000,4549.01000,1533
2026.05.19,14:30,4548.73000,4550.53000,4546.62000,4549.53000,1673
2026.05.19,14:35,4549.52000,4554.95000,4549.42000,4554.50000,1075
2026.05.19,14:40,4554.47000,4554.47000,4547.24000,4547.62000,1347
2026.05.19,14:45,4547.55000,4548.72000,4544.67000,4546.90000,1490
2026.05.19,14:50,4546.92000,4549.46000,4546.01000,4548.44000,973
2026.05.19,14:55,4548.30000,4549.00000,4544.09000,4544.96000,1453
2026.05.19,15:00,4544.98000,4545.34000,4541.10000,4544.10000,1640
2026.05.19,15:05,4543.75000,4545.63000,4540.66000,4542.25000,1443
2026.05.19,15:10,4542.30000,4544.08000,4538.75000,4540.07000,1329
2026.05.19,15:15,4540.09000,4542.66000,4538.17000,4540.21000,1257
2026.05.19,15:20,4540.20000,4543.14000,4540.20000,4542.58000,1238
2026.05.19,15:25,4542.64000,4542.66000,4537.83000,4540.36000,1570
2026.05.19,15:30,4540.08000,4540.71000,4537.90000,4538.65000,1100
2026.05.19,15:35,4538.63000,4541.87000,4538.56000,4540.12000,1184
2026.05.19,15:40,4540.16000,4542.31000,4539.20000,4539.85000,1324
2026.05.19,15:45,4539.90000,4542.60000,4539.58000,4540.46000,1314
2026.05.19,15:50,4540.52000,4542.84000,4539.80000,4542.03000,1271
2026.05.19,15:55,4542.30000,4543.81000,4541.32000,4542.08000,946
2026.05.19,16:00,4542.57000,4544.95000,4541.75000,4544.39000,1383
2026.05.19,16:05,4544.46000,4545.22000,4540.20000,4545.18000,1533
2026.05.19,16:10,4545.17000,4546.44000,4543.17000,4544.71000,1527
2026.05.19,16:15,4544.72000,4545.21000,4541.04000,4541.89000,1312
2026.05.19,16:20,4541.61000,4542.39000,4530.72000,4535.00000,2155
2026.05.19,16:25,4535.19000,4540.51000,4532.85000,4538.11000,2393
2026.05.19,16:30,4538.51000,4540.30000,4532.67000,4536.77000,3052
2026.05.19,16:35,4536.83000,4541.38000,4534.64000,4539.58000,2687
2026.05.19,16:40,4539.84000,4544.17000,4537.68000,4538.52000,2257
2026.05.19,16:45,4538.39000,4541.62000,4532.72000,4533.61000,2745
2026.05.19,16:50,4533.57000,4541.34000,4533.12000,4539.86000,2174
2026.05.19,16:55,4539.85000,4543.55000,4538.50000,4540.45000,2265
2026.05.19,17:00,4540.47000,4541.64000,4533.36000,4538.35000,2599
2026.05.19,17:05,4538.33000,4540.57000,4535.78000,4537.76000,2547
2026.05.19,17:10,4537.74000,4545.92000,4537.17000,4542.00000,3111
2026.05.19,17:15,4541.99000,4549.85000,4540.89000,4549.62000,2558
2026.05.19,17:20,4549.64000,4551.36000,4545.53000,4549.44000,2351
2026.05.19,17:25,4549.42000,4553.94000,4547.38000,4547.38000,2421
2026.05.19,17:30,4547.46000,4551.30000,4544.53000,4549.92000,2578
2026.05.19,17:35,4550.20000,4552.51000,4546.06000,4551.81000,2054
2026.05.19,17:40,4552.16000,4552.86000,4548.29000,4552.11000,1630
2026.05.19,17:45,4552.14000,4552.63000,4543.02000,4543.16000,2090
2026.05.19,17:50,4543.27000,4547.57000,4543.01000,4546.91000,1453
2026.05.19,17:55,4546.89000,4549.67000,4546.89000,4547.94000,1573
2026.05.19,18:00,4547.93000,4549.04000,4543.80000,4547.95000,2177
2026.05.19,18:05,4547.90000,4555.25000,4547.09000,4552.82000,2154
2026.05.19,18:10,4552.79000,4553.80000,4547.03000,4548.60000,1957
2026.05.19,18:15,4548.62000,4550.16000,4546.55000,4548.69000,1608
2026.05.19,18:20,4548.79000,4549.91000,4544.77000,4546.94000,1671
2026.05.19,18:25,4546.91000,4548.31000,4542.96000,4548.30000,1650
2026.05.19,18:30,4548.29000,4549.39000,4543.74000,4544.00000,1612
2026.05.19,18:35,4543.99000,4547.74000,4542.35000,4543.09000,1836
2026.05.19,18:40,4543.28000,4545.12000,4541.36000,4542.09000,1852
2026.05.19,18:45,4542.21000,4554.24000,4541.97000,4550.99000,2188
2026.05.19,18:50,4550.95000,4553.85000,4547.55000,4552.12000,2230
2026.05.19,18:55,4552.11000,4559.33000,4552.11000,4557.05000,2001
2026.05.19,19:00,4557.33000,4559.06000,4552.37000,4552.72000,1928
2026.05.19,19:05,4552.74000,4552.77000,4543.69000,4544.20000,2019
2026.05.19,19:10,4544.19000,4547.84000,4542.38000,4546.37000,2157
2026.05.19,19:15,4546.43000,4548.11000,4544.19000,4544.22000,1933
2026.05.19,19:20,4544.18000,4544.99000,4539.08000,4540.63000,1593
2026.05.19,19:25,4540.61000,4540.95000,4536.18000,4538.43000,2349
2026.05.19,19:30,4538.42000,4544.35000,4536.82000,4544.31000,1846
2026.05.19,19:35,4544.28000,4545.12000,4542.34000,4543.05000,1451
2026.05.19,19:40,4543.06000,4543.71000,4542.15000,4543.29000,1193
2026.05.19,19:45,4543.33000,4548.52000,4543.02000,4545.94000,1475
2026.05.19,19:50,4545.96000,4547.27000,4538.18000,4542.63000,1493
2026.05.19,19:55,4542.62000,4544.21000,4541.84000,4542.73000,1027
2026.05.19,20:00,4542.71000,4542.71000,4539.93000,4541.48000,1638
2026.05.19,20:05,4541.47000,4541.54000,4536.95000,4540.56000,1668
2026.05.19,20:10,4540.57000,4541.08000,4537.09000,4539.64000,1350
2026.05.19,20:15,4539.60000,4540.28000,4535.93000,4540.01000,1738
2026.05.19,20:20,4540.00000,4546.77000,4539.80000,4546.54000,1640
2026.05.19,20:25,4546.62000,4546.82000,4540.14000,4540.59000,1955
2026.05.19,20:30,4540.42000,4543.18000,4536.70000,4538.84000,2469
2026.05.19,20:35,4538.89000,4542.17000,4537.10000,4539.24000,1905
2026.05.19,20:40,4539.23000,4540.64000,4537.98000,4539.49000,1953
2026.05.19,20:45,4539.51000,4540.86000,4538.33000,4540.59000,1556
2026.05.19,20:50,4540.60000,4543.53000,4538.98000,4543.20000,1469
2026.05.19,20:55,4543.21000,4544.58000,4540.58000,4541.66000,1507
2026.05.19,21:00,4541.63000,4541.68000,4536.34000,4536.47000,1648
2026.05.19,21:05,4536.45000,4541.94000,4536.06000,4540.10000,1391
2026.05.19,21:10,4540.01000,4542.34000,4538.70000,4541.45000,1408
2026.05.19,21:15,4541.49000,4541.80000,4538.15000,4539.48000,1053
2026.05.19,21:20,4539.46000,4541.55000,4538.90000,4540.63000,1188
2026.05.19,21:25,4540.60000,4540.80000,4539.15000,4539.73000,892
2026.05.19,21:30,4539.80000,4542.46000,4538.45000,4541.25000,1209
2026.05.19,21:35,4541.20000,4543.05000,4534.06000,4540.86000,2223
2026.05.19,21:40,4540.91000,4541.35000,4525.52000,4529.11000,2951
2026.05.19,21:45,4529.05000,4534.57000,4527.67000,4532.94000,2690
2026.05.19,21:50,4532.95000,4535.95000,4532.13000,4535.30000,2003
2026.05.19,21:55,4535.27000,4544.65000,4535.27000,4544.65000,2407
2026.05.19,22:00,4544.49000,4547.85000,4542.82000,4543.44000,2075
2026.05.19,22:05,4543.42000,4543.50000,4540.38000,4541.16000,1564
2026.05.19,22:10,4541.12000,4542.03000,4535.93000,4536.70000,2187
2026.05.19,22:15,4536.66000,4541.98000,4535.71000,4541.00000,1577
2026.05.19,22:20,4540.91000,4542.08000,4538.71000,4540.98000,1375
2026.05.19,22:25,4541.15000,4542.15000,4536.87000,4539.22000,1635
2026.05.19,22:30,4539.21000,4540.80000,4537.48000,4539.23000,1937
2026.05.19,22:35,4539.26000,4539.37000,4536.71000,4538.08000,1758
2026.05.19,22:40,4538.07000,4543.09000,4536.78000,4541.96000,1776
2026.05.19,22:45,4541.85000,4542.40000,4537.15000,4539.86000,1774
2026.05.19,22:50,4539.87000,4540.07000,4534.32000,4534.88000,1867
2026.05.19,22:55,4534.94000,4534.97000,4529.76000,4530.73000,2196
2026.05.19,23:00,4530.69000,4536.00000,4527.37000,4535.28000,2355
2026.05.19,23:05,4535.29000,4542.34000,4533.13000,4542.07000,2058
2026.05.19,23:10,4542.05000,4546.48000,4541.25000,4542.07000,2039
2026.05.19,23:15,4542.10000,4543.62000,4536.70000,4539.98000,1867
2026.05.19,23:20,4540.01000,4544.21000,4539.63000,4543.79000,1760
2026.05.19,23:25,4543.80000,4544.21000,4540.45000,4542.95000,1517
2026.05.19,23:30,4542.96000,4546.81000,4541.92000,4543.48000,1567
2026.05.19,23:35,4543.44000,4547.12000,4541.13000,4542.42000,1837
2026.05.19,23:40,4542.36000,4546.39000,4536.72000,4537.40000,2743
2026.05.19,23:45,4537.39000,4539.97000,4535.59000,4539.33000,2201
2026.05.19,23:50,4539.34000,4541.48000,4537.17000,4541.10000,1636
2026.05.19,23:55,4541.16000,4541.65000,4536.56000,4537.03000,1691
2026.05.20,00:00,4537.09000,4537.45000,4521.68000,4523.57000,3182
2026.05.20,00:05,4523.61000,4525.29000,4514.61000,4522.69000,3862
2026.05.20,00:10,4522.58000,4526.43000,4519.08000,4524.22000,3278
2026.05.20,00:15,4524.21000,4526.11000,4516.27000,4516.80000,3044
2026.05.20,00:20,4517.09000,4519.74000,4503.53000,4505.04000,4535
2026.05.20,00:25,4505.02000,4505.02000,4490.87000,4492.03000,5283
2026.05.20,00:30,4492.16000,4495.59000,4464.51000,4481.47000,6824
2026.05.20,00:35,4481.46000,4486.83000,4470.80000,4483.24000,6428
2026.05.20,00:40,4482.87000,4483.43000,4470.24000,4476.12000,5833
2026.05.20,00:45,4476.19000,4482.24000,4473.75000,4481.38000,5882
2026.05.20,00:50,4481.26000,4505.06000,4479.85000,4504.48000,5481
2026.05.20,00:55,4504.46000,4511.24000,4497.65000,4503.61000,4724
2026.05.20,01:00,4503.53000,4512.37000,4495.55000,4511.17000,5105
2026.05.20,01:05,4511.46000,4514.04000,4494.36000,4503.70000,6020
2026.05.20,01:10,4503.74000,4504.03000,4492.17000,4492.59000,5371
2026.05.20,01:15,4492.58000,4500.84000,4491.86000,4494.85000,4702
2026.05.20,01:20,4494.84000,4495.94000,4484.76000,4486.53000,5370
2026.05.20,01:25,4486.55000,4494.25000,4484.41000,4490.03000,5242
2026.05.20,01:30,4490.06000,4498.12000,4488.55000,4490.12000,4750
2026.05.20,01:35,4490.05000,4498.62000,4488.83000,4489.57000,4244
2026.05.20,01:40,4489.63000,4497.89000,4487.34000,4494.31000,4850
2026.05.20,01:45,4494.58000,4496.36000,4487.64000,4489.92000,4511
2026.05.20,01:50,4489.94000,4494.05000,4486.16000,4486.67000,4445
2026.05.20,01:55,4486.68000,4496.70000,4486.60000,4494.02000,3764
2026.05.20,02:00,4494.01000,4499.70000,4493.89000,4496.80000,3755
2026.05.20,02:05,4496.78000,4499.85000,4489.64000,4498.20000,3811
2026.05.20,02:10,4498.19000,4499.70000,4495.69000,4499.04000,3176
2026.05.20,02:15,4499.07000,4505.05000,4497.86000,4500.41000,3529
2026.05.20,02:20,4500.43000,4502.24000,4493.97000,4494.86000,3531
2026.05.20,02:25,4494.89000,4500.02000,4494.26000,4498.82000,3160
2026.05.20,02:30,4498.86000,4507.45000,4497.86000,4503.11000,3598
2026.05.20,02:35,4503.22000,4505.34000,4498.86000,4502.96000,3412
2026.05.20,02:40,4502.93000,4505.14000,4500.73000,4502.16000,2978
2026.05.20,02:45,4502.18000,4504.14000,4500.18000,4504.11000,2795
2026.05.20,02:50,4504.10000,4505.76000,4501.76000,4503.13000,2506
2026.05.20,02:55,4503.11000,4509.31000,4503.10000,4508.40000,2430
2026.05.20,03:00,4508.42000,4510.37000,4505.14000,4505.65000,2631
2026.05.20,03:05,4505.66000,4505.67000,4497.25000,4498.47000,2501
2026.05.20,03:10,4498.51000,4501.19000,4496.31000,4500.89000,2418
2026.05.20,03:15,4500.91000,4503.06000,4498.76000,4500.30000,2327
2026.05.20,03:20,4500.32000,4506.00000,4499.96000,4505.59000,2045
2026.05.20,03:25,4505.65000,4512.01000,4505.65000,4508.72000,2769
2026.05.20,03:30,4508.76000,4512.43000,4506.64000,4507.47000,2819
2026.05.20,03:35,4507.49000,4509.89000,4505.85000,4508.67000,2252
2026.05.20,03:40,4508.69000,4509.46000,4505.52000,4505.83000,2029
2026.05.20,03:45,4505.84000,4506.51000,4504.57000,4505.97000,2053
2026.05.20,03:50,4505.99000,4507.80000,4504.78000,4505.47000,1822
2026.05.20,03:55,4505.54000,4509.33000,4504.79000,4507.76000,1982
2026.05.20,04:00,4507.79000,4509.69000,4505.90000,4506.81000,2469
2026.05.20,04:05,4506.80000,4509.28000,4505.80000,4507.93000,1940
2026.05.20,04:10,4508.07000,4510.73000,4506.21000,4510.25000,2038
2026.05.20,04:15,4510.34000,4511.09000,4507.61000,4507.87000,1907
2026.05.20,04:20,4507.93000,4508.08000,4503.29000,4503.50000,2022
2026.05.20,04:25,4503.53000,4508.44000,4503.53000,4506.97000,2457
2026.05.20,04:30,4506.94000,4508.38000,4503.85000,4504.03000,1665
2026.05.20,04:35,4504.02000,4506.87000,4503.51000,4506.87000,1820
2026.05.20,04:40,4506.88000,4507.00000,4502.64000,4504.47000,2324
2026.05.20,04:45,4504.48000,4504.92000,4500.35000,4500.75000,2128
2026.05.20,04:50,4500.77000,4501.80000,4499.09000,4499.46000,2050
2026.05.20,04:55,4499.49000,4501.43000,4499.27000,4500.69000,1710
2026.05.20,05:00,4500.70000,4501.64000,4499.67000,4501.10000,1813
2026.05.20,05:05,4501.02000,4503.75000,4499.67000,4503.27000,1552
2026.05.20,05:10,4503.26000,4503.63000,4500.79000,4501.01000,1462
2026.05.20,05:15,4500.85000,4502.05000,4499.47000,4499.60000,1515
2026.05.20,05:20,4499.58000,4499.77000,4495.53000,4498.51000,2384
2026.05.20,05:25,4498.48000,4500.18000,4495.70000,4495.94000,2288
2026.05.20,05:30,4495.99000,4499.07000,4493.16000,4497.61000,2416
2026.05.20,05:35,4497.63000,4500.03000,4496.19000,4499.88000,1675
2026.05.20,05:40,4499.86000,4500.78000,4498.11000,4499.04000,1983
2026.05.20,05:45,4498.96000,4500.04000,4497.88000,4499.26000,1750
2026.05.20,05:50,4499.44000,4499.56000,4493.46000,4493.73000,1754
2026.05.20,05:55,4493.72000,4494.77000,4490.14000,4493.51000,2815
2026.05.20,06:00,4493.47000,4496.56000,4492.98000,4493.78000,2289
2026.05.20,06:05,4493.93000,4496.20000,4493.88000,4495.35000,1686
2026.05.20,06:10,4495.32000,4497.62000,4495.14000,4497.03000,1557
2026.05.20,06:15,4497.05000,4497.43000,4491.95000,4492.73000,1469
2026.05.20,06:20,4492.68000,4492.97000,4486.43000,4486.65000,2123
2026.05.20,06:25,4486.63000,4488.83000,4485.51000,4487.02000,1903
2026.05.20,06:30,4486.95000,4489.90000,4486.14000,4486.38000,1861
2026.05.20,06:35,4486.47000,4488.79000,4486.23000,4487.49000,1650
2026.05.20,06:40,4487.51000,4488.78000,4485.82000,4488.37000,1671
2026.05.20,06:45,4488.33000,4488.85000,4485.82000,4486.59000,1694
2026.05.20,06:50,4486.49000,4487.03000,4483.63000,4483.73000,2181
2026.05.20,06:55,4483.81000,4483.92000,4481.06000,4483.39000,2741
2026.05.20,07:00,4483.17000,4483.86000,4480.82000,4482.39000,1172
2026.05.20,07:05,4482.40000,4486.23000,4481.68000,4485.50000,738
2026.05.20,07:10,4485.52000,4487.13000,4484.32000,4485.54000,677
2026.05.20,07:15,4485.51000,4485.68000,4483.32000,4485.41000,658
2026.05.20,07:20,4485.40000,4488.15000,4485.08000,4487.36000,650
2026.05.20,07:25,4487.35000,4487.53000,4485.63000,4486.21000,500
2026.05.20,07:30,4486.25000,4486.27000,4483.21000,4483.90000,506
2026.05.20,07:35,4483.91000,4484.75000,4483.15000,4483.38000,431
2026.05.20,07:40,4483.36000,4484.52000,4481.82000,4483.39000,519
2026.05.20,07:45,4483.41000,4484.28000,4482.59000,4483.00000,583
2026.05.20,07:50,4483.10000,4484.19000,4481.87000,4482.39000,598
2026.05.20,07:55,4482.45000,4484.05000,4481.56000,4482.10000,472
2026.05.20,09:00,4481.89000,4484.58000,4481.21000,4484.27000,609
2026.05.20,09:05,4484.23000,4485.92000,4482.15000,4484.53000,440
2026.05.20,09:10,4484.23000,4484.78000,4482.30000,4482.49000,455
2026.05.20,09:15,4482.58000,4482.58000,4477.71000,4479.86000,704
2026.05.20,09:20,4479.85000,4481.21000,4478.99000,4480.57000,488
2026.05.20,09:25,4480.60000,4480.65000,4478.17000,4479.17000,637
2026.05.20,09:30,4479.16000,4484.01000,4477.22000,4483.39000,1073
2026.05.20,09:35,4483.17000,4485.61000,4479.67000,4480.44000,1082
2026.05.20,09:40,4480.42000,4484.40000,4479.47000,4482.03000,875
2026.05.20,09:45,4481.65000,4483.83000,4479.67000,4481.81000,817
2026.05.20,09:50,4481.80000,4482.95000,4479.12000,4481.05000,917
2026.05.20,09:55,4481.07000,4484.56000,4480.90000,4483.94000,621
2026.05.20,10:00,4484.17000,4484.25000,4479.44000,4483.35000,1012
2026.05.20,10:05,4483.33000,4484.56000,4481.30000,4483.43000,492
2026.05.20,10:10,4483.89000,4486.75000,4483.09000,4485.89000,794
2026.05.20,10:15,4485.44000,4488.56000,4483.02000,4488.10000,944
2026.05.20,10:20,4488.14000,4488.49000,4484.63000,4486.58000,799
2026.05.20,10:25,4486.24000,4487.28000,4485.21000,4485.86000,438
2026.05.20,10:30,4485.88000,4493.46000,4485.17000,4492.85000,1173
2026.05.20,10:35,4492.89000,4494.27000,4488.81000,4493.41000,1200
2026.05.20,10:40,4493.28000,4496.51000,4491.08000,4492.05000,994
2026.05.20,10:45,4492.04000,4494.32000,4489.63000,4493.28000,1108
2026.05.20,10:50,4493.26000,4494.63000,4489.81000,4490.55000,1089
2026.05.20,10:55,4490.57000,4492.79000,4487.89000,4489.02000,1010
2026.05.20,11:00,4489.40000,4489.91000,4482.36000,4485.83000,2244
2026.05.20,11:05,4486.01000,4486.50000,4479.36000,4483.82000,2454
2026.05.20,11:10,4483.84000,4490.66000,4481.34000,4488.11000,2585
2026.05.20,11:15,4488.57000,4490.57000,4482.20000,4483.06000,2966
2026.05.20,11:20,4483.05000,4491.55000,4480.70000,4491.55000,3010
2026.05.20,11:25,4491.58000,4501.94000,4489.71000,4501.43000,3545
2026.05.20,11:30,4501.72000,4507.45000,4499.95000,4502.70000,3596
2026.05.20,11:35,4502.83000,4505.50000,4499.45000,4501.49000,3309
2026.05.20,11:40,4501.80000,4506.71000,4501.14000,4504.87000,2682
2026.05.20,11:45,4504.89000,4508.86000,4502.77000,4504.49000,2647
2026.05.20,11:50,4504.45000,4505.42000,4500.34000,4503.08000,2852
2026.05.20,11:55,4503.10000,4503.71000,4497.85000,4500.82000,2326
2026.05.20,12:00,4500.78000,4506.09000,4489.60000,4493.42000,4240
2026.05.20,12:05,4493.48000,4495.53000,4487.68000,4495.02000,3055
2026.05.20,12:10,4495.03000,4500.13000,4491.07000,4492.13000,3040
2026.05.20,12:15,4492.46000,4496.26000,4491.46000,4495.64000,2932
2026.05.20,12:20,4495.68000,4496.51000,4482.94000,4484.39000,3188
2026.05.20,12:25,4484.65000,4485.66000,4472.66000,4473.50000,3787
2026.05.20,12:30,4473.58000,4476.95000,4467.29000,4473.37000,4685
2026.05.20,12:35,4473.40000,4473.40000,4455.70000,4467.64000,4427
2026.05.20,12:40,4467.70000,4469.09000,4461.34000,4466.37000,4157
2026.05.20,12:45,4466.38000,4473.73000,4462.65000,4472.42000,4109
2026.05.20,12:50,4472.39000,4488.29000,4472.36000,4481.20000,5485
2026.05.20,12:55,4481.57000,4482.67000,4478.38000,4480.99000,3324
2026.05.20,13:00,4481.00000,4485.11000,4479.91000,4484.81000,3316
2026.05.20,13:05,4485.08000,4487.01000,4478.31000,4479.52000,2753
2026.05.20,13:10,4479.55000,4481.79000,4475.90000,4481.26000,2533
2026.05.20,13:15,4480.99000,4482.69000,4476.49000,4477.31000,2365
2026.05.20,13:20,4477.33000,4487.01000,4476.49000,4484.63000,2072
2026.05.20,13:25,4484.69000,4484.89000,4478.83000,4481.17000,2490
2026.05.20,13:30,4481.09000,4483.25000,4465.60000,4470.13000,4003
2026.05.20,13:35,4470.09000,4471.26000,4465.23000,4469.35000,3691
2026.05.20,13:40,4469.33000,4471.55000,4460.27000,4460.54000,2870
2026.05.20,13:45,4460.24000,4465.01000,4459.22000,4464.38000,2962
2026.05.20,13:50,4464.15000,4466.18000,4461.44000,4463.30000,2277
2026.05.20,13:55,4463.29000,4466.18000,4458.28000,4465.44000,2347
2026.05.20,14:00,4465.42000,4467.19000,4459.87000,4463.26000,2506
2026.05.20,14:05,4463.27000,4463.64000,4453.18000,4456.47000,2867
2026.05.20,14:10,4456.78000,4461.12000,4455.70000,4457.62000,2226
2026.05.20,14:15,4457.60000,4464.04000,4456.69000,4462.25000,1917
2026.05.20,14:20,4462.30000,4463.17000,4459.83000,4461.97000,1752
2026.05.20,14:25,4461.98000,4464.13000,4459.44000,4460.91000,2347
2026.05.20,14:30,4460.75000,4461.75000,4457.12000,4458.64000,2515
2026.05.20,14:35,4458.63000,4466.05000,4458.23000,4464.07000,1853
2026.05.20,14:40,4464.16000,4465.94000,4459.93000,4460.69000,1893
2026.05.20,14:45,4460.67000,4461.60000,4457.87000,4459.41000,1660
2026.05.20,14:50,4459.40000,4461.40000,4458.60000,4460.43000,1269
2026.05.20,14:55,4460.76000,4465.28000,4460.09000,4463.74000,1406
2026.05.20,15:00,4463.75000,4470.21000,4463.10000,4468.79000,2119
2026.05.20,15:05,4468.78000,4469.32000,4466.39000,4467.58000,1817
2026.05.20,15:10,4467.55000,4469.68000,4465.24000,4468.88000,2069
2026.05.20,15:15,4469.19000,4470.65000,4465.32000,4465.62000,1723
2026.05.20,15:20,4465.61000,4467.22000,4462.94000,4466.72000,1867
2026.05.20,15:25,4466.71000,4467.30000,4462.35000,4465.30000,1532
2026.05.20,15:30,4464.93000,4465.95000,4461.68000,4462.84000,1684
2026.05.20,15:35,4462.86000,4465.75000,4460.50000,4463.87000,1626
2026.05.20,15:40,4463.82000,4465.63000,4460.04000,4462.77000,1543
2026.05.20,15:45,4462.73000,4462.92000,4456.47000,4459.95000,1536
2026.05.20,15:50,4459.96000,4463.06000,4459.05000,4461.17000,1479
2026.05.20,15:55,4461.12000,4462.89000,4459.57000,4462.12000,1046
2026.05.20,16:00,4462.09000,4471.51000,4461.69000,4470.90000,2184
2026.05.20,16:05,4470.86000,4472.86000,4467.20000,4468.48000,1760
2026.05.20,16:10,4468.19000,4469.73000,4466.85000,4469.42000,1201
2026.05.20,16:15,4469.03000,4472.01000,4467.22000,4471.61000,1514
2026.05.20,16:20,4471.48000,4475.30000,4470.81000,4470.95000,1501
2026.05.20,16:25,4470.97000,4471.65000,4466.68000,4468.16000,1794
2026.05.20,16:30,4467.89000,4479.18000,4467.59000,4477.19000,3177
2026.05.20,16:35,4477.25000,4478.81000,4474.70000,4476.61000,2990
2026.05.20,16:40,4476.64000,4478.16000,4471.50000,4472.31000,2318
2026.05.20,16:45,4472.33000,4472.52000,4463.15000,4465.50000,2665
2026.05.20,16:50,4465.54000,4472.42000,4464.00000,4471.26000,2651
2026.05.20,16:55,4471.27000,4475.28000,4470.86000,4472.75000,2052
2026.05.20,17:00,4472.72000,4477.54000,4470.50000,4472.51000,3173
2026.05.20,17:05,4472.49000,4474.39000,4468.89000,4469.57000,2839
2026.05.20,17:10,4469.47000,4472.09000,4467.03000,4472.09000,2105
2026.05.20,17:15,4472.12000,4478.30000,4471.61000,4477.11000,2628
2026.05.20,17:20,4477.02000,4477.68000,4468.34000,4468.43000,2442
2026.05.20,17:25,4468.47000,4474.50000,4467.54000,4472.02000,2729
2026.05.20,17:30,4472.07000,4472.61000,4466.30000,4466.79000,2569
2026.05.20,17:35,4466.78000,4468.47000,4461.45000,4466.91000,2403
2026.05.20,17:40,4466.88000,4467.14000,4463.51000,4467.02000,2003
2026.05.20,17:45,4467.03000,4474.80000,4465.16000,4473.66000,1978
2026.05.20,17:50,4473.88000,4477.97000,4472.18000,4474.70000,2337
2026.05.20,17:55,4474.73000,4475.79000,4471.00000,4474.23000,2109
2026.05.20,18:00,4474.24000,4479.31000,4471.78000,4477.19000,2960
2026.05.20,18:05,4477.14000,4483.45000,4475.31000,4483.20000,2834
2026.05.20,18:10,4483.11000,4485.26000,4480.16000,4481.12000,2960
2026.05.20,18:15,4481.13000,4481.13000,4477.81000,4478.79000,1997
2026.05.20,18:20,4478.77000,4484.18000,4476.26000,4480.40000,2140
2026.05.20,18:25,4480.41000,4483.38000,4479.66000,4482.86000,1733
2026.05.20,18:30,4482.84000,4486.01000,4477.52000,4478.10000,1835
2026.05.20,18:35,4478.14000,4481.08000,4475.89000,4480.08000,1783
2026.05.20,18:40,4480.07000,4483.74000,4478.53000,4481.48000,1954
2026.05.20,18:45,4481.49000,4482.11000,4476.12000,4477.98000,1671
2026.05.20,18:50,4478.01000,4479.12000,4475.13000,4479.11000,1751
2026.05.20,18:55,4479.09000,4479.86000,4476.68000,4478.62000,2059
2026.05.20,19:00,4478.60000,4481.46000,4476.75000,4481.08000,2164
2026.05.20,19:05,4481.16000,4483.18000,4476.61000,4479.10000,2342
2026.05.20,19:10,4479.21000,4483.91000,4477.31000,4482.43000,2514
2026.05.20,19:15,4482.44000,4483.98000,4479.40000,4481.66000,1892
2026.05.20,19:20,4481.56000,4486.45000,4478.06000,4484.20000,2423
2026.05.20,19:25,4484.22000,4486.58000,4482.28000,4486.58000,2285
2026.05.20,19:30,4486.46000,4489.17000,4482.94000,4483.04000,2773
2026.05.20,19:35,4483.03000,4484.48000,4478.62000,4483.44000,2320
2026.05.20,19:40,4483.46000,4483.56000,4476.72000,4479.34000,2468
2026.05.20,19:45,4479.37000,4483.22000,4479.22000,4481.97000,2681
2026.05.20,19:50,4481.99000,4489.42000,4481.37000,4489.15000,2224
2026.05.20,19:55,4489.14000,4490.16000,4483.27000,4483.69000,1571
2026.05.20,20:00,4483.68000,4486.16000,4483.13000,4484.61000,1658
2026.05.20,20:05,4484.62000,4486.21000,4481.45000,4482.11000,1903
2026.05.20,20:10,4482.12000,4482.46000,4479.64000,4480.18000,1998
2026.05.20,20:15,4480.17000,4482.52000,4479.01000,4482.39000,1715
2026.05.20,20:20,4482.38000,4483.61000,4478.54000,4479.17000,1718
2026.05.20,20:25,4479.19000,4479.37000,4472.46000,4474.01000,1635
2026.05.20,20:30,4473.94000,4482.79000,4472.75000,4482.31000,2304
2026.05.20,20:35,4482.32000,4483.33000,4479.99000,4483.20000,1555
2026.05.20,20:40,4483.21000,4484.80000,4482.95000,4483.16000,1395
2026.05.20,20:45,4483.23000,4484.54000,4481.68000,4483.04000,1285
2026.05.20,20:50,4483.03000,4490.11000,4482.64000,4489.39000,1763
2026.05.20,20:55,4489.43000,4491.17000,4484.35000,4484.75000,1132
2026.05.20,21:00,4484.72000,4487.30000,4484.50000,4485.81000,1314
2026.05.20,21:05,4485.83000,4492.19000,4485.83000,4489.69000,1255
2026.05.20,21:10,4489.70000,4490.98000,4486.75000,4487.90000,1070
2026.05.20,21:15,4487.91000,4491.17000,4487.10000,4488.21000,1046
2026.05.20,21:20,4488.23000,4492.69000,4488.07000,4491.48000,1363
2026.05.20,21:25,4491.49000,4492.39000,4488.68000,4488.96000,1133
2026.05.20,21:30,4488.94000,4492.33000,4488.56000,4492.31000,1417
2026.05.20,21:35,4492.37000,4496.98000,4492.11000,4495.67000,2088
2026.05.20,21:40,4495.64000,4496.74000,4493.78000,4494.23000,1621
2026.05.20,21:45,4494.24000,4495.67000,4492.02000,4492.40000,1233
2026.05.20,21:50,4492.41000,4495.15000,4489.90000,4494.64000,1270
2026.05.20,21:55,4494.65000,4494.80000,4492.49000,4494.45000,1283
2026.05.20,22:00,4494.43000,4496.75000,4492.67000,4494.24000,1643
2026.05.20,22:05,4494.23000,4495.86000,4494.00000,4494.63000,1330
2026.05.20,22:10,4494.45000,4496.09000,4492.86000,4493.01000,1170
2026.05.20,22:15,4492.99000,4496.48000,4491.55000,4491.83000,1247
2026.05.20,22:20,4491.89000,4496.50000,4491.01000,4495.79000,1195
2026.05.20,22:25,4495.81000,4501.06000,4495.36000,4499.87000,1452
2026.05.20,22:30,4499.85000,4500.41000,4496.46000,4498.50000,1497
2026.05.20,22:35,4498.53000,4499.12000,4495.94000,4497.66000,1293
2026.05.20,22:40,4497.74000,4498.34000,4493.32000,4495.27000,1946
2026.05.20,22:45,4495.26000,4496.77000,4491.88000,4492.99000,1900
2026.05.20,22:50,4493.04000,4498.12000,4490.75000,4498.12000,2069
2026.05.20,22:55,4498.13000,4499.53000,4495.96000,4499.06000,1479
2026.05.20,23:00,4499.05000,4500.96000,4495.76000,4496.40000,1908
2026.05.20,23:05,4496.41000,4499.87000,4495.72000,4497.51000,1838
2026.05.20,23:10,4497.45000,4497.79000,4496.09000,4496.58000,1282
2026.05.20,23:15,4496.57000,4497.09000,4493.87000,4494.46000,1736
2026.05.20,23:20,4494.26000,4496.93000,4492.90000,4496.38000,2609
2026.05.20,23:25,4496.29000,4499.69000,4496.09000,4499.69000,2716
2026.05.20,23:30,4499.63000,4504.34000,4499.14000,4503.53000,2663
2026.05.20,23:35,4503.49000,4504.51000,4500.83000,4503.78000,2206
2026.05.20,23:40,4503.80000,4504.42000,4501.11000,4502.76000,2010
2026.05.20,23:45,4502.77000,4505.33000,4501.66000,4502.88000,1868
2026.05.20,23:50,4502.78000,4502.91000,4498.25000,4498.43000,1636
2026.05.20,23:55,4498.39000,4498.79000,4493.78000,4496.18000,1875
2026.05.21,00:00,4496.16000,4501.22000,4493.76000,4497.61000,3835
2026.05.21,00:05,4497.63000,4501.72000,4496.35000,4498.54000,3222
2026.05.21,00:10,4498.59000,4506.16000,4497.18000,4505.11000,2604
2026.05.21,00:15,4505.09000,4505.34000,4498.88000,4499.28000,2995
2026.05.21,00:20,4499.29000,4500.48000,4493.90000,4494.13000,2184
2026.05.21,00:25,4494.10000,4494.95000,4489.20000,4489.25000,2871
2026.05.21,00:30,4489.54000,4493.05000,4487.77000,4491.48000,4202
2026.05.21,00:35,4491.49000,4492.96000,4484.66000,4485.30000,4556
2026.05.21,00:40,4485.34000,4490.44000,4482.85000,4489.78000,4454
2026.05.21,00:45,4489.74000,4492.13000,4486.19000,4487.04000,3969
2026.05.21,00:50,4487.00000,4489.45000,4484.78000,4486.01000,3854
2026.05.21,00:55,4485.99000,4486.26000,4482.00000,4482.99000,3445
2026.05.21,01:00,4482.91000,4485.23000,4480.74000,4481.36000,3521
2026.05.21,01:05,4481.24000,4481.73000,4474.56000,4476.13000,3535
2026.05.21,01:10,4476.27000,4480.65000,4466.97000,4476.95000,5299
2026.05.21,01:15,4476.58000,4503.38000,4476.58000,4498.51000,7889
2026.05.21,01:20,4498.33000,4510.61000,4495.30000,4502.94000,6370
2026.05.21,01:25,4502.92000,4507.17000,4498.79000,4507.06000,5451
2026.05.21,01:30,4507.10000,4528.70000,4507.10000,4524.44000,6899
2026.05.21,01:35,4524.72000,4526.85000,4515.26000,4523.45000,6004
2026.05.21,01:40,4523.60000,4523.96000,4516.92000,4520.67000,4348
2026.05.21,01:45,4520.94000,4524.09000,4516.56000,4521.83000,4211
2026.05.21,01:50,4521.84000,4529.93000,4521.03000,4529.37000,4126
2026.05.21,01:55,4529.57000,4537.23000,4528.62000,4531.24000,4035
2026.05.21,02:00,4531.25000,4535.67000,4529.36000,4530.37000,4006
2026.05.21,02:05,4530.32000,4531.89000,4523.84000,4526.39000,3537
2026.05.21,02:10,4526.42000,4527.00000,4523.04000,4524.48000,3709
2026.05.21,02:15,4524.44000,4552.66000,4524.34000,4543.35000,7570
2026.05.21,02:20,4543.30000,4545.35000,4535.63000,4536.28000,5316
2026.05.21,02:25,4536.26000,4537.33000,4528.51000,4529.51000,4151
2026.05.21,02:30,4529.43000,4535.00000,4527.58000,4535.00000,4428
2026.05.21,02:35,4535.01000,4539.20000,4534.42000,4537.61000,3506
2026.05.21,02:40,4537.75000,4539.46000,4534.59000,4536.83000,3125
2026.05.21,02:45,4536.84000,4537.71000,4535.10000,4537.19000,3011
2026.05.21,02:50,4537.22000,4537.91000,4532.54000,4533.30000,3504
2026.05.21,02:55,4533.39000,4534.11000,4527.26000,4529.11000,3835
2026.05.21,03:00,4529.18000,4532.21000,4528.28000,4531.94000,2337
2026.05.21,03:05,4531.92000,4535.31000,4531.35000,4533.31000,2320
2026.05.21,03:10,4533.30000,4534.77000,4531.30000,4533.74000,2310
2026.05.21,03:15,4533.75000,4533.80000,4529.47000,4530.85000,2176
2026.05.21,03:20,4530.84000,4531.34000,4524.88000,4526.09000,3333
2026.05.21,03:25,4526.05000,4527.57000,4524.04000,4526.06000,2918
2026.05.21,03:30,4526.07000,4529.48000,4524.12000,4525.72000,2870
2026.05.21,03:35,4525.71000,4528.75000,4525.29000,4527.51000,2227
2026.05.21,03:40,4527.58000,4533.66000,4527.27000,4533.59000,2338
2026.05.21,03:45,4533.62000,4534.98000,4529.97000,4532.13000,3215
2026.05.21,03:50,4531.99000,4533.29000,4530.85000,4532.48000,2355
2026.05.21,03:55,4532.50000,4535.44000,4531.06000,4534.35000,2137
2026.05.21,04:00,4534.36000,4534.83000,4531.31000,4531.99000,2261
2026.05.21,04:05,4532.01000,4535.58000,4530.99000,4535.53000,2151
2026.05.21,04:10,4535.56000,4538.17000,4533.19000,4534.29000,2734
2026.05.21,04:15,4534.22000,4535.63000,4532.93000,4535.05000,2245
2026.05.21,04:20,4535.03000,4536.78000,4532.96000,4533.77000,2338
2026.05.21,04:25,4533.78000,4536.33000,4530.83000,4532.43000,2944
2026.05.21,04:30,4532.45000,4535.16000,4529.84000,4531.03000,2801
2026.05.21,04:35,4531.02000,4536.34000,4530.31000,4535.78000,3017
2026.05.21,04:40,4535.77000,4536.07000,4532.93000,4533.06000,1995
2026.05.21,04:45,4533.08000,4535.24000,4532.29000,4533.49000,1958
2026.05.21,04:50,4533.53000,4534.53000,4531.93000,4531.94000,1704
2026.05.21,04:55,4531.97000,4532.61000,4530.27000,4531.07000,1089
2026.05.21,05:00,4531.13000,4533.18000,4528.91000,4532.34000,1790
2026.05.21,05:05,4532.35000,4533.59000,4530.44000,4532.82000,2093
2026.05.21,05:10,4532.78000,4534.00000,4532.16000,4532.93000,1803
2026.05.21,05:15,4532.92000,4536.62000,4532.73000,4536.23000,2181
2026.05.21,05:20,4536.27000,4536.58000,4532.73000,4533.65000,2483
2026.05.21,05:25,4533.64000,4535.16000,4531.84000,4534.96000,2617
2026.05.21,05:30,4534.98000,4539.78000,4534.98000,4539.66000,2084
2026.05.21,05:35,4539.67000,4543.52000,4539.58000,4542.81000,2078
2026.05.21,05:40,4542.89000,4543.21000,4536.90000,4537.19000,1897
2026.05.21,05:45,4537.26000,4540.66000,4536.67000,4539.68000,1943
2026.05.21,05:50,4539.61000,4543.23000,4539.10000,4541.91000,1535
2026.05.21,05:55,4541.94000,4545.11000,4541.75000,4542.27000,1624
2026.05.21,06:00,4542.32000,4544.74000,4542.04000,4542.52000,1658
2026.05.21,06:05,4542.54000,4544.16000,4541.65000,4543.27000,1629
2026.05.21,06:10,4542.99000,4545.25000,4542.77000,4543.91000,1173
2026.05.21,06:15,4543.93000,4545.74000,4543.60000,4545.64000,1303
2026.05.21,06:20,4545.66000,4545.97000,4543.17000,4544.13000,1163
2026.05.21,06:25,4544.15000,4545.70000,4543.55000,4544.89000,1121
2026.05.21,06:30,4544.91000,4547.35000,4544.91000,4545.45000,1407
2026.05.21,06:35,4545.43000,4550.24000,4545.19000,4548.15000,1616
2026.05.21,06:40,4548.07000,4549.29000,4545.35000,4546.46000,1668
2026.05.21,06:45,4546.33000,4547.74000,4545.51000,4546.31000,1440
2026.05.21,06:50,4546.29000,4548.61000,4545.34000,4548.09000,1951
2026.05.21,06:55,4548.16000,4548.48000,4545.29000,4545.55000,2480
2026.05.21,07:00,4545.48000,4547.94000,4545.48000,4546.64000,1201
2026.05.21,07:05,4546.65000,4547.21000,4545.26000,4546.28000,618
2026.05.21,07:10,4546.43000,4550.39000,4545.61000,4546.73000,793
2026.05.21,07:15,4546.76000,4548.30000,4545.25000,4547.02000,997
2026.05.21,07:20,4546.76000,4546.76000,4542.82000,4545.28000,2151
2026.05.21,07:25,4545.25000,4546.39000,4544.88000,4545.54000,1273
2026.05.21,07:30,4545.56000,4546.20000,4543.52000,4543.98000,1180
2026.05.21,07:35,4543.97000,4544.82000,4542.99000,4543.63000,853
2026.05.21,07:40,4543.61000,4544.31000,4542.68000,4543.37000,836
2026.05.21,07:45,4543.22000,4544.72000,4542.37000,4542.95000,757
2026.05.21,07:50,4542.97000,4544.25000,4542.09000,4543.07000,581
2026.05.21,07:55,4543.06000,4544.30000,4542.56000,4543.11000,651
2026.05.21,09:00,4547.17000,4547.19000,4542.83000,4544.31000,1033
2026.05.21,09:05,4544.24000,4546.86000,4539.22000,4539.38000,1666
2026.05.21,09:10,4539.42000,4542.56000,4538.29000,4539.72000,1584
2026.05.21,09:15,4539.73000,4540.31000,4536.91000,4537.56000,1107
2026.05.21,09:20,4537.67000,4538.58000,4534.98000,4536.79000,1367
2026.05.21,09:25,4536.94000,4539.16000,4536.02000,4538.48000,774
2026.05.21,09:30,4538.47000,4542.33000,4538.34000,4541.01000,853
2026.05.21,09:35,4541.46000,4543.29000,4540.27000,4542.69000,616
2026.05.21,09:40,4542.65000,4543.08000,4540.28000,4542.32000,549
2026.05.21,09:45,4542.29000,4544.63000,4540.21000,4541.18000,786
2026.05.21,09:50,4541.17000,4542.09000,4537.01000,4540.42000,1091
2026.05.21,09:55,4540.69000,4541.77000,4537.25000,4539.99000,925
2026.05.21,10:00,4540.01000,4542.08000,4539.62000,4542.06000,658
2026.05.21,10:05,4542.07000,4543.11000,4538.55000,4538.59000,706
2026.05.21,10:10,4538.29000,4540.35000,4537.56000,4539.59000,756
2026.05.21,10:15,4539.83000,4540.52000,4538.86000,4539.14000,584
2026.05.21,10:20,4539.12000,4539.15000,4536.09000,4537.00000,858
2026.05.21,10:25,4537.01000,4538.64000,4534.43000,4538.64000,1122
2026.05.21,10:30,4538.69000,4541.05000,4537.81000,4539.98000,811
2026.05.21,10:35,4540.17000,4545.40000,4539.60000,4545.13000,719
2026.05.21,10:40,4545.07000,4545.07000,4542.06000,4542.87000,716
2026.05.21,10:45,4542.86000,4547.17000,4541.45000,4545.20000,1025
2026.05.21,10:50,4545.23000,4545.39000,4542.76000,4544.83000,748
2026.05.21,10:55,4544.84000,4546.54000,4543.92000,4546.49000,906
2026.05.21,11:00,4546.57000,4548.69000,4540.17000,4542.16000,2602
2026.05.21,11:05,4542.25000,4544.97000,4539.92000,4543.97000,2520
2026.05.21,11:10,4544.00000,4545.69000,4542.50000,4544.58000,2381
2026.05.21,11:15,4544.54000,4553.34000,4539.91000,4545.56000,3085
2026.05.21,11:20,4545.55000,4546.23000,4538.60000,4540.72000,2165
2026.05.21,11:25,4540.74000,4545.04000,4537.17000,4543.48000,2078
2026.05.21,11:30,4543.49000,4544.98000,4539.18000,4544.28000,1901
2026.05.21,11:35,4544.29000,4544.87000,4542.03000,4542.22000,1619
2026.05.21,11:40,4542.09000,4543.74000,4540.98000,4543.56000,1206
2026.05.21,11:45,4543.55000,4544.75000,4541.77000,4544.11000,1362
2026.05.21,11:50,4544.22000,4548.61000,4543.29000,4547.72000,1193
2026.05.21,11:55,4547.53000,4548.21000,4544.65000,4544.86000,1610
2026.05.21,12:00,4545.23000,4549.10000,4539.54000,4543.36000,3926
2026.05.21,12:05,4543.35000,4550.82000,4540.72000,4549.35000,2923
2026.05.21,12:10,4549.36000,4560.13000,4549.08000,4559.68000,3226
2026.05.21,12:15,4559.99000,4561.28000,4558.16000,4559.50000,2570
2026.05.21,12:20,4559.46000,4567.44000,4556.87000,4564.65000,2379
2026.05.21,12:25,4564.69000,4567.54000,4560.13000,4566.70000,1992
2026.05.21,12:30,4566.78000,4569.14000,4561.62000,4562.55000,2894
2026.05.21,12:35,4562.58000,4566.72000,4561.32000,4565.27000,2329
2026.05.21,12:40,4565.55000,4570.70000,4565.21000,4567.46000,2288
2026.05.21,12:45,4567.45000,4568.36000,4564.94000,4564.94000,1982
2026.05.21,12:50,4565.00000,4565.53000,4558.74000,4559.50000,2543
2026.05.21,12:55,4559.49000,4561.79000,4559.05000,4560.62000,2363
2026.05.21,13:00,4560.60000,4564.61000,4556.66000,4557.04000,2154
2026.05.21,13:05,4556.71000,4559.43000,4554.95000,4555.54000,2250
2026.05.21,13:10,4555.85000,4555.85000,4550.38000,4551.44000,2237
2026.05.21,13:15,4551.47000,4552.96000,4546.87000,4548.56000,1920
2026.05.21,13:20,4548.55000,4549.48000,4545.94000,4547.71000,1735
2026.05.21,13:25,4548.02000,4548.53000,4539.63000,4540.44000,1583
2026.05.21,13:30,4540.43000,4542.36000,4533.67000,4537.13000,3065
2026.05.21,13:35,4536.80000,4541.71000,4536.80000,4539.79000,1997
2026.05.21,13:40,4539.87000,4540.20000,4534.04000,4536.36000,2389
2026.05.21,13:45,4536.34000,4537.27000,4531.43000,4534.11000,2143
2026.05.21,13:50,4534.10000,4536.62000,4533.12000,4533.41000,1642
2026.05.21,13:55,4533.44000,4535.68000,4532.19000,4532.79000,1764
2026.05.21,14:00,4532.78000,4535.39000,4531.15000,4534.90000,1917
2026.05.21,14:05,4534.89000,4537.77000,4533.97000,4537.25000,1585
2026.05.21,14:10,4537.18000,4539.03000,4536.58000,4537.63000,1323
2026.05.21,14:15,4537.67000,4537.79000,4532.71000,4535.08000,1477
2026.05.21,14:20,4535.03000,4540.13000,4535.03000,4537.59000,1385
2026.05.21,14:25,4537.64000,4538.20000,4533.85000,4535.75000,1654
2026.05.21,14:30,4535.53000,4537.18000,4533.36000,4534.16000,1204
2026.05.21,14:35,4534.17000,4534.57000,4531.50000,4532.61000,1235
2026.05.21,14:40,4532.60000,4536.06000,4531.65000,4533.72000,1076
2026.05.21,14:45,4533.73000,4534.31000,4531.24000,4531.77000,899
2026.05.21,14:50,4531.78000,4532.01000,4527.28000,4527.75000,1204
2026.05.21,14:55,4528.20000,4529.86000,4527.15000,4528.27000,1382
2026.05.21,15:00,4528.28000,4533.01000,4527.06000,4531.97000,1322
2026.05.21,15:05,4531.99000,4533.66000,4530.78000,4532.55000,1323
2026.05.21,15:10,4532.57000,4536.63000,4532.38000,4536.08000,1234
2026.05.21,15:15,4536.09000,4536.57000,4534.09000,4534.47000,1093
2026.05.21,15:20,4534.54000,4537.18000,4534.24000,4536.80000,910
2026.05.21,15:25,4536.81000,4540.16000,4536.79000,4539.81000,1019
2026.05.21,15:30,4539.86000,4540.51000,4536.34000,4536.90000,1201
2026.05.21,15:35,4536.91000,4537.47000,4533.80000,4537.15000,732
2026.05.21,15:40,4537.18000,4538.20000,4536.17000,4537.29000,668
2026.05.21,15:45,4537.30000,4537.30000,4535.38000,4536.35000,578
2026.05.21,15:50,4536.37000,4538.78000,4535.70000,4535.85000,670
2026.05.21,15:55,4535.92000,4539.23000,4535.90000,4538.45000,734
2026.05.21,16:00,4538.48000,4540.45000,4536.58000,4537.93000,1476
2026.05.21,16:05,4537.94000,4538.31000,4530.82000,4531.72000,1815
2026.05.21,16:10,4531.71000,4533.37000,4529.64000,4530.63000,1990
2026.05.21,16:15,4530.64000,4531.02000,4525.65000,4526.94000,1794
2026.05.21,16:20,4526.93000,4527.48000,4524.74000,4524.94000,1584
2026.05.21,16:25,4524.98000,4528.26000,4521.42000,4522.81000,1649
2026.05.21,16:30,4522.79000,4526.98000,4518.07000,4525.79000,2633
2026.05.21,16:35,4525.67000,4527.19000,4521.03000,4525.59000,2209
2026.05.21,16:40,4525.62000,4526.83000,4523.95000,4525.93000,1951
2026.05.21,16:45,4525.94000,4526.81000,4518.38000,4523.17000,2495
2026.05.21,16:50,4523.50000,4530.00000,4522.59000,4529.42000,1953
2026.05.21,16:55,4529.40000,4529.89000,4525.42000,4528.01000,1882
2026.05.21,17:00,4528.00000,4535.28000,4526.55000,4533.42000,2002
2026.05.21,17:05,4533.48000,4535.22000,4530.86000,4531.09000,1859
2026.05.21,17:10,4531.12000,4532.40000,4527.10000,4531.16000,1987
2026.05.21,17:15,4531.17000,4532.85000,4528.65000,4530.59000,2058
2026.05.21,17:20,4530.58000,4539.92000,4529.58000,4534.01000,2599
2026.05.21,17:25,4533.98000,4535.12000,4529.85000,4532.98000,1913
2026.05.21,17:30,4532.95000,4535.21000,4528.11000,4529.79000,2433
2026.05.21,17:35,4529.80000,4531.45000,4527.45000,4527.82000,2060
2026.05.21,17:40,4527.91000,4528.04000,4522.91000,4524.84000,1895
2026.05.21,17:45,4524.86000,4526.34000,4521.69000,4523.93000,1970
2026.05.21,17:50,4523.94000,4524.30000,4520.42000,4522.44000,2645
2026.05.21,17:55,4522.42000,4523.26000,4518.78000,4521.58000,2296
2026.05.21,18:00,4521.52000,4524.35000,4518.96000,4520.72000,2362
2026.05.21,18:05,4520.70000,4522.52000,4518.22000,4521.85000,1876
2026.05.21,18:10,4521.45000,4522.09000,4518.99000,4520.58000,1815
2026.05.21,18:15,4520.47000,4521.48000,4517.34000,4521.17000,2220
2026.05.21,18:20,4521.14000,4523.40000,4517.40000,4518.12000,1819
2026.05.21,18:25,4518.09000,4518.79000,4511.71000,4512.52000,2008
2026.05.21,18:30,4512.51000,4517.25000,4511.69000,4516.62000,1907
2026.05.21,18:35,4516.57000,4517.50000,4514.42000,4515.52000,1875
2026.05.21,18:40,4515.54000,4517.34000,4514.13000,4516.47000,1092
2026.05.21,18:45,4516.46000,4518.23000,4514.18000,4518.13000,1182
2026.05.21,18:50,4518.11000,4523.38000,4515.75000,4520.86000,1431
2026.05.21,18:55,4520.83000,4522.68000,4519.41000,4519.55000,1205
2026.05.21,19:00,4519.53000,4523.54000,4518.09000,4523.25000,1706
2026.05.21,19:05,4523.29000,4529.15000,4522.18000,4528.57000,1930
2026.05.21,19:10,4528.61000,4535.56000,4527.69000,4534.16000,3649
2026.05.21,19:15,4534.22000,4536.76000,4530.10000,4530.33000,3595
2026.05.21,19:20,4530.32000,4533.13000,4529.67000,4532.81000,2278
2026.05.21,19:25,4532.87000,4536.73000,4529.20000,4535.52000,2278
2026.05.21,19:30,4535.68000,4535.68000,4528.10000,4529.53000,2845
2026.05.21,19:35,4529.57000,4531.33000,4526.30000,4528.04000,2072
2026.05.21,19:40,4528.08000,4532.43000,4527.89000,4529.03000,1476
2026.05.21,19:45,4529.02000,4533.02000,4528.03000,4530.61000,2031
2026.05.21,19:50,4530.59000,4532.79000,4529.91000,4532.33000,1881
2026.05.21,19:55,4532.40000,4534.53000,4532.16000,4532.44000,2152
2026.05.21,20:00,4532.43000,4534.02000,4531.93000,4532.24000,2414
2026.05.21,20:05,4532.27000,4536.05000,4531.85000,4533.87000,2907
2026.05.21,20:10,4533.81000,4540.43000,4533.24000,4537.86000,2265
2026.05.21,20:15,4537.82000,4541.17000,4536.50000,4540.53000,1629
2026.05.21,20:20,4540.51000,4542.52000,4537.01000,4537.27000,1636
2026.05.21,20:25,4537.28000,4539.48000,4535.28000,4536.73000,2057
2026.05.21,20:30,4536.63000,4542.84000,4533.38000,4535.26000,2578
2026.05.21,20:35,4535.25000,4536.63000,4532.51000,4532.58000,1523
2026.05.21,20:40,4532.66000,4534.78000,4529.48000,4529.48000,1576
2026.05.21,20:45,4529.68000,4532.17000,4527.75000,4531.52000,2092
2026.05.21,20:50,4531.51000,4533.08000,4531.28000,4532.66000,1141
2026.05.21,20:55,4532.67000,4532.99000,4529.73000,4530.50000,1110
2026.05.21,21:00,4530.48000,4533.68000,4529.95000,4533.58000,1254
2026.05.21,21:05,4533.56000,4535.20000,4530.61000,4534.66000,1664
2026.05.21,21:10,4534.72000,4535.17000,4529.80000,4532.85000,1470
2026.05.21,21:15,4532.75000,4534.75000,4530.73000,4534.48000,1761
2026.05.21,21:20,4534.49000,4534.58000,4532.05000,4534.25000,1180
2026.05.21,21:25,4534.26000,4534.72000,4510.54000,4518.06000,5542
2026.05.21,21:30,4518.28000,4518.38000,4507.87000,4514.58000,5127
2026.05.21,21:35,4514.57000,4517.96000,4507.29000,4508.88000,4629
2026.05.21,21:40,4508.70000,4518.29000,4504.80000,4517.06000,4466
2026.05.21,21:45,4517.03000,4517.92000,4513.79000,4516.66000,3208
2026.05.21,21:50,4516.64000,4517.39000,4510.93000,4515.79000,3111
2026.05.21,21:55,4515.81000,4516.38000,4510.73000,4511.62000,3236
2026.05.21,22:00,4511.74000,4520.16000,4510.66000,4516.16000,3271
2026.05.21,22:05,4516.12000,4518.20000,4514.69000,4516.76000,2534
2026.05.21,22:10,4516.75000,4518.26000,4515.13000,4516.31000,2076
2026.05.21,22:15,4516.26000,4519.91000,4515.60000,4519.05000,1905
2026.05.21,22:20,4519.03000,4521.17000,4514.59000,4516.02000,2499
2026.05.21,22:25,4515.96000,4515.98000,4512.52000,4513.98000,1810
2026.05.21,22:30,4514.08000,4515.99000,4510.33000,4510.69000,1623
2026.05.21,22:35,4510.74000,4512.22000,4508.02000,4510.81000,1835
2026.05.21,22:40,4510.77000,4514.14000,4510.21000,4512.17000,1648
2026.05.21,22:45,4512.14000,4515.11000,4511.75000,4513.29000,1213
2026.05.21,22:50,4513.20000,4517.35000,4512.69000,4514.18000,1564
2026.05.21,22:55,4514.34000,4514.36000,4510.85000,4514.09000,2123
2026.05.21,23:00,4514.10000,4516.79000,4514.03000,4515.45000,1798
2026.05.21,23:05,4515.42000,4518.28000,4513.71000,4517.86000,1965
2026.05.21,23:10,4517.89000,4519.26000,4513.63000,4514.65000,2058
2026.05.21,23:15,4514.68000,4514.76000,4509.74000,4512.52000,2160
2026.05.21,23:20,4512.50000,4512.91000,4506.13000,4506.62000,2473
2026.05.21,23:25,4506.63000,4507.92000,4503.72000,4506.32000,2028
2026.05.21,23:30,4506.20000,4517.67000,4505.25000,4514.55000,3189
2026.05.21,23:35,4514.53000,4516.92000,4508.61000,4511.78000,3484
2026.05.21,23:40,4511.79000,4515.14000,4510.05000,4514.85000,2820
2026.05.21,23:45,4514.87000,4518.04000,4509.73000,4510.17000,2413
2026.05.21,23:50,4510.11000,4510.89000,4507.11000,4508.14000,2365
2026.05.21,23:55,4508.15000,4509.72000,4501.77000,4504.02000,2671
2026.05.22,00:00,4504.04000,4512.14000,4499.27000,4512.01000,4315
2026.05.22,00:05,4512.03000,4512.59000,4501.79000,4504.57000,4079
2026.05.22,00:10,4504.56000,4505.30000,4500.71000,4502.27000,3625
2026.05.22,00:15,4502.03000,4505.36000,4497.01000,4498.96000,3938
2026.05.22,00:20,4498.99000,4503.03000,4496.62000,4498.08000,3748
2026.05.22,00:25,4498.12000,4500.89000,4495.31000,4500.89000,2851
2026.05.22,00:30,4501.15000,4501.20000,4490.04000,4493.97000,4956
2026.05.22,00:35,4493.98000,4495.92000,4488.46000,4492.12000,4915
2026.05.22,00:40,4492.10000,4502.61000,4491.84000,4497.28000,3884
2026.05.22,00:45,4497.14000,4503.44000,4494.58000,4500.14000,3886
2026.05.22,00:50,4500.19000,4520.95000,4499.42000,4517.91000,5458
2026.05.22,00:55,4517.89000,4520.66000,4511.74000,4512.94000,5128
2026.05.22,01:00,4512.90000,4515.32000,4505.07000,4507.20000,4404
2026.05.22,01:05,4507.25000,4510.18000,4502.45000,4505.18000,4087
2026.05.22,01:10,4505.16000,4509.90000,4503.64000,4508.02000,4327
2026.05.22,01:15,4508.01000,4509.14000,4498.59000,4501.95000,6065
2026.05.22,01:20,4501.91000,4503.97000,4498.05000,4502.27000,5808
2026.05.22,01:25,4502.26000,4507.63000,4501.29000,4507.42000,4672
2026.05.22,01:30,4507.44000,4510.12000,4505.13000,4507.29000,4213
2026.05.22,01:35,4507.28000,4511.33000,4506.46000,4508.73000,3792
2026.05.22,01:40,4508.70000,4509.08000,4502.34000,4504.71000,3868
2026.05.22,01:45,4504.68000,4509.47000,4501.60000,4504.34000,4266
2026.05.22,01:50,4504.36000,4509.35000,4502.12000,4509.08000,4472
2026.05.22,01:55,4509.09000,4510.62000,4507.00000,4508.85000,4582
2026.05.22,02:00,4508.87000,4510.20000,4503.05000,4504.76000,4043
2026.05.22,02:05,4504.67000,4505.31000,4496.67000,4501.76000,5496
2026.05.22,02:10,4501.72000,4515.13000,4499.54000,4509.97000,5142
2026.05.22,02:15,4509.91000,4511.55000,4507.13000,4508.09000,3877
2026.05.22,02:20,4508.11000,4509.96000,4502.99000,4504.53000,4167
2026.05.22,02:25,4504.25000,4505.39000,4502.21000,4503.35000,3705
2026.05.22,02:30,4503.31000,4508.83000,4502.55000,4507.29000,3082
2026.05.22,02:35,4507.13000,4509.83000,4506.59000,4509.27000,3146
2026.05.22,02:40,4509.26000,4509.52000,4506.42000,4506.80000,2597
2026.05.22,02:45,4506.85000,4510.59000,4506.59000,4510.59000,2708
2026.05.22,02:50,4510.56000,4512.69000,4509.40000,4510.90000,2616
2026.05.22,02:55,4510.88000,4512.62000,4509.35000,4511.91000,2217
2026.05.22,03:00,4511.96000,4518.91000,4511.96000,4515.53000,2944
2026.05.22,03:05,4515.61000,4520.76000,4514.96000,4519.83000,3010
2026.05.22,03:10,4519.84000,4520.14000,4514.60000,4517.09000,3512
2026.05.22,03:15,4517.03000,4518.73000,4514.48000,4518.57000,2714
2026.05.22,03:20,4518.55000,4518.84000,4515.30000,4516.84000,3354
2026.05.22,03:25,4516.92000,4517.88000,4515.81000,4516.40000,2723
2026.05.22,03:30,4516.44000,4518.86000,4515.98000,4517.95000,2692
2026.05.22,03:35,4517.94000,4519.29000,4515.93000,4516.55000,2416
2026.05.22,03:40,4516.59000,4518.23000,4515.36000,4517.99000,1698
2026.05.22,03:45,4518.04000,4520.29000,4517.03000,4517.23000,2052
2026.05.22,03:50,4517.34000,4518.86000,4516.13000,4517.28000,2012
2026.05.22,03:55,4517.31000,4519.65000,4516.82000,4519.38000,1831
2026.05.22,04:00,4519.44000,4521.93000,4516.02000,4516.36000,2851
2026.05.22,04:05,4516.37000,4518.45000,4514.06000,4518.00000,2480
2026.05.22,04:10,4518.01000,4531.64000,4517.91000,4526.21000,6465
2026.05.22,04:15,4526.20000,4540.60000,4526.01000,4535.10000,6764
2026.05.22,04:20,4535.14000,4546.18000,4533.10000,4536.76000,6174
2026.05.22,04:25,4536.65000,4541.91000,4535.41000,4541.36000,4588
2026.05.22,04:30,4541.29000,4548.96000,4538.55000,4542.37000,4339
2026.05.22,04:35,4542.44000,4544.88000,4541.74000,4542.58000,3610
2026.05.22,04:40,4542.60000,4548.25000,4542.33000,4548.17000,3709
2026.05.22,04:45,4548.12000,4553.65000,4544.62000,4553.33000,3662
2026.05.22,04:50,4553.35000,4557.82000,4551.58000,4556.53000,4073
2026.05.22,04:55,4556.51000,4559.24000,4551.10000,4551.38000,4465
2026.05.22,05:00,4551.40000,4556.13000,4543.81000,4544.42000,4633
2026.05.22,05:05,4544.39000,4549.74000,4542.88000,4548.64000,4119
2026.05.22,05:10,4548.65000,4549.26000,4544.31000,4546.01000,3805
2026.05.22,05:15,4546.05000,4549.70000,4544.03000,4549.30000,3304
2026.05.22,05:20,4549.29000,4550.66000,4546.53000,4550.32000,2954
2026.05.22,05:25,4550.35000,4550.65000,4546.88000,4548.33000,2967
2026.05.22,05:30,4548.30000,4549.44000,4545.05000,4546.48000,2451
2026.05.22,05:35,4546.37000,4546.47000,4542.74000,4543.50000,2399
2026.05.22,05:40,4543.51000,4547.14000,4542.75000,4545.27000,2356
2026.05.22,05:45,4545.18000,4546.03000,4535.23000,4538.24000,3393
2026.05.22,05:50,4538.48000,4541.69000,4527.80000,4527.84000,5303
2026.05.22,05:55,4527.94000,4532.04000,4527.21000,4531.89000,5162
2026.05.22,06:00,4531.91000,4537.16000,4531.49000,4535.72000,4037
2026.05.22,06:05,4535.75000,4537.28000,4529.58000,4536.54000,3462
2026.05.22,06:10,4536.46000,4537.85000,4534.10000,4537.80000,2656
2026.05.22,06:15,4537.78000,4541.45000,4537.74000,4541.44000,2054
2026.05.22,06:20,4541.46000,4541.96000,4538.86000,4539.42000,1707
2026.05.22,06:25,4539.41000,4540.37000,4537.63000,4538.78000,1988
2026.05.22,06:30,4538.68000,4540.68000,4538.47000,4539.15000,1976
2026.05.22,06:35,4539.31000,4542.49000,4539.14000,4542.29000,1618
2026.05.22,06:40,4542.33000,4543.23000,4539.10000,4539.23000,1743
2026.05.22,06:45,4539.24000,4542.11000,4539.02000,4541.49000,1507
2026.05.22,06:50,4541.47000,4542.99000,4534.61000,4536.16000,2680
2026.05.22,06:55,4536.19000,4543.73000,4535.31000,4543.06000,3495
2026.05.22,07:00,4543.04000,4544.19000,4541.18000,4542.04000,1569
2026.05.22,07:05,4542.07000,4544.68000,4541.03000,4541.30000,1060
2026.05.22,07:10,4541.29000,4543.13000,4541.10000,4542.44000,773
2026.05.22,07:15,4542.33000,4542.33000,4541.04000,4541.80000,680
2026.05.22,07:20,4541.79000,4542.72000,4540.48000,4540.76000,681
2026.05.22,07:25,4540.77000,4541.37000,4540.12000,4541.19000,631
2026.05.22,07:30,4541.18000,4542.15000,4540.34000,4540.78000,559
2026.05.22,07:35,4540.89000,4541.93000,4540.25000,4541.40000,569
2026.05.22,07:40,4541.39000,4541.72000,4540.29000,4540.71000,445
2026.05.22,07:45,4540.50000,4541.26000,4540.08000,4540.36000,504
2026.05.22,07:50,4540.35000,4541.87000,4539.64000,4541.51000,499
2026.05.22,07:55,4541.55000,4543.49000,4541.31000,4542.57000,461
2026.05.22,09:00,4541.89000,4545.61000,4541.03000,4544.43000,803
2026.05.22,09:05,4544.42000,4544.43000,4540.07000,4540.10000,1721
2026.05.22,09:10,4540.08000,4543.27000,4539.42000,4541.93000,608
2026.05.22,09:15,4541.91000,4543.29000,4541.56000,4542.69000,708
2026.05.22,09:20,4542.66000,4542.66000,4541.55000,4541.91000,588
2026.05.22,09:25,4541.90000,4541.94000,4539.67000,4540.69000,1672
2026.05.22,09:30,4540.71000,4541.58000,4540.38000,4540.52000,331
2026.05.22,09:35,4540.81000,4541.49000,4539.51000,4539.99000,800
2026.05.22,09:40,4540.01000,4543.38000,4539.84000,4542.52000,855
2026.05.22,09:45,4542.27000,4542.98000,4541.38000,4541.86000,404
2026.05.22,09:50,4541.85000,4541.91000,4540.45000,4540.49000,448
2026.05.22,09:55,4540.48000,4543.38000,4540.44000,4543.22000,595
2026.05.22,10:00,4543.18000,4544.91000,4542.41000,4543.03000,600
2026.05.22,10:05,4543.05000,4543.62000,4542.22000,4542.79000,385
2026.05.22,10:10,4543.13000,4544.05000,4542.43000,4543.58000,442
2026.05.22,10:15,4543.57000,4544.18000,4540.83000,4541.05000,523
2026.05.22,10:20,4541.06000,4541.67000,4536.07000,4538.68000,609
2026.05.22,10:25,4538.65000,4540.95000,4538.42000,4540.49000,376
2026.05.22,10:30,4540.18000,4540.18000,4536.30000,4537.33000,562
2026.05.22,10:35,4537.59000,4537.68000,4535.35000,4537.38000,559
2026.05.22,10:40,4537.35000,4537.80000,4532.09000,4532.09000,848
2026.05.22,10:45,4532.33000,4536.01000,4532.20000,4535.81000,953
2026.05.22,10:50,4535.77000,4536.57000,4532.24000,4532.86000,781
2026.05.22,10:55,4533.26000,4535.96000,4532.87000,4535.41000,649
2026.05.22,11:00,4535.40000,4536.98000,4530.80000,4532.01000,2037
2026.05.22,11:05,4532.02000,4534.43000,4531.53000,4533.60000,1920
2026.05.22,11:10,4533.59000,4533.59000,4531.25000,4531.25000,1595
2026.05.22,11:15,4531.26000,4534.10000,4530.15000,4532.16000,1580
2026.05.22,11:20,4532.18000,4537.23000,4531.83000,4534.05000,1891
2026.05.22,11:25,4534.02000,4536.35000,4532.93000,4536.26000,1382
2026.05.22,11:30,4536.28000,4538.96000,4535.52000,4536.96000,1551
2026.05.22,11:35,4536.98000,4541.23000,4535.99000,4540.11000,1662
2026.05.22,11:40,4540.09000,4541.04000,4537.16000,4537.62000,1462
2026.05.22,11:45,4537.60000,4538.81000,4533.85000,4534.33000,1279
2026.05.22,11:50,4534.34000,4536.02000,4527.13000,4529.14000,1685
2026.05.22,11:55,4529.13000,4530.51000,4525.38000,4526.63000,1509
2026.05.22,12:00,4526.62000,4536.18000,4525.94000,4529.65000,3159
2026.05.22,12:05,4529.96000,4530.98000,4523.41000,4525.35000,3145
2026.05.22,12:10,4525.37000,4529.93000,4524.40000,4529.81000,2193
2026.05.22,12:15,4529.83000,4532.66000,4528.29000,4531.48000,2127
2026.05.22,12:20,4531.51000,4533.40000,4527.37000,4528.11000,2011
2026.05.22,12:25,4528.12000,4532.02000,4526.07000,4528.71000,1904
2026.05.22,12:30,4528.98000,4529.87000,4524.21000,4525.53000,2424
2026.05.22,12:35,4525.51000,4526.43000,4521.79000,4522.94000,2163
2026.05.22,12:40,4522.98000,4527.82000,4521.10000,4525.21000,2331
2026.05.22,12:45,4525.20000,4529.15000,4524.55000,4527.88000,2138
2026.05.22,12:50,4527.89000,4531.70000,4526.64000,4527.40000,2155
2026.05.22,12:55,4527.35000,4527.92000,4525.25000,4526.47000,2146
2026.05.22,13:00,4526.44000,4528.63000,4524.90000,4526.80000,2039
2026.05.22,13:05,4526.79000,4527.02000,4521.22000,4526.03000,2057
2026.05.22,13:10,4526.04000,4529.41000,4524.80000,4527.54000,1517
2026.05.22,13:15,4527.65000,4529.00000,4523.76000,4523.88000,1304
2026.05.22,13:20,4523.86000,4525.96000,4522.67000,4524.15000,1478
2026.05.22,13:25,4524.17000,4525.57000,4523.54000,4524.72000,1399
2026.05.22,13:30,4524.69000,4524.69000,4518.03000,4519.84000,2414
2026.05.22,13:35,4519.82000,4522.49000,4519.59000,4521.87000,1495
2026.05.22,13:40,4521.66000,4524.39000,4521.32000,4522.59000,1483
2026.05.22,13:45,4522.64000,4525.12000,4522.13000,4525.04000,1510
2026.05.22,13:50,4525.05000,4527.08000,4521.83000,4522.01000,1552
2026.05.22,13:55,4522.00000,4523.42000,4519.35000,4523.24000,1644
2026.05.22,14:00,4523.22000,4525.25000,4521.55000,4525.20000,1470
2026.05.22,14:05,4525.18000,4525.39000,4521.06000,4522.30000,1269
2026.05.22,14:10,4522.31000,4524.57000,4520.35000,4521.11000,1120
2026.05.22,14:15,4521.26000,4522.96000,4520.06000,4521.71000,1226
2026.05.22,14:20,4521.72000,4523.05000,4519.91000,4520.43000,1149
2026.05.22,14:25,4520.45000,4522.26000,4519.00000,4521.69000,1160
2026.05.22,14:30,4521.74000,4526.11000,4521.55000,4524.03000,1694
2026.05.22,14:35,4524.01000,4525.90000,4522.89000,4524.53000,659
2026.05.22,14:40,4524.51000,4527.77000,4523.45000,4526.90000,820
2026.05.22,14:45,4526.83000,4530.11000,4526.75000,4529.38000,844
2026.05.22,14:50,4529.26000,4529.51000,4526.22000,4527.33000,773
2026.05.22,14:55,4527.34000,4529.56000,4527.02000,4529.27000,704
2026.05.22,15:00,4529.51000,4530.09000,4527.97000,4528.54000,646
2026.05.22,15:05,4528.56000,4530.19000,4528.25000,4528.31000,916
2026.05.22,15:10,4528.32000,4529.93000,4527.68000,4529.19000,1070
2026.05.22,15:15,4529.26000,4529.92000,4528.02000,4528.17000,1035
2026.05.22,15:20,4528.16000,4529.31000,4527.70000,4528.20000,1097
2026.05.22,15:25,4528.21000,4532.88000,4527.98000,4532.07000,1610
2026.05.22,15:30,4532.11000,4532.73000,4529.48000,4529.86000,957
2026.05.22,15:35,4529.84000,4530.10000,4526.06000,4526.31000,919
2026.05.22,15:40,4526.30000,4529.41000,4525.34000,4529.02000,890
2026.05.22,15:45,4529.04000,4529.49000,4528.10000,4528.29000,792
2026.05.22,15:50,4528.27000,4530.15000,4528.15000,4528.89000,859
2026.05.22,15:55,4528.85000,4529.45000,4527.01000,4527.19000,801
2026.05.22,16:00,4527.07000,4529.57000,4523.47000,4525.66000,1408
2026.05.22,16:05,4525.64000,4527.76000,4525.43000,4526.44000,957
2026.05.22,16:10,4526.46000,4526.68000,4525.07000,4525.37000,798
2026.05.22,16:15,4525.41000,4526.56000,4523.37000,4526.26000,951
2026.05.22,16:20,4526.25000,4528.95000,4525.80000,4527.25000,866
2026.05.22,16:25,4527.26000,4529.17000,4525.82000,4526.15000,1015
2026.05.22,16:30,4526.17000,4531.09000,4524.87000,4528.78000,2193
2026.05.22,16:35,4528.80000,4534.01000,4528.29000,4533.79000,2098
2026.05.22,16:40,4533.87000,4534.28000,4531.33000,4534.18000,1964
2026.05.22,16:45,4534.17000,4534.23000,4531.13000,4532.41000,1576
2026.05.22,16:50,4532.43000,4534.15000,4528.50000,4528.73000,1846
2026.05.22,16:55,4528.72000,4528.75000,4506.91000,4511.04000,4419
2026.05.22,17:00,4511.32000,4519.31000,4509.86000,4519.00000,4606
2026.05.22,17:05,4519.01000,4523.26000,4518.32000,4522.88000,3202
2026.05.22,17:10,4522.87000,4524.48000,4520.96000,4521.36000,2473
2026.05.22,17:15,4521.33000,4522.88000,4516.24000,4518.68000,2599
2026.05.22,17:20,4518.71000,4525.51000,4517.19000,4522.48000,2048
2026.05.22,17:25,4522.46000,4526.10000,4521.80000,4525.38000,2169
2026.05.22,17:30,4525.36000,4527.48000,4523.24000,4525.65000,2444
2026.05.22,17:35,4525.78000,4527.08000,4522.67000,4523.07000,1822
2026.05.22,17:40,4523.09000,4526.58000,4521.46000,4526.44000,1938
2026.05.22,17:45,4526.46000,4528.69000,4525.00000,4527.15000,1758
2026.05.22,17:50,4527.06000,4528.26000,4523.82000,4525.10000,1696
2026.05.22,17:55,4525.12000,4527.77000,4525.04000,4526.89000,1543
2026.05.22,18:00,4526.88000,4527.14000,4522.95000,4526.07000,1999
2026.05.22,18:05,4526.08000,4526.44000,4522.68000,4525.22000,1713
2026.05.22,18:10,4525.20000,4526.00000,4521.36000,4522.50000,1632
2026.05.22,18:15,4522.51000,4525.66000,4522.33000,4524.88000,1466
2026.05.22,18:20,4524.82000,4527.30000,4524.47000,4526.38000,1371
2026.05.22,18:25,4526.31000,4527.45000,4524.27000,4525.71000,1380
2026.05.22,18:30,4525.68000,4525.76000,4521.39000,4522.50000,1972
2026.05.22,18:35,4522.55000,4523.47000,4517.16000,4517.16000,1880
2026.05.22,18:40,4517.11000,4520.94000,4516.06000,4519.76000,1611
2026.05.22,18:45,4519.75000,4520.29000,4517.52000,4518.38000,1607
2026.05.22,18:50,4518.36000,4522.74000,4517.67000,4521.59000,1653
2026.05.22,18:55,4521.57000,4523.24000,4521.03000,4521.66000,1218
2026.05.22,19:00,4521.68000,4525.96000,4521.28000,4525.03000,1706
2026.05.22,19:05,4524.92000,4527.63000,4523.68000,4527.03000,1515
2026.05.22,19:10,4527.06000,4530.05000,4524.15000,4524.54000,1612
2026.05.22,19:15,4524.55000,4528.67000,4523.54000,4527.93000,2623
2026.05.22,19:20,4527.91000,4531.13000,4525.81000,4527.94000,3001
2026.05.22,19:25,4528.06000,4528.73000,4524.32000,4527.09000,2014
2026.05.22,19:30,4526.87000,4527.43000,4518.33000,4519.97000,2452
2026.05.22,19:35,4519.99000,4523.95000,4516.95000,4521.78000,3321
2026.05.22,19:40,4521.79000,4523.00000,4520.84000,4522.42000,1866
2026.05.22,19:45,4522.37000,4523.93000,4522.32000,4522.50000,1668
2026.05.22,19:50,4522.51000,4524.94000,4521.73000,4524.00000,1695
2026.05.22,19:55,4523.90000,4524.08000,4521.45000,4521.75000,1568
2026.05.22,20:00,4521.79000,4524.93000,4520.42000,4523.97000,1494
2026.05.22,20:05,4523.96000,4525.57000,4519.98000,4522.22000,1601
2026.05.22,20:10,4522.24000,4523.22000,4517.01000,4517.18000,1471
2026.05.22,20:15,4517.16000,4519.52000,4515.03000,4518.45000,2048
2026.05.22,20:20,4518.40000,4519.81000,4518.01000,4519.21000,1652
2026.05.22,20:25,4519.06000,4520.57000,4517.00000,4517.64000,1946
2026.05.22,20:30,4517.58000,4519.39000,4514.56000,4519.39000,2643
2026.05.22,20:35,4519.30000,4524.42000,4518.34000,4524.29000,1338
2026.05.22,20:40,4524.30000,4526.03000,4522.79000,4525.17000,1244
2026.05.22,20:45,4525.16000,4528.75000,4524.58000,4528.44000,1018
2026.05.22,20:50,4528.46000,4535.90000,4528.46000,4532.99000,1357
2026.05.22,20:55,4533.00000,4535.31000,4532.00000,4532.05000,1231
2026.05.22,21:00,4532.06000,4532.47000,4529.58000,4529.58000,1175
2026.05.22,21:05,4529.56000,4536.75000,4529.54000,4535.43000,1716
2026.05.22,21:10,4535.44000,4536.85000,4533.75000,4533.84000,1475
2026.05.22,21:15,4533.90000,4534.23000,4531.26000,4531.48000,1160
2026.05.22,21:20,4531.41000,4531.48000,4527.62000,4529.75000,1237
2026.05.22,21:25,4529.74000,4530.37000,4524.37000,4524.66000,1270
2026.05.22,21:30,4524.65000,4525.37000,4518.63000,4518.87000,1835
2026.05.22,21:35,4518.88000,4520.76000,4514.50000,4517.93000,2096
2026.05.22,21:40,4517.91000,4518.01000,4512.17000,4512.43000,1600
2026.05.22,21:45,4512.37000,4514.96000,4510.12000,4512.88000,1651
2026.05.22,21:50,4512.90000,4515.12000,4512.33000,4512.44000,1394
2026.05.22,21:55,4512.42000,4515.20000,4511.86000,4514.51000,1592
2026.05.22,22:00,4514.50000,4516.54000,4513.76000,4516.18000,1965
2026.05.22,22:05,4516.20000,4517.38000,4515.50000,4516.23000,1490
2026.05.22,22:10,4516.26000,4516.36000,4513.91000,4515.79000,1380
2026.05.22,22:15,4515.78000,4515.78000,4511.85000,4512.99000,1316
2026.05.22,22:20,4512.92000,4513.86000,4512.02000,4512.54000,1264
2026.05.22,22:25,4512.56000,4515.07000,4511.88000,4511.97000,1181
2026.05.22,22:30,4511.94000,4517.37000,4511.36000,4517.13000,1371
2026.05.22,22:35,4517.06000,4520.26000,4516.68000,4518.71000,1406
2026.05.22,22:40,4518.80000,4523.10000,4517.07000,4521.54000,1377
2026.05.22,22:45,4521.60000,4525.02000,4521.01000,4522.37000,2060
2026.05.22,22:50,4522.38000,4524.08000,4521.83000,4523.18000,1547
2026.05.22,22:55,4523.21000,4523.50000,4520.08000,4520.62000,1488
2026.05.22,23:00,4520.64000,4522.25000,4518.71000,4521.44000,2207
2026.05.22,23:05,4521.29000,4523.19000,4519.11000,4519.88000,1888
2026.05.22,23:10,4519.85000,4529.93000,4519.62000,4529.27000,3614
2026.05.22,23:15,4529.26000,4535.82000,4526.16000,4533.10000,3576
2026.05.22,23:20,4533.03000,4534.22000,4524.45000,4527.22000,3164
2026.05.22,23:25,4527.21000,4528.39000,4521.14000,4521.81000,2316
2026.05.22,23:30,4521.75000,4523.73000,4517.55000,4518.08000,2589
2026.05.22,23:35,4518.10000,4518.85000,4515.12000,4518.01000,2155
2026.05.22,23:40,4517.98000,4519.79000,4516.34000,4518.73000,2336
2026.05.22,23:45,4518.75000,4520.01000,4517.31000,4518.70000,2033
2026.05.22,23:50,4518.64000,4521.50000,4518.27000,4519.69000,2100
2026.05.22,23:55,4519.67000,4528.46000,4519.02000,4528.20000,2086
2026.05.23,00:00,4528.19000,4530.28000,4520.70000,4523.87000,3891
2026.05.23,00:05,4523.88000,4532.64000,4522.68000,4531.79000,2593
2026.05.23,00:10,4532.02000,4534.26000,4526.97000,4528.24000,3748
2026.05.23,00:15,4528.26000,4529.77000,4525.53000,4527.17000,3010
2026.05.23,00:20,4527.18000,4528.23000,4523.32000,4523.50000,1945
2026.05.23,00:25,4523.68000,4524.31000,4521.23000,4522.06000,2320
2026.05.23,00:30,4521.87000,4527.24000,4519.81000,4522.72000,4470
2026.05.23,00:35,4522.73000,4524.22000,4518.24000,4519.73000,3736
2026.05.23,00:40,4519.75000,4519.86000,4510.88000,4517.62000,4249
2026.05.23,00:45,4517.58000,4518.95000,4510.19000,4510.93000,4323
2026.05.23,00:50,4511.08000,4517.57000,4510.36000,4517.02000,4002
2026.05.23,00:55,4516.99000,4516.99000,4511.36000,4513.35000,2574
2026.05.23,01:00,4513.34000,4513.38000,4502.65000,4507.83000,4771
2026.05.23,01:05,4508.02000,4510.61000,4504.55000,4509.88000,4386
2026.05.23,01:10,4509.97000,4510.90000,4492.27000,4497.34000,4224
2026.05.23,01:15,4497.33000,4500.35000,4492.42000,4498.03000,5254
2026.05.23,01:20,4498.05000,4499.63000,4491.51000,4494.39000,4886
2026.05.23,01:25,4494.35000,4499.98000,4491.70000,4499.09000,4455
2026.05.23,01:30,4499.11000,4502.20000,4497.17000,4500.87000,3604
2026.05.23,01:35,4500.86000,4504.08000,4498.24000,4500.25000,3510
2026.05.23,01:40,4500.26000,4505.84000,4500.13000,4504.30000,2638
2026.05.23,01:45,4504.22000,4507.17000,4503.77000,4503.96000,2444
2026.05.23,01:50,4503.91000,4504.56000,4501.26000,4503.70000,2418
2026.05.23,01:55,4503.71000,4504.01000,4500.29000,4500.48000,2751
2026.05.23,02:00,4500.55000,4506.00000,4500.24000,4505.63000,3005
2026.05.23,02:05,4505.65000,4511.40000,4505.31000,4511.26000,2785
2026.05.23,02:10,4511.24000,4511.96000,4509.64000,4511.18000,2609
2026.05.23,02:15,4511.22000,4516.56000,4510.95000,4515.78000,2344
2026.05.23,02:20,4515.67000,4515.84000,4513.64000,4514.20000,2139
2026.05.23,02:25,4514.22000,4519.30000,4513.53000,4519.30000,2341
2026.05.23,02:30,4519.38000,4522.24000,4518.59000,4519.34000,2712
2026.05.23,02:35,4518.98000,4521.77000,4518.29000,4520.70000,2344
2026.05.23,02:40,4520.63000,4521.26000,4517.17000,4518.06000,2080
2026.05.23,02:45,4518.05000,4519.63000,4514.58000,4514.83000,1984
2026.05.23,02:50,4514.82000,4518.09000,4514.67000,4516.86000,2189
2026.05.23,02:55,4516.89000,4521.90000,4516.84000,4519.82000,2147
2026.05.23,03:00,4519.84000,4520.34000,4516.67000,4518.95000,2360
2026.05.23,03:05,4518.89000,4519.59000,4516.81000,4517.82000,1694
2026.05.23,03:10,4517.80000,4519.98000,4517.38000,4519.27000,1618
2026.05.23,03:15,4519.12000,4519.29000,4516.64000,4517.00000,1575
2026.05.23,03:20,4516.99000,4520.70000,4516.86000,4520.20000,1450
2026.05.23,03:25,4520.48000,4524.15000,4520.19000,4523.67000,1560
2026.05.23,03:30,4523.68000,4526.66000,4521.56000,4522.10000,2262
2026.05.23,03:35,4522.11000,4522.91000,4518.68000,4519.45000,1884
2026.05.23,03:40,4519.44000,4519.57000,4512.81000,4515.01000,1887
2026.05.23,03:45,4514.82000,4518.01000,4513.28000,4513.50000,2573
2026.05.23,03:50,4513.61000,4514.62000,4512.37000,4513.96000,2107
2026.05.23,03:55,4513.97000,4515.03000,4512.20000,4514.88000,1754
2026.05.23,04:00,4514.90000,4519.00000,4514.66000,4518.63000,1705
2026.05.23,04:05,4518.62000,4520.15000,4517.54000,4519.81000,1250
2026.05.23,04:10,4519.84000,4520.81000,4518.80000,4519.21000,1511
2026.05.23,04:15,4519.01000,4520.14000,4513.97000,4514.61000,1885
2026.05.23,04:20,4514.74000,4516.83000,4513.03000,4516.18000,2649
2026.05.23,04:25,4516.22000,4526.00000,4515.44000,4525.33000,4169
2026.05.23,04:30,4525.27000,4527.90000,4519.88000,4520.08000,5164
2026.05.23,04:35,4520.12000,4524.07000,4519.47000,4523.51000,2661
2026.05.23,04:40,4523.54000,4524.40000,4522.18000,4522.18000,2020
2026.05.23,04:45,4522.19000,4522.88000,4520.68000,4521.36000,2124
2026.05.23,04:50,4521.40000,4522.18000,4518.84000,4519.72000,2105
2026.05.23,04:55,4519.74000,4521.50000,4518.51000,4519.25000,1794
2026.05.23,05:00,4519.31000,4519.49000,4511.62000,4515.67000,2415
2026.05.23,05:05,4515.65000,4517.23000,4514.05000,4515.53000,2158
2026.05.23,05:10,4515.44000,4515.54000,4512.58000,4513.72000,1668
2026.05.23,05:15,4513.70000,4516.06000,4512.42000,4514.92000,1540
2026.05.23,05:20,4514.99000,4517.69000,4514.83000,4516.49000,1454
2026.05.23,05:25,4516.50000,4517.57000,4515.21000,4515.21000,1660
2026.05.23,05:30,4515.14000,4517.07000,4513.83000,4516.98000,1309
2026.05.23,05:35,4516.99000,4520.01000,4514.62000,4518.12000,1665
2026.05.23,05:40,4518.11000,4518.51000,4514.66000,4515.08000,1571
2026.05.23,05:45,4515.11000,4516.05000,4512.80000,4513.17000,1543
2026.05.23,05:50,4513.20000,4515.83000,4512.86000,4515.35000,986
2026.05.23,05:55,4515.34000,4515.84000,4513.06000,4515.20000,1475
2026.05.23,06:00,4515.21000,4515.91000,4509.48000,4510.62000,2518
2026.05.23,06:05,4510.60000,4511.08000,4507.73000,4508.48000,2121
2026.05.23,06:10,4508.47000,4509.65000,4506.87000,4507.23000,1537
2026.05.23,06:15,4507.21000,4509.07000,4506.87000,4508.90000,1582
2026.05.23,06:20,4508.87000,4508.91000,4507.03000,4507.81000,1213
2026.05.23,06:25,4507.80000,4508.60000,4506.30000,4507.24000,1060
2026.05.23,06:30,4507.18000,4508.28000,4504.15000,4507.91000,1312
2026.05.23,06:35,4507.88000,4509.75000,4507.12000,4508.97000,1310
2026.05.23,06:40,4508.96000,4510.82000,4508.69000,4509.69000,1380
2026.05.23,06:45,4509.70000,4510.01000,4506.89000,4507.50000,1288
2026.05.23,06:50,4507.39000,4508.30000,4506.53000,4507.74000,1289
2026.05.23,06:55,4507.69000,4509.27000,4507.33000,4508.22000,1544
2026.05.23,07:00,4508.24000,4509.28000,4504.62000,4506.23000,928
2026.05.23,07:05,4506.14000,4507.14000,4505.15000,4506.64000,364
2026.05.23,07:10,4507.02000,4508.15000,4506.14000,4507.93000,359
2026.05.23,07:15,4507.95000,4509.34000,4506.60000,4508.95000,404
2026.05.23,07:20,4508.94000,4510.32000,4508.72000,4509.60000,324
2026.05.23,07:25,4509.59000,4510.45000,4508.13000,4509.90000,288
2026.05.23,07:30,4509.89000,4510.29000,4505.67000,4506.69000,767
2026.05.23,07:35,4506.64000,4507.05000,4505.40000,4506.30000,368
2026.05.23,07:40,4506.28000,4506.28000,4504.08000,4504.33000,558
2026.05.25,09:00,4541.52000,4552.76000,4540.13000,4550.22000,2108
2026.05.25,09:05,4550.19000,4556.71000,4549.21000,4553.79000,2357
2026.05.25,09:10,4553.86000,4557.79000,4551.98000,4554.68000,1854
2026.05.25,09:15,4554.90000,4556.36000,4548.50000,4552.01000,2059
2026.05.25,09:20,4552.05000,4555.47000,4551.47000,4554.24000,1222
2026.05.25,09:25,4554.33000,4555.25000,4550.88000,4551.67000,1191
2026.05.25,09:30,4551.84000,4561.05000,4551.23000,4558.81000,1669
2026.05.25,09:35,4558.80000,4559.21000,4556.70000,4557.73000,1091
2026.05.25,09:40,4557.74000,4558.38000,4556.27000,4558.23000,908
2026.05.25,09:45,4558.35000,4565.59000,4557.58000,4565.05000,1163
2026.05.25,09:50,4565.10000,4565.10000,4561.78000,4562.19000,1052
2026.05.25,09:55,4562.17000,4565.58000,4561.38000,4565.05000,780
2026.05.25,10:00,4565.06000,4568.74000,4564.71000,4568.10000,1272
2026.05.25,10:05,4568.04000,4574.00000,4567.39000,4572.61000,1288
2026.05.25,10:10,4572.60000,4576.45000,4572.60000,4574.43000,999
2026.05.25,10:15,4574.47000,4577.59000,4573.50000,4574.15000,877
2026.05.25,10:20,4574.14000,4578.25000,4573.89000,4576.83000,739
2026.05.25,10:25,4576.91000,4578.06000,4573.39000,4574.95000,968
2026.05.25,10:30,4574.97000,4578.72000,4574.97000,4578.07000,1042
2026.05.25,10:35,4578.05000,4579.19000,4577.41000,4578.66000,936
2026.05.25,10:40,4578.67000,4580.13000,4576.93000,4577.34000,833
2026.05.25,10:45,4577.31000,4578.26000,4575.06000,4576.93000,1068
2026.05.25,10:50,4576.92000,4576.92000,4574.01000,4574.97000,934
2026.05.25,10:55,4574.80000,4575.07000,4565.42000,4567.01000,1262
2026.05.25,11:00,4566.81000,4571.58000,4566.16000,4568.72000,1992
2026.05.25,11:05,4568.44000,4574.17000,4568.11000,4572.61000,1855
2026.05.25,11:10,4572.99000,4575.70000,4570.09000,4572.53000,1633
2026.05.25,11:15,4572.51000,4573.41000,4569.57000,4571.00000,1547
2026.05.25,11:20,4571.29000,4574.53000,4569.78000,4574.51000,1208
2026.05.25,11:25,4574.55000,4575.40000,4569.79000,4572.16000,1477
2026.05.25,11:30,4572.08000,4574.62000,4571.58000,4573.96000,1288
2026.05.25,11:35,4573.94000,4575.42000,4571.99000,4574.91000,1047
2026.05.25,11:40,4574.88000,4574.88000,4570.68000,4571.46000,1245
2026.05.25,11:45,4571.48000,4579.47000,4570.81000,4576.66000,1478
2026.05.25,11:50,4576.74000,4577.45000,4571.30000,4573.25000,1711
2026.05.25,11:55,4573.23000,4574.31000,4565.90000,4569.44000,2087
2026.05.25,12:00,4569.46000,4576.00000,4566.63000,4568.01000,3738
2026.05.25,12:05,4568.04000,4569.72000,4560.15000,4562.17000,2957
2026.05.25,12:10,4562.14000,4566.88000,4561.37000,4565.70000,2594
2026.05.25,12:15,4565.68000,4566.43000,4561.97000,4566.00000,2269
2026.05.25,12:20,4566.28000,4573.00000,4565.35000,4571.52000,1697
2026.05.25,12:25,4571.53000,4575.33000,4568.81000,4573.10000,1814
2026.05.25,12:30,4573.01000,4574.76000,4568.36000,4568.64000,2053
2026.05.25,12:35,4568.59000,4571.72000,4568.59000,4570.47000,1689
2026.05.25,12:40,4570.42000,4571.12000,4563.14000,4563.44000,1535
2026.05.25,12:45,4563.41000,4564.91000,4560.11000,4563.74000,1692
2026.05.25,12:50,4563.70000,4567.31000,4561.26000,4566.40000,1379
2026.05.25,12:55,4566.41000,4567.05000,4560.84000,4562.90000,1287
2026.05.25,13:00,4562.53000,4565.35000,4561.06000,4562.48000,1332
2026.05.25,13:05,4562.64000,4568.28000,4562.19000,4567.65000,1527
2026.05.25,13:10,4567.72000,4567.98000,4561.20000,4562.04000,1351
2026.05.25,13:15,4562.09000,4562.53000,4558.87000,4561.52000,1215
2026.05.25,13:20,4561.65000,4563.24000,4559.51000,4562.37000,869
2026.05.25,13:25,4562.55000,4563.08000,4559.48000,4562.92000,840
2026.05.25,13:30,4562.95000,4565.53000,4561.30000,4563.39000,1385
2026.05.25,13:35,4563.58000,4565.80000,4561.95000,4565.46000,1400
2026.05.25,13:40,4565.44000,4569.69000,4564.16000,4569.69000,1276
2026.05.25,13:45,4569.70000,4570.23000,4562.03000,4563.39000,1441
2026.05.25,13:50,4563.40000,4565.02000,4561.81000,4561.84000,937
2026.05.25,13:55,4561.82000,4562.98000,4559.18000,4561.05000,1308
2026.05.25,14:00,4561.13000,4564.31000,4560.95000,4562.89000,1555
2026.05.25,14:05,4563.20000,4563.47000,4560.48000,4563.12000,1138
2026.05.25,14:10,4563.13000,4563.64000,4561.24000,4563.09000,958
2026.05.25,14:15,4563.11000,4563.51000,4561.53000,4562.18000,1062
2026.05.25,14:20,4562.13000,4564.32000,4561.33000,4561.48000,1117
2026.05.25,14:25,4561.46000,4562.06000,4559.78000,4560.52000,1032
2026.05.25,14:30,4560.63000,4562.40000,4559.23000,4561.40000,994
2026.05.25,14:35,4561.38000,4563.96000,4561.06000,4562.79000,1129
2026.05.25,14:40,4562.81000,4562.92000,4557.80000,4558.49000,887
2026.05.25,14:45,4558.47000,4559.09000,4556.62000,4558.18000,1010
2026.05.25,14:50,4558.46000,4560.00000,4556.57000,4559.71000,979
2026.05.25,14:55,4559.65000,4561.21000,4559.30000,4559.61000,1021
2026.05.25,15:00,4559.59000,4561.87000,4559.22000,4560.99000,828
2026.05.25,15:05,4560.97000,4562.12000,4560.63000,4561.51000,764
2026.05.25,15:10,4561.48000,4562.42000,4559.82000,4560.80000,659
2026.05.25,15:15,4560.88000,4561.81000,4560.00000,4560.98000,559
2026.05.25,15:20,4560.99000,4564.42000,4560.99000,4564.03000,737
2026.05.25,15:25,4564.04000,4565.87000,4563.97000,4565.05000,715
2026.05.25,15:30,4565.06000,4565.44000,4560.07000,4560.45000,2099
2026.05.25,15:35,4560.65000,4562.58000,4559.30000,4561.98000,739
2026.05.25,15:40,4562.08000,4562.88000,4560.44000,4562.50000,515
2026.05.25,15:45,4562.52000,4564.37000,4561.98000,4563.82000,406
2026.05.25,15:50,4563.80000,4565.33000,4563.00000,4564.03000,520
2026.05.25,15:55,4564.41000,4565.72000,4563.81000,4564.84000,616
2026.05.25,16:00,4564.83000,4566.15000,4562.61000,4565.59000,720
2026.05.25,16:05,4565.58000,4566.11000,4564.23000,4564.43000,507
2026.05.25,16:10,4564.44000,4565.18000,4562.62000,4563.51000,708
2026.05.25,16:15,4563.45000,4563.67000,4562.33000,4562.88000,602
2026.05.25,16:20,4562.89000,4563.00000,4556.22000,4556.38000,1044
2026.05.25,16:25,4556.38000,4557.05000,4553.73000,4554.06000,950
2026.05.25,16:30,4553.78000,4559.78000,4552.40000,4557.67000,1717
2026.05.25,16:35,4557.71000,4560.91000,4557.45000,4559.65000,972
2026.05.25,16:40,4560.00000,4560.96000,4554.90000,4556.93000,1105
2026.05.25,16:45,4556.91000,4557.88000,4554.05000,4554.58000,1624
2026.05.25,16:50,4554.59000,4555.17000,4551.98000,4553.92000,1474
2026.05.25,16:55,4553.93000,4555.48000,4552.60000,4553.41000,1330
2026.05.25,17:00,4553.38000,4555.82000,4552.54000,4552.99000,1920
2026.05.25,17:05,4552.96000,4553.72000,4550.37000,4551.79000,1491
2026.05.25,17:10,4552.02000,4554.26000,4551.29000,4553.76000,1383
2026.05.25,17:15,4553.73000,4555.36000,4552.39000,4554.52000,1429
2026.05.25,17:20,4554.51000,4556.75000,4552.30000,4556.36000,1483
2026.05.25,17:25,4556.37000,4557.36000,4553.86000,4554.08000,1300
2026.05.25,17:30,4554.09000,4556.05000,4553.34000,4555.05000,1117
2026.05.25,17:35,4555.18000,4557.45000,4554.69000,4555.49000,1089
2026.05.25,17:40,4555.48000,4557.40000,4554.95000,4556.38000,979
2026.05.25,17:45,4556.36000,4559.34000,4555.97000,4557.94000,1298
2026.05.25,17:50,4557.86000,4559.41000,4556.15000,4558.64000,1573
2026.05.25,17:55,4558.59000,4563.30000,4558.59000,4562.46000,1706
2026.05.25,18:00,4562.75000,4564.73000,4561.24000,4563.98000,1391
2026.05.25,18:05,4563.97000,4564.44000,4561.28000,4562.05000,1560
2026.05.25,18:10,4561.99000,4564.43000,4560.57000,4560.63000,1272
2026.05.25,18:15,4560.64000,4561.27000,4552.78000,4555.30000,2124
2026.05.25,18:20,4555.31000,4556.11000,4552.34000,4555.30000,2038
2026.05.25,18:25,4555.63000,4557.01000,4553.89000,4554.29000,1123
2026.05.25,18:30,4554.30000,4561.61000,4553.98000,4558.97000,1638
2026.05.25,18:35,4558.99000,4559.92000,4557.15000,4558.68000,1133
2026.05.25,18:40,4558.70000,4561.09000,4558.41000,4559.85000,899
2026.05.25,18:45,4559.58000,4562.17000,4558.36000,4562.17000,830
2026.05.25,18:50,4562.14000,4565.02000,4561.69000,4563.73000,784
2026.05.25,18:55,4563.70000,4565.11000,4563.23000,4564.64000,768
2026.05.25,19:00,4564.61000,4564.84000,4562.39000,4562.61000,942
2026.05.25,19:05,4562.60000,4563.08000,4559.64000,4561.42000,762
2026.05.25,19:10,4561.46000,4561.86000,4559.49000,4560.91000,567
2026.05.25,19:15,4560.92000,4561.16000,4559.38000,4560.74000,603
2026.05.25,19:20,4560.77000,4561.16000,4555.27000,4555.31000,940
2026.05.25,19:25,4555.35000,4556.19000,4553.70000,4554.88000,1263
2026.05.25,19:30,4555.10000,4558.07000,4554.25000,4556.99000,776
2026.05.25,19:35,4557.06000,4558.01000,4554.95000,4556.01000,810
2026.05.25,19:40,4555.99000,4556.51000,4553.08000,4554.59000,781
2026.05.25,19:45,4554.60000,4555.23000,4553.32000,4554.58000,783
2026.05.25,19:50,4554.66000,4556.30000,4554.29000,4555.86000,694
2026.05.25,19:55,4555.87000,4556.53000,4555.51000,4556.00000,508
2026.05.25,20:00,4556.01000,4558.63000,4555.48000,4557.14000,591
2026.05.25,20:05,4557.16000,4557.26000,4554.90000,4554.91000,486
2026.05.25,20:10,4554.92000,4557.10000,4554.84000,4555.45000,465
2026.05.25,20:15,4555.44000,4557.41000,4555.44000,4556.45000,431
2026.05.25,20:20,4556.33000,4556.65000,4555.46000,4556.46000,443
2026.05.25,20:25,4556.45000,4559.17000,4556.34000,4558.93000,452
2026.05.25,20:30,4558.94000,4565.29000,4558.54000,4565.22000,1325
2026.05.25,20:35,4565.17000,4565.81000,4563.03000,4564.83000,1348
2026.05.25,20:40,4564.82000,4566.08000,4563.69000,4565.66000,708
2026.05.25,20:45,4565.68000,4566.81000,4564.70000,4566.42000,681
2026.05.25,20:50,4566.41000,4568.57000,4566.19000,4567.11000,653
2026.05.25,20:55,4567.09000,4569.15000,4566.71000,4567.56000,813
2026.05.25,21:00,4567.57000,4569.97000,4567.56000,4568.93000,779
2026.05.25,21:05,4568.96000,4571.04000,4568.78000,4571.04000,664
2026.05.25,21:10,4571.03000,4572.48000,4569.82000,4571.98000,1073
2026.05.25,21:15,4572.00000,4573.58000,4571.16000,4572.92000,789
2026.05.25,21:20,4572.91000,4572.97000,4570.94000,4572.38000,879
2026.05.25,21:25,4572.37000,4572.44000,4569.72000,4570.85000,963
2026.05.25,21:30,4570.88000,4573.27000,4569.89000,4572.51000,735
2026.05.25,21:35,4572.49000,4572.53000,4570.53000,4570.69000,1068
2026.05.25,21:40,4570.70000,4570.95000,4568.24000,4570.21000,1055
2026.05.25,21:45,4570.23000,4572.49000,4570.06000,4570.33000,487
2026.05.25,21:50,4570.37000,4570.38000,4569.03000,4569.79000,501
2026.05.25,21:55,4569.80000,4570.15000,4568.39000,4568.56000,400
2026.05.25,22:00,4568.54000,4568.87000,4567.85000,4568.38000,487
2026.05.25,22:05,4568.40000,4568.50000,4567.45000,4568.39000,499
2026.05.25,22:10,4568.35000,4572.50000,4568.30000,4571.96000,797
2026.05.25,22:15,4571.98000,4575.29000,4571.95000,4574.82000,986
2026.05.25,22:20,4574.94000,4574.99000,4571.72000,4571.88000,683
2026.05.25,22:25,4571.89000,4571.89000,4569.40000,4571.65000,843
2026.05.25,22:30,4571.64000,4574.24000,4571.51000,4572.96000,1214
2026.05.25,22:35,4572.95000,4576.07000,4572.59000,4575.80000,918
2026.05.25,22:40,4575.81000,4576.02000,4573.83000,4574.38000,954
2026.05.25,22:45,4574.40000,4576.97000,4571.08000,4571.08000,1184
2026.05.25,22:50,4571.09000,4572.01000,4570.27000,4570.68000,672
2026.05.25,22:55,4570.70000,4571.06000,4569.14000,4569.25000,798
2026.05.25,23:00,4569.23000,4569.32000,4563.70000,4564.45000,1363
2026.05.25,23:05,4564.43000,4564.47000,4556.93000,4560.42000,1498
2026.05.25,23:10,4560.32000,4561.27000,4556.10000,4556.32000,1305
2026.05.25,23:15,4556.33000,4556.94000,4553.89000,4554.06000,1190
2026.05.25,23:20,4553.91000,4556.93000,4552.94000,4556.35000,1446
2026.05.25,23:25,4556.02000,4560.91000,4555.84000,4560.46000,1125
2026.05.25,23:30,4560.52000,4564.16000,4559.79000,4564.08000,992
2026.05.25,23:35,4564.12000,4570.26000,4563.22000,4568.82000,1595
2026.05.25,23:40,4568.84000,4569.16000,4566.27000,4566.35000,1469
2026.05.25,23:45,4566.36000,4568.19000,4564.05000,4566.13000,1595
2026.05.25,23:50,4566.11000,4567.21000,4565.78000,4566.67000,787
2026.05.25,23:55,4566.68000,4568.77000,4566.52000,4567.69000,1151
2026.05.26,00:00,4567.58000,4567.81000,4561.32000,4564.54000,2451
2026.05.26,00:05,4564.60000,4571.23000,4564.47000,4568.32000,1782
2026.05.26,00:10,4568.35000,4568.41000,4562.69000,4564.46000,1478
2026.05.26,00:15,4564.31000,4564.37000,4560.36000,4561.86000,1472
2026.05.26,00:20,4561.88000,4564.58000,4561.78000,4563.35000,1325
2026.05.26,00:25,4563.34000,4563.66000,4560.87000,4561.74000,1216
2026.05.26,00:30,4561.45000,4564.27000,4561.40000,4564.00000,1521
2026.05.26,00:35,4564.05000,4565.45000,4562.92000,4564.20000,1177
2026.05.26,00:40,4564.21000,4565.47000,4563.64000,4565.08000,1146
2026.05.26,00:45,4565.07000,4565.35000,4560.12000,4561.55000,1190
2026.05.26,00:50,4561.53000,4563.30000,4560.71000,4563.24000,1340
2026.05.26,00:55,4563.27000,4564.86000,4562.95000,4563.04000,1165
2026.05.26,01:00,4563.05000,4567.32000,4562.30000,4566.91000,1472
2026.05.26,01:05,4566.97000,4569.89000,4566.97000,4569.61000,1506
2026.05.26,01:10,4569.60000,4570.03000,4566.88000,4567.63000,1108
2026.05.26,01:15,4567.61000,4568.89000,4567.46000,4568.40000,1080
2026.05.26,01:20,4568.42000,4570.24000,4567.63000,4570.17000,981
2026.05.26,01:25,4570.27000,4570.58000,4567.19000,4567.71000,1174
2026.05.26,01:30,4567.73000,4568.41000,4564.95000,4567.76000,1397
2026.05.26,01:35,4567.78000,4568.56000,4566.35000,4567.68000,967
2026.05.26,01:40,4567.70000,4568.54000,4566.43000,4567.09000,916
2026.05.26,01:45,4567.10000,4568.61000,4566.43000,4568.29000,1467
2026.05.26,01:50,4568.30000,4569.10000,4565.78000,4565.87000,1128
2026.05.26,01:55,4565.85000,4567.10000,4565.41000,4566.81000,1297
2026.05.26,02:00,4566.77000,4569.30000,4566.49000,4568.06000,1230
2026.05.26,02:05,4568.03000,4568.03000,4565.65000,4566.65000,975
2026.05.26,02:10,4566.67000,4573.38000,4565.92000,4570.08000,3011
2026.05.26,02:15,4570.05000,4570.93000,4567.76000,4570.53000,1714
2026.05.26,02:20,4570.51000,4573.57000,4570.07000,4572.96000,1518
2026.05.26,02:25,4572.90000,4574.64000,4571.47000,4573.48000,1700
2026.05.26,02:30,4573.44000,4573.57000,4570.06000,4570.87000,981
2026.05.26,02:35,4571.02000,4571.09000,4566.81000,4568.67000,1095
2026.05.26,02:40,4568.66000,4569.67000,4567.91000,4568.95000,943
2026.05.26,02:45,4568.93000,4570.56000,4568.67000,4570.24000,786
2026.05.26,02:50,4570.26000,4572.46000,4570.14000,4571.79000,716
2026.05.26,02:55,4571.78000,4572.76000,4570.63000,4570.89000,681
2026.05.26,03:00,4570.92000,4571.13000,4568.39000,4569.44000,964
2026.05.26,03:05,4569.42000,4570.11000,4568.87000,4569.46000,740
2026.05.26,03:10,4569.47000,4570.85000,4569.23000,4570.54000,662
2026.05.26,03:15,4570.56000,4570.66000,4568.68000,4568.73000,540
2026.05.26,03:20,4568.75000,4570.35000,4568.75000,4569.52000,638
2026.05.26,03:25,4569.56000,4570.20000,4568.00000,4568.11000,422
2026.05.26,03:30,4568.10000,4570.04000,4567.86000,4570.04000,656
2026.05.26,03:35,4570.08000,4571.09000,4569.70000,4571.03000,518
2026.05.26,03:40,4571.04000,4572.30000,4570.28000,4572.00000,892
2026.05.26,03:45,4572.03000,4573.35000,4571.60000,4572.86000,726
2026.05.26,03:50,4572.85000,4574.66000,4570.76000,4570.79000,1207
2026.05.26,03:55,4570.93000,4573.55000,4570.89000,4573.44000,782
2026.05.26,04:00,4573.29000,4576.62000,4573.21000,4575.49000,1125
2026.05.26,04:05,4575.35000,4575.92000,4574.31000,4575.78000,696
2026.05.26,04:10,4575.77000,4578.15000,4573.58000,4573.97000,1491
2026.05.26,04:15,4573.95000,4574.44000,4573.39000,4573.62000,728
2026.05.26,04:20,4573.63000,4573.63000,4570.95000,4571.16000,747
2026.05.26,04:25,4571.18000,4571.38000,4570.11000,4571.25000,440
2026.05.26,04:30,4571.24000,4571.29000,4569.63000,4569.63000,377
2026.05.26,04:35,4569.48000,4569.90000,4567.54000,4567.61000,356
2026.05.26,04:40,4567.62000,4568.02000,4566.01000,4566.73000,553
2026.05.26,04:45,4566.74000,4566.75000,4562.98000,4565.22000,1147
2026.05.26,04:50,4565.23000,4565.44000,4563.42000,4564.45000,423
2026.05.26,04:55,4564.46000,4565.76000,4563.86000,4565.06000,374
2026.05.26,05:00,4565.07000,4569.19000,4564.31000,4569.06000,637
2026.05.26,05:05,4569.01000,4571.57000,4567.74000,4570.23000,509
2026.05.26,05:10,4570.28000,4570.66000,4567.76000,4569.04000,349
2026.05.26,05:15,4569.02000,4570.21000,4568.62000,4568.64000,185
2026.05.26,05:20,4568.92000,4570.76000,4567.19000,4567.55000,352
2026.05.26,05:25,4567.53000,4570.93000,4567.25000,4570.93000,365
2026.05.26,05:30,4570.84000,4571.41000,4569.83000,4570.84000,784
2026.05.26,05:35,4570.50000,4570.87000,4570.01000,4570.54000,191
2026.05.26,05:40,4570.85000,4570.85000,4570.85000,4570.85000,1
2026.05.26,05:45,4570.84000,4570.89000,4570.39000,4570.64000,28
2026.05.26,05:50,4570.26000,4570.76000,4570.25000,4570.26000,16
2026.05.26,07:15,4571.73000,4572.13000,4571.61000,4571.61000,91
2026.05.26,07:20,4571.60000,4571.60000,4571.54000,4571.54000,7
2026.05.26,07:45,4571.57000,4572.90000,4571.08000,4572.26000,859
2026.05.26,09:00,4572.39000,4573.39000,4570.60000,4570.64000,1230
2026.05.26,09:05,4570.68000,4573.11000,4570.64000,4572.73000,988
2026.05.26,09:10,4572.75000,4574.22000,4571.93000,4573.52000,631
2026.05.26,09:15,4573.49000,4575.45000,4573.17000,4573.93000,621
2026.05.26,09:20,4573.97000,4575.32000,4572.85000,4575.20000,768
2026.05.26,09:25,4575.18000,4575.55000,4572.62000,4572.88000,546
2026.05.26,09:30,4572.91000,4573.30000,4570.75000,4570.81000,792
2026.05.26,09:35,4570.74000,4573.45000,4569.32000,4572.71000,659
2026.05.26,09:40,4572.73000,4575.10000,4571.45000,4573.98000,630
2026.05.26,09:45,4574.03000,4575.15000,4573.25000,4573.80000,544
2026.05.26,09:50,4573.52000,4576.33000,4573.52000,4576.17000,381
2026.05.26,09:55,4576.19000,4576.54000,4573.86000,4574.74000,782
2026.05.26,10:00,4574.76000,4576.68000,4573.57000,4573.77000,751
2026.05.26,10:05,4573.78000,4576.86000,4573.40000,4575.93000,553
2026.05.26,10:10,4575.94000,4579.33000,4575.24000,4578.96000,951
2026.05.26,10:15,4578.97000,4580.20000,4577.17000,4577.46000,722
2026.05.26,10:20,4577.49000,4578.11000,4572.88000,4573.63000,718
2026.05.26,10:25,4573.58000,4574.04000,4566.77000,4567.96000,946
2026.05.26,10:30,4567.94000,4568.52000,4560.40000,4560.62000,1200
2026.05.26,10:35,4560.59000,4562.55000,4555.03000,4561.51000,1933
2026.05.26,10:40,4561.20000,4562.14000,4554.74000,4556.69000,1189
2026.05.26,10:45,4556.70000,4561.03000,4556.70000,4559.41000,1307
2026.05.26,10:50,4559.38000,4562.91000,4558.28000,4562.23000,884
2026.05.26,10:55,4562.47000,4562.88000,4559.02000,4559.57000,740
2026.05.26,11:00,4559.64000,4560.23000,4548.97000,4550.71000,2906
2026.05.26,11:05,4550.70000,4552.53000,4548.65000,4549.65000,2305
2026.05.26,11:10,4549.66000,4553.03000,4548.34000,4552.12000,1784
2026.05.26,11:15,4552.14000,4553.18000,4540.84000,4545.63000,2100
2026.05.26,11:20,4545.61000,4547.03000,4541.09000,4544.34000,2486
2026.05.26,11:25,4544.36000,4550.32000,4543.74000,4548.80000,1416
2026.05.26,11:30,4548.78000,4552.78000,4548.78000,4551.67000,1645
2026.05.26,11:35,4551.69000,4552.11000,4546.15000,4547.28000,1367
2026.05.26,11:40,4547.27000,4549.46000,4543.29000,4547.83000,1553
2026.05.26,11:45,4547.84000,4551.70000,4544.35000,4544.77000,1620
2026.05.26,11:50,4544.76000,4546.18000,4539.18000,4541.99000,1902
2026.05.26,11:55,4541.93000,4550.04000,4541.93000,4549.17000,1663
2026.05.26,12:00,4549.47000,4550.30000,4542.10000,4542.26000,3344
2026.05.26,12:05,4542.27000,4547.38000,4542.05000,4545.58000,2273
2026.05.26,12:10,4545.59000,4549.23000,4545.59000,4548.62000,2397
2026.05.26,12:15,4548.58000,4549.11000,4545.63000,4546.83000,1711
2026.05.26,12:20,4546.82000,4548.05000,4541.78000,4543.98000,1962
2026.05.26,12:25,4543.96000,4546.39000,4542.89000,4543.83000,1723
2026.05.26,12:30,4543.80000,4544.36000,4537.30000,4538.92000,2728
2026.05.26,12:35,4538.93000,4539.37000,4527.45000,4530.05000,2758
2026.05.26,12:40,4529.99000,4532.94000,4528.03000,4532.23000,3417
2026.05.26,12:45,4532.25000,4535.24000,4531.20000,4533.28000,2248
2026.05.26,12:50,4533.33000,4536.26000,4530.87000,4534.78000,1880
2026.05.26,12:55,4534.80000,4537.30000,4534.60000,4536.85000,1587
2026.05.26,13:00,4536.82000,4537.87000,4535.30000,4536.60000,1578
2026.05.26,13:05,4536.55000,4538.90000,4535.50000,4538.57000,1269
2026.05.26,13:10,4538.55000,4539.50000,4537.05000,4538.60000,1066
2026.05.26,13:15,4538.61000,4539.00000,4536.57000,4538.33000,821
2026.05.26,13:20,4538.23000,4538.50000,4536.55000,4538.20000,877
2026.05.26,13:25,4538.16000,4538.82000,4536.23000,4536.71000,866
2026.05.26,13:30,4536.84000,4537.13000,4533.53000,4534.65000,1561
2026.05.26,13:35,4534.63000,4538.58000,4534.17000,4537.43000,1222
2026.05.26,13:40,4537.45000,4538.58000,4533.55000,4533.98000,1169
2026.05.26,13:45,4534.00000,4534.10000,4531.30000,4532.47000,1194
2026.05.26,13:50,4532.45000,4533.63000,4530.04000,4532.37000,1113
2026.05.26,13:55,4532.41000,4534.78000,4532.32000,4532.37000,869
2026.05.26,14:00,4532.34000,4536.49000,4532.07000,4533.64000,965
2026.05.26,14:05,4533.50000,4536.53000,4533.47000,4535.57000,888
2026.05.26,14:10,4535.58000,4538.40000,4534.74000,4537.11000,950
2026.05.26,14:15,4537.10000,4538.97000,4536.55000,4538.48000,922
2026.05.26,14:20,4538.49000,4543.73000,4538.13000,4541.81000,1186
2026.05.26,14:25,4541.80000,4543.20000,4541.11000,4542.21000,886
2026.05.26,14:30,4542.25000,4544.40000,4541.73000,4544.40000,777
2026.05.26,14:35,4544.35000,4545.48000,4542.92000,4543.21000,683
2026.05.26,14:40,4543.22000,4544.17000,4540.96000,4541.43000,723
2026.05.26,14:45,4541.39000,4542.63000,4540.78000,4541.75000,464
2026.05.26,14:50,4541.80000,4543.85000,4541.50000,4542.72000,548
2026.05.26,14:55,4542.85000,4543.17000,4541.36000,4542.45000,390
2026.05.26,15:00,4542.43000,4543.13000,4540.29000,4540.31000,458
2026.05.26,15:05,4540.30000,4540.72000,4538.85000,4539.22000,571
2026.05.26,15:10,4539.19000,4539.88000,4535.99000,4536.92000,897
2026.05.26,15:15,4537.00000,4539.50000,4536.37000,4538.17000,668
2026.05.26,15:20,4538.18000,4538.55000,4535.07000,4535.40000,408
2026.05.26,15:25,4535.39000,4535.41000,4532.37000,4532.37000,669
2026.05.26,15:30,4532.35000,4533.21000,4529.56000,4530.15000,1085
2026.05.26,15:35,4530.14000,4530.68000,4525.71000,4527.87000,1012
2026.05.26,15:40,4527.86000,4529.18000,4525.08000,4526.23000,927
2026.05.26,15:45,4526.20000,4527.88000,4524.58000,4527.64000,1534
2026.05.26,15:50,4527.58000,4529.16000,4526.23000,4527.52000,957
2026.05.26,15:55,4527.54000,4527.72000,4523.31000,4525.49000,1216
2026.05.26,16:00,4525.44000,4529.45000,4522.96000,4528.83000,1736
2026.05.26,16:05,4528.81000,4530.52000,4526.20000,4530.44000,935
2026.05.26,16:10,4530.41000,4531.61000,4528.96000,4529.32000,967
2026.05.26,16:15,4529.11000,4531.21000,4528.84000,4529.19000,772
2026.05.26,16:20,4529.18000,4531.20000,4528.79000,4529.89000,699
2026.05.26,16:25,4529.90000,4531.40000,4528.64000,4531.23000,654
2026.05.26,16:30,4531.09000,4534.00000,4530.27000,4533.55000,1620
2026.05.26,16:35,4533.56000,4535.22000,4532.35000,4532.60000,1777
2026.05.26,16:40,4532.62000,4533.06000,4527.84000,4529.72000,2258
2026.05.26,16:45,4529.70000,4529.89000,4526.41000,4527.91000,1831
2026.05.26,16:50,4527.89000,4528.26000,4523.46000,4527.00000,2522
2026.05.26,16:55,4526.94000,4528.69000,4524.83000,4527.22000,1498
2026.05.26,17:00,4527.15000,4531.40000,4526.88000,4530.89000,1785
2026.05.26,17:05,4530.87000,4532.26000,4530.05000,4530.83000,1817
2026.05.26,17:10,4530.85000,4532.70000,4528.82000,4531.54000,1741
2026.05.26,17:15,4531.59000,4532.13000,4529.05000,4530.74000,1187
2026.05.26,17:20,4530.77000,4534.64000,4530.14000,4534.08000,1248
2026.05.26,17:25,4534.13000,4536.14000,4528.29000,4530.12000,1756
2026.05.26,17:30,4530.10000,4531.44000,4528.56000,4530.64000,1483
2026.05.26,17:35,4530.62000,4533.44000,4530.62000,4531.68000,1396
2026.05.26,17:40,4531.67000,4533.92000,4531.32000,4533.85000,1729
2026.05.26,17:45,4533.89000,4534.05000,4528.52000,4529.51000,1668
2026.05.26,17:50,4529.43000,4531.45000,4528.35000,4531.32000,1472
2026.05.26,17:55,4531.13000,4533.41000,4530.36000,4530.85000,1151
2026.05.26,18:00,4531.09000,4533.51000,4529.25000,4531.53000,2152
2026.05.26,18:05,4531.52000,4534.03000,4527.60000,4527.64000,2247
2026.05.26,18:10,4527.52000,4530.45000,4525.86000,4528.51000,1932
2026.05.26,18:15,4528.50000,4528.53000,4521.98000,4526.79000,2156
2026.05.26,18:20,4526.83000,4530.27000,4525.04000,4530.05000,1444
2026.05.26,18:25,4530.06000,4531.11000,4528.72000,4529.64000,1295
2026.05.26,18:30,4529.72000,4529.77000,4523.11000,4525.94000,2027
2026.05.26,18:35,4525.90000,4526.28000,4521.63000,4523.26000,1761
2026.05.26,18:40,4523.23000,4527.51000,4521.97000,4526.53000,1358
2026.05.26,18:45,4526.52000,4533.37000,4525.12000,4533.37000,1492
2026.05.26,18:50,4533.05000,4535.49000,4531.37000,4531.59000,1623
2026.05.26,18:55,4531.57000,4539.10000,4531.57000,4538.22000,2190
2026.05.26,19:00,4538.32000,4538.91000,4535.16000,4535.65000,2202
2026.05.26,19:05,4535.66000,4535.96000,4532.64000,4533.01000,1484
2026.05.26,19:10,4533.00000,4533.55000,4526.98000,4527.69000,1203
2026.05.26,19:15,4527.70000,4530.06000,4527.52000,4529.68000,1042
2026.05.26,19:20,4529.73000,4529.92000,4526.12000,4527.07000,980
2026.05.26,19:25,4527.05000,4528.03000,4520.40000,4522.15000,1635
2026.05.26,19:30,4522.24000,4523.27000,4519.97000,4521.36000,1597
2026.05.26,19:35,4521.34000,4523.67000,4520.39000,4522.37000,1236
2026.05.26,19:40,4522.44000,4526.44000,4521.85000,4525.50000,1272
2026.05.26,19:45,4525.49000,4527.51000,4521.33000,4522.20000,1294
2026.05.26,19:50,4522.19000,4525.24000,4520.28000,4524.16000,1058
2026.05.26,19:55,4524.28000,4524.39000,4522.15000,4523.78000,1030
2026.05.26,20:00,4523.80000,4524.53000,4522.46000,4524.43000,1193
2026.05.26,20:05,4524.49000,4524.95000,4522.26000,4523.57000,1016
2026.05.26,20:10,4523.52000,4523.77000,4519.19000,4520.37000,868
2026.05.26,20:15,4520.35000,4525.55000,4518.23000,4524.58000,1735
2026.05.26,20:20,4524.62000,4525.52000,4520.75000,4522.23000,1961
2026.05.26,20:25,4522.22000,4526.48000,4521.65000,4524.80000,1497
2026.05.26,20:30,4524.81000,4525.31000,4516.81000,4518.19000,2046
2026.05.26,20:35,4518.21000,4518.83000,4515.83000,4516.60000,1175
2026.05.26,20:40,4516.61000,4517.02000,4512.07000,4513.28000,1678
2026.05.26,20:45,4513.25000,4519.08000,4513.11000,4518.83000,1449
2026.05.26,20:50,4518.86000,4519.45000,4516.83000,4519.00000,1018
2026.05.26,20:55,4519.02000,4523.53000,4517.45000,4522.54000,1354
2026.05.26,21:00,4522.55000,4523.30000,4519.54000,4519.70000,1365
2026.05.26,21:05,4519.73000,4525.49000,4519.32000,4525.43000,1046
2026.05.26,21:10,4525.55000,4532.16000,4525.17000,4529.44000,1880
2026.05.26,21:15,4529.49000,4533.03000,4527.37000,4528.01000,1464
2026.05.26,21:20,4528.00000,4532.50000,4527.53000,4531.51000,1053
2026.05.26,21:25,4531.50000,4535.41000,4531.47000,4533.27000,1311
2026.05.26,21:30,4533.28000,4538.83000,4533.28000,4538.78000,2023
2026.05.26,21:35,4538.49000,4538.72000,4533.67000,4534.07000,1600
2026.05.26,21:40,4534.14000,4534.98000,4531.29000,4533.09000,1598
2026.05.26,21:45,4533.11000,4537.61000,4533.07000,4537.53000,1624
2026.05.26,21:50,4537.54000,4540.57000,4534.22000,4534.73000,2083
2026.05.26,21:55,4534.74000,4535.23000,4533.59000,4534.26000,934
2026.05.26,22:00,4534.30000,4536.22000,4532.72000,4535.98000,1103
2026.05.26,22:05,4535.99000,4536.40000,4533.86000,4535.12000,1026
2026.05.26,22:10,4535.11000,4535.97000,4531.64000,4531.66000,983
2026.05.26,22:15,4531.74000,4532.67000,4529.79000,4529.89000,1443
2026.05.26,22:20,4529.90000,4530.31000,4525.22000,4525.61000,1846
2026.05.26,22:25,4525.59000,4526.04000,4522.61000,4523.52000,1765
2026.05.26,22:30,4523.60000,4523.81000,4517.17000,4519.34000,2757
2026.05.26,22:35,4519.29000,4519.67000,4506.69000,4510.83000,4284
2026.05.26,22:40,4510.80000,4513.05000,4504.09000,4510.08000,2968
2026.05.26,22:45,4510.07000,4515.59000,4508.31000,4512.56000,1806
2026.05.26,22:50,4512.52000,4515.71000,4510.54000,4511.66000,1839
2026.05.26,22:55,4511.65000,4511.78000,4503.33000,4507.16000,2249
2026.05.26,23:00,4507.15000,4510.19000,4504.42000,4508.33000,2014
2026.05.26,23:05,4508.31000,4512.13000,4506.15000,4510.45000,2588
2026.05.26,23:10,4510.44000,4512.08000,4507.48000,4510.41000,1769
2026.05.26,23:15,4510.40000,4515.98000,4509.62000,4512.13000,1807
2026.05.26,23:20,4512.11000,4512.85000,4507.86000,4509.57000,1871
2026.05.26,23:25,4509.58000,4511.54000,4503.56000,4506.13000,1605
2026.05.26,23:30,4506.15000,4510.46000,4500.22000,4510.29000,2196
2026.05.26,23:35,4510.27000,4510.27000,4501.19000,4502.32000,1755
2026.05.26,23:40,4502.31000,4512.04000,4502.21000,4511.99000,1881
2026.05.26,23:45,4512.00000,4521.16000,4510.49000,4519.77000,2917
2026.05.26,23:50,4519.72000,4523.35000,4517.32000,4522.32000,2204
2026.05.26,23:55,4522.36000,4523.61000,4518.90000,4520.24000,1881
2026.05.27,00:00,4520.25000,4526.21000,4518.95000,4523.40000,2441
2026.05.27,00:05,4523.47000,4523.73000,4519.38000,4522.60000,1977
2026.05.27,00:10,4522.57000,4522.68000,4515.99000,4518.27000,2204
2026.05.27,00:15,4518.38000,4521.71000,4518.07000,4520.08000,1499
2026.05.27,00:20,4520.06000,4527.09000,4520.06000,4526.08000,2197
2026.05.27,00:25,4526.02000,4527.52000,4522.09000,4522.26000,1867
2026.05.27,00:30,4522.39000,4527.92000,4521.79000,4522.46000,3890
2026.05.27,00:35,4522.41000,4528.64000,4521.13000,4524.44000,3111
2026.05.27,00:40,4524.45000,4531.28000,4524.09000,4527.25000,2760
2026.05.27,00:45,4527.44000,4529.21000,4525.25000,4525.74000,3047
2026.05.27,00:50,4525.75000,4526.20000,4512.67000,4515.87000,5148
2026.05.27,00:55,4515.92000,4517.83000,4511.91000,4513.85000,2782
2026.05.27,01:00,4513.48000,4517.92000,4510.88000,4517.28000,3390
2026.05.27,01:05,4517.21000,4520.34000,4514.82000,4515.40000,2782
2026.05.27,01:10,4515.42000,4515.58000,4507.70000,4510.76000,3029
2026.05.27,01:15,4510.70000,4514.78000,4508.63000,4514.28000,2127
2026.05.27,01:20,4514.26000,4517.33000,4512.20000,4516.06000,2357
2026.05.27,01:25,4516.11000,4517.92000,4514.90000,4517.60000,2156
2026.05.27,01:30,4517.44000,4521.78000,4516.59000,4517.60000,2401
2026.05.27,01:35,4517.58000,4524.95000,4517.56000,4522.23000,2504
2026.05.27,01:40,4522.22000,4523.73000,4519.73000,4521.41000,2054
2026.05.27,01:45,4521.39000,4522.03000,4518.46000,4519.07000,2130
2026.05.27,01:50,4519.08000,4519.47000,4515.42000,4515.91000,2255
2026.05.27,01:55,4515.90000,4516.15000,4512.65000,4515.29000,2398
2026.05.27,02:00,4515.32000,4515.61000,4508.07000,4511.63000,2634
2026.05.27,02:05,4511.48000,4514.40000,4508.70000,4510.40000,2358
2026.05.27,02:10,4510.39000,4512.51000,4508.70000,4509.40000,2006
2026.05.27,02:15,4509.32000,4510.45000,4505.07000,4508.05000,2067
2026.05.27,02:20,4508.11000,4508.72000,4504.97000,4505.97000,1856
2026.05.27,02:25,4506.04000,4508.44000,4504.92000,4506.11000,1873
2026.05.27,02:30,4506.16000,4508.51000,4503.62000,4505.69000,2184
2026.05.27,02:35,4505.63000,4507.60000,4502.40000,4507.53000,2320
2026.05.27,02:40,4507.55000,4508.97000,4506.43000,4508.32000,1732
2026.05.27,02:45,4508.35000,4509.25000,4506.28000,4506.57000,1879
2026.05.27,02:50,4506.58000,4510.74000,4505.98000,4509.70000,1677
2026.05.27,02:55,4509.50000,4509.50000,4506.03000,4506.40000,2002
2026.05.27,03:00,4506.43000,4508.56000,4505.51000,4506.25000,1584
2026.05.27,03:05,4506.23000,4506.31000,4502.34000,4502.81000,1296
2026.05.27,03:10,4502.73000,4503.33000,4500.35000,4501.20000,1584
2026.05.27,03:15,4501.21000,4505.70000,4499.68000,4504.89000,1715
2026.05.27,03:20,4504.90000,4506.26000,4502.51000,4506.19000,1246
2026.05.27,03:25,4506.13000,4508.83000,4505.48000,4508.03000,1022
2026.05.27,03:30,4508.02000,4511.37000,4507.33000,4509.68000,1411
2026.05.27,03:35,4509.70000,4510.83000,4508.09000,4508.16000,1323
2026.05.27,03:40,4508.17000,4508.96000,4506.19000,4506.54000,1131
2026.05.27,03:45,4506.55000,4507.80000,4503.20000,4503.41000,1352
2026.05.27,03:50,4503.42000,4505.78000,4503.14000,4505.05000,1243
2026.05.27,03:55,4505.00000,4505.83000,4504.45000,4504.90000,1043
2026.05.27,04:00,4504.95000,4507.50000,4504.38000,4505.58000,1275
2026.05.27,04:05,4505.59000,4505.85000,4503.23000,4504.38000,1304
2026.05.27,04:10,4504.45000,4504.96000,4503.36000,4503.53000,969
2026.05.27,04:15,4503.50000,4504.81000,4503.16000,4504.43000,1010
2026.05.27,04:20,4504.42000,4506.55000,4504.15000,4506.55000,1257
2026.05.27,04:25,4506.70000,4507.60000,4500.43000,4501.35000,1855
2026.05.27,04:30,4501.27000,4501.71000,4498.00000,4500.16000,2221
2026.05.27,04:35,4500.18000,4500.99000,4496.86000,4499.18000,2022
2026.05.27,04:40,4499.19000,4499.72000,4496.93000,4498.38000,1841
2026.05.27,04:45,4498.39000,4500.96000,4498.20000,4500.27000,1300
2026.05.27,04:50,4500.29000,4501.35000,4496.02000,4496.44000,1116
2026.05.27,04:55,4496.30000,4496.97000,4489.85000,4491.04000,2534
2026.05.27,05:00,4490.98000,4493.25000,4484.82000,4487.77000,2973
2026.05.27,05:05,4487.97000,4489.24000,4481.77000,4488.83000,1960
2026.05.27,05:10,4488.84000,4491.09000,4485.16000,4487.29000,1111
2026.05.27,05:15,4487.33000,4490.75000,4486.42000,4490.52000,1279
2026.05.27,05:20,4490.55000,4493.05000,4490.32000,4492.21000,1001
2026.05.27,05:25,4492.20000,4496.18000,4491.95000,4495.10000,1210
2026.05.27,05:30,4495.09000,4498.28000,4494.01000,4497.27000,1061
2026.05.27,05:35,4497.25000,4497.26000,4495.11000,4496.35000,1002
2026.05.27,05:40,4496.34000,4496.68000,4495.01000,4495.96000,861
2026.05.27,05:45,4495.95000,4498.26000,4495.94000,4497.50000,698
2026.05.27,05:50,4497.49000,4499.42000,4497.19000,4498.52000,945
2026.05.27,05:55,4498.50000,4499.41000,4498.01000,4499.05000,1134
2026.05.27,06:00,4499.07000,4500.92000,4497.60000,4499.68000,1295
2026.05.27,06:05,4499.71000,4500.59000,4498.54000,4500.44000,940
2026.05.27,06:10,4500.45000,4500.91000,4498.93000,4499.21000,719
2026.05.27,06:15,4499.22000,4504.09000,4499.19000,4502.49000,957
2026.05.27,06:20,4502.48000,4504.23000,4502.24000,4503.08000,885
2026.05.27,06:25,4503.11000,4503.52000,4501.01000,4501.93000,947
2026.05.27,06:30,4501.89000,4503.77000,4500.63000,4503.59000,955
2026.05.27,06:35,4503.60000,4504.41000,4502.90000,4503.56000,845
2026.05.27,06:40,4503.53000,4505.77000,4503.43000,4504.63000,868
2026.05.27,06:45,4504.62000,4507.77000,4503.99000,4507.15000,854
2026.05.27,06:50,4507.42000,4507.79000,4505.61000,4505.74000,1135
2026.05.27,06:55,4505.82000,4509.95000,4505.61000,4508.85000,2144
2026.05.27,07:00,4508.84000,4510.49000,4507.08000,4507.47000,888
2026.05.27,07:05,4507.45000,4508.91000,4506.16000,4506.94000,659
2026.05.27,07:10,4506.96000,4507.95000,4506.27000,4507.91000,334
2026.05.27,07:15,4507.94000,4509.79000,4507.92000,4508.25000,385
2026.05.27,07:20,4508.26000,4509.17000,4507.35000,4508.69000,341
2026.05.27,07:25,4508.71000,4508.90000,4506.09000,4506.36000,348
2026.05.27,07:30,4506.38000,4507.70000,4506.38000,4506.46000,231
2026.05.27,07:35,4506.42000,4508.27000,4506.00000,4508.26000,278
2026.05.27,07:40,4508.29000,4509.63000,4507.73000,4508.63000,244
2026.05.27,07:45,4508.67000,4509.70000,4506.14000,4506.46000,491
2026.05.27,07:50,4506.35000,4506.53000,4503.95000,4506.37000,494
2026.05.27,07:55,4506.28000,4507.90000,4506.05000,4506.59000,554
2026.05.27,09:00,4511.64000,4513.40000,4497.06000,4503.95000,265
2026.05.27,09:05,4508.57000,4511.22000,4501.84000,4503.38000,1328
2026.05.27,09:10,4505.98000,4508.91000,4501.76000,4504.50000,418
2026.05.27,09:15,4504.51000,4506.98000,4502.91000,4506.74000,1078
2026.05.27,09:20,4506.55000,4509.72000,4503.10000,4504.51000,1085
2026.05.27,09:25,4504.76000,4507.26000,4501.87000,4504.21000,783
2026.05.27,09:30,4504.22000,4506.15000,4499.64000,4499.96000,964
2026.05.27,09:35,4499.76000,4502.36000,4497.96000,4501.82000,862
2026.05.27,09:40,4501.86000,4503.63000,4500.66000,4500.89000,693
2026.05.27,09:45,4500.86000,4502.81000,4499.43000,4502.14000,440
2026.05.27,09:50,4502.12000,4507.19000,4501.54000,4506.78000,623
2026.05.27,09:55,4506.79000,4512.58000,4506.38000,4510.63000,918
2026.05.27,10:00,4510.66000,4513.45000,4508.98000,4510.82000,886
2026.05.27,10:05,4510.70000,4512.70000,4509.44000,4509.51000,533
2026.05.27,10:10,4509.55000,4509.77000,4507.33000,4508.75000,595
2026.05.27,10:15,4508.70000,4510.08000,4507.61000,4509.21000,551
2026.05.27,10:20,4509.22000,4509.49000,4503.97000,4505.53000,874
2026.05.27,10:25,4505.35000,4512.28000,4505.30000,4512.25000,816
2026.05.27,10:30,4512.24000,4516.79000,4510.85000,4515.05000,959
2026.05.27,10:35,4515.03000,4515.81000,4512.56000,4515.66000,780
2026.05.27,10:40,4515.64000,4527.09000,4515.14000,4526.70000,1338
2026.05.27,10:45,4526.69000,4527.40000,4519.88000,4520.86000,1031
2026.05.27,10:50,4520.88000,4522.51000,4520.10000,4520.93000,668
2026.05.27,10:55,4521.25000,4521.25000,4518.06000,4519.62000,732
2026.05.27,11:00,4519.24000,4525.69000,4517.13000,4520.36000,1492
2026.05.27,11:05,4520.55000,4524.08000,4519.42000,4522.01000,1205
2026.05.27,11:10,4522.07000,4522.47000,4519.84000,4522.05000,955
2026.05.27,11:15,4522.02000,4522.59000,4519.78000,4521.07000,1073
2026.05.27,11:20,4521.14000,4521.43000,4516.03000,4516.44000,1201
2026.05.27,11:25,4516.43000,4518.83000,4513.71000,4518.13000,1268
2026.05.27,11:30,4518.12000,4520.56000,4517.29000,4519.63000,920
2026.05.27,11:35,4519.69000,4520.74000,4517.61000,4517.62000,872
2026.05.27,11:40,4517.58000,4519.20000,4516.50000,4518.24000,754
2026.05.27,11:45,4518.28000,4522.05000,4518.12000,4519.09000,954
2026.05.27,11:50,4519.06000,4519.11000,4516.18000,4516.97000,955
2026.05.27,11:55,4516.95000,4519.10000,4514.63000,4515.14000,1045
2026.05.27,12:00,4515.12000,4517.84000,4513.82000,4515.38000,2672
2026.05.27,12:05,4515.37000,4517.59000,4512.84000,4516.38000,1942
2026.05.27,12:10,4516.43000,4521.05000,4515.78000,4519.27000,1751
2026.05.27,12:15,4519.28000,4520.39000,4515.76000,4516.27000,1408
2026.05.27,12:20,4516.26000,4520.86000,4516.12000,4519.20000,1221
2026.05.27,12:25,4519.17000,4519.44000,4514.38000,4515.94000,890
2026.05.27,12:30,4516.19000,4517.15000,4513.54000,4514.91000,1453
2026.05.27,12:35,4514.90000,4516.47000,4511.67000,4511.99000,1089
2026.05.27,12:40,4512.03000,4513.59000,4509.33000,4510.14000,1084
2026.05.27,12:45,4509.82000,4510.69000,4506.64000,4509.92000,1113
2026.05.27,12:50,4509.88000,4510.18000,4507.27000,4507.76000,1025
2026.05.27,12:55,4507.71000,4509.80000,4506.97000,4507.88000,1014
2026.05.27,13:00,4507.91000,4509.45000,4504.09000,4505.43000,1439
2026.05.27,13:05,4505.38000,4505.77000,4501.83000,4503.49000,1349
2026.05.27,13:10,4503.52000,4504.48000,4502.14000,4504.03000,1233
2026.05.27,13:15,4503.98000,4505.17000,4498.93000,4499.40000,1066
2026.05.27,13:20,4499.43000,4504.76000,4499.02000,4504.10000,924
2026.05.27,13:25,4504.08000,4505.86000,4503.86000,4505.54000,770
2026.05.27,13:30,4505.53000,4505.86000,4504.00000,4505.20000,1002
2026.05.27,13:35,4505.23000,4505.82000,4500.25000,4500.34000,1014
2026.05.27,13:40,4500.32000,4502.20000,4498.48000,4499.86000,950
2026.05.27,13:45,4499.80000,4501.71000,4497.77000,4501.66000,764
2026.05.27,13:50,4501.68000,4505.10000,4501.68000,4503.98000,805
2026.05.27,13:55,4503.94000,4507.12000,4503.72000,4505.78000,824
2026.05.27,14:00,4505.77000,4509.49000,4504.92000,4507.69000,1104
2026.05.27,14:05,4507.64000,4509.46000,4505.48000,4509.42000,878
2026.05.27,14:10,4509.48000,4510.41000,4507.98000,4509.37000,947
2026.05.27,14:15,4509.38000,4511.74000,4508.53000,4510.87000,917
2026.05.27,14:20,4510.88000,4511.44000,4508.31000,4508.93000,868
2026.05.27,14:25,4508.86000,4508.86000,4505.58000,4506.97000,783
2026.05.27,14:30,4506.93000,4507.17000,4504.80000,4504.89000,501
2026.05.27,14:35,4504.87000,4504.87000,4501.64000,4502.86000,667
2026.05.27,14:40,4502.99000,4505.24000,4502.73000,4504.43000,552
2026.05.27,14:45,4504.47000,4505.57000,4503.65000,4504.36000,595
2026.05.27,14:50,4504.37000,4504.78000,4501.78000,4501.88000,597
2026.05.27,14:55,4501.86000,4501.86000,4496.38000,4496.62000,730
2026.05.27,15:00,4496.60000,4500.49000,4495.49000,4499.84000,911
2026.05.27,15:05,4499.87000,4502.57000,4499.16000,4501.62000,585
2026.05.27,15:10,4501.59000,4503.21000,4501.21000,4503.20000,522
2026.05.27,15:15,4503.17000,4503.29000,4500.61000,4501.06000,575
2026.05.27,15:20,4501.05000,4503.46000,4500.85000,4502.31000,602
2026.05.27,15:25,4502.29000,4502.29000,4499.39000,4499.45000,740
2026.05.27,15:30,4499.47000,4501.69000,4498.00000,4501.23000,1015
2026.05.27,15:35,4501.24000,4503.06000,4499.93000,4503.02000,608
2026.05.27,15:40,4503.01000,4508.38000,4502.57000,4508.31000,881
2026.05.27,15:45,4508.44000,4517.14000,4508.29000,4516.47000,1224
2026.05.27,15:50,4516.39000,4517.30000,4511.53000,4512.01000,1382
2026.05.27,15:55,4512.00000,4512.67000,4509.26000,4509.92000,1408
2026.05.27,16:00,4509.88000,4513.73000,4508.18000,4513.55000,1002
2026.05.27,16:05,4513.51000,4513.79000,4510.18000,4510.96000,1090
2026.05.27,16:10,4510.95000,4511.06000,4508.76000,4508.94000,1102
2026.05.27,16:15,4508.99000,4508.99000,4504.94000,4505.43000,1313
2026.05.27,16:20,4505.53000,4507.00000,4504.06000,4506.02000,1322
2026.05.27,16:25,4505.97000,4508.24000,4505.51000,4507.37000,881
2026.05.27,16:30,4507.19000,4508.81000,4493.52000,4496.83000,3342
2026.05.27,16:35,4496.85000,4500.96000,4494.67000,4499.56000,2527
2026.05.27,16:40,4499.29000,4500.08000,4491.55000,4493.38000,3370
2026.05.27,16:45,4493.40000,4498.20000,4491.89000,4498.14000,3151
2026.05.27,16:50,4498.12000,4502.28000,4496.27000,4498.67000,2545
2026.05.27,16:55,4498.57000,4499.62000,4496.44000,4497.36000,1934
2026.05.27,17:00,4497.37000,4499.23000,4493.60000,4494.90000,2276
2026.05.27,17:05,4495.01000,4498.73000,4493.66000,4497.75000,2105
2026.05.27,17:10,4497.73000,4498.37000,4493.47000,4494.05000,2226
2026.05.27,17:15,4494.04000,4495.76000,4485.97000,4489.22000,2269
2026.05.27,17:20,4489.19000,4490.66000,4483.44000,4486.63000,2141
2026.05.27,17:25,4486.60000,4489.30000,4483.63000,4486.22000,2038
2026.05.27,17:30,4486.25000,4486.52000,4479.37000,4483.39000,2686
2026.05.27,17:35,4483.38000,4485.76000,4480.57000,4483.50000,1989
2026.05.27,17:40,4483.49000,4487.90000,4482.17000,4487.75000,1554
2026.05.27,17:45,4487.74000,4490.19000,4486.90000,4488.20000,1456
2026.05.27,17:50,4488.14000,4489.23000,4486.49000,4487.27000,1278
2026.05.27,17:55,4487.28000,4487.73000,4483.44000,4485.21000,1721
2026.05.27,18:00,4485.29000,4488.52000,4484.81000,4487.25000,2437
2026.05.27,18:05,4487.26000,4488.61000,4482.77000,4484.79000,1593
2026.05.27,18:10,4484.78000,4484.84000,4480.02000,4480.24000,1462
2026.05.27,18:15,4480.27000,4485.38000,4480.11000,4484.03000,1349
2026.05.27,18:20,4484.04000,4489.40000,4482.84000,4486.26000,1303
2026.05.27,18:25,4486.34000,4487.06000,4484.79000,4486.12000,1402
2026.05.27,18:30,4486.11000,4488.50000,4484.59000,4485.73000,1493
2026.05.27,18:35,4485.80000,4486.49000,4481.13000,4482.90000,1327
2026.05.27,18:40,4483.01000,4484.68000,4482.12000,4482.87000,942
2026.05.27,18:45,4482.89000,4484.09000,4477.88000,4479.47000,1395
2026.05.27,18:50,4479.52000,4480.53000,4475.84000,4479.24000,1906
2026.05.27,18:55,4479.27000,4482.24000,4478.68000,4481.99000,1431
2026.05.27,19:00,4482.01000,4489.31000,4481.35000,4486.34000,1913
2026.05.27,19:05,4486.29000,4487.57000,4484.91000,4485.99000,1563
2026.05.27,19:10,4485.98000,4487.39000,4483.75000,4486.44000,1259
2026.05.27,19:15,4486.45000,4490.87000,4486.08000,4489.72000,1551
2026.05.27,19:20,4489.66000,4492.77000,4487.68000,4490.45000,1275
2026.05.27,19:25,4490.42000,4490.78000,4487.77000,4488.99000,1122
2026.05.27,19:30,4488.96000,4489.51000,4485.98000,4488.61000,944
2026.05.27,19:35,4488.64000,4492.66000,4488.20000,4492.65000,966
2026.05.27,19:40,4492.67000,4496.57000,4492.58000,4496.10000,1563
2026.05.27,19:45,4496.14000,4497.31000,4492.63000,4496.68000,1348
2026.05.27,19:50,4496.59000,4498.66000,4495.50000,4498.18000,1253
2026.05.27,19:55,4498.17000,4498.35000,4494.73000,4497.68000,828
2026.05.27,20:00,4497.69000,4497.69000,4490.94000,4491.92000,1300
2026.05.27,20:05,4491.93000,4492.62000,4488.77000,4489.33000,999
2026.05.27,20:10,4489.34000,4493.31000,4489.22000,4491.75000,831
2026.05.27,20:15,4491.72000,4495.42000,4491.55000,4494.67000,952
2026.05.27,20:20,4494.59000,4495.21000,4490.84000,4490.96000,778
2026.05.27,20:25,4490.95000,4491.75000,4489.27000,4490.21000,749
2026.05.27,20:30,4490.19000,4490.87000,4486.72000,4490.47000,1229
2026.05.27,20:35,4490.48000,4492.12000,4490.01000,4491.11000,722
2026.05.27,20:40,4491.14000,4491.80000,4488.18000,4488.50000,670
2026.05.27,20:45,4488.48000,4489.96000,4488.22000,4489.49000,528
2026.05.27,20:50,4489.38000,4492.93000,4489.38000,4492.40000,659
2026.05.27,20:55,4492.38000,4493.04000,4489.99000,4490.02000,496
2026.05.27,21:00,4490.01000,4490.48000,4484.84000,4486.48000,944
2026.05.27,21:05,4486.41000,4489.18000,4486.22000,4486.93000,783
2026.05.27,21:10,4486.94000,4487.72000,4484.17000,4485.39000,726
2026.05.27,21:15,4485.32000,4486.30000,4479.80000,4479.82000,933
2026.05.27,21:20,4479.81000,4481.18000,4477.96000,4479.80000,1018
2026.05.27,21:25,4479.84000,4480.08000,4476.24000,4476.77000,1125
2026.05.27,21:30,4476.71000,4477.12000,4472.20000,4473.88000,1722
2026.05.27,21:35,4473.86000,4475.88000,4461.74000,4463.29000,3011
2026.05.27,21:40,4463.25000,4470.05000,4462.58000,4465.45000,2601
2026.05.27,21:45,4465.37000,4466.97000,4443.75000,4448.54000,3630
2026.05.27,21:50,4448.51000,4450.23000,4442.86000,4444.87000,2915
2026.05.27,21:55,4444.85000,4450.12000,4442.49000,4445.81000,2510
2026.05.27,22:00,4446.16000,4453.35000,4445.14000,4452.37000,2120
2026.05.27,22:05,4452.35000,4452.45000,4446.34000,4449.62000,1758
2026.05.27,22:10,4449.66000,4451.55000,4443.27000,4451.00000,1830
2026.05.27,22:15,4450.91000,4452.22000,4447.47000,4449.18000,1686
2026.05.27,22:20,4449.13000,4449.13000,4440.24000,4445.83000,2051
2026.05.27,22:25,4445.62000,4446.22000,4439.42000,4440.89000,1854
2026.05.27,22:30,4440.75000,4441.68000,4432.20000,4436.94000,2655
2026.05.27,22:35,4436.95000,4441.91000,4434.75000,4441.18000,1998
2026.05.27,22:40,4441.20000,4444.27000,4438.31000,4443.13000,1512
2026.05.27,22:45,4443.08000,4444.63000,4438.94000,4439.18000,1317
2026.05.27,22:50,4439.14000,4439.60000,4433.47000,4433.66000,1867
2026.05.27,22:55,4433.65000,4433.96000,4424.82000,4428.60000,2666
2026.05.27,23:00,4428.58000,4437.61000,4428.26000,4434.25000,2575
2026.05.27,23:05,4434.28000,4437.38000,4431.80000,4432.91000,1679
2026.05.27,23:10,4432.78000,4433.53000,4428.79000,4430.31000,1841
2026.05.27,23:15,4430.40000,4454.22000,4427.36000,4447.48000,3883
2026.05.27,23:20,4447.28000,4466.59000,4442.31000,4454.58000,5702
2026.05.27,23:25,4454.89000,4460.56000,4452.69000,4454.72000,3747
2026.05.27,23:30,4454.61000,4460.01000,4445.38000,4447.20000,3338
2026.05.27,23:35,4447.19000,4453.44000,4444.63000,4452.64000,3016
2026.05.27,23:40,4452.62000,4452.75000,4446.12000,4446.99000,2594
2026.05.27,23:45,4447.07000,4448.15000,4442.31000,4444.90000,2186
2026.05.27,23:50,4444.85000,4446.82000,4440.94000,4445.97000,2302
2026.05.27,23:55,4445.96000,4446.35000,4437.59000,4438.69000,2060
2026.05.28,00:00,4438.42000,4438.91000,4429.49000,4432.06000,4070
2026.05.28,00:05,4432.07000,4432.28000,4411.93000,4414.28000,4559
2026.05.28,00:10,4414.41000,4420.36000,4411.05000,4416.58000,3715
2026.05.28,00:15,4416.57000,4421.31000,4409.64000,4411.32000,3585
2026.05.28,00:20,4411.43000,4417.10000,4405.72000,4416.38000,3861
2026.05.28,00:25,4416.48000,4419.39000,4401.19000,4404.63000,4426
2026.05.28,00:30,4404.28000,4424.48000,4404.10000,4423.69000,4448
2026.05.28,00:35,4423.65000,4425.42000,4412.56000,4418.17000,4880
2026.05.28,00:40,4418.15000,4423.37000,4416.50000,4419.18000,3912
2026.05.28,00:45,4419.19000,4428.34000,4418.19000,4420.33000,3642
2026.05.28,00:50,4420.26000,4434.05000,4419.21000,4425.33000,3514
2026.05.28,00:55,4425.34000,4428.35000,4423.69000,4427.38000,3209
2026.05.28,01:00,4427.40000,4438.18000,4425.96000,4438.13000,3529
2026.05.28,01:05,4438.12000,4448.25000,4436.57000,4444.14000,3981
2026.05.28,01:10,4444.15000,4455.37000,4443.06000,4448.04000,4049
2026.05.28,01:15,4448.23000,4452.06000,4446.95000,4451.21000,3081
2026.05.28,01:20,4451.24000,4455.21000,4442.60000,4444.35000,4232
2026.05.28,01:25,4444.36000,4446.13000,4439.99000,4445.36000,3434
2026.05.28,01:30,4445.32000,4449.36000,4435.44000,4440.96000,4088
2026.05.28,01:35,4440.67000,4445.30000,4439.69000,4444.21000,2827
2026.05.28,01:40,4444.24000,4444.93000,4439.87000,4443.05000,2511
2026.05.28,01:45,4442.99000,4446.26000,4438.08000,4438.16000,2261
2026.05.28,01:50,4438.30000,4439.86000,4436.55000,4439.75000,2320
2026.05.28,01:55,4439.17000,4439.17000,4433.28000,4433.89000,2540
2026.05.28,02:00,4433.88000,4438.57000,4430.28000,4436.23000,2563
2026.05.28,02:05,4436.15000,4437.03000,4428.46000,4429.59000,2278
2026.05.28,02:10,4429.49000,4432.69000,4428.22000,4432.15000,2065
2026.05.28,02:15,4432.11000,4433.04000,4429.82000,4430.98000,1941
2026.05.28,02:20,4430.83000,4434.13000,4429.81000,4433.29000,1847
2026.05.28,02:25,4433.27000,4435.90000,4432.47000,4435.85000,1754
2026.05.28,02:30,4436.02000,4441.61000,4435.94000,4438.71000,2413
2026.05.28,02:35,4438.69000,4440.88000,4437.69000,4440.86000,1710
2026.05.28,02:40,4440.87000,4441.18000,4432.91000,4434.10000,1990
2026.05.28,02:45,4434.15000,4438.68000,4431.50000,4432.93000,2179
2026.05.28,02:50,4432.94000,4435.22000,4430.95000,4434.29000,1715
2026.05.28,02:55,4434.32000,4437.18000,4432.75000,4436.43000,1482
2026.05.28,03:00,4436.38000,4441.91000,4434.75000,4437.53000,1931
2026.05.28,03:05,4437.45000,4438.15000,4434.18000,4436.81000,1598
2026.05.28,03:10,4436.82000,4440.94000,4436.66000,4440.04000,1375
2026.05.28,03:15,4440.18000,4443.22000,4439.79000,4441.88000,1252
2026.05.28,03:20,4441.87000,4444.26000,4441.64000,4444.26000,1293
2026.05.28,03:25,4444.27000,4447.61000,4443.53000,4446.79000,1356
2026.05.28,03:30,4446.77000,4449.61000,4445.11000,4448.40000,1260
2026.05.28,03:35,4448.38000,4450.87000,4448.38000,4449.77000,1128
2026.05.28,03:40,4449.78000,4453.25000,4449.50000,4450.66000,1312
2026.05.28,03:45,4450.67000,4452.55000,4449.27000,4451.95000,1469
2026.05.28,03:50,4451.96000,4453.28000,4449.98000,4450.85000,1451
2026.05.28,03:55,4450.76000,4451.49000,4449.40000,4450.64000,1256
2026.05.28,04:00,4450.67000,4451.06000,4447.41000,4449.18000,1906
2026.05.28,04:05,4449.20000,4451.69000,4442.47000,4442.97000,1981
2026.05.28,04:10,4442.99000,4445.75000,4441.26000,4444.14000,2194
2026.05.28,04:15,4444.15000,4447.31000,4443.18000,4446.85000,1594
2026.05.28,04:20,4446.69000,4448.29000,4445.84000,4446.50000,1516
2026.05.28,04:25,4446.49000,4451.20000,4445.31000,4449.68000,1709
2026.05.28,04:30,4450.04000,4453.25000,4449.83000,4451.99000,1276
2026.05.28,04:35,4452.00000,4454.28000,4450.96000,4451.04000,1322
2026.05.28,04:40,4450.86000,4452.00000,4450.22000,4450.49000,996
2026.05.28,04:45,4450.47000,4451.63000,4449.93000,4450.96000,847
2026.05.28,04:50,4450.98000,4453.72000,4450.53000,4452.72000,1024
2026.05.28,04:55,4452.74000,4453.99000,4450.32000,4450.38000,986
2026.05.28,05:00,4450.33000,4452.20000,4449.31000,4449.42000,1137
2026.05.28,05:05,4449.38000,4450.07000,4447.76000,4448.11000,974
2026.05.28,05:10,4448.13000,4450.09000,4448.00000,4450.05000,765
2026.05.28,05:15,4450.06000,4452.98000,4449.75000,4452.64000,859
2026.05.28,05:20,4452.43000,4458.24000,4452.43000,4454.81000,1312
2026.05.28,05:25,4454.82000,4455.91000,4454.26000,4455.42000,1056
2026.05.28,05:30,4455.43000,4456.45000,4452.16000,4452.56000,903
2026.05.28,05:35,4452.55000,4453.28000,4451.20000,4452.90000,636
2026.05.28,05:40,4452.91000,4453.88000,4452.73000,4453.07000,495
2026.05.28,05:45,4453.01000,4453.53000,4452.49000,4453.38000,492
2026.05.28,05:50,4453.40000,4453.79000,4452.24000,4452.25000,589
2026.05.28,05:55,4452.26000,4454.89000,4452.08000,4454.22000,632
2026.05.28,06:00,4454.21000,4454.61000,4451.89000,4452.19000,690
2026.05.28,06:05,4452.18000,4453.30000,4451.84000,4452.48000,676
2026.05.28,06:10,4452.49000,4452.61000,4450.48000,4451.75000,1059
2026.05.28,06:15,4451.74000,4452.36000,4449.62000,4450.09000,1143
2026.05.28,06:20,4450.12000,4454.01000,4449.96000,4453.16000,695
2026.05.28,06:25,4453.19000,4453.19000,4450.45000,4451.05000,1040
2026.05.28,06:30,4451.07000,4453.72000,4449.48000,4452.62000,1092
2026.05.28,06:35,4452.81000,4454.80000,4451.89000,4454.68000,874
2026.05.28,06:40,4454.70000,4454.75000,4453.13000,4453.49000,648
2026.05.28,06:45,4453.50000,4453.74000,4451.71000,4451.88000,534
2026.05.28,06:50,4451.87000,4452.87000,4450.62000,4451.11000,1115
2026.05.28,06:55,4451.10000,4451.10000,4448.86000,4451.01000,1481
2026.05.28,07:00,4450.80000,4453.58000,4449.89000,4452.49000,642
2026.05.28,07:05,4452.27000,4453.44000,4451.64000,4453.04000,351
2026.05.28,07:10,4453.00000,4455.40000,4452.50000,4455.40000,290
2026.05.28,07:15,4455.36000,4458.88000,4455.36000,4458.20000,620
2026.05.28,07:20,4458.25000,4458.77000,4455.91000,4456.92000,427
2026.05.28,07:25,4456.89000,4456.91000,4454.67000,4454.91000,353
2026.05.28,07:30,4454.90000,4455.65000,4454.34000,4454.39000,319
2026.05.28,07:35,4454.38000,4454.39000,4452.35000,4452.49000,310
2026.05.28,07:40,4452.47000,4453.94000,4451.58000,4453.71000,329
2026.05.28,07:45,4453.72000,4454.42000,4452.67000,4454.18000,372
2026.05.28,07:50,4454.21000,4455.23000,4453.68000,4454.78000,224
2026.05.28,07:55,4454.76000,4456.38000,4454.58000,4455.48000,407
2026.05.28,09:00,4463.75000,4465.78000,4455.15000,4456.52000,538
2026.05.28,09:05,4456.37000,4462.05000,4455.28000,4458.37000,679
2026.05.28,09:10,4458.35000,4460.47000,4456.71000,4457.41000,490
2026.05.28,09:15,4457.39000,4460.41000,4456.23000,4459.02000,319
2026.05.28,09:20,4459.01000,4461.81000,4457.43000,4460.18000,369
2026.05.28,09:25,4460.47000,4461.65000,4459.37000,4459.50000,503
2026.05.28,09:30,4459.48000,4459.77000,4454.77000,4456.87000,778
2026.05.28,09:35,4457.33000,4461.69000,4457.00000,4461.20000,410
2026.05.28,09:40,4461.36000,4462.26000,4457.78000,4458.10000,494
2026.05.28,09:45,4458.07000,4458.62000,4455.90000,4456.14000,345
2026.05.28,09:50,4456.22000,4457.76000,4454.74000,4456.22000,416
2026.05.28,09:55,4456.23000,4457.65000,4456.14000,4457.06000,356
2026.05.28,10:00,4457.08000,4457.82000,4454.90000,4456.08000,602
2026.05.28,10:05,4456.10000,4456.84000,4451.58000,4452.71000,977
2026.05.28,10:10,4452.69000,4454.21000,4451.34000,4453.42000,736
2026.05.28,10:15,4453.45000,4454.77000,4451.01000,4453.77000,798
2026.05.28,10:20,4453.74000,4454.53000,4449.29000,4451.16000,1282
2026.05.28,10:25,4451.44000,4452.24000,4449.33000,4450.29000,836
2026.05.28,10:30,4450.27000,4451.13000,4448.94000,4449.41000,817
2026.05.28,10:35,4449.78000,4454.01000,4449.36000,4452.82000,613
2026.05.28,10:40,4452.83000,4454.16000,4450.21000,4450.66000,644
2026.05.28,10:45,4450.64000,4450.70000,4446.16000,4448.30000,956
2026.05.28,10:50,4448.44000,4449.00000,4444.01000,4445.89000,1049
2026.05.28,10:55,4445.82000,4449.96000,4445.39000,4446.94000,798
2026.05.28,11:00,4446.96000,4452.24000,4445.02000,4449.15000,1623
2026.05.28,11:05,4449.14000,4449.87000,4445.27000,4448.88000,1316
2026.05.28,11:10,4448.97000,4449.91000,4444.23000,4444.61000,1154
2026.05.28,11:15,4444.63000,4453.96000,4443.68000,4452.12000,1513
2026.05.28,11:20,4452.07000,4453.47000,4444.07000,4445.70000,1456
2026.05.28,11:25,4445.67000,4447.93000,4443.86000,4445.92000,1600
2026.05.28,11:30,4445.95000,4449.94000,4443.56000,4449.19000,1727
2026.05.28,11:35,4449.54000,4452.90000,4448.80000,4450.87000,1153
2026.05.28,11:40,4450.86000,4453.13000,4449.98000,4452.19000,983
2026.05.28,11:45,4452.23000,4455.25000,4451.95000,4453.73000,1024
2026.05.28,11:50,4453.72000,4454.32000,4451.54000,4451.62000,797
2026.05.28,11:55,4451.57000,4457.76000,4450.56000,4457.03000,1255
2026.05.28,12:00,4457.04000,4458.76000,4445.45000,4446.04000,2735
2026.05.28,12:05,4445.68000,4448.27000,4442.59000,4444.54000,2015
2026.05.28,12:10,4444.59000,4446.16000,4437.45000,4438.20000,1824
2026.05.28,12:15,4438.10000,4440.57000,4431.39000,4433.40000,2226
2026.05.28,12:20,4433.14000,4434.78000,4426.74000,4430.87000,2155
2026.05.28,12:25,4430.83000,4431.23000,4416.97000,4418.97000,2685
2026.05.28,12:30,4419.01000,4425.79000,4416.90000,4425.26000,2686
2026.05.28,12:35,4425.32000,4426.43000,4420.70000,4423.09000,2227
2026.05.28,12:40,4423.10000,4423.31000,4415.85000,4417.83000,2852
2026.05.28,12:45,4417.82000,4420.36000,4415.99000,4417.38000,2230
2026.05.28,12:50,4417.37000,4419.85000,4407.24000,4409.04000,2713
2026.05.28,12:55,4409.05000,4411.34000,4406.60000,4409.65000,2332
2026.05.28,13:00,4409.67000,4412.57000,4402.44000,4403.74000,2609
2026.05.28,13:05,4403.88000,4408.58000,4402.28000,4407.85000,1881
2026.05.28,13:10,4407.92000,4408.38000,4396.02000,4402.46000,2417
2026.05.28,13:15,4402.51000,4406.18000,4402.22000,4404.23000,1611
2026.05.28,13:20,4404.32000,4406.11000,4399.76000,4405.91000,1330
2026.05.28,13:25,4405.83000,4408.61000,4405.72000,4406.19000,1203
2026.05.28,13:30,4406.13000,4410.35000,4403.80000,4409.08000,1738
2026.05.28,13:35,4409.07000,4409.31000,4405.72000,4406.87000,1344
2026.05.28,13:40,4406.88000,4408.55000,4400.63000,4402.19000,1488
2026.05.28,13:45,4402.09000,4402.50000,4393.77000,4396.18000,2140
2026.05.28,13:50,4396.14000,4398.55000,4393.31000,4395.43000,1400
2026.05.28,13:55,4395.53000,4398.96000,4392.49000,4394.37000,1558
2026.05.28,14:00,4394.42000,4396.41000,4390.14000,4395.70000,1812
2026.05.28,14:05,4395.71000,4397.98000,4394.01000,4396.71000,1661
2026.05.28,14:10,4396.69000,4397.64000,4391.55000,4394.11000,1899
2026.05.28,14:15,4394.09000,4394.45000,4383.08000,4384.21000,2307
2026.05.28,14:20,4384.65000,4387.68000,4381.72000,4386.49000,2149
2026.05.28,14:25,4386.51000,4388.28000,4382.91000,4387.38000,1871
2026.05.28,14:30,4387.37000,4387.73000,4379.53000,4380.06000,2071
2026.05.28,14:35,4380.05000,4380.32000,4370.67000,4373.87000,2600
2026.05.28,14:40,4373.96000,4378.10000,4372.05000,4376.54000,2451
2026.05.28,14:45,4376.52000,4379.28000,4372.27000,4374.71000,1871
2026.05.28,14:50,4374.66000,4376.39000,4371.63000,4375.35000,1838
2026.05.28,14:55,4375.34000,4376.90000,4368.21000,4374.82000,1710
2026.05.28,15:00,4374.68000,4377.58000,4369.29000,4374.97000,2069
2026.05.28,15:05,4375.31000,4382.19000,4373.69000,4380.87000,1734
2026.05.28,15:10,4380.65000,4381.41000,4375.71000,4376.43000,1231
2026.05.28,15:15,4376.46000,4377.14000,4368.36000,4368.90000,1469
2026.05.28,15:20,4368.98000,4372.50000,4366.05000,4371.51000,1789
2026.05.28,15:25,4371.50000,4372.10000,4367.12000,4368.20000,1683
2026.05.28,15:30,4368.19000,4372.63000,4368.13000,4371.11000,1818
2026.05.28,15:35,4371.09000,4373.61000,4370.10000,4371.92000,1389
2026.05.28,15:40,4372.24000,4375.02000,4370.62000,4373.83000,1347
2026.05.28,15:45,4373.82000,4375.37000,4369.17000,4369.83000,1323
2026.05.28,15:50,4369.81000,4372.70000,4367.90000,4371.14000,1706
2026.05.28,15:55,4371.21000,4374.71000,4371.14000,4372.81000,2002
2026.05.28,16:00,4373.03000,4374.04000,4366.98000,4369.56000,1867
2026.05.28,16:05,4369.55000,4374.35000,4367.95000,4372.00000,1483
2026.05.28,16:10,4372.01000,4377.57000,4371.56000,4375.43000,1284
2026.05.28,16:15,4375.07000,4376.38000,4371.33000,4374.45000,1116
2026.05.28,16:20,4374.46000,4377.71000,4371.70000,4377.23000,1200
2026.05.28,16:25,4377.25000,4379.98000,4376.18000,4378.55000,1396
2026.05.28,16:30,4378.69000,4387.69000,4374.78000,4386.64000,2814
2026.05.28,16:35,4386.38000,4391.17000,4386.27000,4390.97000,2101
2026.05.28,16:40,4391.00000,4393.42000,4389.10000,4389.44000,1990
2026.05.28,16:45,4389.51000,4394.73000,4389.51000,4392.30000,1833
2026.05.28,16:50,4392.33000,4395.65000,4390.75000,4393.27000,2471
2026.05.28,16:55,4393.30000,4393.56000,4387.53000,4387.99000,1843
2026.05.28,17:00,4388.07000,4390.34000,4385.71000,4387.51000,2243
2026.05.28,17:05,4387.42000,4387.86000,4378.63000,4380.07000,1748
2026.05.28,17:10,4380.03000,4381.66000,4374.40000,4375.89000,1738
2026.05.28,17:15,4375.88000,4380.35000,4374.16000,4379.49000,1480
2026.05.28,17:20,4379.48000,4384.85000,4379.45000,4381.78000,1317
2026.05.28,17:25,4381.83000,4384.93000,4379.97000,4380.21000,1326
2026.05.28,17:30,4380.20000,4384.86000,4378.92000,4383.37000,1486
2026.05.28,17:35,4383.39000,4385.45000,4381.92000,4381.92000,1402
2026.05.28,17:40,4381.87000,4383.86000,4376.88000,4380.40000,1293
2026.05.28,17:45,4380.41000,4384.27000,4379.06000,4383.07000,1141
2026.05.28,17:50,4383.05000,4383.78000,4380.94000,4382.64000,1162
2026.05.28,17:55,4382.65000,4384.46000,4381.65000,4383.35000,971
2026.05.28,18:00,4383.51000,4389.72000,4383.51000,4387.18000,1893
2026.05.28,18:05,4387.23000,4392.10000,4386.63000,4391.86000,1283
2026.05.28,18:10,4391.77000,4391.77000,4386.80000,4388.71000,1098
2026.05.28,18:15,4388.90000,4395.22000,4386.22000,4394.11000,1173
2026.05.28,18:20,4394.10000,4396.47000,4392.99000,4394.45000,1440
2026.05.28,18:25,4394.47000,4396.17000,4391.69000,4392.70000,1092
2026.05.28,18:30,4392.69000,4393.73000,4388.85000,4389.39000,1145
2026.05.28,18:35,4389.44000,4392.76000,4388.36000,4389.13000,1098
2026.05.28,18:40,4389.15000,4389.67000,4385.29000,4389.32000,1090
2026.05.28,18:45,4389.35000,4391.02000,4385.92000,4387.91000,1315
2026.05.28,18:50,4388.04000,4389.34000,4382.70000,4385.59000,1298
2026.05.28,18:55,4385.63000,4388.93000,4383.38000,4387.54000,1136
2026.05.28,19:00,4387.47000,4393.15000,4386.54000,4387.45000,1709
2026.05.28,19:05,4387.44000,4393.68000,4386.41000,4393.68000,1346
2026.05.28,19:10,4393.73000,4394.94000,4391.57000,4393.36000,1192
2026.05.28,19:15,4393.34000,4394.45000,4391.18000,4391.85000,1141
2026.05.28,19:20,4391.84000,4394.43000,4391.20000,4392.48000,1181
2026.05.28,19:25,4392.51000,4393.17000,4387.56000,4389.78000,1299
2026.05.28,19:30,4389.79000,4392.06000,4386.25000,4392.03000,1157
2026.05.28,19:35,4392.07000,4395.00000,4389.77000,4391.80000,967
2026.05.28,19:40,4391.81000,4393.49000,4389.24000,4389.87000,1069
2026.05.28,19:45,4389.94000,4391.33000,4387.21000,4390.76000,968
2026.05.28,19:50,4390.78000,4391.79000,4388.48000,4388.66000,741
2026.05.28,19:55,4388.64000,4388.92000,4385.80000,4386.90000,928
2026.05.28,20:00,4386.77000,4390.90000,4386.21000,4389.28000,977
2026.05.28,20:05,4389.27000,4391.08000,4388.21000,4389.55000,944
2026.05.28,20:10,4389.58000,4390.53000,4386.46000,4389.29000,979
2026.05.28,20:15,4389.30000,4391.93000,4388.54000,4389.87000,890
2026.05.28,20:20,4389.82000,4399.03000,4389.82000,4395.21000,1249
2026.05.28,20:25,4395.20000,4397.65000,4393.53000,4396.37000,1107
2026.05.28,20:30,4396.25000,4396.90000,4391.62000,4392.76000,1836
2026.05.28,20:35,4392.77000,4395.76000,4391.38000,4392.33000,1095
2026.05.28,20:40,4392.40000,4393.03000,4390.03000,4391.05000,941
2026.05.28,20:45,4391.18000,4393.40000,4389.61000,4392.78000,885
2026.05.28,20:50,4392.79000,4396.30000,4392.35000,4394.22000,1034
2026.05.28,20:55,4394.21000,4396.40000,4392.67000,4393.44000,872
2026.05.28,21:00,4393.45000,4394.93000,4391.40000,4393.62000,966
2026.05.28,21:05,4393.67000,4401.65000,4393.64000,4401.65000,1137
2026.05.28,21:10,4401.47000,4404.20000,4398.24000,4399.17000,1065
2026.05.28,21:15,4399.18000,4400.82000,4398.01000,4399.29000,725
2026.05.28,21:20,4399.30000,4399.44000,4393.90000,4395.79000,977
2026.05.28,21:25,4395.77000,4402.37000,4395.59000,4401.16000,908
2026.05.28,21:30,4401.15000,4402.40000,4398.28000,4398.74000,986
2026.05.28,21:35,4398.76000,4399.84000,4397.15000,4397.79000,767
2026.05.28,21:40,4397.78000,4398.35000,4387.99000,4388.97000,1346
2026.05.28,21:45,4388.95000,4388.95000,4379.79000,4380.81000,1795
2026.05.28,21:50,4380.83000,4384.98000,4374.91000,4382.15000,2677
2026.05.28,21:55,4382.17000,4387.42000,4381.95000,4382.95000,1651
2026.05.28,22:00,4382.99000,4388.62000,4381.58000,4388.56000,1986
2026.05.28,22:05,4388.58000,4389.47000,4385.60000,4386.91000,1298
2026.05.28,22:10,4386.93000,4388.64000,4385.50000,4386.90000,1383
2026.05.28,22:15,4386.77000,4390.59000,4386.58000,4389.49000,1190
2026.05.28,22:20,4389.52000,4390.04000,4385.72000,4387.64000,966
2026.05.28,22:25,4387.59000,4389.15000,4384.35000,4384.84000,817
2026.05.28,22:30,4384.92000,4387.12000,4380.90000,4386.70000,1543
2026.05.28,22:35,4386.69000,4390.19000,4385.98000,4388.54000,1814
2026.05.28,22:40,4388.53000,4390.36000,4385.02000,4385.69000,1204
2026.05.28,22:45,4385.70000,4386.27000,4383.06000,4383.52000,1283
2026.05.28,22:50,4383.51000,4384.67000,4381.15000,4383.85000,1905
2026.05.28,22:55,4383.82000,4388.45000,4383.34000,4388.04000,1499
2026.05.28,23:00,4388.02000,4391.15000,4388.02000,4389.87000,1233
2026.05.28,23:05,4389.88000,4392.97000,4389.28000,4391.57000,1152
2026.05.28,23:10,4391.56000,4392.69000,4388.69000,4392.46000,1003
2026.05.28,23:15,4392.47000,4392.84000,4387.58000,4388.54000,1081
2026.05.28,23:20,4388.97000,4389.59000,4379.49000,4381.45000,1881
2026.05.28,23:25,4381.50000,4387.00000,4381.04000,4384.79000,1087
2026.05.28,23:30,4384.51000,4394.56000,4383.69000,4392.28000,2358
2026.05.28,23:35,4392.38000,4402.34000,4391.48000,4398.59000,2510
2026.05.28,23:40,4398.52000,4403.01000,4397.40000,4402.09000,2514
2026.05.28,23:45,4402.22000,4409.97000,4401.60000,4409.63000,1978
2026.05.28,23:50,4409.58000,4421.55000,4409.20000,4420.48000,2340
2026.05.28,23:55,4420.60000,4433.78000,4420.58000,4432.10000,2974
2026.05.29,00:00,4432.12000,4436.21000,4428.69000,4432.61000,3872
2026.05.29,00:05,4432.67000,4439.02000,4425.90000,4426.31000,2970
2026.05.29,00:10,4426.33000,4431.98000,4424.94000,4426.65000,2444
2026.05.29,00:15,4426.72000,4431.90000,4425.66000,4431.39000,1977
2026.05.29,00:20,4431.42000,4434.17000,4427.28000,4428.81000,2011
2026.05.29,00:25,4428.82000,4432.96000,4427.59000,4428.64000,1786
2026.05.29,00:30,4428.70000,4430.88000,4418.32000,4418.71000,3674
2026.05.29,00:35,4418.73000,4426.56000,4417.97000,4424.93000,3624
2026.05.29,00:40,4424.92000,4425.51000,4419.46000,4422.06000,3363
2026.05.29,00:45,4422.05000,4430.06000,4421.50000,4425.65000,2990
2026.05.29,00:50,4425.72000,4434.35000,4425.62000,4430.82000,3652
2026.05.29,00:55,4430.86000,4432.35000,4426.37000,4430.12000,2421
2026.05.29,01:00,4430.21000,4433.21000,4420.36000,4424.22000,3186
2026.05.29,01:05,4424.33000,4442.51000,4424.11000,4438.77000,3034
2026.05.29,01:10,4438.91000,4467.40000,4432.17000,4463.95000,5419
2026.05.29,01:15,4463.94000,4473.07000,4451.05000,4464.58000,6527
2026.05.29,01:20,4464.62000,4467.24000,4453.58000,4461.38000,4566
2026.05.29,01:25,4461.41000,4465.16000,4458.81000,4460.71000,4728
2026.05.29,01:30,4460.77000,4467.93000,4456.07000,4456.46000,3940
2026.05.29,01:35,4456.42000,4460.19000,4452.78000,4459.42000,3892
2026.05.29,01:40,4459.43000,4471.57000,4458.32000,4468.79000,3913
2026.05.29,01:45,4468.88000,4480.33000,4466.12000,4467.75000,4885
2026.05.29,01:50,4467.76000,4475.61000,4466.56000,4470.27000,3677
2026.05.29,01:55,4470.29000,4470.86000,4461.95000,4469.77000,3106
2026.05.29,02:00,4469.78000,4476.80000,4468.66000,4474.82000,3513
2026.05.29,02:05,4474.81000,4480.74000,4472.41000,4473.30000,2926
2026.05.29,02:10,4473.50000,4474.54000,4470.50000,4471.35000,2557
2026.05.29,02:15,4471.57000,4474.20000,4470.72000,4472.57000,2081
2026.05.29,02:20,4472.56000,4477.02000,4469.25000,4476.26000,2358
2026.05.29,02:25,4476.27000,4482.19000,4475.33000,4476.69000,2849
2026.05.29,02:30,4477.03000,4481.40000,4477.01000,4480.80000,2721
2026.05.29,02:35,4480.81000,4484.88000,4478.14000,4478.23000,2881
2026.05.29,02:40,4478.28000,4481.18000,4477.06000,4479.25000,2263
2026.05.29,02:45,4479.26000,4482.37000,4478.68000,4479.53000,2074
2026.05.29,02:50,4479.54000,4482.38000,4479.35000,4480.05000,1861
2026.05.29,02:55,4480.04000,4482.16000,4478.66000,4482.09000,1446
2026.05.29,03:00,4482.13000,4483.75000,4477.82000,4480.74000,1995
2026.05.29,03:05,4480.75000,4485.59000,4480.72000,4481.21000,1618
2026.05.29,03:10,4481.23000,4485.46000,4481.23000,4484.27000,1592
2026.05.29,03:15,4484.32000,4497.38000,4484.00000,4497.04000,2831
2026.05.29,03:20,4497.02000,4502.48000,4494.74000,4502.03000,2707
2026.05.29,03:25,4502.02000,4502.84000,4498.88000,4500.52000,2194
2026.05.29,03:30,4500.65000,4502.48000,4497.72000,4498.92000,1798
2026.05.29,03:35,4498.85000,4502.95000,4497.42000,4499.28000,1996
2026.05.29,03:40,4499.34000,4506.33000,4499.04000,4504.31000,2404
2026.05.29,03:45,4504.35000,4508.26000,4504.27000,4505.21000,2390
2026.05.29,03:50,4505.18000,4509.67000,4504.66000,4507.92000,1898
2026.05.29,03:55,4507.97000,4511.01000,4507.69000,4510.97000,1299
2026.05.29,04:00,4510.99000,4514.52000,4509.38000,4510.03000,2273
2026.05.29,04:05,4510.07000,4510.31000,4505.77000,4509.80000,2035
2026.05.29,04:10,4509.81000,4510.40000,4503.45000,4503.87000,1900
2026.05.29,04:15,4503.85000,4506.86000,4503.28000,4504.48000,1548
2026.05.29,04:20,4504.40000,4505.71000,4502.46000,4505.04000,2021
2026.05.29,04:25,4505.07000,4506.29000,4501.11000,4502.03000,2233
2026.05.29,04:30,4502.08000,4507.04000,4502.08000,4505.11000,1325
2026.05.29,04:35,4505.18000,4505.79000,4503.90000,4505.53000,1439
2026.05.29,04:40,4505.54000,4507.00000,4504.18000,4504.91000,1367
2026.05.29,04:45,4504.92000,4509.25000,4504.54000,4508.35000,1422
2026.05.29,04:50,4508.36000,4508.45000,4506.61000,4507.65000,1085
2026.05.29,04:55,4507.67000,4510.06000,4507.57000,4508.79000,1193
2026.05.29,05:00,4508.80000,4516.43000,4508.73000,4513.12000,1864
2026.05.29,05:05,4513.09000,4513.75000,4509.34000,4509.74000,1463
2026.05.29,05:10,4509.75000,4509.75000,4506.07000,4507.65000,1518
2026.05.29,05:15,4507.66000,4512.51000,4505.27000,4509.60000,1695
2026.05.29,05:20,4509.66000,4511.08000,4507.53000,4508.16000,1335
2026.05.29,05:25,4508.05000,4508.20000,4505.16000,4506.09000,1235
2026.05.29,05:30,4506.08000,4506.28000,4501.38000,4501.96000,1198
2026.05.29,05:35,4501.95000,4503.64000,4500.80000,4501.79000,1418
2026.05.29,05:40,4501.81000,4502.71000,4500.82000,4501.72000,1018
2026.05.29,05:45,4501.66000,4502.40000,4498.38000,4499.15000,1112
2026.05.29,05:50,4499.03000,4503.63000,4498.66000,4502.78000,1151
2026.05.29,05:55,4502.81000,4503.20000,4500.47000,4501.35000,1023
2026.05.29,06:00,4501.32000,4503.66000,4500.01000,4501.80000,1248
2026.05.29,06:05,4501.82000,4502.36000,4498.76000,4498.92000,791
2026.05.29,06:10,4498.94000,4501.81000,4498.59000,4499.63000,1224
2026.05.29,06:15,4499.66000,4501.43000,4499.63000,4500.91000,879
2026.05.29,06:20,4500.90000,4503.02000,4500.31000,4502.49000,783
2026.05.29,06:25,4502.55000,4502.55000,4499.56000,4499.57000,864
2026.05.29,06:30,4499.56000,4501.87000,4499.56000,4500.82000,846
2026.05.29,06:35,4500.83000,4501.53000,4499.26000,4500.69000,767
2026.05.29,06:40,4500.64000,4501.09000,4498.98000,4499.08000,727
2026.05.29,06:45,4499.09000,4500.46000,4498.26000,4498.75000,839
2026.05.29,06:50,4498.73000,4499.89000,4497.61000,4498.88000,1187
2026.05.29,06:55,4498.85000,4499.48000,4497.16000,4497.73000,1517
2026.05.29,07:00,4497.68000,4498.35000,4495.55000,4495.84000,881
2026.05.29,07:05,4495.94000,4497.51000,4494.75000,4496.02000,543
2026.05.29,07:10,4496.01000,4498.71000,4495.90000,4497.02000,671
2026.05.29,07:15,4496.88000,4500.69000,4496.30000,4497.42000,807
2026.05.29,07:20,4497.44000,4498.77000,4497.41000,4497.75000,412
2026.05.29,07:25,4497.73000,4499.55000,4496.90000,4499.31000,392
2026.05.29,07:30,4499.30000,4500.58000,4498.16000,4500.10000,452
2026.05.29,07:35,4500.12000,4500.12000,4496.26000,4496.38000,549
2026.05.29,07:40,4496.36000,4496.60000,4494.88000,4495.34000,409
2026.05.29,07:45,4495.36000,4496.18000,4494.78000,4495.74000,446
2026.05.29,07:50,4495.71000,4496.25000,4494.35000,4495.31000,335
2026.05.29,07:55,4495.60000,4496.47000,4494.87000,4495.40000,436
2026.05.29,09:00,4498.73000,4498.73000,4495.01000,4496.97000,419
2026.05.29,09:05,4496.96000,4497.87000,4491.35000,4493.41000,878
2026.05.29,09:10,4493.44000,4494.89000,4492.02000,4493.71000,793
2026.05.29,09:15,4493.75000,4495.04000,4493.07000,4493.46000,366
2026.05.29,09:20,4493.47000,4495.03000,4492.98000,4493.68000,569
2026.05.29,09:25,4493.69000,4496.36000,4492.33000,4495.68000,952
2026.05.29,09:30,4495.67000,4496.34000,4493.67000,4494.15000,731
2026.05.29,09:35,4494.13000,4494.88000,4492.83000,4494.20000,493
2026.05.29,09:40,4494.18000,4496.56000,4493.31000,4495.43000,653
2026.05.29,09:45,4495.41000,4496.04000,4494.28000,4494.35000,465
2026.05.29,09:50,4494.38000,4494.81000,4492.16000,4493.65000,578
2026.05.29,09:55,4493.64000,4494.36000,4490.91000,4491.38000,669
2026.05.29,10:00,4491.41000,4495.27000,4490.70000,4495.19000,1144
2026.05.29,10:05,4495.17000,4495.74000,4493.79000,4493.83000,663
2026.05.29,10:10,4494.13000,4494.80000,4493.86000,4494.52000,374
2026.05.29,10:15,4494.53000,4497.05000,4494.49000,4495.81000,569
2026.05.29,10:20,4495.80000,4495.80000,4493.61000,4494.57000,575
2026.05.29,10:25,4494.52000,4494.83000,4491.57000,4492.14000,563
2026.05.29,10:30,4492.45000,4494.75000,4491.02000,4494.25000,799
2026.05.29,10:35,4494.21000,4494.87000,4491.88000,4491.89000,796
2026.05.29,10:40,4492.22000,4492.35000,4489.15000,4490.10000,810
2026.05.29,10:45,4490.19000,4491.36000,4489.10000,4490.40000,821
2026.05.29,10:50,4490.44000,4494.68000,4490.23000,4492.07000,922
2026.05.29,10:55,4492.09000,4496.50000,4491.54000,4495.18000,852
2026.05.29,11:00,4495.36000,4498.25000,4492.62000,4495.14000,2140
2026.05.29,11:05,4495.13000,4496.54000,4492.19000,4494.42000,1876
2026.05.29,11:10,4494.41000,4498.18000,4492.50000,4497.49000,1690
2026.05.29,11:15,4497.28000,4499.94000,4496.24000,4499.19000,1426
2026.05.29,11:20,4499.27000,4500.53000,4495.78000,4497.72000,1085
2026.05.29,11:25,4497.73000,4500.43000,4496.11000,4500.26000,1301
2026.05.29,11:30,4500.23000,4500.52000,4495.24000,4495.24000,1268
2026.05.29,11:35,4495.17000,4496.81000,4493.21000,4494.02000,1071
2026.05.29,11:40,4494.01000,4498.41000,4493.94000,4498.22000,1106
2026.05.29,11:45,4497.99000,4498.32000,4493.39000,4495.08000,998
2026.05.29,11:50,4495.11000,4496.76000,4493.60000,4494.08000,1273
2026.05.29,11:55,4494.09000,4496.18000,4493.36000,4496.17000,1091
2026.05.29,12:00,4496.20000,4503.33000,4492.53000,4500.71000,3275
2026.05.29,12:05,4500.74000,4509.17000,4498.89000,4508.64000,2664
2026.05.29,12:10,4508.66000,4515.47000,4507.95000,4514.88000,2248
2026.05.29,12:15,4514.92000,4520.80000,4514.43000,4518.61000,2200
2026.05.29,12:20,4518.73000,4520.36000,4512.81000,4512.81000,1903
2026.05.29,12:25,4512.85000,4513.46000,4505.01000,4505.38000,1942
2026.05.29,12:30,4505.31000,4505.71000,4502.46000,4504.07000,2186
2026.05.29,12:35,4504.06000,4508.26000,4503.13000,4507.23000,1930
2026.05.29,12:40,4507.26000,4508.55000,4505.27000,4506.40000,1945
2026.05.29,12:45,4506.46000,4506.88000,4501.61000,4502.11000,1957
2026.05.29,12:50,4502.08000,4506.50000,4501.11000,4505.93000,1427
2026.05.29,12:55,4505.91000,4507.54000,4503.72000,4506.26000,1460
2026.05.29,13:00,4506.23000,4510.98000,4505.78000,4510.69000,1768
2026.05.29,13:05,4510.62000,4511.14000,4505.07000,4505.75000,1284
2026.05.29,13:10,4505.74000,4507.98000,4504.14000,4506.87000,1385
2026.05.29,13:15,4506.89000,4508.85000,4505.00000,4505.82000,1069
2026.05.29,13:20,4505.84000,4506.10000,4503.08000,4504.64000,958
2026.05.29,13:25,4504.50000,4504.92000,4501.82000,4502.93000,756
2026.05.29,13:30,4502.94000,4505.18000,4498.26000,4503.99000,1452
2026.05.29,13:35,4503.60000,4506.49000,4503.16000,4505.99000,1074
2026.05.29,13:40,4506.01000,4507.64000,4504.84000,4504.96000,1024
2026.05.29,13:45,4504.98000,4508.11000,4504.63000,4506.32000,1009
2026.05.29,13:50,4506.31000,4506.31000,4502.08000,4503.23000,1386
2026.05.29,13:55,4503.22000,4505.10000,4501.06000,4501.59000,1186
2026.05.29,14:00,4501.55000,4501.86000,4498.78000,4501.67000,1549
2026.05.29,14:05,4501.68000,4501.72000,4496.78000,4498.29000,1410
2026.05.29,14:10,4498.30000,4499.08000,4494.83000,4496.12000,1616
2026.05.29,14:15,4496.20000,4497.65000,4495.23000,4496.26000,1232
2026.05.29,14:20,4496.25000,4499.18000,4496.19000,4498.15000,1228
2026.05.29,14:25,4498.16000,4498.21000,4495.16000,4496.75000,1481
2026.05.29,14:30,4496.74000,4498.26000,4496.59000,4497.19000,878
2026.05.29,14:35,4497.15000,4498.00000,4494.75000,4496.29000,935
2026.05.29,14:40,4496.30000,4499.05000,4496.30000,4498.22000,772
2026.05.29,14:45,4498.23000,4499.94000,4497.89000,4499.81000,619
2026.05.29,14:50,4499.83000,4500.52000,4496.46000,4499.80000,1008
2026.05.29,14:55,4499.79000,4501.73000,4498.67000,4501.45000,917
2026.05.29,15:00,4501.42000,4505.37000,4501.22000,4502.62000,1094
2026.05.29,15:05,4502.63000,4503.85000,4501.44000,4503.25000,779
2026.05.29,15:10,4503.24000,4503.54000,4501.74000,4502.20000,669
2026.05.29,15:15,4502.27000,4505.07000,4501.91000,4504.55000,879
2026.05.29,15:20,4504.67000,4511.32000,4504.11000,4510.37000,1047
2026.05.29,15:25,4510.36000,4511.66000,4508.76000,4509.02000,1119
2026.05.29,15:30,4509.00000,4510.36000,4508.33000,4508.95000,869
2026.05.29,15:35,4508.93000,4510.79000,4508.38000,4509.68000,761
2026.05.29,15:40,4509.72000,4510.78000,4508.91000,4510.45000,820
2026.05.29,15:45,4510.40000,4510.99000,4508.33000,4509.13000,670
2026.05.29,15:50,4509.15000,4510.16000,4508.18000,4509.31000,640
2026.05.29,15:55,4509.32000,4514.98000,4508.63000,4513.98000,684
2026.05.29,16:00,4513.93000,4515.54000,4509.77000,4510.05000,802
2026.05.29,16:05,4510.06000,4510.96000,4509.40000,4510.07000,599
2026.05.29,16:10,4510.08000,4512.38000,4508.71000,4511.89000,626
2026.05.29,16:15,4511.87000,4512.18000,4510.47000,4511.76000,569
2026.05.29,16:20,4511.77000,4511.86000,4509.45000,4509.88000,571
2026.05.29,16:25,4509.59000,4510.74000,4509.40000,4509.77000,588
2026.05.29,16:30,4509.79000,4512.65000,4507.31000,4508.29000,1744
2026.05.29,16:35,4508.36000,4508.37000,4502.59000,4503.62000,1341
2026.05.29,16:40,4503.61000,4508.08000,4502.55000,4506.72000,1439
2026.05.29,16:45,4506.73000,4508.80000,4505.38000,4505.90000,1175
2026.05.29,16:50,4506.05000,4515.69000,4503.90000,4514.81000,1202
2026.05.29,16:55,4514.80000,4515.39000,4510.57000,4515.03000,1214
2026.05.29,17:00,4514.98000,4522.46000,4514.16000,4519.06000,2806
2026.05.29,17:05,4519.04000,4520.18000,4514.29000,4514.36000,1596
2026.05.29,17:10,4514.35000,4516.16000,4511.13000,4515.70000,1819
2026.05.29,17:15,4515.72000,4515.79000,4509.89000,4511.55000,1571
2026.05.29,17:20,4511.54000,4519.90000,4511.38000,4518.59000,1586
2026.05.29,17:25,4518.37000,4521.51000,4516.28000,4516.65000,1582
2026.05.29,17:30,4516.58000,4520.84000,4516.49000,4517.81000,1425
2026.05.29,17:35,4517.76000,4519.02000,4513.69000,4514.99000,1313
2026.05.29,17:40,4515.02000,4516.95000,4511.35000,4516.55000,1268
2026.05.29,17:45,4516.52000,4519.94000,4515.14000,4517.39000,1100
2026.05.29,17:50,4517.43000,4523.06000,4516.82000,4521.96000,1125
2026.05.29,17:55,4521.95000,4524.06000,4521.63000,4523.70000,1362
2026.05.29,18:00,4523.59000,4523.94000,4518.92000,4519.18000,1454
2026.05.29,18:05,4519.16000,4520.66000,4517.89000,4519.05000,1229
2026.05.29,18:10,4519.02000,4520.58000,4516.01000,4516.23000,1343
2026.05.29,18:15,4516.32000,4517.11000,4514.24000,4515.54000,1280
2026.05.29,18:20,4515.55000,4515.88000,4511.96000,4511.97000,1238
2026.05.29,18:25,4511.94000,4514.25000,4510.81000,4514.07000,1352
2026.05.29,18:30,4513.93000,4521.13000,4512.79000,4520.73000,1515
2026.05.29,18:35,4520.83000,4525.16000,4520.10000,4522.59000,1717
2026.05.29,18:40,4522.57000,4526.05000,4521.07000,4525.14000,1365
2026.05.29,18:45,4525.10000,4526.18000,4523.32000,4524.25000,1198
2026.05.29,18:50,4524.24000,4525.37000,4522.08000,4523.11000,979
2026.05.29,18:55,4522.96000,4525.57000,4522.75000,4524.78000,873
2026.05.29,19:00,4524.77000,4524.94000,4518.83000,4519.07000,1473
2026.05.29,19:05,4519.12000,4520.57000,4515.61000,4516.15000,1306
2026.05.29,19:10,4516.01000,4518.94000,4514.12000,4515.22000,1273
2026.05.29,19:15,4515.19000,4516.22000,4512.95000,4513.01000,1192
2026.05.29,19:20,4513.03000,4517.18000,4512.42000,4515.31000,1266
2026.05.29,19:25,4515.32000,4517.94000,4514.40000,4516.89000,1163
2026.05.29,19:30,4516.86000,4518.00000,4514.90000,4515.02000,813
2026.05.29,19:35,4515.13000,4516.70000,4513.95000,4515.10000,1051
2026.05.29,19:40,4515.09000,4516.20000,4514.13000,4515.08000,734
2026.05.29,19:45,4514.93000,4516.35000,4510.88000,4511.21000,1058
2026.05.29,19:50,4511.26000,4515.43000,4510.00000,4513.79000,1049
2026.05.29,19:55,4513.82000,4515.29000,4513.01000,4515.08000,736
2026.05.29,20:00,4515.09000,4519.37000,4513.18000,4518.80000,1390
2026.05.29,20:05,4518.79000,4524.11000,4517.30000,4523.78000,1020
2026.05.29,20:10,4523.50000,4530.28000,4523.27000,4529.13000,1417
2026.05.29,20:15,4529.16000,4529.55000,4526.76000,4527.83000,1598
2026.05.29,20:20,4527.79000,4528.25000,4522.19000,4522.56000,1257
2026.05.29,20:25,4522.58000,4532.37000,4522.34000,4528.70000,1326
2026.05.29,20:30,4528.69000,4530.65000,4524.69000,4528.44000,1587
2026.05.29,20:35,4528.39000,4530.37000,4526.60000,4528.68000,888
2026.05.29,20:40,4528.69000,4532.52000,4528.07000,4532.35000,826
2026.05.29,20:45,4532.34000,4537.59000,4531.90000,4537.16000,1362
2026.05.29,20:50,4537.15000,4539.82000,4531.09000,4532.49000,1366
2026.05.29,20:55,4532.48000,4533.34000,4529.58000,4531.11000,982
2026.05.29,21:00,4531.10000,4531.10000,4525.44000,4526.03000,1021
2026.05.29,21:05,4526.02000,4528.62000,4525.97000,4526.45000,978
2026.05.29,21:10,4526.44000,4528.69000,4525.91000,4528.68000,1094
2026.05.29,21:15,4528.53000,4530.26000,4525.76000,4526.74000,1069
2026.05.29,21:20,4526.76000,4527.88000,4525.86000,4527.53000,1056
2026.05.29,21:25,4527.54000,4530.98000,4527.29000,4530.40000,951
2026.05.29,21:30,4530.41000,4539.27000,4530.40000,4538.90000,1308
2026.05.29,21:35,4538.95000,4543.13000,4538.29000,4541.56000,1430
2026.05.29,21:40,4541.51000,4542.21000,4536.25000,4537.85000,1072
2026.05.29,21:45,4537.91000,4541.02000,4536.24000,4537.09000,1122
2026.05.29,21:50,4537.07000,4538.99000,4536.63000,4536.69000,1000
2026.05.29,21:55,4536.70000,4538.72000,4535.25000,4538.55000,1156
2026.05.29,22:00,4538.53000,4540.41000,4535.50000,4535.79000,1352
2026.05.29,22:05,4535.78000,4536.88000,4532.08000,4532.44000,1015
2026.05.29,22:10,4532.45000,4533.33000,4530.62000,4532.14000,1188
2026.05.29,22:15,4532.15000,4532.62000,4529.29000,4531.40000,1156
2026.05.29,22:20,4531.39000,4534.52000,4530.34000,4531.11000,1237
2026.05.29,22:25,4531.21000,4531.96000,4526.77000,4528.06000,1371
2026.05.29,22:30,4528.07000,4528.53000,4525.84000,4526.94000,1216
2026.05.29,22:35,4526.98000,4528.91000,4526.58000,4528.20000,892
2026.05.29,22:40,4528.10000,4531.36000,4528.06000,4530.98000,791
2026.05.29,22:45,4530.99000,4533.89000,4529.29000,4529.32000,899
2026.05.29,22:50,4529.34000,4535.00000,4527.46000,4533.84000,2017
2026.05.29,22:55,4533.88000,4538.90000,4533.43000,4538.35000,1212
2026.05.29,23:00,4538.37000,4538.54000,4528.04000,4529.34000,1483
2026.05.29,23:05,4529.44000,4530.66000,4527.27000,4530.04000,1702
2026.05.29,23:10,4530.00000,4531.88000,4526.91000,4528.26000,1631
2026.05.29,23:15,4528.39000,4531.97000,4527.74000,4530.50000,1272
2026.05.29,23:20,4530.48000,4530.48000,4519.97000,4523.55000,2158
2026.05.29,23:25,4523.61000,4524.66000,4520.53000,4522.39000,1439
2026.05.29,23:30,4522.43000,4523.39000,4514.61000,4517.09000,2271
2026.05.29,23:35,4517.03000,4518.81000,4515.07000,4517.24000,2086
2026.05.29,23:40,4517.22000,4517.74000,4512.60000,4514.15000,1615
2026.05.29,23:45,4514.03000,4517.89000,4512.59000,4515.40000,1504
2026.05.29,23:50,4515.28000,4520.05000,4514.30000,4518.57000,1664
2026.05.29,23:55,4518.47000,4524.13000,4516.72000,4523.02000,1570
2026.05.30,00:00,4523.15000,4525.56000,4517.03000,4524.13000,2676
2026.05.30,00:05,4524.15000,4526.84000,4520.27000,4525.58000,2163
2026.05.30,00:10,4525.59000,4525.63000,4520.77000,4522.65000,1651
2026.05.30,00:15,4522.67000,4524.26000,4521.20000,4522.63000,1622
2026.05.30,00:20,4522.61000,4529.10000,4522.40000,4526.17000,1686
2026.05.30,00:25,4526.44000,4528.37000,4525.24000,4528.08000,1910
2026.05.30,00:30,4528.09000,4531.97000,4525.03000,4525.13000,3335
2026.05.30,00:35,4525.22000,4532.98000,4522.30000,4531.40000,3525
2026.05.30,00:40,4531.30000,4535.50000,4530.29000,4533.03000,2098
2026.05.30,00:45,4533.05000,4536.86000,4529.65000,4535.91000,2644
2026.05.30,00:50,4536.03000,4539.23000,4532.13000,4538.52000,2697
2026.05.30,00:55,4538.47000,4540.66000,4535.21000,4536.65000,2419
2026.05.30,01:00,4536.60000,4549.36000,4535.11000,4548.02000,3294
2026.05.30,01:05,4548.09000,4552.63000,4546.12000,4551.01000,2892
2026.05.30,01:10,4550.79000,4552.48000,4543.73000,4543.78000,2622
2026.05.30,01:15,4543.80000,4545.00000,4537.55000,4537.76000,2800
2026.05.30,01:20,4537.75000,4540.22000,4530.91000,4531.34000,2839
2026.05.30,01:25,4531.31000,4533.20000,4526.02000,4529.71000,4353
2026.05.30,01:30,4529.61000,4536.32000,4525.34000,4536.29000,3322
2026.05.30,01:35,4536.38000,4536.68000,4530.69000,4531.54000,3224
2026.05.30,01:40,4531.56000,4541.81000,4531.56000,4540.22000,3045
2026.05.30,01:45,4540.21000,4540.97000,4536.60000,4539.56000,2340
2026.05.30,01:50,4539.59000,4569.23000,4539.59000,4556.82000,5214
2026.05.30,01:55,4556.81000,4570.57000,4555.73000,4563.88000,4964
2026.05.30,02:00,4563.96000,4578.55000,4563.96000,4578.04000,4698
2026.05.30,02:05,4578.05000,4589.80000,4573.71000,4587.80000,4519
2026.05.30,02:10,4587.85000,4595.29000,4585.86000,4589.80000,3746
2026.05.30,02:15,4589.82000,4591.57000,4585.84000,4588.70000,3455
2026.05.30,02:20,4588.78000,4589.13000,4581.49000,4584.94000,3327
2026.05.30,02:25,4584.92000,4585.35000,4578.05000,4578.59000,2540
2026.05.30,02:30,4578.58000,4583.36000,4577.74000,4578.24000,2579
2026.05.30,02:35,4578.23000,4580.75000,4572.05000,4572.98000,2946
2026.05.30,02:40,4573.12000,4575.23000,4561.45000,4566.64000,3690
2026.05.30,02:45,4566.63000,4569.45000,4557.67000,4565.01000,3180
2026.05.30,02:50,4565.02000,4570.39000,4563.45000,4569.06000,2127
2026.05.30,02:55,4569.04000,4571.52000,4568.32000,4571.15000,2033
2026.05.30,03:00,4571.14000,4572.25000,4567.71000,4568.04000,1954
2026.05.30,03:05,4568.16000,4569.01000,4563.77000,4564.28000,1800
2026.05.30,03:10,4564.25000,4565.09000,4559.84000,4563.65000,1671
2026.05.30,03:15,4563.53000,4567.73000,4562.98000,4565.26000,1627
2026.05.30,03:20,4565.29000,4567.26000,4563.76000,4564.19000,1626
2026.05.30,03:25,4564.18000,4564.20000,4560.33000,4563.04000,1747
2026.05.30,03:30,4563.06000,4569.84000,4561.91000,4568.76000,2479
2026.05.30,03:35,4568.78000,4573.46000,4567.61000,4572.05000,1930
2026.05.30,03:40,4572.04000,4572.90000,4568.35000,4569.38000,1740
2026.05.30,03:45,4569.39000,4569.39000,4564.40000,4564.72000,1951
2026.05.30,03:50,4564.70000,4565.81000,4560.99000,4565.39000,1664
2026.05.30,03:55,4565.37000,4567.37000,4562.66000,4566.78000,1259
2026.05.30,04:00,4566.88000,4568.03000,4564.25000,4564.29000,1680
2026.05.30,04:05,4564.30000,4568.36000,4563.33000,4567.56000,1421
2026.05.30,04:10,4567.55000,4568.39000,4563.74000,4563.93000,1492
2026.05.30,04:15,4563.91000,4566.70000,4563.61000,4565.64000,1512
2026.05.30,04:20,4565.63000,4566.88000,4560.69000,4565.59000,2218
2026.05.30,04:25,4565.60000,4565.92000,4561.47000,4561.98000,2098
2026.05.30,04:30,4561.97000,4562.32000,4557.65000,4561.23000,1902
2026.05.30,04:35,4561.27000,4561.97000,4558.32000,4558.74000,1425
2026.05.30,04:40,4558.85000,4560.03000,4553.09000,4553.97000,1907
2026.05.30,04:45,4554.02000,4557.49000,4552.96000,4555.98000,1546
2026.05.30,04:50,4555.99000,4556.18000,4552.31000,4553.36000,1244
2026.05.30,04:55,4553.37000,4553.97000,4551.45000,4553.39000,1746
2026.05.30,05:00,4553.41000,4557.16000,4552.39000,4557.15000,1928
2026.05.30,05:05,4557.19000,4558.69000,4555.68000,4557.84000,1284
2026.05.30,05:10,4558.00000,4558.20000,4555.95000,4558.13000,1183
2026.05.30,05:15,4558.19000,4558.87000,4555.46000,4558.37000,1347
2026.05.30,05:20,4558.61000,4559.75000,4557.24000,4558.48000,1123
2026.05.30,05:25,4558.49000,4560.19000,4557.98000,4559.21000,1004
2026.05.30,05:30,4559.22000,4561.17000,4559.22000,4560.74000,996
2026.05.30,05:35,4560.75000,4561.52000,4559.83000,4559.98000,786
2026.05.30,05:40,4559.99000,4560.03000,4557.44000,4557.86000,850
2026.05.30,05:45,4557.85000,4557.85000,4550.70000,4552.84000,2568
2026.05.30,05:50,4552.83000,4554.54000,4552.12000,4553.99000,1609
2026.05.30,05:55,4554.01000,4556.82000,4552.90000,4553.32000,1413
2026.05.30,06:00,4553.08000,4554.93000,4552.33000,4554.39000,1467
2026.05.30,06:05,4554.40000,4558.36000,4554.30000,4558.32000,933
2026.05.30,06:10,4558.31000,4560.11000,4557.66000,4558.30000,1001
2026.05.30,06:15,4558.24000,4559.04000,4556.61000,4557.36000,919
2026.05.30,06:20,4557.35000,4557.99000,4555.66000,4556.31000,957
2026.05.30,06:25,4556.32000,4556.89000,4554.74000,4555.27000,962
2026.05.30,06:30,4555.25000,4556.26000,4553.05000,4553.52000,1136
2026.05.30,06:35,4553.56000,4553.90000,4551.73000,4552.48000,1131
2026.05.30,06:40,4552.49000,4553.86000,4551.13000,4551.51000,1284
2026.05.30,06:45,4551.50000,4551.66000,4548.59000,4548.65000,1586
2026.05.30,06:50,4548.70000,4549.55000,4545.41000,4546.38000,2429
2026.05.30,06:55,4546.35000,4548.22000,4542.82000,4545.70000,3051
2026.05.30,07:00,4545.72000,4547.62000,4542.80000,4544.49000,1521
2026.05.30,07:05,4544.51000,4546.07000,4543.09000,4545.82000,713
2026.05.30,07:10,4545.83000,4549.10000,4544.92000,4548.79000,678
2026.05.30,07:15,4548.76000,4548.82000,4545.48000,4545.58000,640
2026.05.30,07:20,4545.52000,4545.84000,4544.24000,4545.08000,429
2026.05.30,07:25,4545.09000,4545.21000,4541.96000,4542.32000,439
2026.05.30,07:30,4542.34000,4542.99000,4541.53000,4542.82000,364
2026.05.30,07:35,4542.84000,4543.10000,4541.70000,4542.54000,276
2026.05.30,07:40,4542.51000,4543.70000,4541.01000,4543.27000,360
2026.06.01,09:00,4521.63000,4526.09000,4517.68000,4520.50000,1872
2026.06.01,09:05,4520.48000,4527.16000,4519.38000,4525.24000,1080
2026.06.01,09:10,4525.22000,4535.23000,4523.50000,4534.61000,1277
2026.06.01,09:15,4534.29000,4536.48000,4530.93000,4536.37000,1240
2026.06.01,09:20,4536.36000,4536.40000,4530.94000,4532.81000,1181
2026.06.01,09:25,4532.83000,4534.10000,4531.41000,4533.13000,664
2026.06.01,09:30,4532.23000,4536.48000,4532.23000,4535.23000,1057
2026.06.01,09:35,4535.33000,4536.39000,4531.67000,4531.72000,833
2026.06.01,09:40,4532.11000,4535.53000,4530.76000,4535.52000,742
2026.06.01,09:45,4535.41000,4540.41000,4535.41000,4538.27000,926
2026.06.01,09:50,4538.25000,4538.97000,4534.77000,4534.98000,727
2026.06.01,09:55,4534.95000,4537.83000,4534.78000,4535.24000,597
2026.06.01,10:00,4535.43000,4540.36000,4534.62000,4539.67000,880
2026.06.01,10:05,4539.34000,4541.75000,4538.45000,4541.38000,594
2026.06.01,10:10,4541.36000,4543.26000,4540.01000,4542.62000,620
2026.06.01,10:15,4542.64000,4543.64000,4541.30000,4542.08000,604
2026.06.01,10:20,4542.09000,4543.52000,4540.10000,4541.98000,609
2026.06.01,10:25,4541.99000,4545.22000,4541.55000,4544.98000,815
2026.06.01,10:30,4545.04000,4545.86000,4539.12000,4539.41000,1109
2026.06.01,10:35,4539.47000,4541.79000,4538.24000,4540.67000,826
2026.06.01,10:40,4540.69000,4542.59000,4540.06000,4541.91000,510
2026.06.01,10:45,4541.60000,4542.76000,4538.26000,4540.71000,1137
2026.06.01,10:50,4540.73000,4544.82000,4540.01000,4544.19000,865
2026.06.01,10:55,4543.91000,4544.74000,4539.15000,4539.15000,819
2026.06.01,11:00,4539.13000,4546.10000,4537.17000,4544.85000,1826
2026.06.01,11:05,4544.86000,4544.94000,4540.31000,4540.70000,1437
2026.06.01,11:10,4540.71000,4543.45000,4539.25000,4540.33000,1447
2026.06.01,11:15,4540.53000,4543.67000,4537.42000,4537.97000,1486
2026.06.01,11:20,4537.96000,4541.59000,4537.69000,4540.52000,1097
2026.06.01,11:25,4540.51000,4544.36000,4539.71000,4543.34000,1018
2026.06.01,11:30,4543.36000,4545.14000,4535.97000,4538.21000,1169
2026.06.01,11:35,4538.22000,4538.93000,4535.23000,4536.87000,1174
2026.06.01,11:40,4536.70000,4537.27000,4535.24000,4535.98000,1043
2026.06.01,11:45,4535.99000,4541.78000,4535.95000,4541.23000,1209
2026.06.01,11:50,4541.35000,4542.76000,4538.14000,4538.87000,1013
2026.06.01,11:55,4538.86000,4541.85000,4536.81000,4540.55000,1165
2026.06.01,12:00,4540.58000,4541.33000,4531.55000,4534.27000,2393
2026.06.01,12:05,4534.26000,4535.47000,4526.89000,4529.09000,1921
2026.06.01,12:10,4528.88000,4534.26000,4525.89000,4533.88000,1751
2026.06.01,12:15,4533.89000,4534.27000,4529.94000,4530.29000,1546
2026.06.01,12:20,4530.39000,4536.45000,4529.93000,4532.17000,1619
2026.06.01,12:25,4532.25000,4533.04000,4527.89000,4528.81000,1496
2026.06.01,12:30,4528.78000,4532.68000,4526.96000,4532.68000,1725
2026.06.01,12:35,4532.60000,4533.28000,4528.01000,4529.73000,1420
2026.06.01,12:40,4529.77000,4533.83000,4528.48000,4533.03000,1411
2026.06.01,12:45,4533.02000,4533.59000,4527.30000,4528.65000,1471
2026.06.01,12:50,4528.68000,4531.07000,4527.62000,4529.97000,1306
2026.06.01,12:55,4529.98000,4530.10000,4523.71000,4525.14000,1631
2026.06.01,13:00,4525.11000,4527.78000,4524.24000,4524.99000,1148
2026.06.01,13:05,4524.96000,4531.42000,4524.70000,4528.54000,1153
2026.06.01,13:10,4528.51000,4534.03000,4528.28000,4532.06000,1326
2026.06.01,13:15,4532.02000,4534.58000,4531.67000,4531.96000,894
2026.06.01,13:20,4531.97000,4532.77000,4530.05000,4531.45000,748
2026.06.01,13:25,4531.42000,4531.56000,4529.47000,4530.37000,514
2026.06.01,13:30,4530.30000,4530.33000,4523.28000,4527.28000,1524
2026.06.01,13:35,4527.31000,4531.11000,4527.14000,4528.40000,1405
2026.06.01,13:40,4528.38000,4528.38000,4522.33000,4523.00000,1218
2026.06.01,13:45,4523.01000,4525.11000,4521.85000,4523.47000,1236
2026.06.01,13:50,4523.63000,4524.02000,4522.04000,4522.36000,1093
2026.06.01,13:55,4522.25000,4523.60000,4521.26000,4521.56000,1021
2026.06.01,14:00,4521.47000,4525.53000,4521.17000,4524.48000,920
2026.06.01,14:05,4524.45000,4524.58000,4517.28000,4517.45000,1368
2026.06.01,14:10,4517.47000,4520.36000,4515.40000,4518.83000,1256
2026.06.01,14:15,4518.78000,4519.96000,4513.57000,4519.35000,1348
2026.06.01,14:20,4519.36000,4519.99000,4517.52000,4518.43000,1148
2026.06.01,14:25,4518.45000,4521.37000,4517.66000,4520.43000,949
2026.06.01,14:30,4520.25000,4523.96000,4519.77000,4521.72000,1068
2026.06.01,14:35,4521.42000,4521.62000,4514.47000,4515.58000,852
2026.06.01,14:40,4515.26000,4515.75000,4509.68000,4510.60000,979
2026.06.01,14:45,4510.59000,4513.16000,4509.74000,4512.40000,873
2026.06.01,14:50,4512.35000,4513.99000,4511.63000,4513.12000,694
2026.06.01,14:55,4513.15000,4516.37000,4512.29000,4516.32000,608
2026.06.01,15:00,4516.30000,4519.78000,4515.53000,4516.40000,785
2026.06.01,15:05,4516.32000,4517.36000,4513.72000,4514.01000,655
2026.06.01,15:10,4514.00000,4515.06000,4512.28000,4514.75000,469
2026.06.01,15:15,4514.72000,4518.59000,4514.72000,4516.79000,507
2026.06.01,15:20,4516.77000,4517.72000,4515.90000,4517.62000,412
2026.06.01,15:25,4517.52000,4517.55000,4515.36000,4515.82000,510
2026.06.01,15:30,4515.83000,4516.60000,4514.25000,4514.41000,469
2026.06.01,15:35,4514.44000,4515.66000,4513.53000,4515.08000,547
2026.06.01,15:40,4515.09000,4517.28000,4514.32000,4514.52000,732
2026.06.01,15:45,4514.51000,4514.69000,4508.49000,4510.54000,765
2026.06.01,15:50,4510.51000,4514.53000,4509.40000,4514.17000,869
2026.06.01,15:55,4514.18000,4515.15000,4512.62000,4514.44000,597
2026.06.01,16:00,4514.42000,4516.25000,4513.57000,4515.95000,809
2026.06.01,16:05,4515.96000,4517.76000,4515.56000,4516.48000,650
2026.06.01,16:10,4516.46000,4519.11000,4515.28000,4518.21000,692
2026.06.01,16:15,4518.28000,4521.92000,4517.65000,4521.50000,658
2026.06.01,16:20,4521.46000,4523.27000,4519.55000,4522.56000,678
2026.06.01,16:25,4522.55000,4523.64000,4520.20000,4520.30000,631
2026.06.01,16:30,4520.53000,4522.12000,4512.59000,4513.57000,1808
2026.06.01,16:35,4513.56000,4522.09000,4513.46000,4520.26000,1321
2026.06.01,16:40,4520.30000,4521.13000,4514.95000,4519.84000,1347
2026.06.01,16:45,4519.83000,4525.30000,4517.23000,4524.24000,1264
2026.06.01,16:50,4524.26000,4524.55000,4521.17000,4523.05000,1263
2026.06.01,16:55,4523.04000,4523.05000,4516.98000,4518.08000,1162
2026.06.01,17:00,4518.03000,4518.59000,4514.03000,4516.09000,1780
2026.06.01,17:05,4516.21000,4518.46000,4515.22000,4516.89000,1180
2026.06.01,17:10,4516.94000,4517.23000,4512.57000,4514.02000,1256
2026.06.01,17:15,4514.03000,4515.65000,4509.86000,4510.99000,1388
2026.06.01,17:20,4510.97000,4510.97000,4504.78000,4506.01000,1559
2026.06.01,17:25,4505.98000,4514.44000,4505.51000,4514.44000,1351
2026.06.01,17:30,4514.46000,4514.87000,4510.43000,4510.71000,1279
2026.06.01,17:35,4510.72000,4511.02000,4501.51000,4504.47000,1667
2026.06.01,17:40,4504.53000,4506.10000,4502.91000,4504.58000,1271
2026.06.01,17:45,4504.57000,4504.59000,4500.94000,4504.59000,1434
2026.06.01,17:50,4504.58000,4504.58000,4500.11000,4503.45000,1438
2026.06.01,17:55,4503.49000,4504.90000,4500.79000,4501.41000,1293
2026.06.01,18:00,4501.39000,4508.67000,4500.59000,4507.74000,1594
2026.06.01,18:05,4507.72000,4510.10000,4505.92000,4505.94000,1487
2026.06.01,18:10,4505.91000,4509.67000,4505.53000,4507.26000,959
2026.06.01,18:15,4507.29000,4508.32000,4504.61000,4506.81000,1119
2026.06.01,18:20,4506.80000,4507.25000,4503.34000,4505.09000,883
2026.06.01,18:25,4505.07000,4506.04000,4503.23000,4503.73000,1074
2026.06.01,18:30,4503.77000,4507.76000,4503.62000,4504.57000,1008
2026.06.01,18:35,4504.25000,4506.45000,4502.44000,4503.31000,1110
2026.06.01,18:40,4503.30000,4503.76000,4497.80000,4498.08000,1495
2026.06.01,18:45,4498.09000,4500.29000,4492.68000,4494.43000,1705
2026.06.01,18:50,4494.33000,4496.63000,4492.30000,4495.35000,1371
2026.06.01,18:55,4495.32000,4502.99000,4494.53000,4502.99000,1112
2026.06.01,19:00,4502.93000,4504.38000,4495.56000,4495.62000,1697
2026.06.01,19:05,4495.72000,4499.53000,4493.37000,4493.88000,1728
2026.06.01,19:10,4493.74000,4498.79000,4493.54000,4495.65000,1331
2026.06.01,19:15,4495.63000,4496.61000,4491.49000,4494.84000,1707
2026.06.01,19:20,4494.99000,4496.96000,4490.16000,4492.83000,1347
2026.06.01,19:25,4492.84000,4496.38000,4492.57000,4496.04000,953
2026.06.01,19:30,4496.02000,4496.68000,4492.55000,4495.74000,953
2026.06.01,19:35,4495.76000,4496.35000,4493.13000,4494.62000,922
2026.06.01,19:40,4494.64000,4500.37000,4492.60000,4499.87000,1105
2026.06.01,19:45,4499.89000,4502.55000,4496.35000,4501.06000,1270
2026.06.01,19:50,4501.15000,4501.78000,4496.94000,4497.18000,1135
2026.06.01,19:55,4497.16000,4499.64000,4495.35000,4497.96000,867
2026.06.01,20:00,4497.95000,4500.69000,4497.37000,4500.38000,1069
2026.06.01,20:05,4500.35000,4500.47000,4498.10000,4499.42000,744
2026.06.01,20:10,4499.43000,4500.07000,4498.59000,4499.62000,747
2026.06.01,20:15,4499.56000,4505.73000,4498.30000,4505.59000,1049
2026.06.01,20:20,4505.55000,4506.32000,4498.55000,4499.56000,1015
2026.06.01,20:25,4499.52000,4499.71000,4496.29000,4496.31000,1019
2026.06.01,20:30,4496.33000,4497.28000,4489.05000,4490.65000,1640
2026.06.01,20:35,4490.80000,4497.97000,4490.73000,4497.93000,1157
2026.06.01,20:40,4497.95000,4499.23000,4494.57000,4498.18000,929
2026.06.01,20:45,4498.16000,4498.31000,4493.68000,4495.16000,1021
2026.06.01,20:50,4495.15000,4498.32000,4493.92000,4497.90000,851
2026.06.01,20:55,4497.88000,4497.88000,4494.31000,4495.78000,1006
2026.06.01,21:00,4495.73000,4498.93000,4495.73000,4498.03000,805
2026.06.01,21:05,4498.02000,4501.17000,4496.14000,4500.09000,673
2026.06.01,21:10,4500.11000,4502.02000,4499.55000,4501.68000,622
2026.06.01,21:15,4501.69000,4501.93000,4499.45000,4500.17000,862
2026.06.01,21:20,4500.24000,4500.61000,4496.08000,4500.37000,889
2026.06.01,21:25,4500.34000,4503.34000,4500.27000,4500.79000,585
2026.06.01,21:30,4500.84000,4505.28000,4500.41000,4505.06000,839
2026.06.01,21:35,4505.05000,4506.73000,4503.07000,4503.21000,1009
2026.06.01,21:40,4503.26000,4507.34000,4503.22000,4505.81000,794
2026.06.01,21:45,4505.90000,4510.52000,4505.18000,4509.13000,937
2026.06.01,21:50,4509.10000,4510.97000,4506.78000,4507.23000,930
2026.06.01,21:55,4507.22000,4507.38000,4502.42000,4503.85000,1031
2026.06.01,22:00,4503.84000,4506.69000,4500.05000,4500.08000,1333
2026.06.01,22:05,4500.09000,4505.74000,4499.76000,4505.62000,900
2026.06.01,22:10,4505.60000,4505.60000,4503.11000,4504.94000,724
2026.06.01,22:15,4505.00000,4509.86000,4504.03000,4509.71000,829
2026.06.01,22:20,4509.83000,4512.90000,4508.48000,4508.48000,921
2026.06.01,22:25,4508.51000,4511.81000,4507.58000,4510.62000,931
2026.06.01,22:30,4510.63000,4512.20000,4506.53000,4506.79000,851
2026.06.01,22:35,4506.66000,4510.84000,4506.17000,4510.01000,757
2026.06.01,22:40,4510.17000,4510.68000,4506.36000,4507.04000,1012
2026.06.01,22:45,4507.05000,4509.72000,4506.56000,4508.59000,772
2026.06.01,22:50,4508.57000,4508.58000,4506.33000,4507.50000,756
2026.06.01,22:55,4507.46000,4508.07000,4505.40000,4505.73000,763
2026.06.01,23:00,4505.74000,4506.97000,4503.24000,4505.84000,1093
2026.06.01,23:05,4505.77000,4509.16000,4505.77000,4507.72000,957
2026.06.01,23:10,4507.73000,4509.56000,4502.99000,4503.31000,976
2026.06.01,23:15,4503.19000,4505.70000,4500.90000,4503.36000,1293
2026.06.01,23:20,4503.00000,4503.29000,4497.48000,4501.73000,1620
2026.06.01,23:25,4501.75000,4507.78000,4501.47000,4505.61000,1430
2026.06.01,23:30,4505.56000,4505.62000,4497.72000,4501.01000,1661
2026.06.01,23:35,4501.02000,4503.48000,4499.11000,4503.23000,1334
2026.06.01,23:40,4503.39000,4508.21000,4499.08000,4507.32000,1563
2026.06.01,23:45,4507.27000,4510.35000,4505.42000,4506.67000,1880
2026.06.01,23:50,4506.64000,4508.51000,4504.94000,4505.67000,1432
2026.06.01,23:55,4505.69000,4506.17000,4498.50000,4502.00000,1177
2026.06.02,00:00,4502.36000,4503.81000,4495.60000,4501.61000,2822
2026.06.02,00:05,4501.62000,4502.23000,4496.31000,4501.10000,1527
2026.06.02,00:10,4501.06000,4501.06000,4471.95000,4483.93000,5748
2026.06.02,00:15,4483.96000,4489.56000,4478.64000,4482.05000,3884
2026.06.02,00:20,4482.04000,4482.97000,4463.85000,4465.91000,4949
2026.06.02,00:25,4465.95000,4469.33000,4462.31000,4464.86000,3911
2026.06.02,00:30,4464.88000,4469.91000,4458.94000,4466.03000,5183
2026.06.02,00:35,4466.06000,4478.68000,4462.40000,4472.87000,4480
2026.06.02,00:40,4472.91000,4473.98000,4465.01000,4466.82000,3663
2026.06.02,00:45,4466.93000,4469.62000,4463.05000,4464.20000,3584
2026.06.02,00:50,4464.05000,4465.58000,4452.14000,4454.54000,4552
2026.06.02,00:55,4454.52000,4455.48000,4448.74000,4449.69000,3504
2026.06.02,01:00,4449.49000,4454.50000,4447.65000,4454.32000,4294
2026.06.02,01:05,4454.04000,4461.49000,4449.52000,4460.43000,3350
2026.06.02,01:10,4460.40000,4462.02000,4455.77000,4461.20000,2905
2026.06.02,01:15,4461.08000,4464.79000,4453.87000,4457.13000,3508
2026.06.02,01:20,4457.11000,4461.69000,4454.96000,4455.24000,2456
2026.06.02,01:25,4455.28000,4456.15000,4449.67000,4456.03000,2459
2026.06.02,01:30,4455.91000,4460.43000,4453.60000,4458.42000,2700
2026.06.02,01:35,4458.09000,4460.39000,4454.07000,4455.40000,2293
2026.06.02,01:40,4455.48000,4461.57000,4455.09000,4459.92000,1907
2026.06.02,01:45,4459.90000,4461.21000,4453.51000,4454.87000,2055
2026.06.02,01:50,4454.90000,4456.50000,4452.22000,4456.10000,2543
2026.06.02,01:55,4456.08000,4459.03000,4454.79000,4458.68000,2115
2026.06.02,02:00,4458.72000,4462.36000,4457.57000,4460.16000,1987
2026.06.02,02:05,4460.17000,4465.31000,4455.17000,4462.47000,2547
2026.06.02,02:10,4462.43000,4465.23000,4460.65000,4464.32000,1790
2026.06.02,02:15,4464.37000,4467.09000,4463.10000,4465.17000,1924
2026.06.02,02:20,4465.15000,4467.75000,4463.97000,4466.99000,1386
2026.06.02,02:25,4466.89000,4470.20000,4465.75000,4468.19000,1609
2026.06.02,02:30,4468.24000,4478.82000,4467.97000,4477.00000,3889
2026.06.02,02:35,4476.99000,4479.71000,4473.95000,4476.58000,2671
2026.06.02,02:40,4476.61000,4477.30000,4471.01000,4472.24000,1575
2026.06.02,02:45,4472.32000,4474.63000,4468.53000,4469.77000,1442
2026.06.02,02:50,4469.80000,4472.08000,4468.85000,4471.11000,1447
2026.06.02,02:55,4471.09000,4475.41000,4471.07000,4473.94000,1532
2026.06.02,03:00,4473.97000,4478.26000,4472.54000,4473.36000,1582
2026.06.02,03:05,4473.35000,4474.35000,4468.15000,4468.73000,1182
2026.06.02,03:10,4468.71000,4468.76000,4465.05000,4467.07000,1864
2026.06.02,03:15,4467.12000,4467.46000,4462.81000,4466.65000,1724
2026.06.02,03:20,4466.66000,4468.79000,4464.55000,4468.08000,1322
2026.06.02,03:25,4468.32000,4469.44000,4466.59000,4467.86000,1349
2026.06.02,03:30,4467.89000,4471.99000,4467.89000,4469.47000,1729
2026.06.02,03:35,4469.31000,4470.96000,4467.65000,4469.03000,1668
2026.06.02,03:40,4468.85000,4469.88000,4467.60000,4468.08000,1182
2026.06.02,03:45,4468.09000,4471.97000,4467.26000,4471.97000,1427
2026.06.02,03:50,4471.84000,4480.85000,4471.70000,4479.93000,2260
2026.06.02,03:55,4479.84000,4482.01000,4478.57000,4479.97000,2114
2026.06.02,04:00,4480.01000,4480.93000,4475.57000,4476.30000,2331
2026.06.02,04:05,4476.44000,4477.41000,4471.49000,4473.40000,1829
2026.06.02,04:10,4473.42000,4476.08000,4473.15000,4475.04000,1215
2026.06.02,04:15,4475.02000,4475.80000,4473.31000,4475.77000,1226
2026.06.02,04:20,4475.68000,4476.73000,4473.98000,4475.15000,1287
2026.06.02,04:25,4474.93000,4482.73000,4472.35000,4482.39000,1747
2026.06.02,04:30,4482.41000,4485.47000,4480.21000,4481.27000,3792
2026.06.02,04:35,4481.24000,4484.69000,4480.52000,4482.74000,2111
2026.06.02,04:40,4482.84000,4491.62000,4482.80000,4491.62000,2859
2026.06.02,04:45,4491.52000,4495.48000,4491.08000,4491.47000,2728
2026.06.02,04:50,4491.57000,4491.99000,4488.92000,4491.18000,2062
2026.06.02,04:55,4491.22000,4491.55000,4487.23000,4487.31000,1640
2026.06.02,05:00,4487.45000,4488.29000,4486.04000,4486.60000,1287
2026.06.02,05:05,4486.62000,4489.93000,4486.48000,4489.57000,1141
2026.06.02,05:10,4489.56000,4489.92000,4487.88000,4488.63000,813
2026.06.02,05:15,4488.53000,4489.18000,4486.58000,4489.03000,1036
2026.06.02,05:20,4489.04000,4490.03000,4488.40000,4489.07000,757
2026.06.02,05:25,4489.04000,4489.15000,4486.33000,4486.43000,947
2026.06.02,05:30,4486.59000,4487.11000,4484.73000,4485.95000,761
2026.06.02,05:35,4485.98000,4487.15000,4485.68000,4485.95000,628
2026.06.02,05:40,4485.91000,4488.03000,4485.74000,4487.75000,659
2026.06.02,05:45,4487.74000,4488.51000,4487.32000,4488.45000,473
2026.06.02,05:50,4488.47000,4488.47000,4486.98000,4487.02000,687
2026.06.02,05:55,4487.01000,4488.58000,4486.33000,4486.53000,762
2026.06.02,06:00,4486.51000,4488.24000,4485.18000,4487.87000,1010
2026.06.02,06:05,4487.88000,4488.01000,4484.73000,4485.20000,658
2026.06.02,06:10,4485.23000,4487.14000,4485.10000,4485.34000,740
2026.06.02,06:15,4485.36000,4486.60000,4484.41000,4485.87000,863
2026.06.02,06:20,4485.85000,4486.38000,4484.88000,4485.74000,826
2026.06.02,06:25,4485.72000,4486.16000,4484.29000,4484.59000,518
2026.06.02,06:30,4484.58000,4485.69000,4483.58000,4483.73000,642
2026.06.02,06:35,4483.75000,4485.42000,4482.84000,4484.35000,841
2026.06.02,06:40,4484.36000,4485.35000,4483.16000,4483.26000,1043
2026.06.02,06:45,4483.20000,4484.36000,4482.77000,4483.60000,996
2026.06.02,06:50,4483.61000,4483.88000,4479.80000,4480.10000,1770
2026.06.02,06:55,4480.00000,4481.19000,4478.95000,4481.14000,1947
2026.06.02,07:00,4481.15000,4483.87000,4480.05000,4482.89000,703
2026.06.02,07:05,4482.90000,4484.36000,4482.50000,4483.29000,475
2026.06.02,07:10,4483.28000,4483.99000,4482.40000,4483.55000,439
2026.06.02,07:15,4483.52000,4484.41000,4482.95000,4482.96000,326
2026.06.02,07:20,4482.97000,4483.19000,4482.04000,4482.56000,324
2026.06.02,07:25,4482.59000,4483.56000,4482.34000,4482.98000,324
2026.06.02,07:30,4483.00000,4484.75000,4481.97000,4484.50000,281
2026.06.02,07:35,4484.51000,4484.67000,4483.06000,4484.00000,290
2026.06.02,07:40,4484.01000,4484.70000,4482.50000,4482.60000,501
2026.06.02,07:45,4482.42000,4484.02000,4481.34000,4483.84000,455
2026.06.02,07:50,4483.87000,4484.24000,4482.40000,4483.02000,400
2026.06.02,07:55,4482.97000,4485.72000,4482.26000,4484.53000,538
2026.06.02,09:00,4486.13000,4486.13000,4481.80000,4482.65000,609
2026.06.02,09:05,4482.59000,4483.54000,4481.44000,4482.33000,492
2026.06.02,09:10,4482.35000,4484.65000,4481.69000,4484.58000,458
2026.06.02,09:15,4484.57000,4485.20000,4483.67000,4484.16000,433
2026.06.02,09:20,4484.20000,4484.94000,4481.41000,4482.65000,930
2026.06.02,09:25,4482.66000,4483.92000,4481.40000,4481.50000,513
2026.06.02,09:30,4481.53000,4483.48000,4481.10000,4481.20000,296
2026.06.02,09:35,4481.17000,4482.83000,4479.52000,4482.63000,448
2026.06.02,09:40,4482.64000,4483.44000,4480.80000,4481.45000,377
2026.06.02,09:45,4481.41000,4485.77000,4481.25000,4483.97000,359
2026.06.02,09:50,4483.94000,4484.59000,4483.27000,4483.80000,315
2026.06.02,09:55,4483.79000,4486.42000,4483.59000,4485.34000,602
2026.06.02,10:00,4485.21000,4487.67000,4481.65000,4486.01000,728
2026.06.02,10:05,4486.02000,4486.31000,4484.68000,4485.18000,341
2026.06.02,10:10,4485.20000,4486.32000,4484.97000,4486.15000,383
2026.06.02,10:15,4486.14000,4488.03000,4485.82000,4486.52000,394
2026.06.02,10:20,4486.19000,4487.56000,4485.17000,4487.56000,223
2026.06.02,10:25,4487.51000,4488.23000,4486.87000,4487.10000,271
2026.06.02,10:30,4487.15000,4487.44000,4484.46000,4484.57000,608
2026.06.02,10:35,4484.56000,4485.48000,4480.52000,4484.46000,692
2026.06.02,10:40,4484.43000,4486.61000,4483.27000,4483.28000,649
2026.06.02,10:45,4483.27000,4483.27000,4478.95000,4480.98000,937
2026.06.02,10:50,4480.97000,4484.64000,4480.97000,4484.45000,806
2026.06.02,10:55,4484.44000,4485.85000,4483.67000,4484.45000,700
2026.06.02,11:00,4484.50000,4485.15000,4481.38000,4484.27000,1487
2026.06.02,11:05,4484.25000,4485.21000,4476.39000,4478.23000,2046
2026.06.02,11:10,4478.22000,4481.50000,4477.96000,4481.23000,1753
2026.06.02,11:15,4480.91000,4485.70000,4480.86000,4485.37000,1834
2026.06.02,11:20,4485.35000,4489.88000,4484.31000,4489.88000,1478
2026.06.02,11:25,4489.85000,4493.82000,4488.46000,4493.67000,1492
2026.06.02,11:30,4493.60000,4497.10000,4488.89000,4489.35000,1351
2026.06.02,11:35,4489.34000,4491.61000,4488.42000,4489.17000,1060
2026.06.02,11:40,4489.15000,4489.33000,4484.96000,4486.98000,1237
2026.06.02,11:45,4486.97000,4487.61000,4480.62000,4481.38000,1185
2026.06.02,11:50,4481.28000,4483.95000,4481.21000,4481.71000,1180
2026.06.02,11:55,4481.73000,4484.23000,4480.57000,4481.21000,1320
2026.06.02,12:00,4481.19000,4486.74000,4473.77000,4481.37000,3286
2026.06.02,12:05,4481.32000,4485.86000,4478.86000,4479.30000,2539
2026.06.02,12:10,4479.16000,4491.50000,4478.44000,4490.00000,2716
2026.06.02,12:15,4489.69000,4490.11000,4481.33000,4485.79000,2759
2026.06.02,12:20,4486.09000,4488.34000,4480.73000,4482.83000,2169
2026.06.02,12:25,4483.14000,4492.41000,4482.80000,4486.21000,2441
2026.06.02,12:30,4486.23000,4489.41000,4485.74000,4487.01000,2243
2026.06.02,12:35,4487.32000,4489.23000,4480.61000,4481.97000,2083
2026.06.02,12:40,4481.62000,4485.47000,4479.56000,4479.82000,1928
2026.06.02,12:45,4479.85000,4482.35000,4471.63000,4475.42000,2229
2026.06.02,12:50,4475.45000,4476.05000,4462.89000,4473.59000,2587
2026.06.02,12:55,4473.58000,4476.95000,4471.22000,4473.93000,2173
2026.06.02,13:00,4474.08000,4481.02000,4472.55000,4473.86000,2392
2026.06.02,13:05,4473.84000,4474.91000,4472.20000,4474.53000,1767
2026.06.02,13:10,4474.52000,4480.67000,4473.80000,4480.53000,1648
2026.06.02,13:15,4480.57000,4482.06000,4478.53000,4480.90000,1121
2026.06.02,13:20,4480.64000,4484.58000,4480.64000,4483.84000,1034
2026.06.02,13:25,4483.87000,4484.65000,4481.43000,4481.98000,987
2026.06.02,13:30,4482.00000,4485.49000,4479.84000,4481.15000,1594
2026.06.02,13:35,4481.07000,4484.05000,4478.61000,4478.87000,1234
2026.06.02,13:40,4478.83000,4478.95000,4474.25000,4476.41000,1206
2026.06.02,13:45,4476.48000,4477.80000,4473.47000,4474.74000,1232
2026.06.02,13:50,4474.69000,4479.84000,4474.32000,4478.85000,966
2026.06.02,13:55,4478.89000,4486.53000,4478.89000,4486.09000,1068
2026.06.02,14:00,4486.05000,4492.64000,4485.81000,4488.07000,1576
2026.06.02,14:05,4488.19000,4489.55000,4485.64000,4486.65000,1033
2026.06.02,14:10,4486.73000,4489.15000,4486.20000,4488.11000,1110
2026.06.02,14:15,4488.14000,4491.08000,4487.92000,4489.77000,1068
2026.06.02,14:20,4489.87000,4490.15000,4485.57000,4490.15000,1247
2026.06.02,14:25,4490.16000,4497.54000,4489.68000,4495.11000,1518
2026.06.02,14:30,4495.02000,4499.42000,4492.80000,4493.97000,1393
2026.06.02,14:35,4493.96000,4498.84000,4493.70000,4494.54000,1013
2026.06.02,14:40,4494.51000,4497.17000,4494.24000,4497.13000,832
2026.06.02,14:45,4496.84000,4499.41000,4495.23000,4498.07000,807
2026.06.02,14:50,4498.08000,4498.56000,4496.87000,4497.28000,644
2026.06.02,14:55,4497.29000,4499.44000,4497.29000,4499.42000,449
2026.06.02,15:00,4499.38000,4501.69000,4497.79000,4500.44000,782
2026.06.02,15:05,4500.43000,4503.22000,4500.20000,4502.11000,825
2026.06.02,15:10,4502.12000,4505.44000,4502.12000,4504.48000,693
2026.06.02,15:15,4504.40000,4510.03000,4503.98000,4507.59000,1010
2026.06.02,15:20,4507.58000,4507.91000,4504.79000,4505.57000,855
2026.06.02,15:25,4505.70000,4506.17000,4504.22000,4504.66000,890
2026.06.02,15:30,4504.64000,4507.85000,4503.39000,4507.72000,1046
2026.06.02,15:35,4507.75000,4509.20000,4507.46000,4509.00000,984
2026.06.02,15:40,4509.01000,4511.20000,4508.46000,4510.30000,804
2026.06.02,15:45,4510.11000,4515.99000,4509.79000,4512.60000,781
2026.06.02,15:50,4512.61000,4514.47000,4511.80000,4512.99000,635
2026.06.02,15:55,4512.98000,4518.35000,4512.92000,4517.57000,808
2026.06.02,16:00,4517.52000,4518.31000,4515.76000,4515.83000,854
2026.06.02,16:05,4515.84000,4517.77000,4515.37000,4516.09000,704
2026.06.02,16:10,4516.00000,4518.79000,4515.26000,4518.70000,800
2026.06.02,16:15,4518.73000,4519.75000,4517.02000,4518.51000,864
2026.06.02,16:20,4518.56000,4520.69000,4517.74000,4518.68000,797
2026.06.02,16:25,4518.76000,4521.97000,4516.64000,4519.80000,1002
2026.06.02,16:30,4519.73000,4526.60000,4519.51000,4526.59000,2916
2026.06.02,16:35,4526.15000,4528.16000,4523.07000,4523.66000,1833
2026.06.02,16:40,4523.72000,4526.67000,4522.66000,4524.39000,1166
2026.06.02,16:45,4524.44000,4526.28000,4521.90000,4523.52000,1036
2026.06.02,16:50,4523.35000,4523.80000,4518.32000,4519.64000,987
2026.06.02,16:55,4519.61000,4519.77000,4516.29000,4517.07000,1107
2026.06.02,17:00,4517.08000,4520.79000,4516.97000,4520.48000,1487
2026.06.02,17:05,4520.51000,4524.71000,4520.34000,4520.73000,1235
2026.06.02,17:10,4520.80000,4522.77000,4518.55000,4518.79000,1259
2026.06.02,17:15,4518.77000,4524.23000,4517.87000,4520.29000,1414
2026.06.02,17:20,4520.32000,4530.82000,4520.32000,4529.37000,1505
2026.06.02,17:25,4529.33000,4533.89000,4526.08000,4532.95000,1617
2026.06.02,17:30,4532.97000,4537.17000,4532.90000,4535.38000,1534
2026.06.02,17:35,4535.33000,4538.59000,4533.67000,4533.94000,1349
2026.06.02,17:40,4533.96000,4534.53000,4531.86000,4532.77000,1039
2026.06.02,17:45,4532.80000,4535.73000,4532.40000,4533.62000,1016
2026.06.02,17:50,4533.59000,4534.21000,4532.06000,4532.97000,968
2026.06.02,17:55,4532.87000,4536.91000,4532.52000,4535.82000,1006
2026.06.02,18:00,4535.86000,4537.68000,4533.34000,4535.84000,1521
2026.06.02,18:05,4535.85000,4538.01000,4533.88000,4537.97000,1187
2026.06.02,18:10,4537.98000,4541.65000,4537.64000,4539.86000,1035
2026.06.02,18:15,4539.76000,4540.46000,4537.57000,4539.33000,1001
2026.06.02,18:20,4539.34000,4539.34000,4536.53000,4536.90000,931
2026.06.02,18:25,4536.92000,4537.22000,4533.22000,4533.87000,956
2026.06.02,18:30,4533.84000,4535.27000,4531.77000,4533.66000,874
2026.06.02,18:35,4533.61000,4534.22000,4531.84000,4532.93000,725
2026.06.02,18:40,4532.82000,4534.86000,4531.00000,4531.72000,815
2026.06.02,18:45,4531.74000,4532.39000,4529.97000,4531.70000,813
2026.06.02,18:50,4531.71000,4532.12000,4527.89000,4530.58000,896
2026.06.02,18:55,4530.66000,4535.41000,4530.66000,4534.96000,1155
2026.06.02,19:00,4534.87000,4537.13000,4532.98000,4534.42000,1341
2026.06.02,19:05,4534.40000,4539.23000,4533.53000,4535.44000,1294
2026.06.02,19:10,4535.38000,4537.69000,4534.27000,4534.84000,1011
2026.06.02,19:15,4534.90000,4535.41000,4531.41000,4532.75000,1049
2026.06.02,19:20,4532.76000,4534.78000,4529.40000,4534.19000,1095
2026.06.02,19:25,4534.13000,4534.31000,4529.75000,4531.17000,1316
2026.06.02,19:30,4531.07000,4533.46000,4530.76000,4531.97000,1181
2026.06.02,19:35,4532.07000,4532.36000,4529.24000,4530.22000,831
2026.06.02,19:40,4530.21000,4530.44000,4528.14000,4528.90000,731
2026.06.02,19:45,4528.81000,4530.29000,4527.75000,4529.11000,837
2026.06.02,19:50,4529.42000,4529.57000,4527.68000,4527.88000,714
2026.06.02,19:55,4527.90000,4528.36000,4525.97000,4526.66000,658
2026.06.02,20:00,4526.67000,4527.81000,4525.24000,4527.44000,961
2026.06.02,20:05,4527.50000,4530.91000,4527.28000,4528.88000,866
2026.06.02,20:10,4528.91000,4534.23000,4528.91000,4533.92000,988
2026.06.02,20:15,4533.94000,4535.74000,4532.67000,4534.63000,1065
2026.06.02,20:20,4534.65000,4534.77000,4528.58000,4529.13000,982
2026.06.02,20:25,4529.08000,4530.15000,4525.03000,4526.63000,1005
2026.06.02,20:30,4526.64000,4527.37000,4522.01000,4525.51000,1557
2026.06.02,20:35,4525.53000,4526.81000,4523.36000,4524.28000,750
2026.06.02,20:40,4524.17000,4525.97000,4520.99000,4525.42000,927
2026.06.02,20:45,4525.41000,4527.36000,4524.81000,4526.23000,843
2026.06.02,20:50,4526.29000,4531.32000,4525.80000,4530.30000,672
2026.06.02,20:55,4530.32000,4531.48000,4527.32000,4529.91000,789
2026.06.02,21:00,4529.89000,4530.86000,4527.50000,4528.28000,798
2026.06.02,21:05,4528.30000,4530.25000,4528.27000,4529.46000,638
2026.06.02,21:10,4529.37000,4531.66000,4528.09000,4528.91000,627
2026.06.02,21:15,4528.90000,4529.65000,4528.02000,4528.91000,651
2026.06.02,21:20,4528.90000,4528.93000,4524.48000,4525.38000,735
2026.06.02,21:25,4525.39000,4528.51000,4525.17000,4528.37000,608
2026.06.02,21:30,4528.46000,4528.67000,4526.80000,4527.79000,552
2026.06.02,21:35,4527.80000,4528.37000,4525.43000,4526.48000,512
2026.06.02,21:40,4526.44000,4528.86000,4526.11000,4528.86000,471
2026.06.02,21:45,4528.84000,4532.91000,4528.84000,4530.62000,785
2026.06.02,21:50,4530.56000,4532.22000,4529.36000,4532.12000,597
2026.06.02,21:55,4532.13000,4533.89000,4531.12000,4533.03000,602
2026.06.02,22:00,4533.10000,4534.56000,4530.87000,4531.14000,852
2026.06.02,22:05,4531.23000,4531.30000,4529.15000,4529.89000,771
2026.06.02,22:10,4529.88000,4531.36000,4528.58000,4528.68000,747
2026.06.02,22:15,4528.67000,4529.74000,4526.34000,4527.85000,728
2026.06.02,22:20,4527.84000,4528.98000,4527.46000,4528.67000,642
2026.06.02,22:25,4528.73000,4530.01000,4527.29000,4529.94000,614
2026.06.02,22:30,4530.00000,4530.72000,4528.75000,4529.91000,756
2026.06.02,22:35,4529.85000,4530.07000,4526.26000,4527.22000,524
2026.06.02,22:40,4527.33000,4528.57000,4526.69000,4526.82000,746
2026.06.02,22:45,4526.84000,4529.71000,4525.46000,4528.93000,773
2026.06.02,22:50,4528.91000,4529.48000,4528.38000,4528.48000,626
2026.06.02,22:55,4528.53000,4530.50000,4525.57000,4527.56000,1043
2026.06.02,23:00,4527.57000,4528.58000,4525.72000,4527.66000,1025
2026.06.02,23:05,4527.64000,4528.21000,4524.94000,4527.18000,872
2026.06.02,23:10,4527.19000,4527.80000,4525.91000,4526.27000,668
2026.06.02,23:15,4526.25000,4527.81000,4523.96000,4526.76000,852
2026.06.02,23:20,4526.74000,4532.16000,4526.31000,4530.91000,1360
2026.06.02,23:25,4531.03000,4534.02000,4527.83000,4529.30000,1239
2026.06.02,23:30,4529.41000,4530.00000,4521.73000,4527.63000,1809
2026.06.02,23:35,4527.61000,4533.69000,4523.10000,4524.78000,1722
2026.06.02,23:40,4524.83000,4527.22000,4523.39000,4525.00000,1210
2026.06.02,23:45,4525.02000,4525.93000,4519.82000,4520.27000,1154
2026.06.02,23:50,4520.31000,4521.24000,4514.05000,4514.92000,1487
2026.06.02,23:55,4514.91000,4517.43000,4513.45000,4514.65000,1306
2026.06.03,00:00,4514.93000,4520.82000,4512.90000,4520.09000,2096
2026.06.03,00:05,4520.15000,4524.74000,4512.99000,4516.41000,2488
2026.06.03,00:10,4516.28000,4518.25000,4511.61000,4513.99000,2177
2026.06.03,00:15,4514.02000,4517.26000,4512.64000,4512.83000,2196
2026.06.03,00:20,4512.82000,4514.82000,4510.20000,4513.11000,1836
2026.06.03,00:25,4513.13000,4515.95000,4509.89000,4510.78000,1569
2026.06.03,00:30,4510.76000,4511.27000,4506.67000,4507.98000,3455
2026.06.03,00:35,4508.05000,4512.04000,4506.18000,4510.97000,3361
2026.06.03,00:40,4510.95000,4514.43000,4507.72000,4508.45000,3045
2026.06.03,00:45,4508.39000,4511.04000,4506.50000,4509.65000,2315
2026.06.03,00:50,4509.61000,4513.80000,4504.62000,4504.64000,2303
2026.06.03,00:55,4504.55000,4506.09000,4502.12000,4502.12000,2096
2026.06.03,01:00,4502.06000,4505.97000,4497.85000,4502.26000,2888
2026.06.03,01:05,4502.32000,4504.89000,4500.73000,4502.77000,2612
2026.06.03,01:10,4502.78000,4506.92000,4502.64000,4504.21000,2299
2026.06.03,01:15,4504.19000,4505.08000,4492.51000,4496.06000,3107
2026.06.03,01:20,4496.05000,4498.35000,4490.22000,4492.91000,2861
2026.06.03,01:25,4492.89000,4497.10000,4492.02000,4495.61000,2656
2026.06.03,01:30,4495.63000,4499.82000,4495.63000,4499.37000,2085
2026.06.03,01:35,4499.33000,4504.40000,4499.23000,4502.82000,1780
2026.06.03,01:40,4502.76000,4505.42000,4501.05000,4504.30000,1415
2026.06.03,01:45,4504.29000,4506.34000,4502.99000,4503.75000,1653
2026.06.03,01:50,4503.74000,4504.27000,4500.87000,4504.11000,1620
2026.06.03,01:55,4504.08000,4505.50000,4501.21000,4504.04000,1420
2026.06.03,02:00,4503.99000,4506.69000,4502.64000,4502.70000,1948
2026.06.03,02:05,4502.69000,4508.00000,4501.64000,4506.68000,1780
2026.06.03,02:10,4506.77000,4507.46000,4502.35000,4503.25000,1533
2026.06.03,02:15,4503.29000,4505.38000,4503.06000,4504.44000,1547
2026.06.03,02:20,4504.49000,4506.03000,4501.98000,4503.62000,1465
2026.06.03,02:25,4503.54000,4505.78000,4501.29000,4505.24000,1539
2026.06.03,02:30,4505.36000,4506.76000,4502.92000,4506.13000,1713
2026.06.03,02:35,4506.12000,4508.41000,4504.29000,4504.31000,1598
2026.06.03,02:40,4504.34000,4504.61000,4500.18000,4502.44000,1730
2026.06.03,02:45,4502.43000,4507.06000,4501.60000,4505.72000,1538
2026.06.03,02:50,4505.73000,4505.88000,4502.35000,4503.72000,1188
2026.06.03,02:55,4503.70000,4503.75000,4501.17000,4502.06000,1281
2026.06.03,03:00,4502.15000,4502.78000,4499.66000,4500.84000,1388
2026.06.03,03:05,4500.80000,4502.84000,4498.05000,4501.99000,1647
2026.06.03,03:10,4502.01000,4502.08000,4497.95000,4498.18000,1275
2026.06.03,03:15,4498.11000,4498.38000,4494.21000,4494.80000,1431
2026.06.03,03:20,4494.82000,4495.99000,4492.57000,4494.58000,1475
2026.06.03,03:25,4494.75000,4494.89000,4490.15000,4490.17000,1450
2026.06.03,03:30,4490.16000,4491.50000,4488.96000,4489.56000,1524
2026.06.03,03:35,4489.46000,4490.12000,4486.17000,4487.68000,1383
2026.06.03,03:40,4487.74000,4491.18000,4486.44000,4489.73000,1418
2026.06.03,03:45,4489.64000,4491.69000,4488.94000,4490.90000,1162
2026.06.03,03:50,4490.86000,4491.64000,4489.16000,4489.29000,957
2026.06.03,03:55,4489.30000,4491.82000,4489.22000,4491.75000,922
2026.06.03,04:00,4491.77000,4493.02000,4489.57000,4490.43000,1454
2026.06.03,04:05,4490.44000,4492.01000,4486.96000,4487.01000,1614
2026.06.03,04:10,4486.97000,4489.99000,4486.77000,4489.52000,1431
2026.06.03,04:15,4489.54000,4490.15000,4486.68000,4487.10000,1436
2026.06.03,04:20,4487.08000,4488.65000,4486.31000,4488.17000,1387
2026.06.03,04:25,4488.20000,4491.74000,4487.35000,4490.92000,1858
2026.06.03,04:30,4491.05000,4491.66000,4488.33000,4488.37000,1283
2026.06.03,04:35,4488.38000,4488.68000,4482.17000,4482.71000,1816
2026.06.03,04:40,4482.77000,4485.44000,4482.56000,4484.47000,1413
2026.06.03,04:45,4484.46000,4486.27000,4484.18000,4485.86000,1003
2026.06.03,04:50,4485.84000,4486.49000,4483.32000,4483.71000,1092
2026.06.03,04:55,4483.72000,4484.88000,4482.58000,4484.43000,1099
2026.06.03,05:00,4484.44000,4488.40000,4484.14000,4486.49000,1242
2026.06.03,05:05,4486.50000,4487.57000,4485.27000,4487.44000,899
2026.06.03,05:10,4487.47000,4488.18000,4484.95000,4485.06000,906
2026.06.03,05:15,4485.03000,4486.11000,4483.97000,4484.74000,936
2026.06.03,05:20,4484.84000,4487.75000,4484.24000,4487.61000,994
2026.06.03,05:25,4487.54000,4490.92000,4487.22000,4488.50000,1132
2026.06.03,05:30,4488.49000,4489.42000,4486.78000,4488.22000,933
2026.06.03,05:35,4488.20000,4488.20000,4484.61000,4485.20000,821
2026.06.03,05:40,4485.15000,4485.49000,4478.47000,4480.42000,1096
2026.06.03,05:45,4480.40000,4486.50000,4480.10000,4486.50000,761
2026.06.03,05:50,4486.54000,4490.30000,4485.79000,4487.50000,885
2026.06.03,05:55,4487.42000,4488.83000,4486.93000,4487.34000,663
2026.06.03,06:00,4487.42000,4489.10000,4487.20000,4488.63000,776
2026.06.03,06:05,4488.64000,4489.01000,4487.92000,4488.38000,596
2026.06.03,06:10,4488.37000,4488.85000,4487.03000,4487.15000,589
2026.06.03,06:15,4487.16000,4487.69000,4486.27000,4486.73000,696
2026.06.03,06:20,4486.74000,4487.07000,4485.56000,4486.25000,531
2026.06.03,06:25,4486.26000,4489.56000,4486.06000,4489.56000,682
2026.06.03,06:30,4489.35000,4490.17000,4485.84000,4486.41000,687
2026.06.03,06:35,4486.42000,4486.62000,4483.34000,4484.45000,768
2026.06.03,06:40,4484.42000,4487.53000,4483.80000,4487.40000,650
2026.06.03,06:45,4487.39000,4487.90000,4485.60000,4487.00000,827
2026.06.03,06:50,4486.99000,4487.54000,4485.92000,4486.28000,909
2026.06.03,06:55,4486.32000,4488.68000,4486.18000,4488.16000,1072
2026.06.03,07:00,4488.15000,4488.15000,4486.21000,4487.44000,422
2026.06.03,07:05,4487.54000,4488.62000,4487.28000,4488.11000,358
2026.06.03,07:10,4488.10000,4489.91000,4487.99000,4489.91000,406
2026.06.03,07:15,4489.89000,4491.11000,4489.56000,4490.39000,310
2026.06.03,07:20,4490.36000,4490.41000,4489.00000,4489.31000,279
2026.06.03,07:25,4489.50000,4489.99000,4488.58000,4489.78000,178
2026.06.03,07:30,4489.79000,4490.98000,4489.21000,4489.52000,295
2026.06.03,07:35,4489.54000,4490.43000,4489.16000,4489.53000,256
2026.06.03,07:40,4489.40000,4490.31000,4488.71000,4488.88000,289
2026.06.03,07:45,4488.82000,4489.93000,4488.33000,4488.74000,315
2026.06.03,07:50,4488.78000,4488.83000,4487.55000,4487.66000,372
2026.06.03,07:55,4487.65000,4489.74000,4486.24000,4489.37000,472
2026.06.03,09:00,4492.42000,4492.64000,4489.06000,4489.72000,490
2026.06.03,09:05,4490.09000,4493.16000,4487.36000,4491.84000,950
2026.06.03,09:10,4491.83000,4492.05000,4489.25000,4489.35000,1016
2026.06.03,09:15,4489.34000,4490.59000,4488.21000,4489.25000,684
2026.06.03,09:20,4489.26000,4491.80000,4488.20000,4488.80000,613
2026.06.03,09:25,4488.81000,4490.28000,4487.60000,4490.11000,618
2026.06.03,09:30,4490.08000,4491.33000,4488.35000,4488.35000,553
2026.06.03,09:35,4488.55000,4489.25000,4487.30000,4488.80000,473
2026.06.03,09:40,4488.81000,4489.92000,4487.94000,4488.95000,408
2026.06.03,09:45,4489.00000,4492.31000,4483.72000,4488.85000,1022
2026.06.03,09:50,4488.86000,4490.25000,4486.43000,4486.82000,895
2026.06.03,09:55,4486.83000,4488.10000,4484.86000,4485.00000,831
2026.06.03,10:00,4485.10000,4488.96000,4482.35000,4485.25000,948
2026.06.03,10:05,4485.21000,4486.95000,4480.65000,4482.37000,988
2026.06.03,10:10,4482.39000,4483.35000,4474.38000,4477.50000,1584
2026.06.03,10:15,4477.56000,4477.56000,4469.22000,4470.27000,1449
2026.06.03,10:20,4470.25000,4472.36000,4466.44000,4467.84000,1823
2026.06.03,10:25,4467.69000,4471.07000,4461.90000,4467.61000,2089
2026.06.03,10:30,4467.63000,4468.89000,4462.22000,4466.30000,1585
2026.06.03,10:35,4466.28000,4468.04000,4463.21000,4465.34000,1763
2026.06.03,10:40,4465.35000,4474.88000,4463.77000,4474.87000,1758
2026.06.03,10:45,4474.88000,4475.18000,4468.93000,4471.66000,1375
2026.06.03,10:50,4471.48000,4474.44000,4470.69000,4473.00000,1031
2026.06.03,10:55,4473.25000,4474.86000,4471.19000,4474.07000,1019
2026.06.03,11:00,4474.01000,4479.29000,4473.68000,4478.59000,1711
2026.06.03,11:05,4478.76000,4479.80000,4475.40000,4476.66000,1306
2026.06.03,11:10,4476.60000,4476.95000,4474.18000,4475.90000,1133
2026.06.03,11:15,4475.92000,4479.21000,4474.40000,4477.57000,1002
2026.06.03,11:20,4477.55000,4482.49000,4477.29000,4479.05000,1011
2026.06.03,11:25,4479.13000,4483.32000,4478.67000,4483.16000,770
2026.06.03,11:30,4483.18000,4485.31000,4481.28000,4485.30000,778
2026.06.03,11:35,4485.29000,4491.82000,4484.60000,4491.56000,962
2026.06.03,11:40,4491.69000,4496.77000,4491.18000,4495.55000,1367
2026.06.03,11:45,4495.59000,4495.66000,4489.03000,4490.93000,920
2026.06.03,11:50,4490.96000,4492.37000,4488.48000,4488.83000,978
2026.06.03,11:55,4488.84000,4488.97000,4485.67000,4485.85000,919
2026.06.03,12:00,4485.75000,4487.34000,4473.26000,4473.82000,3303
2026.06.03,12:05,4473.75000,4475.56000,4467.01000,4474.16000,2722
2026.06.03,12:10,4474.20000,4477.25000,4468.89000,4471.34000,2130
2026.06.03,12:15,4471.36000,4472.66000,4468.45000,4469.58000,1875
2026.06.03,12:20,4469.51000,4471.40000,4465.82000,4466.22000,1756
2026.06.03,12:25,4466.18000,4468.14000,4463.31000,4467.06000,1859
2026.06.03,12:30,4467.18000,4472.98000,4466.72000,4471.18000,1995
2026.06.03,12:35,4471.20000,4472.85000,4466.39000,4466.39000,1473
2026.06.03,12:40,4466.33000,4471.45000,4464.93000,4470.46000,1530
2026.06.03,12:45,4470.39000,4475.79000,4470.04000,4475.67000,1328
2026.06.03,12:50,4475.60000,4477.19000,4473.49000,4474.10000,969
2026.06.03,12:55,4474.06000,4476.76000,4472.24000,4475.66000,1285
2026.06.03,13:00,4475.71000,4476.18000,4472.87000,4473.72000,1044
2026.06.03,13:05,4473.73000,4479.23000,4473.24000,4478.68000,1119
2026.06.03,13:10,4478.74000,4481.30000,4475.37000,4480.49000,1462
2026.06.03,13:15,4480.53000,4480.94000,4473.94000,4476.22000,883
2026.06.03,13:20,4476.23000,4478.61000,4475.14000,4478.24000,858
2026.06.03,13:25,4478.25000,4480.90000,4477.95000,4478.79000,765
2026.06.03,13:30,4478.80000,4479.88000,4474.87000,4478.97000,1101
2026.06.03,13:35,4478.96000,4482.22000,4478.20000,4480.90000,951
2026.06.03,13:40,4480.92000,4484.95000,4478.85000,4478.87000,1190
2026.06.03,13:45,4478.82000,4479.13000,4472.88000,4474.99000,1600
2026.06.03,13:50,4474.93000,4480.14000,4474.08000,4479.40000,1186
2026.06.03,13:55,4479.36000,4481.98000,4477.08000,4481.81000,1166
2026.06.03,14:00,4481.76000,4487.25000,4481.74000,4486.04000,1247
2026.06.03,14:05,4486.05000,4487.58000,4484.61000,4485.28000,1093
2026.06.03,14:10,4485.29000,4486.02000,4483.65000,4485.42000,971
2026.06.03,14:15,4485.48000,4486.41000,4483.31000,4485.22000,834
2026.06.03,14:20,4485.23000,4487.18000,4484.96000,4485.39000,963
2026.06.03,14:25,4485.40000,4485.65000,4483.06000,4483.39000,898
2026.06.03,14:30,4483.29000,4484.76000,4483.09000,4484.56000,509
2026.06.03,14:35,4484.10000,4485.80000,4483.31000,4484.80000,579
2026.06.03,14:40,4484.79000,4485.16000,4483.45000,4484.34000,422
2026.06.03,14:45,4484.32000,4484.60000,4482.41000,4482.94000,608
2026.06.03,14:50,4482.81000,4486.17000,4482.76000,4483.82000,485
2026.06.03,14:55,4483.85000,4484.75000,4483.38000,4484.35000,391
2026.06.03,15:00,4484.48000,4486.54000,4484.06000,4485.92000,544
2026.06.03,15:05,4485.90000,4487.07000,4484.89000,4486.22000,572
2026.06.03,15:10,4486.21000,4487.04000,4484.43000,4487.02000,587
2026.06.03,15:15,4486.98000,4488.27000,4481.10000,4481.27000,770
2026.06.03,15:20,4481.31000,4481.78000,4480.50000,4481.15000,200
2026.06.03,15:25,4478.94000,4479.04000,4478.94000,4479.04000,2
2026.06.03,15:30,4476.65000,4477.18000,4473.73000,4474.77000,717
2026.06.03,15:35,4474.79000,4475.66000,4470.88000,4471.66000,679
2026.06.03,15:40,4471.48000,4473.69000,4471.45000,4473.37000,530
2026.06.03,15:45,4473.35000,4474.05000,4470.09000,4471.39000,636
2026.06.03,15:50,4471.40000,4471.49000,4469.88000,4470.15000,402
2026.06.03,15:55,4470.13000,4470.61000,4468.16000,4469.28000,638
2026.06.03,16:00,4469.35000,4471.53000,4467.70000,4470.75000,1033
2026.06.03,16:05,4470.76000,4471.95000,4467.19000,4470.59000,831
2026.06.03,16:10,4470.60000,4473.63000,4470.03000,4473.41000,906
2026.06.03,16:15,4473.37000,4474.14000,4472.01000,4472.32000,610
2026.06.03,16:20,4472.31000,4473.04000,4468.48000,4468.48000,764
2026.06.03,16:25,4468.46000,4469.80000,4465.96000,4468.44000,819
2026.06.03,16:30,4468.43000,4468.84000,4458.81000,4464.84000,2192
2026.06.03,16:35,4464.88000,4468.73000,4463.13000,4466.74000,1357
2026.06.03,16:40,4466.75000,4466.90000,4460.04000,4461.90000,1264
2026.06.03,16:45,4461.84000,4466.69000,4460.97000,4465.92000,1372
2026.06.03,16:50,4465.93000,4468.24000,4462.25000,4463.21000,1376
2026.06.03,16:55,4463.19000,4463.89000,4456.46000,4456.83000,1140
2026.06.03,17:00,4456.92000,4467.46000,4456.59000,4466.79000,2089
2026.06.03,17:05,4466.77000,4466.82000,4461.79000,4465.11000,1616
2026.06.03,17:10,4465.12000,4466.41000,4462.82000,4466.09000,1725
2026.06.03,17:15,4466.08000,4470.80000,4465.48000,4468.14000,1486
2026.06.03,17:20,4468.13000,4470.23000,4459.05000,4460.14000,1746
2026.06.03,17:25,4460.11000,4463.06000,4458.86000,4462.59000,1825
2026.06.03,17:30,4462.53000,4465.24000,4457.19000,4459.83000,2347
2026.06.03,17:35,4459.86000,4463.71000,4458.95000,4462.85000,1859
2026.06.03,17:40,4462.84000,4463.64000,4457.67000,4460.55000,1454
2026.06.03,17:45,4460.47000,4460.47000,4455.02000,4459.06000,1573
2026.06.03,17:50,4458.84000,4460.35000,4457.59000,4458.19000,1162
2026.06.03,17:55,4458.29000,4463.07000,4458.27000,4462.95000,1105
2026.06.03,18:00,4462.84000,4466.98000,4459.66000,4465.21000,1830
2026.06.03,18:05,4465.22000,4469.19000,4464.25000,4468.66000,1297
2026.06.03,18:10,4468.68000,4472.28000,4468.11000,4469.65000,1479
2026.06.03,18:15,4469.63000,4469.89000,4462.58000,4463.51000,1464
2026.06.03,18:20,4463.65000,4464.81000,4461.88000,4463.39000,1065
2026.06.03,18:25,4463.46000,4464.73000,4455.91000,4455.91000,1485
2026.06.03,18:30,4455.92000,4461.84000,4454.10000,4461.33000,1707
2026.06.03,18:35,4461.30000,4463.37000,4458.04000,4458.40000,1647
2026.06.03,18:40,4458.41000,4461.37000,4454.54000,4458.70000,1519
2026.06.03,18:45,4458.84000,4460.17000,4455.63000,4458.80000,1288
2026.06.03,18:50,4458.65000,4463.87000,4458.62000,4459.63000,1055
2026.06.03,18:55,4459.65000,4459.73000,4452.73000,4453.18000,1146
2026.06.03,19:00,4453.13000,4459.12000,4450.75000,4457.93000,1765
2026.06.03,19:05,4457.94000,4458.03000,4452.86000,4455.09000,1533
2026.06.03,19:10,4455.07000,4457.77000,4454.20000,4455.47000,1141
2026.06.03,19:15,4455.49000,4457.00000,4452.32000,4453.94000,1276
2026.06.03,19:20,4453.97000,4455.51000,4450.65000,4451.38000,1344
2026.06.03,19:25,4451.37000,4457.49000,4450.76000,4457.32000,1418
2026.06.03,19:30,4457.31000,4458.53000,4454.76000,4456.69000,1414
2026.06.03,19:35,4456.71000,4457.45000,4454.39000,4455.61000,927
2026.06.03,19:40,4455.58000,4458.97000,4455.33000,4456.44000,943
2026.06.03,19:45,4456.46000,4457.74000,4453.87000,4454.25000,1091
2026.06.03,19:50,4454.23000,4454.95000,4442.54000,4444.72000,1580
2026.06.03,19:55,4444.71000,4445.84000,4440.12000,4443.92000,1649
2026.06.03,20:00,4443.94000,4451.96000,4441.47000,4451.03000,1543
2026.06.03,20:05,4451.07000,4459.01000,4451.07000,4456.62000,1357
2026.06.03,20:10,4456.42000,4456.96000,4451.13000,4451.13000,1072
2026.06.03,20:15,4451.12000,4451.63000,4446.68000,4450.25000,1361
2026.06.03,20:20,4450.21000,4452.03000,4446.81000,4447.80000,1260
2026.06.03,20:25,4447.72000,4449.21000,4439.46000,4440.05000,1518
2026.06.03,20:30,4439.94000,4444.34000,4439.62000,4441.98000,1534
2026.06.03,20:35,4441.96000,4447.24000,4438.89000,4447.00000,1125
2026.06.03,20:40,4447.01000,4448.45000,4444.42000,4446.79000,1063
2026.06.03,20:45,4446.62000,4447.45000,4443.02000,4447.12000,1117
2026.06.03,20:50,4447.01000,4447.87000,4443.59000,4443.61000,973
2026.06.03,20:55,4443.59000,4444.38000,4440.87000,4443.08000,1172
2026.06.03,21:00,4443.06000,4447.94000,4440.90000,4447.94000,1358
2026.06.03,21:05,4447.90000,4466.68000,4447.11000,4461.64000,4183
2026.06.03,21:10,4461.68000,4464.69000,4459.18000,4462.90000,2596
2026.06.03,21:15,4463.00000,4463.78000,4460.41000,4462.44000,1627
2026.06.03,21:20,4462.45000,4464.24000,4456.06000,4457.21000,1867
2026.06.03,21:25,4457.28000,4460.61000,4453.54000,4459.86000,1690
2026.06.03,21:30,4459.89000,4462.76000,4458.69000,4460.13000,1448
2026.06.03,21:35,4460.21000,4460.45000,4458.23000,4458.96000,907
2026.06.03,21:40,4458.97000,4459.21000,4453.03000,4454.01000,1041
2026.06.03,21:45,4454.00000,4456.65000,4453.76000,4455.90000,1034
2026.06.03,21:50,4456.09000,4459.43000,4456.09000,4459.10000,1090
2026.06.03,21:55,4459.09000,4461.00000,4458.37000,4458.91000,740
2026.06.03,22:00,4458.96000,4464.64000,4458.96000,4464.34000,1259
2026.06.03,22:05,4464.27000,4468.24000,4462.56000,4463.06000,1498
2026.06.03,22:10,4463.07000,4464.32000,4460.82000,4462.01000,1398
2026.06.03,22:15,4462.08000,4462.61000,4459.08000,4460.89000,1101
2026.06.03,22:20,4460.94000,4465.67000,4460.94000,4462.85000,1280
2026.06.03,22:25,4462.84000,4464.81000,4462.00000,4464.54000,1023
2026.06.03,22:30,4464.55000,4466.97000,4463.76000,4465.78000,1165
2026.06.03,22:35,4465.83000,4466.19000,4462.90000,4463.42000,927
2026.06.03,22:40,4463.43000,4464.62000,4459.47000,4460.06000,964
2026.06.03,22:45,4460.04000,4463.53000,4458.40000,4462.08000,1273
2026.06.03,22:50,4462.11000,4464.92000,4461.68000,4462.42000,989
2026.06.03,22:55,4462.41000,4463.39000,4461.33000,4462.47000,1137
2026.06.03,23:00,4462.50000,4464.39000,4459.77000,4463.54000,1423
2026.06.03,23:05,4463.55000,4464.61000,4457.10000,4458.32000,1370
2026.06.03,23:10,4458.29000,4461.42000,4457.91000,4458.40000,1042
2026.06.03,23:15,4458.33000,4458.65000,4455.74000,4456.32000,1411
2026.06.03,23:20,4455.63000,4462.15000,4455.63000,4457.95000,1718
2026.06.03,23:25,4457.96000,4458.05000,4451.86000,4452.74000,1762
2026.06.03,23:30,4452.76000,4456.91000,4450.83000,4451.38000,1711
2026.06.03,23:35,4451.37000,4453.96000,4448.27000,4449.71000,1978
2026.06.03,23:40,4449.80000,4460.61000,4449.80000,4458.93000,2083
2026.06.03,23:45,4458.83000,4461.50000,4456.66000,4461.13000,1863
2026.06.03,23:50,4461.14000,4467.06000,4460.34000,4460.44000,1911
2026.06.03,23:55,4460.41000,4462.28000,4455.24000,4460.23000,1757
2026.06.04,00:00,4460.21000,4465.34000,4457.83000,4463.08000,2652
2026.06.04,00:05,4463.06000,4465.24000,4461.90000,4462.35000,1887
2026.06.04,00:10,4462.36000,4465.87000,4461.75000,4462.16000,1833
2026.06.04,00:15,4462.18000,4463.33000,4455.39000,4457.39000,1925
2026.06.04,00:20,4457.41000,4457.83000,4447.17000,4450.21000,2517
2026.06.04,00:25,4450.20000,4450.67000,4445.72000,4448.45000,2136
2026.06.04,00:30,4448.55000,4453.15000,4445.91000,4448.42000,3383
2026.06.04,00:35,4448.43000,4451.58000,4446.22000,4448.62000,3094
2026.06.04,00:40,4448.65000,4449.99000,4426.76000,4426.86000,3739
2026.06.04,00:45,4426.66000,4438.24000,4426.08000,4436.78000,4389
2026.06.04,00:50,4437.12000,4446.76000,4435.28000,4444.38000,3864
2026.06.04,00:55,4444.29000,4450.14000,4441.65000,4445.17000,2949
2026.06.04,01:00,4444.57000,4451.38000,4442.37000,4446.18000,3506
2026.06.04,01:05,4446.46000,4452.15000,4444.93000,4450.50000,3785
2026.06.04,01:10,4450.51000,4456.81000,4450.47000,4454.57000,3438
2026.06.04,01:15,4454.62000,4458.57000,4445.48000,4447.67000,3660
2026.06.04,01:20,4447.81000,4451.52000,4445.36000,4449.57000,3005
2026.06.04,01:25,4449.55000,4452.14000,4446.27000,4451.89000,2635
2026.06.04,01:30,4451.91000,4453.23000,4447.54000,4449.19000,2938
2026.06.04,01:35,4449.18000,4453.57000,4448.99000,4451.74000,2778
2026.06.04,01:40,4451.76000,4452.29000,4446.98000,4448.12000,2492
2026.06.04,01:45,4448.14000,4455.08000,4447.75000,4453.93000,2070
2026.06.04,01:50,4453.91000,4459.55000,4450.51000,4458.62000,2775
2026.06.04,01:55,4458.60000,4458.89000,4455.24000,4456.96000,2126
2026.06.04,02:00,4457.07000,4458.30000,4452.67000,4452.89000,2241
2026.06.04,02:05,4452.81000,4453.10000,4448.04000,4449.29000,2685
2026.06.04,02:10,4449.32000,4452.15000,4444.91000,4445.90000,2432
2026.06.04,02:15,4445.73000,4450.82000,4445.04000,4445.72000,2921
2026.06.04,02:20,4445.75000,4446.48000,4439.36000,4443.08000,2976
2026.06.04,02:25,4442.99000,4444.95000,4439.87000,4444.91000,2816
2026.06.04,02:30,4444.89000,4445.48000,4440.38000,4440.94000,2955
2026.06.04,02:35,4440.93000,4442.76000,4436.64000,4439.09000,2423
2026.06.04,02:40,4439.18000,4442.35000,4437.90000,4439.96000,1882
2026.06.04,02:45,4439.94000,4442.36000,4437.87000,4441.85000,1705
2026.06.04,02:50,4441.84000,4443.72000,4439.89000,4441.23000,1478
2026.06.04,02:55,4441.22000,4442.83000,4440.68000,4442.08000,1367
2026.06.04,03:00,4442.30000,4443.14000,4439.73000,4442.84000,1468
2026.06.04,03:05,4442.81000,4443.99000,4437.12000,4439.44000,1677
2026.06.04,03:10,4439.48000,4440.67000,4437.27000,4439.12000,1830
2026.06.04,03:15,4439.18000,4441.24000,4436.51000,4438.51000,2061
2026.06.04,03:20,4438.57000,4439.79000,4433.93000,4436.23000,1855
2026.06.04,03:25,4436.19000,4437.81000,4433.67000,4437.47000,1950
2026.06.04,03:30,4437.44000,4440.69000,4437.04000,4440.19000,1765
2026.06.04,03:35,4440.15000,4440.34000,4436.03000,4436.24000,1580
2026.06.04,03:40,4436.04000,4439.09000,4435.42000,4438.89000,1548
2026.06.04,03:45,4438.90000,4440.35000,4437.44000,4437.88000,1958
2026.06.04,03:50,4437.89000,4439.64000,4436.82000,4437.90000,1510
2026.06.04,03:55,4437.92000,4442.82000,4437.29000,4441.75000,1492
2026.06.04,04:00,4441.81000,4444.96000,4441.60000,4444.40000,1719
2026.06.04,04:05,4444.30000,4448.64000,4443.19000,4446.83000,2171
2026.06.04,04:10,4446.88000,4447.16000,4441.44000,4441.89000,1885
2026.06.04,04:15,4441.96000,4443.43000,4441.36000,4442.43000,1755
2026.06.04,04:20,4442.58000,4442.74000,4440.05000,4441.95000,1495
2026.06.04,04:25,4441.97000,4442.85000,4437.68000,4438.87000,1609
2026.06.04,04:30,4438.74000,4440.63000,4435.50000,4439.87000,1584
2026.06.04,04:35,4439.98000,4440.32000,4437.92000,4440.06000,1073
2026.06.04,04:40,4440.03000,4442.12000,4439.21000,4440.47000,1221
2026.06.04,04:45,4440.49000,4440.72000,4437.68000,4438.16000,1276
2026.06.04,04:50,4438.18000,4439.60000,4436.87000,4437.95000,1028
2026.06.04,04:55,4437.96000,4439.26000,4437.71000,4438.93000,889
2026.06.04,05:00,4438.94000,4440.57000,4438.00000,4439.27000,1015
2026.06.04,05:05,4439.19000,4439.47000,4436.35000,4437.52000,1186
2026.06.04,05:10,4437.47000,4438.57000,4435.53000,4436.90000,1141
2026.06.04,05:15,4436.89000,4437.97000,4435.47000,4437.97000,940
2026.06.04,05:20,4438.06000,4439.18000,4434.55000,4438.88000,1111
2026.06.04,05:25,4438.87000,4440.66000,4438.37000,4440.15000,1103
2026.06.04,05:30,4440.12000,4442.43000,4438.77000,4438.82000,1139
2026.06.04,05:35,4438.84000,4439.20000,4436.80000,4438.50000,1151
2026.06.04,05:40,4438.51000,4440.28000,4437.25000,4439.84000,974
2026.06.04,05:45,4439.85000,4441.74000,4439.37000,4439.84000,902
2026.06.04,05:50,4439.85000,4440.88000,4439.65000,4440.15000,919
2026.06.04,05:55,4440.13000,4442.89000,4439.56000,4442.01000,776
2026.06.04,06:00,4442.03000,4449.31000,4441.37000,4449.02000,1637
2026.06.04,06:05,4449.06000,4449.75000,4447.07000,4447.74000,954
2026.06.04,06:10,4447.76000,4449.93000,4446.87000,4449.60000,1240
2026.06.04,06:15,4449.62000,4451.93000,4448.63000,4451.47000,1372
2026.06.04,06:20,4451.32000,4452.22000,4447.89000,4448.11000,1257
2026.06.04,06:25,4448.15000,4448.66000,4446.40000,4448.07000,1138
2026.06.04,06:30,4448.05000,4449.64000,4447.24000,4448.33000,927
2026.06.04,06:35,4448.34000,4449.00000,4447.70000,4447.71000,951
2026.06.04,06:40,4447.74000,4448.71000,4446.52000,4446.89000,945
2026.06.04,06:45,4446.90000,4447.27000,4444.81000,4446.74000,982
2026.06.04,06:50,4446.71000,4447.17000,4444.99000,4445.49000,1526
2026.06.04,06:55,4445.43000,4445.43000,4442.93000,4443.70000,1633
2026.06.04,07:00,4443.65000,4445.35000,4441.91000,4442.10000,885
2026.06.04,07:05,4442.09000,4442.10000,4438.53000,4441.20000,902
2026.06.04,07:10,4441.23000,4441.75000,4438.92000,4439.82000,614
2026.06.04,07:15,4439.99000,4440.11000,4437.25000,4437.40000,1301
2026.06.04,07:20,4437.43000,4439.95000,4437.43000,4439.42000,817
2026.06.04,07:25,4439.40000,4439.90000,4437.99000,4438.80000,663
2026.06.04,07:30,4438.79000,4439.44000,4433.10000,4433.77000,899
2026.06.04,07:35,4433.75000,4434.34000,4432.54000,4433.98000,733
2026.06.04,07:40,4433.90000,4434.67000,4432.28000,4433.34000,754
2026.06.04,07:45,4433.30000,4434.58000,4431.62000,4431.66000,722
2026.06.04,07:50,4431.67000,4434.19000,4430.25000,4434.02000,805
2026.06.04,07:55,4434.09000,4434.90000,4433.25000,4434.27000,686
2026.06.04,09:00,4436.72000,4440.36000,4430.61000,4432.10000,903
2026.06.04,09:05,4432.39000,4435.92000,4431.83000,4434.31000,825
2026.06.04,09:10,4434.33000,4435.59000,4429.03000,4431.67000,1074
2026.06.04,09:15,4431.99000,4431.99000,4423.54000,4427.06000,1437
2026.06.04,09:20,4427.94000,4430.69000,4424.40000,4430.07000,1230
2026.06.04,09:25,4430.30000,4435.74000,4430.03000,4434.15000,1052
2026.06.04,09:30,4434.14000,4440.02000,4434.05000,4439.53000,1497
2026.06.04,09:35,4439.87000,4440.41000,4435.55000,4436.72000,1134
2026.06.04,09:40,4436.37000,4438.34000,4434.57000,4436.88000,1021
2026.06.04,09:45,4436.62000,4439.01000,4436.48000,4438.45000,881
2026.06.04,09:50,4438.75000,4441.57000,4437.07000,4439.59000,1051
2026.06.04,09:55,4439.56000,4452.83000,4439.38000,4448.93000,2213
2026.06.04,10:00,4448.94000,4450.09000,4445.03000,4446.17000,1499
2026.06.04,10:05,4446.14000,4450.17000,4445.22000,4448.13000,893
2026.06.04,10:10,4448.12000,4448.14000,4445.42000,4447.50000,890
2026.06.04,10:15,4447.49000,4449.28000,4446.94000,4447.67000,820
2026.06.04,10:20,4447.68000,4450.83000,4447.06000,4449.19000,882
2026.06.04,10:25,4449.20000,4451.49000,4448.18000,4450.63000,853
2026.06.04,10:30,4450.64000,4451.81000,4447.44000,4451.21000,974
2026.06.04,10:35,4451.20000,4452.30000,4448.25000,4449.96000,1214
2026.06.04,10:40,4449.98000,4453.94000,4445.98000,4453.62000,1268
2026.06.04,10:45,4453.59000,4464.61000,4453.54000,4458.88000,2315
2026.06.04,10:50,4458.86000,4461.56000,4457.68000,4459.19000,1486
2026.06.04,10:55,4459.14000,4460.19000,4455.99000,4456.95000,1388
2026.06.04,11:00,4457.26000,4464.88000,4454.86000,4459.86000,3046
2026.06.04,11:05,4460.15000,4461.89000,4455.24000,4455.91000,2195
2026.06.04,11:10,4455.90000,4457.51000,4452.71000,4453.37000,2179
2026.06.04,11:15,4453.36000,4456.70000,4449.66000,4455.16000,2485
2026.06.04,11:20,4455.17000,4455.85000,4448.11000,4449.72000,1969
2026.06.04,11:25,4450.02000,4451.53000,4447.39000,4450.81000,1540
2026.06.04,11:30,4450.80000,4452.83000,4447.22000,4450.89000,1941
2026.06.04,11:35,4450.54000,4452.12000,4445.13000,4446.46000,1927
2026.06.04,11:40,4446.48000,4448.29000,4444.05000,4448.29000,1595
2026.06.04,11:45,4448.28000,4449.85000,4444.84000,4449.80000,1847
2026.06.04,11:50,4449.77000,4452.81000,4449.25000,4451.02000,1654
2026.06.04,11:55,4451.01000,4451.04000,4446.47000,4448.36000,1658
2026.06.04,12:00,4448.34000,4456.60000,4443.13000,4453.72000,3349
2026.06.04,12:05,4453.68000,4459.40000,4452.90000,4459.40000,2334
2026.06.04,12:10,4459.41000,4467.27000,4458.82000,4464.32000,2586
2026.06.04,12:15,4464.31000,4464.78000,4459.63000,4464.50000,2409
2026.06.04,12:20,4464.51000,4473.60000,4464.48000,4469.64000,2281
2026.06.04,12:25,4469.58000,4472.05000,4465.65000,4465.89000,1861
2026.06.04,12:30,4465.91000,4470.06000,4464.99000,4465.99000,2311
2026.06.04,12:35,4466.04000,4470.09000,4465.01000,4468.45000,1957
2026.06.04,12:40,4468.44000,4468.75000,4458.77000,4459.32000,2551
2026.06.04,12:45,4459.30000,4466.90000,4458.72000,4466.05000,2513
2026.06.04,12:50,4466.03000,4466.31000,4456.74000,4461.24000,2608
2026.06.04,12:55,4461.26000,4467.24000,4461.16000,4465.67000,2115
2026.06.04,13:00,4465.66000,4467.14000,4461.82000,4462.22000,2191
2026.06.04,13:05,4462.12000,4463.06000,4458.25000,4458.64000,1844
2026.06.04,13:10,4458.63000,4464.96000,4455.43000,4463.04000,1894
2026.06.04,13:15,4463.12000,4463.65000,4458.70000,4461.86000,1628
2026.06.04,13:20,4461.85000,4463.09000,4459.60000,4460.38000,1273
2026.06.04,13:25,4460.39000,4462.56000,4458.67000,4460.43000,1302
2026.06.04,13:30,4460.44000,4462.45000,4457.72000,4460.73000,2074
2026.06.04,13:35,4460.85000,4461.04000,4457.92000,4457.94000,1452
2026.06.04,13:40,4457.81000,4464.74000,4457.79000,4462.38000,1573
2026.06.04,13:45,4462.36000,4470.77000,4462.35000,4470.10000,1755
2026.06.04,13:50,4470.11000,4474.97000,4468.77000,4474.45000,1942
2026.06.04,13:55,4474.46000,4476.57000,4471.15000,4474.92000,1868
2026.06.04,14:00,4474.91000,4476.43000,4471.43000,4472.85000,1569
2026.06.04,14:05,4472.93000,4477.16000,4472.89000,4474.06000,1319
2026.06.04,14:10,4474.09000,4475.30000,4470.46000,4471.94000,1477
2026.06.04,14:15,4471.98000,4472.51000,4469.17000,4469.51000,1013
2026.06.04,14:20,4469.49000,4469.49000,4467.26000,4467.64000,1111
2026.06.04,14:25,4467.58000,4469.50000,4465.76000,4469.30000,942
2026.06.04,14:30,4469.26000,4470.85000,4466.67000,4467.51000,910
2026.06.04,14:35,4467.50000,4467.50000,4463.46000,4464.89000,957
2026.06.04,14:40,4464.87000,4465.65000,4460.61000,4460.61000,997
2026.06.04,14:45,4460.57000,4461.11000,4458.33000,4459.73000,1164
2026.06.04,14:50,4459.72000,4463.81000,4458.92000,4463.48000,1104
2026.06.04,14:55,4463.50000,4464.99000,4462.02000,4463.65000,841
2026.06.04,15:00,4463.71000,4466.09000,4463.15000,4463.91000,930
2026.06.04,15:05,4463.92000,4465.88000,4462.08000,4463.88000,955
2026.06.04,15:10,4463.89000,4471.16000,4463.41000,4471.13000,1112
2026.06.04,15:15,4471.24000,4472.53000,4470.03000,4471.68000,874
2026.06.04,15:20,4471.71000,4476.29000,4471.30000,4474.05000,898
2026.06.04,15:25,4474.06000,4475.72000,4473.54000,4474.75000,828
2026.06.04,15:30,4474.78000,4483.83000,4474.61000,4479.97000,1530
2026.06.04,15:35,4479.94000,4481.55000,4478.47000,4480.92000,1255
2026.06.04,15:40,4480.93000,4484.00000,4479.36000,4482.61000,1024
2026.06.04,15:45,4482.62000,4483.61000,4479.33000,4479.58000,753
2026.06.04,15:50,4479.60000,4480.75000,4478.74000,4479.67000,649
2026.06.04,15:55,4479.66000,4481.25000,4478.58000,4480.99000,636
2026.06.04,16:00,4481.10000,4482.43000,4477.16000,4477.45000,970
2026.06.04,16:05,4477.49000,4478.39000,4473.65000,4473.72000,902
2026.06.04,16:10,4473.75000,4479.13000,4471.31000,4477.04000,1087
2026.06.04,16:15,4477.02000,4477.46000,4475.58000,4476.28000,724
2026.06.04,16:20,4476.27000,4476.54000,4472.17000,4472.52000,932
2026.06.04,16:25,4472.56000,4474.30000,4470.79000,4473.37000,906
2026.06.04,16:30,4473.35000,4475.73000,4471.25000,4473.48000,1636
2026.06.04,16:35,4473.46000,4474.75000,4471.07000,4471.18000,1353
2026.06.04,16:40,4471.17000,4474.77000,4470.78000,4474.63000,1493
2026.06.04,16:45,4474.62000,4474.87000,4467.17000,4467.54000,1702
2026.06.04,16:50,4467.62000,4471.21000,4467.41000,4469.10000,1669
2026.06.04,16:55,4469.07000,4470.47000,4466.88000,4469.09000,1731
2026.06.04,17:00,4469.05000,4474.57000,4467.96000,4473.65000,1685
2026.06.04,17:05,4473.63000,4477.12000,4471.92000,4475.90000,1415
2026.06.04,17:10,4475.94000,4477.00000,4473.24000,4474.05000,1095
2026.06.04,17:15,4473.98000,4474.21000,4466.77000,4469.45000,1391
2026.06.04,17:20,4469.47000,4470.51000,4466.92000,4467.96000,1575
2026.06.04,17:25,4468.04000,4472.21000,4467.76000,4472.17000,1449
2026.06.04,17:30,4472.04000,4475.76000,4469.63000,4474.80000,1713
2026.06.04,17:35,4474.71000,4476.77000,4470.46000,4472.91000,1670
2026.06.04,17:40,4472.89000,4473.23000,4468.98000,4469.19000,1597
2026.06.04,17:45,4469.24000,4469.99000,4462.80000,4467.05000,1470
2026.06.04,17:50,4467.03000,4470.27000,4466.50000,4467.74000,1307
2026.06.04,17:55,4467.73000,4469.33000,4466.77000,4467.77000,1084
2026.06.04,18:00,4467.84000,4470.78000,4464.94000,4470.18000,1906
2026.06.04,18:05,4470.24000,4470.64000,4464.20000,4465.66000,1458
2026.06.04,18:10,4465.75000,4465.75000,4462.17000,4464.01000,1313
2026.06.04,18:15,4464.02000,4470.57000,4462.84000,4469.21000,1383
2026.06.04,18:20,4469.15000,4469.19000,4465.44000,4465.90000,979
2026.06.04,18:25,4465.89000,4466.23000,4461.67000,4465.08000,1113
2026.06.04,18:30,4465.10000,4466.80000,4463.38000,4463.65000,950
2026.06.04,18:35,4463.64000,4467.73000,4462.47000,4463.41000,1050
2026.06.04,18:40,4463.44000,4464.61000,4459.82000,4461.44000,1237
2026.06.04,18:45,4461.41000,4462.34000,4460.47000,4461.29000,1184
2026.06.04,18:50,4461.33000,4462.28000,4460.14000,4461.50000,949
2026.06.04,18:55,4461.48000,4462.39000,4459.34000,4461.61000,805
2026.06.04,19:00,4461.62000,4466.36000,4460.00000,4465.71000,1466
2026.06.04,19:05,4465.70000,4467.87000,4464.50000,4465.59000,1366
2026.06.04,19:10,4465.47000,4465.98000,4459.64000,4460.46000,1206
2026.06.04,19:15,4460.44000,4465.41000,4460.39000,4464.06000,1453
2026.06.04,19:20,4464.05000,4464.08000,4458.68000,4459.80000,1682
2026.06.04,19:25,4459.79000,4463.52000,4458.45000,4463.46000,1796
2026.06.04,19:30,4463.52000,4469.42000,4459.65000,4464.60000,2951
2026.06.04,19:35,4464.59000,4464.84000,4460.03000,4460.72000,1581
2026.06.04,19:40,4460.80000,4463.62000,4460.62000,4463.45000,1415
2026.06.04,19:45,4463.46000,4464.30000,4459.52000,4459.97000,1759
2026.06.04,19:50,4459.98000,4464.24000,4459.97000,4463.46000,1390
2026.06.04,19:55,4463.41000,4465.96000,4462.76000,4463.28000,935
2026.06.04,20:00,4463.27000,4468.63000,4460.93000,4467.14000,1636
2026.06.04,20:05,4467.11000,4469.31000,4464.74000,4468.45000,1299
2026.06.04,20:10,4468.60000,4468.96000,4462.12000,4463.39000,1423
2026.06.04,20:15,4463.41000,4466.17000,4462.83000,4465.99000,1474
2026.06.04,20:20,4466.05000,4467.53000,4463.49000,4465.99000,1176
2026.06.04,20:25,4465.96000,4466.67000,4464.00000,4464.55000,1069
2026.06.04,20:30,4464.60000,4467.78000,4461.60000,4466.58000,1578
2026.06.04,20:35,4466.57000,4469.46000,4464.55000,4467.19000,1580
2026.06.04,20:40,4467.25000,4468.62000,4466.14000,4467.90000,1041
2026.06.04,20:45,4468.01000,4472.33000,4467.41000,4470.45000,1338
2026.06.04,20:50,4470.46000,4475.57000,4470.08000,4474.98000,1200
2026.06.04,20:55,4475.01000,4475.37000,4469.47000,4470.33000,908
2026.06.04,21:00,4470.00000,4472.03000,4468.33000,4470.11000,1155
2026.06.04,21:05,4470.17000,4471.18000,4469.19000,4469.51000,820
2026.06.04,21:10,4469.52000,4471.99000,4467.68000,4471.27000,1111
2026.06.04,21:15,4471.37000,4471.51000,4468.33000,4468.65000,970
2026.06.04,21:20,4468.66000,4468.97000,4464.66000,4466.91000,1036
2026.06.04,21:25,4466.89000,4468.38000,4464.21000,4467.55000,874
2026.06.04,21:30,4467.51000,4469.49000,4466.40000,4467.78000,924
2026.06.04,21:35,4467.77000,4471.23000,4467.53000,4469.03000,866
2026.06.04,21:40,4469.01000,4472.70000,4468.47000,4471.25000,947
2026.06.04,21:45,4471.49000,4472.82000,4470.74000,4471.28000,882
2026.06.04,21:50,4471.36000,4471.37000,4468.45000,4471.03000,1165
2026.06.04,21:55,4471.05000,4473.89000,4469.50000,4473.64000,1172
2026.06.04,22:00,4473.70000,4475.41000,4468.65000,4472.14000,1299
2026.06.04,22:05,4472.19000,4478.31000,4471.87000,4477.42000,1153
2026.06.04,22:10,4477.40000,4478.79000,4473.38000,4473.43000,1301
2026.06.04,22:15,4473.46000,4479.25000,4473.41000,4478.18000,1522
2026.06.04,22:20,4478.51000,4480.26000,4476.49000,4478.88000,1480
2026.06.04,22:25,4478.83000,4491.37000,4477.58000,4489.63000,2530
2026.06.04,22:30,4489.68000,4492.69000,4484.41000,4485.25000,2090
2026.06.04,22:35,4485.24000,4488.53000,4482.27000,4488.31000,1852
2026.06.04,22:40,4488.40000,4492.17000,4486.52000,4491.45000,2404
2026.06.04,22:45,4491.43000,4504.16000,4491.43000,4501.01000,2750
2026.06.04,22:50,4500.91000,4504.66000,4500.60000,4503.67000,2192
2026.06.04,22:55,4503.73000,4514.74000,4503.67000,4511.43000,2461
2026.06.04,23:00,4511.41000,4513.75000,4496.94000,4497.27000,2667
2026.06.04,23:05,4497.28000,4503.58000,4494.81000,4498.25000,2455
2026.06.04,23:10,4498.22000,4498.99000,4491.52000,4493.87000,2289
2026.06.04,23:15,4493.94000,4495.54000,4491.06000,4492.43000,1923
2026.06.04,23:20,4492.46000,4499.12000,4492.29000,4497.49000,1876
2026.06.04,23:25,4497.51000,4499.73000,4495.52000,4498.13000,1429
2026.06.04,23:30,4498.05000,4501.25000,4496.88000,4499.11000,1784
2026.06.04,23:35,4499.17000,4502.04000,4496.93000,4498.98000,1510
2026.06.04,23:40,4498.95000,4502.19000,4498.93000,4502.09000,1497
2026.06.04,23:45,4502.11000,4504.88000,4498.91000,4504.88000,1565
2026.06.04,23:50,4504.89000,4511.05000,4501.95000,4508.40000,2481
2026.06.04,23:55,4508.50000,4510.17000,4502.67000,4503.96000,1589
2026.06.05,00:00,4503.99000,4510.12000,4500.23000,4505.12000,2860
2026.06.05,00:05,4505.14000,4508.89000,4503.63000,4504.79000,2017
2026.06.05,00:10,4504.75000,4505.42000,4501.94000,4503.24000,1597
2026.06.05,00:15,4503.21000,4508.68000,4502.86000,4507.80000,1534
2026.06.05,00:20,4507.70000,4509.42000,4504.27000,4504.77000,1646
2026.06.05,00:25,4504.74000,4506.45000,4501.61000,4504.58000,1937
2026.06.05,00:30,4504.66000,4507.41000,4501.85000,4506.05000,3823
2026.06.05,00:35,4506.06000,4512.17000,4504.82000,4509.17000,3583
2026.06.05,00:40,4509.18000,4514.99000,4505.08000,4514.52000,3392
2026.06.05,00:45,4514.59000,4515.43000,4507.17000,4509.98000,3400
2026.06.05,00:50,4510.00000,4512.20000,4497.62000,4498.56000,3697
2026.06.05,00:55,4498.58000,4503.05000,4495.41000,4495.81000,3568
2026.06.05,01:00,4495.61000,4499.91000,4494.52000,4495.28000,3774
2026.06.05,01:05,4495.39000,4499.78000,4487.78000,4489.99000,3494
2026.06.05,01:10,4490.09000,4492.26000,4485.90000,4487.63000,3274
2026.06.05,01:15,4487.69000,4493.89000,4485.49000,4487.72000,2838
2026.06.05,01:20,4487.67000,4489.40000,4484.28000,4485.27000,2712
2026.06.05,01:25,4485.26000,4487.86000,4484.01000,4486.17000,2319
2026.06.05,01:30,4486.21000,4486.84000,4481.44000,4484.17000,2854
2026.06.05,01:35,4484.18000,4484.32000,4477.59000,4480.14000,2955
2026.06.05,01:40,4479.99000,4480.66000,4472.34000,4474.83000,2895
2026.06.05,01:45,4474.84000,4475.52000,4464.98000,4466.50000,3236
2026.06.05,01:50,4466.53000,4470.47000,4457.33000,4463.75000,4161
2026.06.05,01:55,4463.80000,4466.34000,4460.12000,4465.85000,2729
2026.06.05,02:00,4465.97000,4470.56000,4463.48000,4470.27000,2470
2026.06.05,02:05,4470.30000,4472.51000,4467.14000,4470.26000,1778
2026.06.05,02:10,4470.43000,4474.61000,4469.92000,4471.85000,2217
2026.06.05,02:15,4471.83000,4473.96000,4471.02000,4473.41000,1815
2026.06.05,02:20,4473.42000,4473.72000,4470.68000,4470.76000,1552
2026.06.05,02:25,4470.72000,4472.24000,4469.23000,4470.84000,1872
2026.06.05,02:30,4470.83000,4472.83000,4469.62000,4471.93000,1829
2026.06.05,02:35,4471.91000,4477.32000,4470.97000,4477.08000,1623
2026.06.05,02:40,4477.11000,4477.19000,4470.96000,4472.58000,1282
2026.06.05,02:45,4472.55000,4475.84000,4469.99000,4474.43000,1626
2026.06.05,02:50,4474.41000,4479.08000,4474.34000,4478.01000,1659
2026.06.05,02:55,4478.00000,4478.73000,4476.42000,4477.37000,1407
2026.06.05,03:00,4477.39000,4478.79000,4476.08000,4476.33000,1463
2026.06.05,03:05,4476.34000,4482.67000,4475.28000,4482.46000,1752
2026.06.05,03:10,4482.42000,4484.03000,4479.00000,4479.00000,1915
2026.06.05,03:15,4479.01000,4484.72000,4479.01000,4483.29000,1683
2026.06.05,03:20,4483.28000,4484.82000,4480.19000,4484.21000,1460
2026.06.05,03:25,4484.20000,4485.22000,4482.47000,4483.46000,933
2026.06.05,03:30,4483.58000,4484.16000,4479.73000,4480.64000,2561
2026.06.05,03:35,4480.57000,4483.37000,4480.38000,4481.75000,1604
2026.06.05,03:40,4481.76000,4483.00000,4480.86000,4481.39000,1132
2026.06.05,03:45,4481.41000,4483.45000,4480.25000,4481.50000,1115
2026.06.05,03:50,4481.53000,4482.32000,4480.31000,4481.72000,945
2026.06.05,03:55,4481.73000,4484.00000,4481.54000,4482.65000,958
2026.06.05,04:00,4482.64000,4482.64000,4480.38000,4481.41000,1039
2026.06.05,04:05,4481.42000,4482.17000,4479.49000,4479.49000,856
2026.06.05,04:10,4479.45000,4480.56000,4475.91000,4475.93000,1006
2026.06.05,04:15,4476.03000,4476.12000,4474.02000,4475.40000,1027
2026.06.05,04:20,4475.39000,4475.90000,4474.03000,4475.43000,822
2026.06.05,04:25,4475.44000,4479.28000,4475.33000,4476.84000,1331
2026.06.05,04:30,4476.89000,4481.44000,4476.68000,4479.99000,1125
2026.06.05,04:35,4480.02000,4480.56000,4477.59000,4477.82000,1177
2026.06.05,04:40,4477.81000,4478.36000,4476.22000,4476.85000,1042
2026.06.05,04:45,4476.86000,4479.08000,4476.84000,4478.70000,889
2026.06.05,04:50,4478.68000,4480.27000,4478.17000,4478.48000,883
2026.06.05,04:55,4478.50000,4478.77000,4477.56000,4478.04000,803
2026.06.05,05:00,4478.05000,4480.47000,4476.55000,4477.18000,989
2026.06.05,05:05,4477.14000,4478.10000,4476.34000,4477.41000,764
2026.06.05,05:10,4477.48000,4479.30000,4477.19000,4479.02000,973
2026.06.05,05:15,4479.03000,4479.23000,4477.34000,4478.66000,691
2026.06.05,05:20,4478.65000,4480.59000,4478.11000,4480.23000,798
2026.06.05,05:25,4480.22000,4481.11000,4477.45000,4478.15000,911
2026.06.05,05:30,4478.12000,4478.12000,4473.39000,4473.80000,955
2026.06.05,05:35,4473.82000,4474.23000,4472.63000,4473.70000,908
2026.06.05,05:40,4473.69000,4474.77000,4473.22000,4474.35000,666
2026.06.05,05:45,4474.34000,4476.31000,4473.73000,4475.35000,706
2026.06.05,05:50,4475.37000,4479.38000,4475.37000,4478.06000,792
2026.06.05,05:55,4478.19000,4478.55000,4476.63000,4478.04000,846
2026.06.05,06:00,4478.06000,4483.43000,4478.04000,4481.43000,849
2026.06.05,06:05,4481.42000,4481.42000,4477.51000,4478.41000,810
2026.06.05,06:10,4478.42000,4478.59000,4476.18000,4478.15000,794
2026.06.05,06:15,4478.17000,4479.32000,4477.72000,4478.73000,624
2026.06.05,06:20,4478.72000,4479.39000,4477.91000,4479.14000,582
2026.06.05,06:25,4479.16000,4480.14000,4478.65000,4480.13000,704
2026.06.05,06:30,4480.15000,4480.45000,4477.92000,4478.75000,786
2026.06.05,06:35,4478.74000,4479.41000,4477.39000,4479.10000,747
2026.06.05,06:40,4479.07000,4480.30000,4477.49000,4477.90000,889
2026.06.05,06:45,4477.94000,4478.59000,4476.79000,4478.40000,753
2026.06.05,06:50,4478.33000,4478.80000,4477.03000,4478.18000,1199
2026.06.05,06:55,4478.17000,4482.46000,4477.05000,4480.88000,1717
2026.06.05,07:00,4480.90000,4481.64000,4479.07000,4479.54000,840
2026.06.05,07:05,4479.55000,4480.22000,4478.74000,4479.37000,497
2026.06.05,07:10,4479.42000,4479.94000,4477.73000,4477.73000,530
2026.06.05,07:15,4477.74000,4479.10000,4477.63000,4477.69000,404
2026.06.05,07:20,4477.68000,4478.23000,4476.92000,4477.75000,448
2026.06.05,07:25,4477.80000,4478.02000,4476.53000,4477.68000,394
2026.06.05,07:30,4477.65000,4477.65000,4475.43000,4475.95000,434
2026.06.05,07:35,4475.96000,4476.37000,4475.02000,4476.16000,363
2026.06.05,07:40,4476.17000,4477.34000,4475.11000,4475.16000,488
2026.06.05,07:45,4475.19000,4475.86000,4474.30000,4474.81000,445
2026.06.05,07:50,4474.82000,4476.02000,4474.53000,4475.86000,398
2026.06.05,07:55,4475.67000,4476.04000,4474.41000,4474.88000,479
2026.06.05,09:00,4474.10000,4475.24000,4472.70000,4473.54000,371
2026.06.05,09:05,4473.52000,4476.28000,4473.43000,4474.94000,434
2026.06.05,09:10,4474.62000,4476.04000,4473.73000,4475.53000,638
2026.06.05,09:15,4475.42000,4478.73000,4474.62000,4478.10000,642
2026.06.05,09:20,4478.12000,4479.23000,4477.54000,4479.20000,679
2026.06.05,09:25,4479.14000,4480.90000,4477.72000,4478.80000,791
2026.06.05,09:30,4478.82000,4481.54000,4477.70000,4478.06000,799
2026.06.05,09:35,4478.08000,4479.85000,4477.40000,4479.02000,564
2026.06.05,09:40,4479.03000,4479.47000,4475.11000,4475.11000,1071
2026.06.05,09:45,4475.10000,4476.10000,4472.22000,4473.49000,766
2026.06.05,09:50,4473.50000,4473.96000,4469.51000,4469.64000,818
2026.06.05,09:55,4469.65000,4471.94000,4468.77000,4469.70000,1011
2026.06.05,10:00,4469.78000,4471.30000,4464.04000,4469.72000,1717
2026.06.05,10:05,4469.73000,4473.26000,4466.54000,4471.53000,1252
2026.06.05,10:10,4471.54000,4473.99000,4470.38000,4470.61000,805
2026.06.05,10:15,4470.60000,4471.54000,4468.67000,4469.65000,748
2026.06.05,10:20,4469.64000,4472.05000,4466.23000,4471.19000,1026
2026.06.05,10:25,4471.51000,4473.31000,4468.02000,4468.95000,730
2026.06.05,10:30,4468.96000,4469.45000,4463.86000,4465.41000,765
2026.06.05,10:35,4465.42000,4466.89000,4462.46000,4463.57000,806
2026.06.05,10:40,4463.63000,4465.03000,4461.68000,4462.97000,679
2026.06.05,10:45,4462.98000,4463.99000,4460.18000,4463.97000,1052
2026.06.05,10:50,4463.54000,4465.99000,4462.82000,4463.98000,1120
2026.06.05,10:55,4463.96000,4464.65000,4460.85000,4461.34000,1107
2026.06.05,11:00,4461.35000,4463.76000,4459.32000,4462.14000,2023
2026.06.05,11:05,4462.13000,4464.89000,4459.36000,4461.22000,1964
2026.06.05,11:10,4461.25000,4462.52000,4454.10000,4455.39000,2100
2026.06.05,11:15,4455.00000,4457.52000,4451.78000,4452.30000,2243
2026.06.05,11:20,4452.29000,4455.86000,4450.50000,4454.05000,1949
2026.06.05,11:25,4454.37000,4457.73000,4452.65000,4457.59000,1825
2026.06.05,11:30,4457.63000,4461.03000,4456.21000,4460.69000,1522
2026.06.05,11:35,4460.70000,4466.86000,4460.65000,4464.20000,1633
2026.06.05,11:40,4464.22000,4466.15000,4462.50000,4463.11000,1351
2026.06.05,11:45,4463.16000,4466.27000,4461.24000,4461.40000,1513
2026.06.05,11:50,4461.45000,4465.63000,4460.87000,4465.06000,1301
2026.06.05,11:55,4465.05000,4465.05000,4458.09000,4459.26000,1779
2026.06.05,12:00,4459.35000,4467.42000,4452.69000,4465.99000,4038
2026.06.05,12:05,4466.14000,4469.86000,4463.03000,4464.58000,2922
2026.06.05,12:10,4464.33000,4464.86000,4459.52000,4459.68000,2893
2026.06.05,12:15,4459.69000,4465.06000,4457.27000,4463.04000,2885
2026.06.05,12:20,4463.02000,4464.00000,4453.84000,4455.04000,2800
2026.06.05,12:25,4454.89000,4459.56000,4448.92000,4458.50000,3036
2026.06.05,12:30,4458.55000,4459.63000,4453.39000,4453.88000,2433
2026.06.05,12:35,4453.91000,4456.47000,4448.41000,4449.54000,2013
2026.06.05,12:40,4449.52000,4451.32000,4445.33000,4445.97000,2425
2026.06.05,12:45,4446.02000,4449.58000,4444.10000,4446.48000,1770
2026.06.05,12:50,4446.45000,4450.69000,4444.53000,4450.40000,2017
2026.06.05,12:55,4450.30000,4450.92000,4445.03000,4446.72000,1833
2026.06.05,13:00,4446.69000,4450.94000,4442.35000,4449.38000,2120
2026.06.05,13:05,4449.31000,4449.74000,4444.72000,4447.99000,1749
2026.06.05,13:10,4447.97000,4450.50000,4445.93000,4449.45000,1486
2026.06.05,13:15,4449.39000,4450.61000,4445.58000,4447.45000,1151
2026.06.05,13:20,4447.44000,4453.25000,4447.33000,4452.84000,1151
2026.06.05,13:25,4452.83000,4455.01000,4450.03000,4451.21000,1101
2026.06.05,13:30,4451.20000,4451.80000,4442.20000,4444.95000,2523
2026.06.05,13:35,4444.91000,4446.99000,4441.51000,4445.15000,1749
2026.06.05,13:40,4445.13000,4445.16000,4438.34000,4442.86000,2065
2026.06.05,13:45,4442.89000,4447.20000,4442.24000,4445.54000,1816
2026.06.05,13:50,4445.55000,4449.84000,4443.15000,4443.18000,1555
2026.06.05,13:55,4443.24000,4443.90000,4439.90000,4440.42000,1650
2026.06.05,14:00,4440.41000,4441.06000,4436.07000,4438.26000,1888
2026.06.05,14:05,4438.25000,4440.54000,4436.61000,4439.89000,1833
2026.06.05,14:10,4439.79000,4441.00000,4438.12000,4440.94000,1645
2026.06.05,14:15,4440.91000,4443.90000,4438.01000,4438.62000,1565
2026.06.05,14:20,4438.59000,4438.78000,4435.14000,4437.33000,1674
2026.06.05,14:25,4437.36000,4439.16000,4436.26000,4436.72000,1610
2026.06.05,14:30,4436.84000,4441.67000,4436.17000,4439.69000,1321
2026.06.05,14:35,4439.70000,4441.17000,4436.38000,4440.57000,1166
2026.06.05,14:40,4440.53000,4442.39000,4440.19000,4440.89000,966
2026.06.05,14:45,4440.90000,4441.68000,4439.96000,4441.16000,748
2026.06.05,14:50,4441.13000,4442.24000,4439.13000,4440.59000,923
2026.06.05,14:55,4440.60000,4443.30000,4440.60000,4442.30000,817
2026.06.05,15:00,4442.26000,4444.63000,4441.15000,4442.49000,1063
2026.06.05,15:05,4442.56000,4443.66000,4439.57000,4440.58000,1101
2026.06.05,15:10,4440.66000,4441.68000,4438.28000,4441.63000,1090
2026.06.05,15:15,4441.64000,4443.67000,4438.77000,4439.17000,1155
2026.06.05,15:20,4439.13000,4441.67000,4438.86000,4439.74000,796
2026.06.05,15:25,4439.73000,4443.74000,4439.37000,4439.59000,1216
2026.06.05,15:30,4439.67000,4440.06000,4437.50000,4439.36000,960
2026.06.05,15:35,4439.34000,4441.63000,4438.96000,4441.54000,1083
2026.06.05,15:40,4441.53000,4444.05000,4439.16000,4440.86000,1142
2026.06.05,15:45,4440.83000,4442.34000,4439.54000,4441.11000,1037
2026.06.05,15:50,4441.10000,4444.18000,4440.91000,4444.17000,1039
2026.06.05,15:55,4444.23000,4446.65000,4443.94000,4444.96000,1081
2026.06.05,16:00,4444.97000,4450.08000,4443.20000,4447.62000,1887
2026.06.05,16:05,4447.60000,4449.90000,4447.05000,4447.36000,1245
2026.06.05,16:10,4447.37000,4449.79000,4446.54000,4449.00000,1114
2026.06.05,16:15,4449.04000,4449.28000,4444.08000,4445.25000,1094
2026.06.05,16:20,4445.26000,4446.19000,4442.11000,4444.88000,1010
2026.06.05,16:25,4444.91000,4445.76000,4444.08000,4444.62000,1022
2026.06.05,16:30,4444.60000,4446.01000,4439.38000,4442.65000,2466
2026.06.05,16:35,4442.63000,4447.85000,4442.23000,4445.61000,1842
2026.06.05,16:40,4445.58000,4446.66000,4442.85000,4443.57000,1561
2026.06.05,16:45,4443.58000,4448.19000,4442.04000,4447.54000,1458
2026.06.05,16:50,4447.52000,4447.85000,4442.49000,4443.54000,1419
2026.06.05,16:55,4443.53000,4444.81000,4438.46000,4439.97000,1511
2026.06.05,17:00,4439.93000,4442.54000,4435.24000,4437.41000,2244
2026.06.05,17:05,4437.24000,4441.34000,4437.09000,4440.28000,2015
2026.06.05,17:10,4440.21000,4442.22000,4436.13000,4436.41000,2257
2026.06.05,17:15,4436.40000,4437.09000,4428.31000,4436.67000,2647
2026.06.05,17:20,4436.73000,4445.32000,4434.79000,4443.98000,2263
2026.06.05,17:25,4444.14000,4446.38000,4440.37000,4442.46000,1835
2026.06.05,17:30,4442.45000,4448.38000,4442.30000,4446.51000,1839
2026.06.05,17:35,4446.52000,4450.06000,4446.28000,4448.55000,1733
2026.06.05,17:40,4448.57000,4449.04000,4446.48000,4448.31000,1408
2026.06.05,17:45,4447.97000,4455.98000,4446.79000,4453.54000,1620
2026.06.05,17:50,4453.52000,4456.14000,4451.10000,4451.14000,1344
2026.06.05,17:55,4451.15000,4453.41000,4449.35000,4452.68000,1187
2026.06.05,18:00,4452.70000,4456.00000,4451.73000,4454.54000,1632
2026.06.05,18:05,4454.58000,4458.19000,4453.15000,4457.25000,1308
2026.06.05,18:10,4457.22000,4463.45000,4455.98000,4458.53000,1547
2026.06.05,18:15,4458.48000,4464.16000,4458.45000,4461.67000,1401
2026.06.05,18:20,4461.69000,4465.83000,4459.84000,4464.01000,1714
2026.06.05,18:25,4464.00000,4467.33000,4461.34000,4467.15000,1476
2026.06.05,18:30,4467.13000,4467.16000,4464.39000,4465.99000,1502
2026.06.05,18:35,4466.00000,4466.03000,4461.45000,4461.96000,1286
2026.06.05,18:40,4462.00000,4465.72000,4459.43000,4462.08000,1270
2026.06.05,18:45,4462.11000,4464.29000,4461.86000,4462.65000,950
2026.06.05,18:50,4462.66000,4465.14000,4461.36000,4461.86000,996
2026.06.05,18:55,4461.98000,4462.77000,4460.72000,4460.82000,810
2026.06.05,19:00,4460.73000,4463.41000,4458.64000,4461.55000,1494
2026.06.05,19:05,4461.57000,4462.47000,4459.43000,4460.38000,1634
2026.06.05,19:10,4460.41000,4461.82000,4459.40000,4461.05000,1240
2026.06.05,19:15,4461.06000,4463.42000,4459.77000,4462.90000,1403
2026.06.05,19:20,4462.84000,4465.52000,4462.02000,4463.79000,1374
2026.06.05,19:25,4463.80000,4466.87000,4462.96000,4466.83000,1563
2026.06.05,19:30,4466.84000,4468.13000,4463.13000,4463.32000,1672
2026.06.05,19:35,4463.36000,4463.73000,4461.60000,4461.86000,1043
2026.06.05,19:40,4461.85000,4463.33000,4461.01000,4461.84000,854
2026.06.05,19:45,4461.86000,4464.51000,4461.54000,4463.52000,892
2026.06.05,19:50,4463.51000,4463.76000,4461.96000,4463.73000,1056
2026.06.05,19:55,4463.72000,4463.72000,4462.20000,4462.72000,667
2026.06.05,20:00,4462.41000,4463.35000,4460.88000,4461.01000,1133
2026.06.05,20:05,4461.04000,4462.90000,4459.54000,4460.69000,993
2026.06.05,20:10,4460.70000,4469.34000,4458.80000,4466.22000,2519
2026.06.05,20:15,4466.16000,4469.32000,4464.05000,4467.62000,2216
2026.06.05,20:20,4467.65000,4469.00000,4466.40000,4466.66000,1603
2026.06.05,20:25,4466.68000,4467.69000,4462.09000,4463.03000,1528
2026.06.05,20:30,4462.93000,4466.76000,4459.20000,4463.78000,1794
2026.06.05,20:35,4463.71000,4465.23000,4462.41000,4463.29000,1020
2026.06.05,20:40,4463.31000,4465.96000,4463.15000,4465.83000,857
2026.06.05,20:45,4465.87000,4469.20000,4464.96000,4465.15000,902
2026.06.05,20:50,4465.16000,4465.81000,4464.35000,4465.41000,660
2026.06.05,20:55,4465.39000,4465.49000,4462.66000,4464.82000,973
2026.06.05,21:00,4464.83000,4464.93000,4463.09000,4463.36000,803
2026.06.05,21:05,4463.41000,4464.74000,4463.11000,4464.69000,689
2026.06.05,21:10,4464.70000,4465.16000,4463.41000,4465.16000,601
2026.06.05,21:15,4465.18000,4465.94000,4464.49000,4465.41000,689
2026.06.05,21:20,4465.42000,4468.08000,4465.32000,4467.20000,764
2026.06.05,21:25,4467.21000,4467.21000,4465.02000,4465.95000,714
2026.06.05,21:30,4465.96000,4466.89000,4462.56000,4462.89000,831
2026.06.05,21:35,4462.86000,4464.03000,4462.14000,4463.31000,840
2026.06.05,21:40,4463.30000,4464.63000,4461.75000,4464.59000,683
2026.06.05,21:45,4464.71000,4467.26000,4464.35000,4466.70000,927
2026.06.05,21:50,4466.77000,4467.90000,4465.67000,4466.23000,699
2026.06.05,21:55,4466.30000,4467.06000,4465.96000,4466.45000,708
2026.06.05,22:00,4466.19000,4467.05000,4463.52000,4463.90000,1025
2026.06.05,22:05,4463.97000,4466.92000,4463.29000,4466.69000,916
2026.06.05,22:10,4466.66000,4466.85000,4461.01000,4461.40000,793
2026.06.05,22:15,4461.32000,4463.42000,4460.70000,4461.72000,998
2026.06.05,22:20,4461.75000,4463.74000,4458.02000,4461.49000,1155
2026.06.05,22:25,4461.50000,4466.12000,4461.50000,4465.96000,1301
2026.06.05,22:30,4465.92000,4467.12000,4464.45000,4465.11000,1155
2026.06.05,22:35,4465.10000,4467.01000,4463.28000,4463.42000,1016
2026.06.05,22:40,4463.40000,4465.69000,4463.06000,4464.83000,907
2026.06.05,22:45,4464.80000,4467.27000,4463.98000,4466.83000,883
2026.06.05,22:50,4466.80000,4475.30000,4466.54000,4471.98000,1536
2026.06.05,22:55,4472.05000,4472.50000,4467.60000,4470.05000,1116
2026.06.05,23:00,4470.06000,4470.85000,4464.20000,4465.29000,1507
2026.06.05,23:05,4465.21000,4468.12000,4465.01000,4467.96000,1088
2026.06.05,23:10,4467.95000,4471.13000,4466.82000,4469.32000,1429
2026.06.05,23:15,4469.24000,4473.73000,4468.32000,4472.79000,1455
2026.06.05,23:20,4472.78000,4475.78000,4467.36000,4468.41000,1826
2026.06.05,23:25,4468.26000,4469.04000,4461.46000,4464.01000,1536
2026.06.05,23:30,4463.88000,4464.31000,4446.68000,4453.03000,4908
2026.06.05,23:35,4452.79000,4454.04000,4439.56000,4443.76000,3963
2026.06.05,23:40,4443.72000,4448.13000,4443.00000,4446.10000,3079
2026.06.05,23:45,4446.04000,4449.04000,4440.01000,4440.20000,2764
2026.06.05,23:50,4440.03000,4440.75000,4416.88000,4417.03000,4324
2026.06.05,23:55,4417.60000,4420.04000,4404.82000,4406.31000,4393
2026.06.06,00:00,4406.75000,4418.40000,4399.67000,4411.78000,5477
2026.06.06,00:05,4411.74000,4419.75000,4407.90000,4416.23000,3784
2026.06.06,00:10,4416.28000,4420.66000,4414.55000,4418.41000,3121
2026.06.06,00:15,4418.40000,4421.07000,4416.13000,4417.69000,2870
2026.06.06,00:20,4417.75000,4420.64000,4409.31000,4409.89000,3264
2026.06.06,00:25,4409.90000,4414.92000,4403.91000,4404.30000,3035
2026.06.06,00:30,4405.34000,4409.55000,4398.17000,4405.06000,5243
2026.06.06,00:35,4405.24000,4405.28000,4385.91000,4392.11000,5099
2026.06.06,00:40,4392.10000,4398.29000,4388.39000,4389.45000,4543
2026.06.06,00:45,4389.47000,4391.05000,4383.33000,4383.75000,4732
2026.06.06,00:50,4383.68000,4388.23000,4381.82000,4385.18000,4661
2026.06.06,00:55,4385.28000,4385.85000,4365.36000,4365.70000,4635
2026.06.06,01:00,4365.73000,4379.25000,4363.68000,4372.30000,6112
2026.06.06,01:05,4372.10000,4377.36000,4363.91000,4374.74000,5265
2026.06.06,01:10,4374.75000,4377.37000,4363.96000,4366.09000,4560
2026.06.06,01:15,4366.10000,4370.28000,4364.56000,4369.36000,4019
2026.06.06,01:20,4369.58000,4370.32000,4355.57000,4357.45000,4892
2026.06.06,01:25,4357.42000,4361.31000,4352.80000,4360.97000,4211
2026.06.06,01:30,4360.96000,4363.90000,4349.63000,4353.11000,4682
2026.06.06,01:35,4353.08000,4354.63000,4347.74000,4348.57000,4009
2026.06.06,01:40,4348.59000,4350.64000,4344.53000,4349.20000,3972
2026.06.06,01:45,4349.12000,4359.51000,4348.17000,4356.51000,3900
2026.06.06,01:50,4356.49000,4367.24000,4355.13000,4363.19000,3744
2026.06.06,01:55,4363.16000,4370.05000,4360.84000,4369.58000,3028
2026.06.06,02:00,4369.60000,4372.52000,4362.72000,4368.37000,3491
2026.06.06,02:05,4368.36000,4369.44000,4361.93000,4362.16000,2930
2026.06.06,02:10,4362.19000,4362.25000,4352.82000,4352.83000,3214
2026.06.06,02:15,4352.89000,4355.93000,4349.08000,4355.05000,3826
2026.06.06,02:20,4355.07000,4357.77000,4348.17000,4352.69000,3379
2026.06.06,02:25,4352.66000,4355.31000,4349.23000,4351.49000,2995
2026.06.06,02:30,4351.44000,4354.78000,4345.25000,4347.03000,2802
2026.06.06,02:35,4347.02000,4349.48000,4335.99000,4339.91000,3047
2026.06.06,02:40,4339.95000,4341.49000,4335.35000,4338.78000,2783
2026.06.06,02:45,4338.77000,4341.17000,4336.56000,4339.33000,2429
2026.06.06,02:50,4339.22000,4341.86000,4336.98000,4340.97000,2161
2026.06.06,02:55,4340.86000,4341.44000,4334.01000,4335.55000,2647
2026.06.06,03:00,4335.33000,4338.98000,4330.24000,4334.06000,3320
2026.06.06,03:05,4334.12000,4334.12000,4328.78000,4332.72000,3858
2026.06.06,03:10,4332.66000,4338.11000,4331.38000,4332.91000,3123
2026.06.06,03:15,4332.93000,4333.18000,4325.39000,4330.74000,3472
2026.06.06,03:20,4330.76000,4330.80000,4325.26000,4328.57000,3070
2026.06.06,03:25,4328.54000,4333.76000,4328.02000,4329.65000,3263
2026.06.06,03:30,4329.60000,4330.11000,4323.42000,4328.76000,3242
2026.06.06,03:35,4328.70000,4332.31000,4324.90000,4331.76000,2470
2026.06.06,03:40,4331.65000,4332.17000,4326.00000,4327.72000,2444
2026.06.06,03:45,4327.71000,4334.40000,4325.02000,4334.05000,3164
2026.06.06,03:50,4334.01000,4338.68000,4333.20000,4338.07000,2616
2026.06.06,03:55,4337.98000,4344.78000,4336.73000,4344.62000,2796
2026.06.06,04:00,4344.59000,4346.84000,4339.35000,4343.96000,2823
2026.06.06,04:05,4343.95000,4343.95000,4338.55000,4339.18000,2406
2026.06.06,04:10,4339.20000,4341.65000,4336.45000,4339.50000,2549
2026.06.06,04:15,4339.52000,4342.21000,4335.91000,4338.41000,2585
2026.06.06,04:20,4338.33000,4341.64000,4335.58000,4338.95000,2921
2026.06.06,04:25,4338.90000,4342.97000,4335.96000,4342.34000,2934
2026.06.06,04:30,4342.68000,4343.77000,4339.73000,4343.14000,2319
2026.06.06,04:35,4342.99000,4345.15000,4339.56000,4345.00000,1942
2026.06.06,04:40,4344.96000,4347.24000,4340.17000,4341.05000,2783
2026.06.06,04:45,4341.06000,4342.74000,4337.58000,4339.89000,2422
2026.06.06,04:50,4339.85000,4343.61000,4338.65000,4343.41000,2194
2026.06.06,04:55,4343.40000,4343.67000,4340.99000,4341.59000,1976
2026.06.06,05:00,4341.62000,4341.99000,4333.57000,4333.57000,2539
2026.06.06,05:05,4333.58000,4334.61000,4329.31000,4329.92000,2588
2026.06.06,05:10,4329.93000,4331.63000,4322.74000,4322.84000,2641
2026.06.06,05:15,4322.85000,4326.86000,4321.66000,4326.25000,3546
2026.06.06,05:20,4326.30000,4330.84000,4326.02000,4327.25000,3116
2026.06.06,05:25,4327.23000,4328.09000,4322.89000,4325.75000,3074
2026.06.06,05:30,4325.77000,4327.01000,4318.68000,4324.92000,2774
2026.06.06,05:35,4324.93000,4326.00000,4319.00000,4320.25000,2323
2026.06.06,05:40,4320.28000,4321.24000,4315.17000,4317.86000,2298
2026.06.06,05:45,4317.84000,4321.83000,4315.95000,4321.68000,2840
2026.06.06,05:50,4321.69000,4321.69000,4316.76000,4320.57000,2643
2026.06.06,05:55,4320.55000,4326.89000,4318.91000,4322.45000,3067
2026.06.06,06:00,4322.51000,4323.77000,4316.61000,4320.76000,2744
2026.06.06,06:05,4320.70000,4321.12000,4316.34000,4319.80000,1898
2026.06.06,06:10,4319.82000,4320.08000,4315.13000,4315.36000,2210
2026.06.06,06:15,4315.35000,4319.03000,4313.83000,4318.53000,2404
2026.06.06,06:20,4318.52000,4321.76000,4315.42000,4319.14000,2467
2026.06.06,06:25,4319.15000,4324.35000,4318.79000,4323.74000,2601
2026.06.06,06:30,4323.73000,4325.08000,4320.62000,4322.73000,2781
2026.06.06,06:35,4322.76000,4324.87000,4320.64000,4322.18000,2657
2026.06.06,06:40,4322.16000,4322.31000,4313.95000,4318.71000,3559
2026.06.06,06:45,4318.78000,4322.16000,4317.69000,4320.76000,3447
2026.06.06,06:50,4320.74000,4323.76000,4317.76000,4318.39000,4003
2026.06.06,06:55,4318.00000,4321.18000,4316.61000,4318.51000,3919
2026.06.06,07:00,4318.71000,4318.83000,4312.62000,4313.69000,2358
2026.06.06,07:05,4313.67000,4314.61000,4311.67000,4313.77000,1896
2026.06.06,07:10,4313.76000,4317.00000,4312.34000,4315.32000,1773
2026.06.06,07:15,4315.39000,4316.70000,4313.67000,4315.15000,1345
2026.06.06,07:20,4315.16000,4319.82000,4314.53000,4319.50000,1344
2026.06.06,07:25,4319.49000,4326.45000,4318.46000,4322.33000,1228
2026.06.06,07:30,4322.35000,4323.44000,4321.34000,4322.16000,1154
2026.06.06,07:35,4322.15000,4324.91000,4321.46000,4322.58000,1298
2026.06.06,07:40,4322.57000,4324.59000,4320.77000,4323.82000,1163
2026.06.08,09:00,4327.58000,4329.35000,4310.59000,4320.74000,2304
2026.06.08,09:05,4320.78000,4321.09000,4309.86000,4318.36000,2638
2026.06.08,09:10,4318.35000,4330.22000,4312.34000,4330.22000,2388
2026.06.08,09:15,4329.96000,4330.38000,4323.62000,4327.01000,2715
2026.06.08,09:20,4326.87000,4329.00000,4321.75000,4322.59000,2289
2026.06.08,09:25,4322.57000,4324.17000,4315.88000,4316.33000,2022
2026.06.08,09:30,4316.44000,4323.44000,4314.88000,4323.02000,2360
2026.06.08,09:35,4323.00000,4328.94000,4322.14000,4325.77000,1475
2026.06.08,09:40,4325.80000,4326.71000,4324.41000,4326.02000,954
2026.06.08,09:45,4326.10000,4326.12000,4319.46000,4322.39000,1591
2026.06.08,09:50,4322.38000,4326.70000,4320.98000,4323.00000,1250
2026.06.08,09:55,4323.06000,4323.29000,4315.53000,4317.09000,2942
2026.06.08,10:00,4317.08000,4326.94000,4317.02000,4325.54000,1939
2026.06.08,10:05,4325.53000,4327.09000,4322.28000,4326.43000,1596
2026.06.08,10:10,4326.46000,4334.10000,4325.65000,4330.83000,1378
2026.06.08,10:15,4330.63000,4334.15000,4329.60000,4331.27000,1426
2026.06.08,10:20,4331.19000,4331.84000,4328.23000,4330.17000,1342
2026.06.08,10:25,4330.15000,4334.46000,4328.62000,4333.83000,914
2026.06.08,10:30,4333.72000,4336.56000,4332.61000,4333.73000,1547
2026.06.08,10:35,4333.44000,4337.58000,4332.97000,4336.35000,1261
2026.06.08,10:40,4336.34000,4340.48000,4336.13000,4338.94000,1335
2026.06.08,10:45,4338.96000,4343.06000,4335.02000,4341.50000,2057
2026.06.08,10:50,4341.49000,4343.73000,4339.07000,4343.19000,1603
2026.06.08,10:55,4343.20000,4347.08000,4342.36000,4343.66000,1896
2026.06.08,11:00,4343.94000,4346.84000,4340.44000,4344.76000,1868
2026.06.08,11:05,4344.50000,4345.74000,4341.03000,4345.16000,1730
2026.06.08,11:10,4345.38000,4345.62000,4340.93000,4343.57000,1909
2026.06.08,11:15,4343.55000,4347.87000,4341.44000,4347.74000,1720
2026.06.08,11:20,4347.75000,4352.42000,4347.18000,4351.11000,1582
2026.06.08,11:25,4350.79000,4353.30000,4348.95000,4351.30000,1804
2026.06.08,11:30,4351.31000,4352.36000,4346.02000,4349.13000,2067
2026.06.08,11:35,4349.09000,4351.68000,4345.69000,4347.60000,2096
2026.06.08,11:40,4347.61000,4348.82000,4341.80000,4345.23000,2118
2026.06.08,11:45,4344.95000,4345.97000,4339.77000,4342.43000,2169
2026.06.08,11:50,4342.44000,4343.37000,4339.73000,4341.47000,2048
2026.06.08,11:55,4341.45000,4345.24000,4340.35000,4342.17000,2379
2026.06.08,12:00,4342.24000,4345.69000,4335.99000,4338.96000,3826
2026.06.08,12:05,4338.63000,4340.98000,4330.90000,4336.57000,3221
2026.06.08,12:10,4337.27000,4337.70000,4326.56000,4326.89000,3526
2026.06.08,12:15,4327.07000,4327.51000,4314.14000,4317.67000,4134
2026.06.08,12:20,4317.76000,4325.08000,4311.13000,4321.72000,4358
2026.06.08,12:25,4321.73000,4323.32000,4311.07000,4314.63000,4071
2026.06.08,12:30,4314.64000,4317.54000,4299.81000,4314.98000,5481
2026.06.08,12:35,4315.25000,4317.74000,4311.13000,4316.96000,4412
2026.06.08,12:40,4317.27000,4327.48000,4316.31000,4326.11000,4365
2026.06.08,12:45,4326.12000,4329.44000,4322.74000,4323.45000,4003
2026.06.08,12:50,4323.42000,4328.20000,4319.26000,4324.16000,3441
2026.06.08,12:55,4324.13000,4328.56000,4322.95000,4325.66000,3236
2026.06.08,13:00,4325.72000,4330.65000,4320.95000,4322.78000,3050
2026.06.08,13:05,4322.69000,4324.54000,4316.44000,4318.84000,2898
2026.06.08,13:10,4318.87000,4319.16000,4314.71000,4316.75000,2621
2026.06.08,13:15,4316.76000,4319.68000,4311.47000,4312.31000,2180
2026.06.08,13:20,4312.32000,4316.44000,4311.54000,4316.28000,1670
2026.06.08,13:25,4316.24000,4316.87000,4311.15000,4314.95000,1803
2026.06.08,13:30,4314.99000,4316.76000,4308.73000,4309.54000,3285
2026.06.08,13:35,4309.45000,4312.57000,4307.17000,4311.71000,2619
2026.06.08,13:40,4311.70000,4317.83000,4309.03000,4315.79000,2336
2026.06.08,13:45,4315.78000,4320.79000,4314.28000,4317.13000,2444
2026.06.08,13:50,4317.20000,4317.65000,4309.21000,4311.83000,2625
2026.06.08,13:55,4311.84000,4315.58000,4309.50000,4310.59000,2501
2026.06.08,14:00,4310.58000,4314.16000,4309.98000,4311.13000,2228
2026.06.08,14:05,4311.15000,4311.98000,4306.30000,4308.28000,2308
2026.06.08,14:10,4308.21000,4308.81000,4304.07000,4304.77000,1851
2026.06.08,14:15,4304.76000,4307.72000,4303.52000,4307.50000,1416
2026.06.08,14:20,4307.52000,4311.97000,4306.39000,4310.50000,1722
2026.06.08,14:25,4310.52000,4310.83000,4305.99000,4307.07000,1371
2026.06.08,14:30,4307.06000,4309.24000,4304.83000,4306.93000,1584
2026.06.08,14:35,4306.96000,4308.99000,4306.05000,4307.64000,1109
2026.06.08,14:40,4307.66000,4310.06000,4306.53000,4309.91000,1256
2026.06.08,14:45,4309.92000,4313.44000,4309.29000,4312.26000,1258
2026.06.08,14:50,4312.24000,4317.06000,4311.15000,4315.00000,1270
2026.06.08,14:55,4314.99000,4316.83000,4313.84000,4316.83000,1116
2026.06.08,15:00,4316.85000,4320.28000,4314.10000,4314.79000,1339
2026.06.08,15:05,4314.69000,4319.08000,4313.31000,4317.97000,1447
2026.06.08,15:10,4317.96000,4319.38000,4316.45000,4318.60000,1149
2026.06.08,15:15,4318.62000,4321.83000,4317.55000,4318.59000,1289
2026.06.08,15:20,4318.60000,4318.92000,4316.11000,4317.94000,1343
2026.06.08,15:25,4317.93000,4320.90000,4317.05000,4319.89000,1298
2026.06.08,15:30,4319.90000,4320.31000,4311.21000,4313.45000,1851
2026.06.08,15:35,4313.46000,4313.91000,4310.48000,4311.04000,1771
2026.06.08,15:40,4311.05000,4311.88000,4307.55000,4307.60000,1229
2026.06.08,15:45,4307.63000,4311.35000,4307.62000,4310.15000,1131
2026.06.08,15:50,4310.16000,4313.92000,4309.39000,4311.46000,941
2026.06.08,15:55,4311.45000,4313.62000,4308.79000,4312.55000,1494
2026.06.08,16:00,4312.53000,4316.00000,4311.62000,4315.15000,1947
2026.06.08,16:05,4315.13000,4315.58000,4309.52000,4310.46000,1439
2026.06.08,16:10,4310.44000,4311.85000,4304.51000,4304.51000,1646
2026.06.08,16:15,4304.48000,4310.82000,4304.44000,4309.31000,1759
2026.06.08,16:20,4309.34000,4314.39000,4309.28000,4311.24000,1738
2026.06.08,16:25,4311.35000,4313.24000,4309.02000,4311.77000,1946
2026.06.08,16:30,4311.78000,4312.85000,4286.17000,4287.01000,4065
2026.06.08,16:35,4286.99000,4291.51000,4268.04000,4290.97000,4513
2026.06.08,16:40,4290.96000,4293.05000,4282.75000,4287.95000,3917
2026.06.08,16:45,4287.90000,4292.09000,4284.96000,4286.69000,3306
2026.06.08,16:50,4286.85000,4295.80000,4285.42000,4289.55000,3215
2026.06.08,16:55,4289.57000,4294.94000,4285.69000,4291.77000,2926
2026.06.08,17:00,4291.74000,4307.99000,4291.74000,4303.64000,3771
2026.06.08,17:05,4303.63000,4306.81000,4299.50000,4302.41000,3130
2026.06.08,17:10,4302.38000,4306.18000,4298.77000,4303.36000,3082
2026.06.08,17:15,4303.63000,4307.25000,4299.53000,4302.86000,2532
2026.06.08,17:20,4303.11000,4311.32000,4302.39000,4308.26000,2577
2026.06.08,17:25,4308.27000,4310.60000,4305.35000,4305.81000,2632
2026.06.08,17:30,4305.82000,4306.52000,4299.20000,4299.29000,2580
2026.06.08,17:35,4299.37000,4300.37000,4295.14000,4296.43000,2467
2026.06.08,17:40,4296.41000,4300.02000,4293.69000,4298.31000,2239
2026.06.08,17:45,4298.09000,4300.13000,4295.92000,4297.52000,1945
2026.06.08,17:50,4297.45000,4300.78000,4296.37000,4297.81000,2032
2026.06.08,17:55,4297.75000,4300.29000,4293.10000,4300.02000,1984
2026.06.08,18:00,4300.01000,4302.65000,4295.70000,4299.25000,2950
2026.06.08,18:05,4299.27000,4301.36000,4294.89000,4300.40000,2142
2026.06.08,18:10,4300.41000,4308.39000,4298.40000,4305.20000,2256
2026.06.08,18:15,4305.19000,4310.69000,4300.28000,4306.25000,2401
2026.06.08,18:20,4306.13000,4314.88000,4305.64000,4314.09000,2062
2026.06.08,18:25,4314.07000,4316.89000,4305.86000,4306.15000,1991
2026.06.08,18:30,4306.17000,4309.26000,4304.83000,4308.12000,1882
2026.06.08,18:35,4308.19000,4311.83000,4303.34000,4307.75000,2302
2026.06.08,18:40,4307.76000,4307.85000,4301.32000,4301.77000,1725
2026.06.08,18:45,4301.76000,4302.68000,4298.06000,4298.38000,2011
2026.06.08,18:50,4298.36000,4299.40000,4295.64000,4296.59000,2086
2026.06.08,18:55,4296.58000,4299.52000,4294.37000,4294.39000,1868
2026.06.08,19:00,4294.26000,4297.25000,4290.11000,4293.12000,2820
2026.06.08,19:05,4293.13000,4296.29000,4289.58000,4294.47000,2025
2026.06.08,19:10,4294.44000,4296.03000,4291.11000,4291.79000,1807
2026.06.08,19:15,4291.80000,4293.50000,4288.56000,4292.93000,1915
2026.06.08,19:20,4292.91000,4293.17000,4287.99000,4288.89000,1825
2026.06.08,19:25,4288.83000,4290.27000,4285.30000,4288.28000,1941
2026.06.08,19:30,4288.35000,4292.12000,4286.76000,4291.25000,1818
2026.06.08,19:35,4291.37000,4291.37000,4286.21000,4287.66000,1551
2026.06.08,19:40,4287.63000,4291.30000,4286.49000,4290.79000,1807
2026.06.08,19:45,4290.76000,4293.73000,4288.66000,4291.24000,1815
2026.06.08,19:50,4291.20000,4293.26000,4286.44000,4288.26000,1819
2026.06.08,19:55,4288.23000,4290.33000,4285.39000,4288.66000,2329
2026.06.08,20:00,4288.69000,4292.07000,4288.57000,4290.61000,1855
2026.06.08,20:05,4290.58000,4290.88000,4283.97000,4285.22000,1293
2026.06.08,20:10,4285.13000,4288.88000,4284.70000,4288.88000,1052
2026.06.08,20:15,4288.56000,4290.31000,4287.09000,4287.82000,858
2026.06.08,20:20,4287.81000,4290.83000,4286.08000,4286.48000,968
2026.06.08,20:25,4286.55000,4287.85000,4279.28000,4279.66000,1327
2026.06.08,20:30,4279.64000,4280.92000,4272.90000,4273.77000,2262
2026.06.08,20:35,4273.76000,4295.83000,4273.37000,4293.73000,3273
2026.06.08,20:40,4293.75000,4296.30000,4289.40000,4293.68000,2387
2026.06.08,20:45,4293.72000,4301.85000,4292.82000,4301.03000,1862
2026.06.08,20:50,4301.01000,4301.48000,4291.34000,4293.55000,1893
2026.06.08,20:55,4293.61000,4295.52000,4290.96000,4294.40000,1653
2026.06.08,21:00,4294.87000,4294.96000,4285.72000,4290.54000,1960
2026.06.08,21:05,4290.55000,4297.66000,4289.22000,4294.84000,1554
2026.06.08,21:10,4294.78000,4297.55000,4293.41000,4294.51000,1213
2026.06.08,21:15,4294.49000,4295.99000,4289.71000,4290.07000,1574
2026.06.08,21:20,4290.17000,4292.66000,4289.69000,4291.22000,1231
2026.06.08,21:25,4291.21000,4295.10000,4290.02000,4293.69000,1203
2026.06.08,21:30,4293.72000,4305.28000,4292.26000,4303.68000,2167
2026.06.08,21:35,4303.62000,4305.57000,4299.13000,4299.92000,2769
2026.06.08,21:40,4299.99000,4304.88000,4299.37000,4304.84000,1753
2026.06.08,21:45,4304.82000,4305.05000,4299.31000,4300.60000,1564
2026.06.08,21:50,4300.51000,4302.08000,4298.15000,4298.54000,1704
2026.06.08,21:55,4298.57000,4303.08000,4296.73000,4301.96000,1285
2026.06.08,22:00,4301.88000,4302.47000,4297.22000,4299.94000,1434
2026.06.08,22:05,4300.04000,4306.22000,4300.04000,4306.19000,1027
2026.06.08,22:10,4306.09000,4318.50000,4304.41000,4318.26000,3052
2026.06.08,22:15,4318.19000,4327.85000,4312.53000,4327.00000,4302
2026.06.08,22:20,4326.99000,4330.96000,4323.04000,4324.88000,3526
2026.06.08,22:25,4324.91000,4329.45000,4322.06000,4325.26000,2235
2026.06.08,22:30,4325.23000,4333.16000,4324.91000,4329.86000,2408
2026.06.08,22:35,4329.83000,4330.49000,4324.32000,4325.33000,1997
2026.06.08,22:40,4325.32000,4327.42000,4322.32000,4324.03000,1998
2026.06.08,22:45,4324.06000,4326.48000,4321.34000,4323.92000,1775
2026.06.08,22:50,4324.11000,4328.82000,4323.61000,4326.75000,1857
2026.06.08,22:55,4326.76000,4332.79000,4325.32000,4331.40000,1895
2026.06.08,23:00,4331.38000,4334.70000,4327.69000,4330.36000,2689
2026.06.08,23:05,4330.37000,4334.77000,4327.45000,4330.57000,2244
2026.06.08,23:10,4330.58000,4331.11000,4322.37000,4322.37000,2138
2026.06.08,23:15,4322.36000,4326.33000,4320.27000,4325.12000,2134
2026.06.08,23:20,4325.14000,4329.97000,4322.95000,4329.10000,2224
2026.06.08,23:25,4329.08000,4331.96000,4327.94000,4329.89000,1762
2026.06.08,23:30,4330.04000,4334.54000,4329.42000,4329.79000,1488
2026.06.08,23:35,4329.27000,4333.83000,4327.69000,4329.87000,1930
2026.06.08,23:40,4329.99000,4339.26000,4328.31000,4335.86000,2279
2026.06.08,23:45,4335.89000,4338.01000,4332.21000,4332.56000,2021
2026.06.08,23:50,4332.58000,4333.54000,4327.06000,4330.00000,2124
2026.06.08,23:55,4330.09000,4334.52000,4328.77000,4332.98000,1928
2026.06.09,00:00,4332.75000,4335.07000,4325.90000,4328.89000,3437
2026.06.09,00:05,4329.06000,4330.31000,4323.04000,4324.34000,2462
2026.06.09,00:10,4324.36000,4326.66000,4323.26000,4323.79000,2220
2026.06.09,00:15,4323.78000,4325.92000,4321.31000,4325.37000,2588
2026.06.09,00:20,4325.41000,4336.11000,4325.39000,4331.79000,2765
2026.06.09,00:25,4331.84000,4333.77000,4329.24000,4331.26000,2131
2026.06.09,00:30,4331.09000,4340.11000,4331.00000,4333.55000,5365
2026.06.09,00:35,4333.59000,4346.72000,4332.51000,4340.48000,5734
2026.06.09,00:40,4340.64000,4344.54000,4335.19000,4336.34000,5269
2026.06.09,00:45,4336.35000,4338.59000,4332.46000,4332.49000,4806
2026.06.09,00:50,4332.51000,4339.13000,4328.31000,4334.26000,4440
2026.06.09,00:55,4334.28000,4336.97000,4326.16000,4326.85000,4512
2026.06.09,01:00,4326.84000,4330.72000,4322.32000,4322.45000,4519
2026.06.09,01:05,4322.46000,4327.37000,4319.05000,4320.56000,4058
2026.06.09,01:10,4320.59000,4320.83000,4316.64000,4319.42000,4210
2026.06.09,01:15,4319.46000,4321.98000,4316.95000,4321.64000,3980
2026.06.09,01:20,4321.63000,4324.29000,4317.13000,4318.78000,3930
2026.06.09,01:25,4318.75000,4322.92000,4315.80000,4319.97000,3522
2026.06.09,01:30,4319.99000,4324.15000,4318.51000,4322.02000,3394
2026.06.09,01:35,4322.05000,4323.05000,4314.61000,4319.81000,3118
2026.06.09,01:40,4319.78000,4323.26000,4316.05000,4322.53000,3394
2026.06.09,01:45,4322.52000,4328.90000,4317.14000,4317.46000,3118
2026.06.09,01:50,4317.78000,4327.23000,4317.01000,4326.49000,3180
2026.06.09,01:55,4326.39000,4331.44000,4324.33000,4330.92000,2710
2026.06.09,02:00,4330.95000,4336.42000,4328.79000,4329.07000,2697
2026.06.09,02:05,4329.09000,4330.80000,4324.67000,4328.52000,2415
2026.06.09,02:10,4328.54000,4328.97000,4325.23000,4325.44000,2223
2026.06.09,02:15,4325.45000,4332.30000,4322.47000,4331.63000,2792
2026.06.09,02:20,4331.64000,4335.96000,4329.23000,4335.20000,2672
2026.06.09,02:25,4335.14000,4335.17000,4328.88000,4330.63000,3089
2026.06.09,02:30,4330.67000,4333.56000,4328.50000,4332.21000,3541
2026.06.09,02:35,4332.22000,4337.39000,4331.14000,4336.55000,2932
2026.06.09,02:40,4336.53000,4339.57000,4335.20000,4338.99000,2440
2026.06.09,02:45,4338.97000,4341.06000,4334.59000,4335.40000,2388
2026.06.09,02:50,4335.32000,4343.31000,4335.30000,4342.81000,2461
2026.06.09,02:55,4342.82000,4345.81000,4341.08000,4341.69000,2523
2026.06.09,03:00,4341.56000,4343.84000,4338.57000,4341.15000,2665
2026.06.09,03:05,4341.14000,4343.13000,4338.77000,4339.77000,2550
2026.06.09,03:10,4339.72000,4342.11000,4338.08000,4340.98000,2260
2026.06.09,03:15,4340.99000,4343.84000,4340.26000,4343.05000,2105
2026.06.09,03:20,4342.98000,4343.81000,4339.65000,4340.98000,2618
2026.06.09,03:25,4341.03000,4343.04000,4340.36000,4340.93000,2304
2026.06.09,03:30,4340.92000,4344.95000,4340.86000,4342.50000,2823
2026.06.09,03:35,4342.51000,4346.41000,4340.57000,4341.21000,2415
2026.06.09,03:40,4341.23000,4343.91000,4340.52000,4343.91000,2191
2026.06.09,03:45,4343.90000,4345.93000,4342.17000,4345.03000,1530
2026.06.09,03:50,4345.01000,4345.74000,4337.98000,4337.98000,2112
2026.06.09,03:55,4337.99000,4341.45000,4337.79000,4340.59000,1496
2026.06.09,04:00,4340.60000,4342.40000,4336.78000,4337.91000,2372
2026.06.09,04:05,4337.87000,4342.01000,4337.55000,4338.45000,2269
2026.06.09,04:10,4338.44000,4339.18000,4336.07000,4338.74000,1967
2026.06.09,04:15,4338.75000,4340.23000,4336.46000,4338.27000,2097
2026.06.09,04:20,4338.30000,4340.51000,4335.18000,4335.57000,1841
2026.06.09,04:25,4335.58000,4340.31000,4333.57000,4339.14000,2510
2026.06.09,04:30,4339.20000,4339.65000,4333.56000,4335.51000,2186
2026.06.09,04:35,4335.50000,4335.95000,4331.95000,4334.91000,2224
2026.06.09,04:40,4334.89000,4335.33000,4333.69000,4334.15000,2196
2026.06.09,04:45,4334.14000,4337.13000,4334.08000,4337.01000,2283
2026.06.09,04:50,4336.99000,4338.29000,4336.07000,4336.76000,1654
2026.06.09,04:55,4336.75000,4339.39000,4335.72000,4339.13000,1707
2026.06.09,05:00,4339.16000,4344.92000,4338.61000,4343.70000,1717
2026.06.09,05:05,4343.65000,4345.26000,4342.13000,4343.52000,1522
2026.06.09,05:10,4343.53000,4344.33000,4340.53000,4341.27000,1667
2026.06.09,05:15,4341.53000,4343.74000,4341.32000,4342.42000,1685
2026.06.09,05:20,4342.40000,4344.95000,4341.69000,4343.85000,1764
2026.06.09,05:25,4343.83000,4345.95000,4342.03000,4342.57000,1666
2026.06.09,05:30,4342.50000,4344.62000,4340.48000,4340.58000,1754
2026.06.09,05:35,4340.59000,4341.51000,4336.83000,4337.20000,1514
2026.06.09,05:40,4337.21000,4338.61000,4336.20000,4336.59000,1502
2026.06.09,05:45,4336.55000,4337.02000,4334.42000,4334.50000,1313
2026.06.09,05:50,4334.56000,4336.84000,4332.85000,4334.43000,1236
2026.06.09,05:55,4334.42000,4336.01000,4333.36000,4334.69000,1504
2026.06.09,06:00,4334.65000,4338.13000,4333.98000,4336.92000,1411
2026.06.09,06:05,4336.90000,4336.90000,4332.38000,4332.38000,1240
2026.06.09,06:10,4332.41000,4332.64000,4329.60000,4329.76000,1900
2026.06.09,06:15,4329.75000,4331.52000,4328.13000,4328.71000,1651
2026.06.09,06:20,4328.67000,4330.28000,4326.57000,4326.63000,1698
2026.06.09,06:25,4326.60000,4328.25000,4326.05000,4327.63000,1545
2026.06.09,06:30,4327.64000,4330.44000,4326.36000,4327.25000,1725
2026.06.09,06:35,4327.27000,4328.40000,4325.15000,4325.93000,1414
2026.06.09,06:40,4325.84000,4326.03000,4324.22000,4325.07000,1647
2026.06.09,06:45,4325.11000,4327.67000,4324.76000,4327.19000,1463
2026.06.09,06:50,4327.66000,4330.09000,4327.63000,4328.28000,1995
2026.06.09,06:55,4328.56000,4329.03000,4323.32000,4326.59000,2774
2026.06.09,07:00,4326.62000,4329.81000,4326.41000,4329.48000,826
2026.06.09,07:05,4329.49000,4329.72000,4327.53000,4327.72000,394
2026.06.09,07:10,4327.79000,4328.30000,4326.38000,4328.26000,497
2026.06.09,07:15,4328.27000,4328.29000,4324.56000,4325.80000,623
2026.06.09,07:20,4325.69000,4327.56000,4325.23000,4326.94000,472
2026.06.09,07:25,4326.95000,4327.01000,4324.57000,4326.37000,631
2026.06.09,07:30,4326.35000,4327.87000,4325.65000,4327.76000,325
2026.06.09,07:35,4327.73000,4328.43000,4326.76000,4327.56000,316
2026.06.09,07:40,4327.57000,4327.57000,4325.36000,4326.24000,462
2026.06.09,07:45,4326.28000,4327.39000,4325.92000,4327.35000,333
2026.06.09,07:50,4327.19000,4329.88000,4326.84000,4329.04000,443
2026.06.09,07:55,4329.02000,4330.49000,4328.91000,4329.40000,365
2026.06.09,09:00,4330.02000,4330.61000,4325.98000,4326.29000,409
2026.06.09,09:05,4326.35000,4327.82000,4324.68000,4326.50000,610
2026.06.09,09:10,4326.49000,4327.90000,4324.16000,4325.18000,560
2026.06.09,09:15,4325.17000,4325.19000,4322.67000,4324.56000,702
2026.06.09,09:20,4324.57000,4326.45000,4324.32000,4325.95000,614
2026.06.09,09:25,4325.97000,4327.20000,4324.50000,4325.04000,559
2026.06.09,09:30,4324.97000,4327.40000,4324.91000,4325.55000,689
2026.06.09,09:35,4325.56000,4326.68000,4325.03000,4325.88000,434
2026.06.09,09:40,4325.89000,4327.43000,4324.79000,4327.41000,401
2026.06.09,09:45,4327.42000,4327.85000,4326.24000,4326.91000,448
2026.06.09,09:50,4326.87000,4328.31000,4326.12000,4328.08000,296
2026.06.09,09:55,4328.10000,4328.79000,4327.63000,4327.84000,373
2026.06.09,10:00,4327.83000,4327.94000,4326.73000,4327.62000,472
2026.06.09,10:05,4327.66000,4327.66000,4324.91000,4326.40000,437
2026.06.09,10:10,4326.41000,4328.81000,4325.58000,4327.25000,614
2026.06.09,10:15,4327.23000,4328.36000,4325.84000,4327.02000,717
2026.06.09,10:20,4327.01000,4327.54000,4324.92000,4325.14000,568
2026.06.09,10:25,4324.78000,4324.78000,4320.42000,4320.52000,772
2026.06.09,10:30,4320.51000,4320.96000,4315.09000,4318.08000,1105
2026.06.09,10:35,4318.28000,4321.97000,4318.24000,4321.82000,736
2026.06.09,10:40,4321.83000,4322.28000,4318.97000,4319.55000,813
2026.06.09,10:45,4319.69000,4319.97000,4313.07000,4313.26000,1414
2026.06.09,10:50,4313.27000,4319.05000,4312.60000,4316.76000,1015
2026.06.09,10:55,4316.64000,4317.90000,4313.88000,4317.62000,1061
2026.06.09,11:00,4317.69000,4319.50000,4315.21000,4317.37000,2180
2026.06.09,11:05,4317.34000,4321.65000,4316.54000,4318.49000,2346
2026.06.09,11:10,4318.38000,4323.75000,4318.35000,4322.59000,1686
2026.06.09,11:15,4322.49000,4323.53000,4320.05000,4320.12000,1627
2026.06.09,11:20,4319.95000,4320.49000,4317.10000,4318.76000,1471
2026.06.09,11:25,4318.73000,4319.55000,4316.35000,4316.67000,1371
2026.06.09,11:30,4316.69000,4319.55000,4315.12000,4318.88000,1102
2026.06.09,11:35,4318.85000,4323.15000,4317.80000,4318.88000,1548
2026.06.09,11:40,4318.92000,4321.19000,4317.48000,4318.28000,1396
2026.06.09,11:45,4318.29000,4318.97000,4314.94000,4316.94000,1093
2026.06.09,11:50,4316.93000,4319.92000,4315.82000,4315.85000,1366
2026.06.09,11:55,4315.83000,4321.13000,4315.36000,4319.84000,1218
2026.06.09,12:00,4319.75000,4323.90000,4318.62000,4321.09000,3116
2026.06.09,12:05,4321.07000,4327.79000,4320.65000,4325.25000,2297
2026.06.09,12:10,4325.26000,4326.75000,4321.37000,4324.08000,2155
2026.06.09,12:15,4324.11000,4329.93000,4322.21000,4324.10000,2578
2026.06.09,12:20,4324.03000,4332.17000,4322.57000,4327.47000,2481
2026.06.09,12:25,4327.46000,4338.15000,4327.45000,4335.42000,2387
2026.06.09,12:30,4335.43000,4338.11000,4332.98000,4337.16000,2003
2026.06.09,12:35,4337.18000,4338.78000,4334.46000,4335.22000,1648
2026.06.09,12:40,4335.19000,4338.38000,4332.95000,4335.68000,2037
2026.06.09,12:45,4335.72000,4338.26000,4333.91000,4334.07000,1974
2026.06.09,12:50,4334.10000,4337.14000,4333.67000,4336.51000,1546
2026.06.09,12:55,4336.46000,4338.19000,4333.10000,4336.38000,1689
2026.06.09,13:00,4336.39000,4337.11000,4331.39000,4332.63000,1839
2026.06.09,13:05,4332.62000,4332.82000,4328.10000,4330.94000,1971
2026.06.09,13:10,4330.95000,4333.47000,4329.24000,4332.93000,1276
2026.06.09,13:15,4332.92000,4334.51000,4330.02000,4332.54000,1524
2026.06.09,13:20,4332.53000,4335.61000,4331.48000,4334.41000,1469
2026.06.09,13:25,4334.40000,4335.98000,4332.07000,4335.34000,1179
2026.06.09,13:30,4335.35000,4339.61000,4333.61000,4335.50000,1633
2026.06.09,13:35,4335.48000,4335.49000,4331.11000,4335.16000,1868
2026.06.09,13:40,4335.19000,4338.69000,4333.53000,4338.69000,1343
2026.06.09,13:45,4338.74000,4340.84000,4337.38000,4337.55000,1266
2026.06.09,13:50,4337.54000,4340.31000,4334.88000,4338.72000,1437
2026.06.09,13:55,4338.71000,4339.37000,4334.87000,4335.99000,1417
2026.06.09,14:00,4335.98000,4337.51000,4331.68000,4331.97000,1535
2026.06.09,14:05,4331.85000,4341.58000,4330.87000,4338.24000,2284
2026.06.09,14:10,4338.25000,4340.31000,4337.23000,4338.78000,1261
2026.06.09,14:15,4338.80000,4342.38000,4338.70000,4339.55000,1501
2026.06.09,14:20,4339.47000,4340.25000,4333.60000,4334.80000,1485
2026.06.09,14:25,4334.77000,4337.40000,4334.26000,4336.46000,1190
2026.06.09,14:30,4336.53000,4337.97000,4333.51000,4333.57000,1121
2026.06.09,14:35,4333.56000,4336.71000,4333.38000,4335.10000,713
2026.06.09,14:40,4335.09000,4337.76000,4334.60000,4337.45000,863
2026.06.09,14:45,4337.44000,4341.79000,4337.44000,4338.57000,981
2026.06.09,14:50,4338.50000,4340.54000,4337.12000,4339.57000,799
2026.06.09,14:55,4339.53000,4340.25000,4334.23000,4336.49000,794
2026.06.09,15:00,4336.48000,4336.48000,4333.41000,4335.41000,934
2026.06.09,15:05,4335.43000,4338.11000,4334.88000,4337.11000,766
2026.06.09,15:10,4337.22000,4339.28000,4332.12000,4332.15000,831
2026.06.09,15:15,4332.14000,4332.96000,4329.41000,4329.97000,903
2026.06.09,15:20,4329.84000,4331.59000,4328.72000,4331.10000,771
2026.06.09,15:25,4331.07000,4331.69000,4329.26000,4330.38000,663
2026.06.09,15:30,4330.47000,4330.52000,4324.37000,4325.30000,1100
2026.06.09,15:35,4325.40000,4330.57000,4325.40000,4329.81000,1014
2026.06.09,15:40,4329.82000,4329.82000,4326.85000,4327.90000,744
2026.06.09,15:45,4327.88000,4329.34000,4326.82000,4329.22000,784
2026.06.09,15:50,4329.23000,4331.51000,4327.15000,4327.46000,717
2026.06.09,15:55,4327.48000,4332.86000,4326.07000,4332.23000,891
2026.06.09,16:00,4332.24000,4336.59000,4332.24000,4336.06000,912
2026.06.09,16:05,4335.99000,4337.06000,4332.36000,4332.50000,1004
2026.06.09,16:10,4332.51000,4334.39000,4330.92000,4331.50000,1049
2026.06.09,16:15,4331.47000,4334.57000,4330.63000,4333.47000,977
2026.06.09,16:20,4333.46000,4335.46000,4331.01000,4333.41000,1156
2026.06.09,16:25,4333.40000,4333.85000,4332.26000,4332.58000,964
2026.06.09,16:30,4332.56000,4343.98000,4331.59000,4342.62000,3180
2026.06.09,16:35,4342.60000,4344.09000,4339.86000,4343.43000,1957
2026.06.09,16:40,4343.45000,4351.57000,4342.45000,4348.43000,2275
2026.06.09,16:45,4348.44000,4348.97000,4343.08000,4346.29000,1898
2026.06.09,16:50,4346.26000,4346.33000,4342.99000,4345.47000,1643
2026.06.09,16:55,4345.39000,4345.39000,4341.68000,4343.42000,1471
2026.06.09,17:00,4343.47000,4348.95000,4342.78000,4344.55000,2293
2026.06.09,17:05,4344.52000,4346.81000,4342.83000,4343.99000,1596
2026.06.09,17:10,4344.02000,4344.74000,4340.14000,4341.25000,1751
2026.06.09,17:15,4341.16000,4343.74000,4340.87000,4342.83000,1641
2026.06.09,17:20,4342.85000,4345.90000,4340.97000,4344.69000,1435
2026.06.09,17:25,4344.70000,4345.37000,4337.79000,4339.06000,1670
2026.06.09,17:30,4338.93000,4339.32000,4331.71000,4333.85000,1992
2026.06.09,17:35,4333.84000,4339.63000,4333.16000,4337.77000,1429
2026.06.09,17:40,4337.79000,4338.72000,4334.38000,4336.49000,1186
2026.06.09,17:45,4336.50000,4340.21000,4336.27000,4339.62000,1244
2026.06.09,17:50,4339.61000,4339.61000,4334.78000,4335.23000,1441
2026.06.09,17:55,4335.25000,4336.11000,4330.20000,4330.49000,1519
2026.06.09,18:00,4330.44000,4334.75000,4328.47000,4331.71000,2302
2026.06.09,18:05,4331.69000,4333.73000,4329.88000,4332.35000,1676
2026.06.09,18:10,4332.36000,4332.47000,4326.82000,4326.84000,1703
2026.06.09,18:15,4326.75000,4329.89000,4322.86000,4328.73000,1799
2026.06.09,18:20,4328.76000,4330.74000,4325.68000,4330.26000,1584
2026.06.09,18:25,4330.29000,4332.10000,4328.96000,4331.09000,1409
2026.06.09,18:30,4331.12000,4331.36000,4325.40000,4326.55000,1270
2026.06.09,18:35,4326.53000,4326.69000,4322.10000,4325.72000,1566
2026.06.09,18:40,4325.47000,4328.48000,4325.00000,4328.44000,1074
2026.06.09,18:45,4328.33000,4330.06000,4325.89000,4326.34000,994
2026.06.09,18:50,4326.18000,4329.87000,4325.21000,4328.55000,1184
2026.06.09,18:55,4328.51000,4328.76000,4325.85000,4326.54000,874
2026.06.09,19:00,4326.60000,4327.09000,4322.75000,4323.17000,1705
2026.06.09,19:05,4323.16000,4326.88000,4321.06000,4326.45000,1451
2026.06.09,19:10,4326.63000,4336.35000,4326.33000,4331.61000,2183
2026.06.09,19:15,4331.54000,4335.10000,4331.27000,4332.25000,1747
2026.06.09,19:20,4332.29000,4334.35000,4331.52000,4331.79000,1432
2026.06.09,19:25,4331.84000,4335.55000,4331.44000,4334.55000,1690
2026.06.09,19:30,4334.39000,4336.05000,4331.06000,4331.08000,1225
2026.06.09,19:35,4331.12000,4334.84000,4330.41000,4334.38000,851
2026.06.09,19:40,4334.40000,4336.83000,4333.14000,4334.98000,1024
2026.06.09,19:45,4334.96000,4335.36000,4327.35000,4328.17000,915
2026.06.09,19:50,4328.04000,4330.02000,4325.91000,4329.98000,963
2026.06.09,19:55,4329.99000,4330.53000,4326.48000,4326.48000,711
2026.06.09,20:00,4326.51000,4329.22000,4325.04000,4328.92000,1028
2026.06.09,20:05,4328.96000,4330.49000,4326.96000,4330.04000,1012
2026.06.09,20:10,4329.98000,4330.92000,4327.58000,4328.26000,1026
2026.06.09,20:15,4328.24000,4330.67000,4327.95000,4329.89000,1079
2026.06.09,20:20,4329.86000,4336.11000,4329.62000,4333.32000,1189
2026.06.09,20:25,4333.52000,4334.47000,4324.10000,4326.56000,1352
2026.06.09,20:30,4326.28000,4329.59000,4325.54000,4326.46000,1418
2026.06.09,20:35,4326.45000,4330.97000,4326.31000,4329.08000,905
2026.06.09,20:40,4328.98000,4329.71000,4324.91000,4327.01000,854
2026.06.09,20:45,4326.99000,4330.12000,4326.50000,4329.79000,912
2026.06.09,20:50,4329.78000,4333.53000,4329.55000,4333.26000,780
2026.06.09,20:55,4333.19000,4333.43000,4330.58000,4332.14000,690
2026.06.09,21:00,4332.04000,4333.10000,4330.10000,4330.60000,983
2026.06.09,21:05,4330.59000,4331.11000,4325.09000,4327.05000,1704
2026.06.09,21:10,4326.99000,4335.77000,4326.47000,4335.29000,1409
2026.06.09,21:15,4335.38000,4336.37000,4333.97000,4334.81000,1158
2026.06.09,21:20,4334.84000,4334.88000,4331.28000,4332.57000,762
2026.06.09,21:25,4332.49000,4336.67000,4331.61000,4333.78000,791
2026.06.09,21:30,4333.80000,4335.12000,4332.22000,4333.81000,702
2026.06.09,21:35,4333.80000,4334.02000,4331.59000,4331.86000,707
2026.06.09,21:40,4331.93000,4332.84000,4329.61000,4332.64000,799
2026.06.09,21:45,4332.65000,4333.14000,4330.45000,4330.65000,721
2026.06.09,21:50,4330.66000,4336.51000,4330.09000,4334.93000,952
2026.06.09,21:55,4335.00000,4340.65000,4334.64000,4339.00000,1029
2026.06.09,22:00,4338.99000,4340.40000,4335.65000,4335.91000,1133
2026.06.09,22:05,4336.01000,4339.04000,4335.61000,4337.16000,1056
2026.06.09,22:10,4337.26000,4338.24000,4335.98000,4337.89000,924
2026.06.09,22:15,4337.93000,4339.46000,4336.08000,4339.31000,846
2026.06.09,22:20,4339.29000,4340.73000,4336.99000,4337.19000,841
2026.06.09,22:25,4337.21000,4338.84000,4336.21000,4338.70000,829
2026.06.09,22:30,4338.71000,4338.98000,4336.77000,4337.76000,721
2026.06.09,22:35,4337.77000,4338.31000,4336.78000,4337.16000,756
2026.06.09,22:40,4337.17000,4340.07000,4337.09000,4338.93000,994
2026.06.09,22:45,4339.01000,4341.15000,4337.38000,4339.99000,874
2026.06.09,22:50,4340.00000,4343.72000,4339.99000,4341.26000,860
2026.06.09,22:55,4341.29000,4343.41000,4339.58000,4339.72000,721
2026.06.09,23:00,4339.85000,4343.41000,4339.67000,4342.29000,1144
2026.06.09,23:05,4342.30000,4343.95000,4341.57000,4343.70000,910
2026.06.09,23:10,4343.66000,4344.00000,4340.72000,4341.03000,1006
2026.06.09,23:15,4341.06000,4342.86000,4338.78000,4342.78000,1318
2026.06.09,23:20,4342.74000,4342.74000,4337.09000,4338.51000,1418
2026.06.09,23:25,4338.42000,4339.68000,4335.25000,4335.85000,1231
2026.06.09,23:30,4335.84000,4339.90000,4334.70000,4336.58000,1587
2026.06.09,23:35,4336.56000,4341.43000,4336.03000,4340.50000,1410
2026.06.09,23:40,4340.49000,4342.00000,4338.92000,4340.89000,1236
2026.06.09,23:45,4340.80000,4344.30000,4339.88000,4341.28000,1174
2026.06.09,23:50,4341.33000,4343.76000,4337.22000,4337.41000,1280
2026.06.09,23:55,4337.43000,4341.93000,4336.54000,4341.39000,1434
2026.06.10,00:00,4341.44000,4345.26000,4338.15000,4339.05000,2120
2026.06.10,00:05,4339.11000,4344.37000,4338.68000,4341.44000,2456
2026.06.10,00:10,4341.45000,4342.71000,4339.75000,4340.92000,1785
2026.06.10,00:15,4340.93000,4342.03000,4334.02000,4334.02000,1979
2026.06.10,00:20,4333.98000,4336.19000,4331.48000,4333.41000,2031
2026.06.10,00:25,4333.39000,4335.41000,4330.12000,4330.94000,2112
2026.06.10,00:30,4331.20000,4333.94000,4328.74000,4329.87000,3671
2026.06.10,00:35,4329.90000,4334.39000,4329.49000,4332.08000,3306
2026.06.10,00:40,4332.04000,4332.13000,4324.99000,4330.28000,3131
2026.06.10,00:45,4330.07000,4363.50000,4329.10000,4352.06000,4433
2026.06.10,00:50,4352.12000,4352.72000,4333.57000,4334.22000,4597
2026.06.10,00:55,4334.21000,4334.63000,4326.31000,4328.52000,3539
2026.06.10,01:00,4328.32000,4335.99000,4326.36000,4329.24000,4031
2026.06.10,01:05,4329.30000,4332.27000,4324.83000,4328.36000,3977
2026.06.10,01:10,4328.33000,4328.89000,4319.60000,4321.14000,4701
2026.06.10,01:15,4321.07000,4322.92000,4305.68000,4311.28000,5716
2026.06.10,01:20,4311.31000,4320.29000,4309.20000,4318.77000,5207
2026.06.10,01:25,4318.73000,4323.66000,4315.80000,4318.19000,4628
2026.06.10,01:30,4318.01000,4321.13000,4309.97000,4314.75000,5573
2026.06.10,01:35,4314.74000,4315.00000,4302.76000,4305.38000,5219
2026.06.10,01:40,4305.37000,4307.51000,4284.40000,4284.89000,4793
2026.06.10,01:45,4284.87000,4290.02000,4278.43000,4283.83000,6269
2026.06.10,01:50,4283.54000,4298.26000,4281.49000,4298.12000,6138
2026.06.10,01:55,4298.20000,4300.76000,4292.61000,4300.40000,4747
2026.06.10,02:00,4300.56000,4302.12000,4291.26000,4293.18000,4505
2026.06.10,02:05,4293.20000,4296.63000,4289.79000,4295.51000,4237
2026.06.10,02:10,4295.52000,4299.06000,4289.42000,4294.76000,3996
2026.06.10,02:15,4294.77000,4296.88000,4291.09000,4291.69000,3848
2026.06.10,02:20,4291.62000,4294.30000,4284.87000,4285.54000,4457
2026.06.10,02:25,4285.52000,4288.79000,4277.12000,4278.72000,4987
2026.06.10,02:30,4278.73000,4281.94000,4263.22000,4274.61000,6657
2026.06.10,02:35,4274.60000,4274.80000,4262.93000,4270.09000,6063
2026.06.10,02:40,4269.89000,4279.92000,4269.09000,4279.76000,5197
2026.06.10,02:45,4280.00000,4285.68000,4278.26000,4280.68000,4747
2026.06.10,02:50,4280.63000,4284.01000,4276.25000,4279.90000,4785
2026.06.10,02:55,4279.92000,4284.83000,4272.24000,4272.45000,5274
2026.06.10,03:00,4272.39000,4281.10000,4270.81000,4273.80000,5741
2026.06.10,03:05,4273.66000,4274.52000,4260.50000,4263.14000,5966
2026.06.10,03:10,4263.23000,4266.98000,4258.41000,4259.91000,5775
2026.06.10,03:15,4259.93000,4263.46000,4252.72000,4254.23000,6468
2026.06.10,03:20,4254.14000,4263.53000,4253.18000,4262.15000,6450
2026.06.10,03:25,4262.14000,4266.49000,4261.16000,4263.31000,5697
2026.06.10,03:30,4263.17000,4264.74000,4259.80000,4262.02000,5520
2026.06.10,03:35,4262.04000,4267.66000,4236.76000,4241.38000,6351
2026.06.10,03:40,4241.01000,4248.22000,4236.17000,4244.45000,7698
2026.06.10,03:45,4244.34000,4254.23000,4243.77000,4249.64000,6527
2026.06.10,03:50,4249.33000,4251.42000,4238.64000,4240.02000,6172
2026.06.10,03:55,4240.06000,4252.23000,4239.76000,4251.85000,5474
2026.06.10,04:00,4251.75000,4263.59000,4251.05000,4262.34000,5596
2026.06.10,04:05,4262.32000,4263.84000,4258.58000,4262.90000,6007
2026.06.10,04:10,4262.89000,4264.36000,4257.55000,4260.98000,5248
2026.06.10,04:15,4261.19000,4265.58000,4258.28000,4263.95000,4842
2026.06.10,04:20,4263.96000,4267.88000,4262.51000,4266.24000,5393
2026.06.10,04:25,4266.23000,4266.80000,4260.66000,4262.97000,4609
2026.06.10,04:30,4263.20000,4266.13000,4260.90000,4265.44000,3995
2026.06.10,04:35,4265.62000,4266.23000,4261.76000,4262.70000,3947
2026.06.10,04:40,4262.72000,4268.06000,4261.80000,4264.75000,3520
2026.06.10,04:45,4264.79000,4266.69000,4256.44000,4257.14000,4544
2026.06.10,04:50,4257.18000,4260.14000,4256.02000,4258.45000,3491
2026.06.10,04:55,4258.48000,4264.66000,4258.12000,4263.08000,3222
2026.06.10,05:00,4263.10000,4265.57000,4259.50000,4262.28000,3769
2026.06.10,05:05,4262.25000,4266.82000,4260.65000,4266.57000,3961
2026.06.10,05:10,4266.53000,4266.73000,4262.56000,4265.26000,4038
2026.06.10,05:15,4265.22000,4269.98000,4262.81000,4269.05000,4033
2026.06.10,05:20,4269.07000,4274.28000,4267.28000,4273.44000,3861
2026.06.10,05:25,4273.43000,4273.49000,4267.89000,4270.77000,2959
2026.06.10,05:30,4270.76000,4273.87000,4268.80000,4270.76000,3035
2026.06.10,05:35,4270.75000,4270.92000,4268.23000,4269.13000,2561
2026.06.10,05:40,4269.17000,4270.03000,4263.59000,4264.37000,2514
2026.06.10,05:45,4264.38000,4265.30000,4262.13000,4265.16000,1970
2026.06.10,05:50,4265.20000,4268.10000,4263.97000,4265.92000,2269
2026.06.10,05:55,4265.95000,4271.48000,4265.37000,4269.98000,2167
2026.06.10,06:00,4270.04000,4270.59000,4266.24000,4269.60000,2191
2026.06.10,06:05,4269.62000,4271.62000,4264.76000,4264.98000,2215
2026.06.10,06:10,4264.99000,4265.00000,4257.94000,4258.70000,2173
2026.06.10,06:15,4258.69000,4258.95000,4254.72000,4255.30000,2992
2026.06.10,06:20,4255.35000,4256.42000,4252.78000,4255.68000,2680
2026.06.10,06:25,4255.67000,4257.92000,4254.10000,4257.35000,2424
2026.06.10,06:30,4257.18000,4260.18000,4256.42000,4259.38000,2829
2026.06.10,06:35,4259.39000,4259.78000,4252.65000,4253.58000,3258
2026.06.10,06:40,4253.60000,4253.60000,4250.02000,4250.99000,3934
2026.06.10,06:45,4251.01000,4252.46000,4249.81000,4250.84000,3723
2026.06.10,06:50,4251.22000,4258.94000,4251.22000,4258.82000,4108
2026.06.10,06:55,4258.84000,4259.76000,4256.11000,4258.66000,2945
2026.06.10,07:00,4258.72000,4260.97000,4255.58000,4260.66000,2001
2026.06.10,07:05,4260.64000,4260.64000,4257.18000,4257.61000,1098
2026.06.10,07:10,4257.59000,4259.45000,4256.40000,4258.37000,876
2026.06.10,07:15,4258.35000,4260.43000,4257.96000,4258.55000,869
2026.06.10,07:20,4258.76000,4259.69000,4257.80000,4258.12000,581
2026.06.10,07:25,4258.18000,4260.01000,4258.04000,4259.10000,507
2026.06.10,07:30,4259.07000,4259.24000,4257.61000,4257.80000,418
2026.06.10,07:35,4257.77000,4260.90000,4257.77000,4260.41000,439
2026.06.10,07:40,4260.46000,4261.93000,4260.26000,4261.25000,502
2026.06.10,07:45,4261.30000,4261.91000,4260.27000,4261.64000,437
2026.06.10,07:50,4261.59000,4261.60000,4259.58000,4260.23000,456
2026.06.10,07:55,4260.24000,4261.10000,4259.21000,4260.36000,464
2026.06.10,09:00,4255.54000,4256.53000,4250.15000,4254.69000,696
2026.06.10,09:05,4254.58000,4256.32000,4250.52000,4253.04000,752
2026.06.10,09:10,4253.06000,4256.20000,4252.71000,4254.97000,685
2026.06.10,09:15,4255.01000,4256.08000,4252.61000,4253.35000,679
2026.06.10,09:20,4253.34000,4255.93000,4252.93000,4254.36000,752
2026.06.10,09:25,4254.06000,4256.63000,4252.77000,4256.28000,687
2026.06.10,09:30,4256.60000,4257.31000,4252.19000,4252.96000,885
2026.06.10,09:35,4252.98000,4254.53000,4250.01000,4252.92000,993
2026.06.10,09:40,4252.82000,4255.00000,4247.33000,4248.71000,1786
2026.06.10,09:45,4248.58000,4249.83000,4237.28000,4239.20000,1885
2026.06.10,09:50,4239.17000,4240.94000,4232.21000,4234.68000,1862
2026.06.10,09:55,4234.65000,4238.02000,4233.67000,4236.72000,1257
2026.06.10,10:00,4236.73000,4246.56000,4235.20000,4246.12000,1261
2026.06.10,10:05,4246.11000,4247.25000,4241.37000,4241.39000,1087
2026.06.10,10:10,4241.72000,4242.89000,4235.37000,4235.82000,1525
2026.06.10,10:15,4236.17000,4236.58000,4227.30000,4232.99000,1975
2026.06.10,10:20,4232.77000,4234.30000,4224.75000,4227.13000,1405
2026.06.10,10:25,4227.15000,4228.06000,4222.49000,4224.11000,1562
2026.06.10,10:30,4223.82000,4229.60000,4221.50000,4225.51000,1569
2026.06.10,10:35,4225.59000,4226.13000,4220.96000,4221.69000,1231
2026.06.10,10:40,4221.65000,4224.41000,4216.42000,4218.23000,1772
2026.06.10,10:45,4218.22000,4218.37000,4210.94000,4212.89000,2998
2026.06.10,10:50,4212.90000,4220.78000,4210.11000,4220.34000,2629
2026.06.10,10:55,4220.32000,4224.47000,4217.45000,4221.63000,2050
2026.06.10,11:00,4221.73000,4224.23000,4218.07000,4220.29000,3015
2026.06.10,11:05,4220.30000,4226.26000,4218.90000,4224.76000,3146
2026.06.10,11:10,4224.97000,4225.73000,4216.35000,4224.76000,2580
2026.06.10,11:15,4224.77000,4228.13000,4218.14000,4227.54000,2498
2026.06.10,11:20,4227.23000,4228.16000,4223.13000,4224.80000,2314
2026.06.10,11:25,4224.81000,4225.62000,4217.56000,4217.63000,2354
2026.06.10,11:30,4218.10000,4218.97000,4205.68000,4206.15000,3214
2026.06.10,11:35,4206.13000,4209.54000,4201.50000,4207.74000,2944
2026.06.10,11:40,4207.75000,4208.22000,4198.79000,4204.36000,2574
2026.06.10,11:45,4204.40000,4206.12000,4199.67000,4203.30000,2792
2026.06.10,11:50,4203.58000,4208.58000,4200.31000,4207.01000,2920
2026.06.10,11:55,4207.41000,4220.74000,4206.93000,4217.74000,3278
2026.06.10,12:00,4217.69000,4218.94000,4194.46000,4194.47000,4580
2026.06.10,12:05,4194.45000,4199.43000,4187.06000,4195.08000,3912
2026.06.10,12:10,4195.13000,4206.67000,4193.72000,4203.00000,3049
2026.06.10,12:15,4203.34000,4216.52000,4200.23000,4212.80000,3283
2026.06.10,12:20,4213.19000,4213.43000,4198.72000,4200.59000,2910
2026.06.10,12:25,4200.60000,4204.12000,4197.01000,4201.97000,2682
2026.06.10,12:30,4201.95000,4204.56000,4196.14000,4202.45000,3495
2026.06.10,12:35,4202.38000,4206.96000,4197.65000,4200.58000,3038
2026.06.10,12:40,4200.60000,4202.20000,4184.50000,4187.11000,3097
2026.06.10,12:45,4187.07000,4193.63000,4184.46000,4192.79000,3133
2026.06.10,12:50,4192.41000,4195.52000,4183.73000,4192.02000,3120
2026.06.10,12:55,4191.92000,4192.79000,4187.27000,4188.64000,2392
2026.06.10,13:00,4188.63000,4191.79000,4183.84000,4187.10000,2346
2026.06.10,13:05,4187.14000,4187.15000,4179.57000,4181.07000,2370
2026.06.10,13:10,4181.09000,4186.38000,4179.96000,4182.76000,2072
2026.06.10,13:15,4182.79000,4186.48000,4179.68000,4180.89000,1983
2026.06.10,13:20,4180.92000,4187.07000,4180.05000,4183.11000,1885
2026.06.10,13:25,4183.17000,4188.37000,4178.04000,4187.84000,2020
2026.06.10,13:30,4187.85000,4192.45000,4174.10000,4179.25000,3077
2026.06.10,13:35,4179.22000,4189.36000,4178.82000,4184.49000,2510
2026.06.10,13:40,4184.50000,4189.29000,4180.25000,4184.17000,2630
2026.06.10,13:45,4184.25000,4190.47000,4183.29000,4187.38000,2728
2026.06.10,13:50,4187.39000,4188.51000,4174.00000,4174.84000,2940
2026.06.10,13:55,4174.81000,4176.68000,4173.22000,4174.03000,2196
2026.06.10,14:00,4173.97000,4177.07000,4172.74000,4176.68000,2328
2026.06.10,14:05,4176.69000,4180.54000,4173.88000,4175.15000,2472
2026.06.10,14:10,4175.10000,4178.41000,4174.02000,4178.03000,1836
2026.06.10,14:15,4178.08000,4181.01000,4175.40000,4175.85000,1846
2026.06.10,14:20,4175.84000,4176.43000,4173.75000,4175.06000,1666
2026.06.10,14:25,4175.04000,4180.20000,4174.83000,4177.20000,1919
2026.06.10,14:30,4177.11000,4180.75000,4176.25000,4180.38000,2006
2026.06.10,14:35,4180.23000,4182.94000,4176.54000,4180.36000,1819
2026.06.10,14:40,4180.35000,4182.58000,4178.01000,4179.82000,1531
2026.06.10,14:45,4179.81000,4186.45000,4179.59000,4185.41000,1733
2026.06.10,14:50,4185.40000,4186.07000,4182.23000,4184.90000,1568
2026.06.10,14:55,4184.84000,4184.98000,4181.85000,4184.76000,1477
2026.06.10,15:00,4184.75000,4187.20000,4182.12000,4186.21000,1604
2026.06.10,15:05,4186.19000,4186.63000,4182.00000,4184.25000,1330
2026.06.10,15:10,4184.13000,4184.38000,4180.70000,4181.18000,1150
2026.06.10,15:15,4181.19000,4182.30000,4178.63000,4181.51000,1327
2026.06.10,15:20,4181.50000,4182.93000,4176.51000,4178.34000,1433
2026.06.10,15:25,4178.32000,4180.40000,4173.64000,4174.53000,1529
2026.06.10,15:30,4174.51000,4175.34000,4172.99000,4174.33000,1493
2026.06.10,15:35,4174.39000,4175.56000,4172.90000,4174.85000,1627
2026.06.10,15:40,4174.82000,4175.22000,4173.08000,4173.49000,1540
2026.06.10,15:45,4173.72000,4175.04000,4172.33000,4173.72000,1131
2026.06.10,15:50,4173.69000,4175.71000,4173.46000,4174.87000,1224
2026.06.10,15:55,4175.10000,4175.77000,4173.65000,4174.69000,946
2026.06.10,16:00,4174.77000,4178.19000,4173.39000,4174.56000,1703
2026.06.10,16:05,4174.51000,4178.84000,4173.73000,4176.61000,1802
2026.06.10,16:10,4176.58000,4180.49000,4175.41000,4179.79000,1274
2026.06.10,16:15,4179.84000,4180.41000,4175.60000,4176.61000,1548
2026.06.10,16:20,4176.62000,4183.08000,4175.86000,4180.48000,1467
2026.06.10,16:25,4180.49000,4187.24000,4179.49000,4187.11000,1718
2026.06.10,16:30,4187.07000,4193.21000,4181.58000,4191.03000,3345
2026.06.10,16:35,4191.02000,4194.77000,4187.91000,4194.23000,3236
2026.06.10,16:40,4194.24000,4198.95000,4193.17000,4198.07000,2868
2026.06.10,16:45,4198.08000,4205.57000,4197.42000,4202.68000,2486
2026.06.10,16:50,4202.69000,4206.36000,4200.48000,4203.74000,2471
2026.06.10,16:55,4203.71000,4208.97000,4203.66000,4205.12000,2341
2026.06.10,17:00,4205.07000,4212.53000,4205.07000,4211.04000,2650
2026.06.10,17:05,4210.99000,4221.99000,4209.27000,4214.48000,2365
2026.06.10,17:10,4214.53000,4216.09000,4209.09000,4212.96000,2319
2026.06.10,17:15,4212.95000,4215.48000,4211.14000,4214.36000,2150
2026.06.10,17:20,4214.37000,4216.72000,4208.12000,4209.05000,2058
2026.06.10,17:25,4209.07000,4216.03000,4209.07000,4211.52000,2035
2026.06.10,17:30,4211.47000,4213.45000,4207.97000,4210.43000,2022
2026.06.10,17:35,4210.40000,4212.11000,4207.72000,4209.02000,1925
2026.06.10,17:40,4208.98000,4209.35000,4204.92000,4207.36000,2006
2026.06.10,17:45,4207.41000,4209.85000,4203.00000,4203.00000,2255
2026.06.10,17:50,4203.01000,4206.50000,4201.85000,4202.10000,1761
2026.06.10,17:55,4202.11000,4205.86000,4201.75000,4203.90000,1990
2026.06.10,18:00,4203.89000,4205.81000,4201.24000,4203.74000,2902
2026.06.10,18:05,4203.73000,4207.78000,4202.11000,4207.11000,1786
2026.06.10,18:10,4207.14000,4207.97000,4197.11000,4200.16000,1895
2026.06.10,18:15,4200.21000,4202.99000,4197.90000,4198.69000,1626
2026.06.10,18:20,4198.67000,4203.67000,4197.97000,4199.15000,1520
2026.06.10,18:25,4199.13000,4199.13000,4193.55000,4194.81000,2043
2026.06.10,18:30,4194.73000,4197.10000,4191.57000,4194.75000,1903
2026.06.10,18:35,4194.80000,4195.64000,4190.22000,4190.70000,2139
2026.06.10,18:40,4190.72000,4193.48000,4187.91000,4189.55000,1866
2026.06.10,18:45,4189.60000,4192.94000,4189.16000,4190.27000,1875
2026.06.10,18:50,4190.18000,4190.28000,4181.44000,4182.06000,2199
2026.06.10,18:55,4182.26000,4187.69000,4181.48000,4186.01000,1748
2026.06.10,19:00,4185.88000,4187.34000,4161.05000,4164.19000,3886
2026.06.10,19:05,4164.45000,4171.36000,4161.88000,4167.43000,3027
2026.06.10,19:10,4167.40000,4172.27000,4161.41000,4166.51000,2365
2026.06.10,19:15,4166.75000,4178.90000,4166.17000,4173.45000,2295
2026.06.10,19:20,4173.63000,4174.67000,4168.09000,4171.04000,2271
2026.06.10,19:25,4171.11000,4173.68000,4169.27000,4172.07000,2377
2026.06.10,19:30,4172.08000,4172.17000,4166.25000,4168.13000,1996
2026.06.10,19:35,4168.26000,4175.75000,4168.25000,4172.84000,2094
2026.06.10,19:40,4172.87000,4179.26000,4169.96000,4170.47000,2082
2026.06.10,19:45,4170.38000,4174.64000,4166.33000,4174.50000,2311
2026.06.10,19:50,4174.28000,4176.35000,4170.87000,4171.01000,2281
2026.06.10,19:55,4171.03000,4172.78000,4167.63000,4168.89000,2156
2026.06.10,20:00,4168.95000,4169.52000,4165.33000,4167.21000,2329
2026.06.10,20:05,4167.17000,4171.71000,4166.31000,4170.31000,1844
2026.06.10,20:10,4170.34000,4174.02000,4164.78000,4165.15000,2092
2026.06.10,20:15,4165.11000,4174.84000,4164.49000,4171.12000,2165
2026.06.10,20:20,4171.07000,4171.18000,4166.04000,4168.34000,1868
2026.06.10,20:25,4168.33000,4171.98000,4164.03000,4166.11000,1886
2026.06.10,20:30,4166.04000,4177.35000,4165.84000,4176.86000,2374
2026.06.10,20:35,4176.82000,4179.39000,4170.67000,4172.40000,2029
2026.06.10,20:40,4172.41000,4172.86000,4167.70000,4171.51000,2110
2026.06.10,20:45,4171.52000,4174.82000,4165.85000,4168.23000,1864
2026.06.10,20:50,4168.10000,4168.62000,4163.09000,4165.95000,1936
2026.06.10,20:55,4165.89000,4169.23000,4165.25000,4168.69000,1753
2026.06.10,21:00,4168.75000,4170.98000,4167.22000,4169.22000,1739
2026.06.10,21:05,4169.28000,4169.61000,4155.52000,4159.55000,2060
2026.06.10,21:10,4159.53000,4162.35000,4155.71000,4160.96000,1623
2026.06.10,21:15,4160.85000,4164.78000,4159.52000,4164.43000,1563
2026.06.10,21:20,4164.44000,4170.03000,4163.62000,4166.68000,1642
2026.06.10,21:25,4166.60000,4169.31000,4162.59000,4164.94000,1439
2026.06.10,21:30,4164.89000,4168.89000,4163.95000,4165.14000,2013
2026.06.10,21:35,4165.04000,4169.17000,4164.64000,4167.38000,1745
2026.06.10,21:40,4167.40000,4171.35000,4164.16000,4171.35000,1675
2026.06.10,21:45,4171.36000,4177.54000,4169.70000,4177.45000,1690
2026.06.10,21:50,4177.41000,4178.68000,4171.42000,4171.80000,1595
2026.06.10,21:55,4171.76000,4178.33000,4171.46000,4174.63000,2193
2026.06.10,22:00,4175.32000,4176.07000,4159.97000,4161.26000,3397
2026.06.10,22:05,4161.34000,4164.61000,4153.17000,4161.34000,4450
2026.06.10,22:10,4161.33000,4169.05000,4161.03000,4168.41000,2876
2026.06.10,22:15,4168.38000,4171.64000,4164.55000,4164.82000,2555
2026.06.10,22:20,4164.74000,4170.79000,4163.20000,4163.45000,2720
2026.06.10,22:25,4163.48000,4166.72000,4156.64000,4166.49000,4037
2026.06.10,22:30,4166.34000,4167.87000,4161.13000,4164.75000,3005
2026.06.10,22:35,4164.74000,4165.66000,4156.27000,4156.36000,2793
2026.06.10,22:40,4156.35000,4160.09000,4154.26000,4154.46000,2570
2026.06.10,22:45,4154.45000,4155.81000,4152.29000,4155.74000,2514
2026.06.10,22:50,4155.71000,4163.43000,4153.63000,4154.70000,2800
2026.06.10,22:55,4154.76000,4155.69000,4145.79000,4147.65000,2934
2026.06.10,23:00,4147.68000,4152.49000,4145.53000,4147.09000,3010
2026.06.10,23:05,4147.16000,4150.76000,4144.68000,4144.92000,2952
2026.06.10,23:10,4144.82000,4145.19000,4134.43000,4136.26000,3261
2026.06.10,23:15,4136.13000,4142.89000,4135.44000,4136.41000,2808
2026.06.10,23:20,4136.31000,4137.29000,4133.86000,4134.60000,2637
2026.06.10,23:25,4134.54000,4141.92000,4130.19000,4140.83000,2895
2026.06.10,23:30,4141.37000,4173.32000,4139.65000,4162.06000,5804
2026.06.10,23:35,4162.24000,4172.94000,4155.58000,4160.75000,5673
2026.06.10,23:40,4160.78000,4166.73000,4155.10000,4160.08000,4956
2026.06.10,23:45,4160.44000,4169.54000,4156.04000,4157.76000,4697
2026.06.10,23:50,4157.81000,4158.41000,4148.43000,4151.82000,3959
2026.06.10,23:55,4151.88000,4152.84000,4142.20000,4147.03000,3730
2026.06.11,00:00,4146.96000,4156.38000,4144.82000,4153.30000,4441
2026.06.11,00:05,4153.33000,4158.05000,4148.36000,4154.39000,3924
2026.06.11,00:10,4154.42000,4157.19000,4148.56000,4151.29000,3310
2026.06.11,00:15,4151.32000,4151.33000,4134.01000,4135.57000,3989
2026.06.11,00:20,4135.59000,4146.25000,4132.88000,4144.06000,3356
2026.06.11,00:25,4144.08000,4151.01000,4143.11000,4149.13000,3328
2026.06.11,00:30,4149.00000,4153.59000,4142.71000,4143.00000,6120
2026.06.11,00:35,4142.98000,4168.83000,4141.73000,4165.93000,6249
2026.06.11,00:40,4165.96000,4179.01000,4163.31000,4179.01000,5310
2026.06.11,00:45,4178.84000,4185.74000,4173.42000,4185.74000,5016
2026.06.11,00:50,4185.69000,4186.16000,4176.11000,4180.44000,5730
2026.06.11,00:55,4180.46000,4184.04000,4175.24000,4179.58000,5364
2026.06.11,01:00,4179.69000,4181.10000,4170.70000,4171.50000,6033
2026.06.11,01:05,4171.44000,4176.64000,4170.08000,4173.50000,4399
2026.06.11,01:10,4173.49000,4180.01000,4170.59000,4174.24000,4424
2026.06.11,01:15,4174.53000,4175.37000,4167.31000,4168.23000,4494
2026.06.11,01:20,4168.24000,4172.79000,4162.64000,4169.65000,4645
2026.06.11,01:25,4169.66000,4171.64000,4159.54000,4161.11000,4656
2026.06.11,01:30,4161.04000,4163.37000,4155.43000,4160.11000,4383
2026.06.11,01:35,4160.13000,4162.34000,4152.84000,4157.74000,4426
2026.06.11,01:40,4157.77000,4161.33000,4149.86000,4149.99000,4279
2026.06.11,01:45,4149.96000,4151.78000,4138.18000,4140.93000,4782
2026.06.11,01:50,4140.88000,4142.86000,4137.28000,4138.06000,4538
2026.06.11,01:55,4138.07000,4138.61000,4117.75000,4124.85000,5800
2026.06.11,02:00,4124.87000,4136.50000,4122.78000,4129.01000,5652
2026.06.11,02:05,4128.93000,4129.45000,4121.92000,4126.54000,4761
2026.06.11,02:10,4126.53000,4127.59000,4119.11000,4123.27000,5110
2026.06.11,02:15,4123.30000,4124.04000,4113.08000,4115.50000,4561
2026.06.11,02:20,4115.53000,4134.19000,4115.19000,4130.30000,4651
2026.06.11,02:25,4130.27000,4136.83000,4127.46000,4127.65000,4636
2026.06.11,02:30,4127.67000,4131.18000,4123.78000,4128.17000,4614
2026.06.11,02:35,4128.18000,4130.74000,4122.58000,4124.65000,4146
2026.06.11,02:40,4124.60000,4129.87000,4122.03000,4128.50000,4540
2026.06.11,02:45,4128.53000,4130.99000,4108.27000,4118.17000,6023
2026.06.11,02:50,4118.15000,4125.79000,4106.56000,4120.27000,6280
2026.06.11,02:55,4120.25000,4128.95000,4115.28000,4128.91000,4990
2026.06.11,03:00,4129.15000,4131.65000,4122.55000,4126.63000,4935
2026.06.11,03:05,4126.62000,4131.25000,4124.20000,4130.12000,4401
2026.06.11,03:10,4130.15000,4132.93000,4125.25000,4129.18000,3937
2026.06.11,03:15,4129.17000,4133.96000,4127.80000,4132.92000,3752
2026.06.11,03:20,4132.96000,4135.29000,4128.35000,4129.67000,3435
2026.06.11,03:25,4129.75000,4132.43000,4125.88000,4127.43000,3055
2026.06.11,03:30,4127.44000,4130.06000,4121.01000,4129.30000,3299
2026.06.11,03:35,4129.41000,4132.00000,4125.89000,4127.85000,4040
2026.06.11,03:40,4127.84000,4128.37000,4120.44000,4122.21000,3174
2026.06.11,03:45,4122.19000,4122.82000,4115.95000,4120.38000,3265
2026.06.11,03:50,4120.34000,4123.15000,4117.96000,4120.20000,2849
2026.06.11,03:55,4120.16000,4122.33000,4117.25000,4121.95000,3190
2026.06.11,04:00,4121.76000,4134.82000,4121.27000,4131.89000,3299
2026.06.11,04:05,4131.88000,4132.35000,4119.09000,4120.00000,3232
2026.06.11,04:10,4119.95000,4120.40000,4114.88000,4117.96000,3295
2026.06.11,04:15,4117.95000,4120.26000,4113.29000,4113.80000,2959
2026.06.11,04:20,4113.83000,4116.44000,4110.15000,4111.72000,3162
2026.06.11,04:25,4111.71000,4115.17000,4109.14000,4111.02000,3462
2026.06.11,04:30,4111.03000,4112.38000,4105.72000,4111.19000,3300
2026.06.11,04:35,4111.20000,4111.89000,4104.89000,4105.30000,2947
2026.06.11,04:40,4105.25000,4106.46000,4101.72000,4102.21000,2588
2026.06.11,04:45,4102.24000,4112.43000,4100.81000,4111.22000,3883
2026.06.11,04:50,4111.20000,4113.28000,4104.53000,4109.80000,4054
2026.06.11,04:55,4109.81000,4113.45000,4109.25000,4111.68000,2970
2026.06.11,05:00,4111.72000,4120.30000,4111.25000,4119.70000,3429
2026.06.11,05:05,4119.64000,4120.29000,4114.37000,4114.42000,3180
2026.06.11,05:10,4114.46000,4117.81000,4114.46000,4115.91000,2571
2026.06.11,05:15,4115.73000,4118.10000,4110.32000,4112.48000,2929
2026.06.11,05:20,4112.49000,4114.96000,4111.06000,4112.67000,2890
2026.06.11,05:25,4112.74000,4114.83000,4109.47000,4112.27000,3377
2026.06.11,05:30,4112.30000,4112.74000,4108.94000,4109.18000,2674
2026.06.11,05:35,4109.17000,4109.96000,4106.54000,4107.40000,3196
2026.06.11,05:40,4107.46000,4109.89000,4104.64000,4104.94000,2635
2026.06.11,05:45,4104.98000,4107.82000,4104.24000,4104.41000,2197
2026.06.11,05:50,4104.42000,4104.42000,4096.84000,4101.25000,3267
2026.06.11,05:55,4101.20000,4103.08000,4098.91000,4101.56000,2450
2026.06.11,06:00,4101.57000,4102.12000,4095.79000,4096.09000,2788
2026.06.11,06:05,4096.15000,4099.28000,4094.73000,4094.83000,2360
2026.06.11,06:10,4094.82000,4094.93000,4087.13000,4088.99000,2558
2026.06.11,06:15,4089.09000,4091.92000,4087.43000,4089.80000,2562
2026.06.11,06:20,4089.82000,4090.05000,4082.46000,4084.79000,2775
2026.06.11,06:25,4084.75000,4085.98000,4081.59000,4084.72000,2809
2026.06.11,06:30,4084.78000,4089.05000,4083.72000,4086.28000,3199
2026.06.11,06:35,4086.30000,4087.11000,4082.18000,4086.21000,2970
2026.06.11,06:40,4086.24000,4091.84000,4086.08000,4091.41000,2927
2026.06.11,06:45,4091.44000,4092.43000,4085.60000,4088.35000,3061
2026.06.11,06:50,4087.93000,4091.68000,4085.70000,4087.10000,3421
2026.06.11,06:55,4087.12000,4087.12000,4081.54000,4082.70000,3074
2026.06.11,07:00,4082.67000,4083.15000,4074.76000,4077.60000,2115
2026.06.11,07:05,4077.56000,4078.15000,4069.91000,4071.06000,2030
2026.06.11,07:10,4071.00000,4073.47000,4069.77000,4072.14000,1468
2026.06.11,07:15,4072.13000,4074.70000,4071.20000,4073.96000,1433
2026.06.11,07:20,4073.95000,4076.96000,4073.14000,4076.38000,897
2026.06.11,07:25,4076.60000,4080.05000,4075.83000,4078.44000,854
2026.06.11,07:30,4078.38000,4078.38000,4074.55000,4076.19000,862
2026.06.11,07:35,4076.18000,4078.11000,4073.75000,4076.36000,653
2026.06.11,07:40,4076.34000,4076.34000,4071.32000,4072.66000,884
2026.06.11,07:45,4072.67000,4072.67000,4067.37000,4067.93000,1303
2026.06.11,07:50,4067.85000,4069.27000,4067.03000,4069.10000,866
2026.06.11,07:55,4069.06000,4072.35000,4069.00000,4071.31000,918
2026.06.11,09:00,4070.94000,4071.79000,4058.30000,4062.87000,1396
2026.06.11,09:05,4062.89000,4063.15000,4050.65000,4050.94000,1892
2026.06.11,09:10,4050.93000,4057.07000,4049.98000,4056.06000,1911
2026.06.11,09:15,4056.29000,4056.99000,4042.65000,4047.58000,2224
2026.06.11,09:20,4047.56000,4047.57000,4035.94000,4038.56000,2315
2026.06.11,09:25,4038.53000,4044.80000,4036.27000,4044.46000,2116
2026.06.11,09:30,4044.44000,4054.56000,4044.28000,4050.29000,1939
2026.06.11,09:35,4050.17000,4066.17000,4050.06000,4065.25000,1855
2026.06.11,09:40,4065.33000,4069.11000,4060.00000,4062.55000,1937
2026.06.11,09:45,4062.54000,4066.75000,4057.74000,4061.69000,1983
2026.06.11,09:50,4061.68000,4063.97000,4051.82000,4053.87000,2021
2026.06.11,09:55,4054.20000,4054.34000,4045.26000,4046.09000,2199
2026.06.11,10:00,4046.12000,4053.59000,4044.12000,4050.06000,1858
2026.06.11,10:05,4049.58000,4049.92000,4038.54000,4040.18000,1681
2026.06.11,10:10,4040.14000,4042.42000,4023.60000,4029.98000,2488
2026.06.11,10:15,4030.02000,4041.66000,4024.72000,4038.42000,3323
2026.06.11,10:20,4039.05000,4047.36000,4036.49000,4043.18000,3528
2026.06.11,10:25,4043.26000,4064.48000,4041.50000,4061.19000,3380
2026.06.11,10:30,4061.17000,4063.57000,4056.02000,4057.66000,2118
2026.06.11,10:35,4057.53000,4063.45000,4056.78000,4060.38000,1397
2026.06.11,10:40,4060.34000,4063.98000,4054.37000,4055.82000,1722
2026.06.11,10:45,4055.85000,4057.37000,4048.70000,4049.77000,2706
2026.06.11,10:50,4049.78000,4052.02000,4048.69000,4050.65000,1573
2026.06.11,10:55,4050.53000,4052.22000,4044.28000,4047.04000,2171
2026.06.11,11:00,4047.67000,4059.15000,4040.83000,4043.41000,4481
2026.06.11,11:05,4043.76000,4050.15000,4039.48000,4042.67000,4429
2026.06.11,11:10,4042.68000,4056.02000,4035.59000,4051.79000,4455
2026.06.11,11:15,4051.80000,4072.37000,4049.32000,4064.73000,5492
2026.06.11,11:20,4064.74000,4070.14000,4060.88000,4061.38000,4271
2026.06.11,11:25,4061.61000,4070.79000,4057.06000,4067.26000,3954
2026.06.11,11:30,4067.27000,4076.34000,4061.31000,4063.85000,3681
2026.06.11,11:35,4063.89000,4068.53000,4058.96000,4063.07000,3376
2026.06.11,11:40,4063.06000,4074.52000,4061.77000,4062.96000,2792
2026.06.11,11:45,4062.93000,4071.49000,4062.69000,4071.10000,3141
2026.06.11,11:50,4071.09000,4074.94000,4068.57000,4069.38000,2759
2026.06.11,11:55,4069.36000,4078.12000,4069.08000,4075.60000,2745
2026.06.11,12:00,4075.53000,4089.85000,4072.64000,4078.40000,5694
2026.06.11,12:05,4078.55000,4081.93000,4065.98000,4078.66000,4983
2026.06.11,12:10,4078.67000,4089.45000,4078.67000,4086.94000,3961
2026.06.11,12:15,4086.89000,4099.85000,4085.74000,4093.53000,4256
2026.06.11,12:20,4093.41000,4102.74000,4092.35000,4102.35000,3847
2026.06.11,12:25,4102.23000,4108.64000,4101.74000,4104.62000,3626
2026.06.11,12:30,4104.55000,4112.74000,4104.14000,4110.44000,3293
2026.06.11,12:35,4110.45000,4115.08000,4109.56000,4114.83000,2732
2026.06.11,12:40,4114.84000,4118.13000,4109.94000,4113.67000,2877
2026.06.11,12:45,4113.69000,4116.95000,4106.15000,4110.04000,2965
2026.06.11,12:50,4110.32000,4111.22000,4103.12000,4103.12000,2467
2026.06.11,12:55,4103.10000,4103.67000,4097.80000,4101.58000,2651
2026.06.11,13:00,4101.63000,4102.45000,4094.22000,4100.49000,2881
2026.06.11,13:05,4100.82000,4100.82000,4091.71000,4094.39000,2526
2026.06.11,13:10,4094.36000,4097.56000,4088.75000,4089.52000,2942
2026.06.11,13:15,4089.25000,4095.84000,4087.39000,4093.85000,2454
2026.06.11,13:20,4093.54000,4094.36000,4088.59000,4089.87000,2428
2026.06.11,13:25,4089.89000,4089.91000,4081.18000,4082.28000,2717
2026.06.11,13:30,4082.29000,4084.93000,4070.91000,4073.16000,3673
2026.06.11,13:35,4073.11000,4076.21000,4065.00000,4067.00000,3613
2026.06.11,13:40,4067.07000,4067.84000,4055.00000,4059.39000,3716
2026.06.11,13:45,4059.38000,4060.07000,4051.93000,4054.58000,2945
2026.06.11,13:50,4054.60000,4063.92000,4054.58000,4062.25000,3133
2026.06.11,13:55,4062.50000,4073.37000,4062.04000,4067.78000,2737
2026.06.11,14:00,4067.84000,4075.37000,4067.49000,4074.92000,2842
2026.06.11,14:05,4074.93000,4078.50000,4069.49000,4076.09000,3024
2026.06.11,14:10,4076.26000,4076.26000,4064.34000,4065.27000,2903
2026.06.11,14:15,4065.59000,4071.32000,4065.09000,4065.49000,2946
2026.06.11,14:20,4065.50000,4065.71000,4059.75000,4062.38000,3038
2026.06.11,14:25,4062.70000,4063.94000,4056.69000,4063.03000,3006
2026.06.11,14:30,4063.02000,4067.83000,4062.11000,4066.98000,2535
2026.06.11,14:35,4067.05000,4070.46000,4064.14000,4070.40000,1897
2026.06.11,14:40,4070.37000,4071.77000,4066.08000,4067.43000,1995
2026.06.11,14:45,4067.52000,4068.80000,4064.58000,4065.61000,1618
2026.06.11,14:50,4065.62000,4075.57000,4064.82000,4072.95000,1669
2026.06.11,14:55,4072.94000,4075.18000,4071.94000,4072.74000,1315
2026.06.11,15:00,4072.75000,4075.66000,4071.09000,4072.63000,1891
2026.06.11,15:05,4072.64000,4079.99000,4069.91000,4079.99000,1964
2026.06.11,15:10,4080.00000,4083.12000,4077.98000,4082.85000,1830
2026.06.11,15:15,4082.79000,4083.43000,4078.79000,4081.51000,1595
2026.06.11,15:20,4081.50000,4085.38000,4080.18000,4080.75000,1594
2026.06.11,15:25,4080.79000,4082.15000,4076.27000,4077.61000,1495
2026.06.11,15:30,4077.63000,4083.72000,4077.63000,4077.83000,1483
2026.06.11,15:35,4077.99000,4079.47000,4074.69000,4078.47000,1544
2026.06.11,15:40,4078.65000,4083.76000,4078.27000,4082.00000,2020
2026.06.11,15:45,4082.02000,4085.91000,4081.92000,4083.47000,1754
2026.06.11,15:50,4083.48000,4085.48000,4079.69000,4083.81000,1590
2026.06.11,15:55,4083.80000,4084.93000,4081.45000,4082.65000,1318
2026.06.11,16:00,4082.67000,4083.23000,4075.15000,4077.84000,2208
2026.06.11,16:05,4077.91000,4080.57000,4075.31000,4079.24000,1862
2026.06.11,16:10,4079.25000,4079.55000,4076.51000,4077.23000,1595
2026.06.11,16:15,4077.22000,4081.04000,4075.14000,4079.24000,2013
2026.06.11,16:20,4079.02000,4081.10000,4076.21000,4076.91000,2003
2026.06.11,16:25,4076.81000,4079.93000,4072.60000,4074.72000,2454
2026.06.11,16:30,4074.74000,4096.00000,4074.26000,4094.79000,4190
2026.06.11,16:35,4094.75000,4096.44000,4090.55000,4093.67000,2866
2026.06.11,16:40,4093.44000,4099.53000,4093.44000,4099.40000,2170
2026.06.11,16:45,4099.39000,4106.29000,4096.29000,4100.60000,2698
2026.06.11,16:50,4100.59000,4101.17000,4093.37000,4094.07000,2820
2026.06.11,16:55,4094.03000,4098.54000,4093.59000,4094.05000,2235
2026.06.11,17:00,4094.07000,4094.75000,4084.62000,4084.65000,2973
2026.06.11,17:05,4084.67000,4085.70000,4078.68000,4080.54000,3189
2026.06.11,17:10,4080.86000,4084.45000,4075.92000,4084.15000,2609
2026.06.11,17:15,4084.14000,4088.24000,4081.65000,4086.64000,2048
2026.06.11,17:20,4086.62000,4091.25000,4086.38000,4091.13000,2115
2026.06.11,17:25,4091.15000,4092.88000,4085.93000,4086.55000,2191
2026.06.11,17:30,4086.62000,4087.87000,4083.78000,4084.10000,2037
2026.06.11,17:35,4084.18000,4091.13000,4082.99000,4088.16000,2012
2026.06.11,17:40,4088.17000,4092.86000,4086.94000,4092.77000,1532
2026.06.11,17:45,4092.78000,4094.30000,4091.04000,4091.77000,1787
2026.06.11,17:50,4091.79000,4097.50000,4091.10000,4097.49000,1653
2026.06.11,17:55,4097.48000,4097.53000,4091.65000,4094.32000,1722
2026.06.11,18:00,4094.30000,4097.72000,4092.75000,4094.73000,2529
2026.06.11,18:05,4094.88000,4097.58000,4092.88000,4093.60000,2096
2026.06.11,18:10,4093.62000,4098.33000,4091.56000,4096.65000,2113
2026.06.11,18:15,4096.60000,4106.23000,4096.30000,4104.99000,2307
2026.06.11,18:20,4104.98000,4108.27000,4102.84000,4107.79000,1951
2026.06.11,18:25,4107.77000,4110.30000,4106.41000,4107.64000,1902
2026.06.11,18:30,4107.66000,4110.45000,4106.17000,4107.25000,1817
2026.06.11,18:35,4107.24000,4109.04000,4101.39000,4104.59000,1691
2026.06.11,18:40,4104.64000,4109.42000,4102.90000,4107.51000,1385
2026.06.11,18:45,4107.49000,4108.06000,4102.73000,4102.73000,1449
2026.06.11,18:50,4102.76000,4104.15000,4099.03000,4102.92000,1620
2026.06.11,18:55,4102.90000,4106.04000,4102.54000,4104.85000,1034
2026.06.11,19:00,4104.59000,4111.95000,4104.02000,4106.84000,2024
2026.06.11,19:05,4106.87000,4112.24000,4105.15000,4111.60000,1843
2026.06.11,19:10,4111.59000,4112.67000,4105.00000,4106.17000,1787
2026.06.11,19:15,4106.16000,4108.38000,4102.90000,4105.69000,1702
2026.06.11,19:20,4105.67000,4105.74000,4100.38000,4102.93000,1721
2026.06.11,19:25,4102.99000,4103.63000,4097.14000,4097.14000,1577
2026.06.11,19:30,4097.13000,4097.82000,4093.78000,4095.39000,2659
2026.06.11,19:35,4095.38000,4099.52000,4094.88000,4095.42000,2149
2026.06.11,19:40,4095.41000,4096.87000,4090.23000,4090.55000,1416
2026.06.11,19:45,4090.49000,4092.05000,4088.69000,4089.16000,2949
2026.06.11,19:50,4089.15000,4091.83000,4086.67000,4086.83000,2721
2026.06.11,19:55,4086.84000,4087.77000,4084.47000,4084.48000,1451
2026.06.11,20:00,4084.51000,4087.25000,4083.23000,4085.33000,1611
2026.06.11,20:05,4085.34000,4087.21000,4080.73000,4080.73000,1562
2026.06.11,20:10,4080.86000,4087.49000,4080.69000,4086.14000,1638
2026.06.11,20:15,4086.12000,4088.91000,4085.13000,4086.58000,1463
2026.06.11,20:20,4086.54000,4086.63000,4083.78000,4085.03000,1381
2026.06.11,20:25,4085.04000,4085.07000,4078.74000,4079.51000,1552
2026.06.11,20:30,4079.39000,4082.99000,4077.44000,4080.67000,1689
2026.06.11,20:35,4080.65000,4088.54000,4080.52000,4088.52000,1391
2026.06.11,20:40,4088.51000,4091.84000,4087.39000,4091.61000,1056
2026.06.11,20:45,4091.54000,4096.39000,4091.20000,4094.07000,1395
2026.06.11,20:50,4094.06000,4095.92000,4090.24000,4094.00000,1294
2026.06.11,20:55,4094.02000,4094.75000,4089.83000,4091.64000,1140
2026.06.11,21:00,4091.65000,4094.26000,4089.85000,4091.85000,1315
2026.06.11,21:05,4091.82000,4094.15000,4090.36000,4090.48000,1416
2026.06.11,21:10,4090.52000,4092.85000,4088.11000,4092.11000,1362
2026.06.11,21:15,4092.12000,4093.18000,4086.73000,4086.87000,1268
2026.06.11,21:20,4086.90000,4094.54000,4086.83000,4093.60000,1182
2026.06.11,21:25,4093.58000,4093.89000,4087.59000,4087.66000,1490
2026.06.11,21:30,4087.70000,4092.69000,4086.46000,4092.22000,1592
2026.06.11,21:35,4092.20000,4093.05000,4088.62000,4090.89000,1057
2026.06.11,21:40,4090.91000,4092.20000,4089.50000,4090.43000,864
2026.06.11,21:45,4090.41000,4091.52000,4087.55000,4088.46000,719
2026.06.11,21:50,4088.50000,4092.96000,4088.48000,4089.77000,1007
2026.06.11,21:55,4089.76000,4091.46000,4087.57000,4089.93000,1239
2026.06.11,22:00,4089.92000,4093.20000,4086.74000,4091.83000,1671
2026.06.11,22:05,4091.88000,4093.30000,4087.99000,4091.29000,1783
2026.06.11,22:10,4091.31000,4093.29000,4086.15000,4086.15000,1396
2026.06.11,22:15,4086.17000,4089.60000,4084.07000,4086.77000,1535
2026.06.11,22:20,4086.73000,4088.61000,4083.47000,4086.21000,1551
2026.06.11,22:25,4086.22000,4091.22000,4084.39000,4090.31000,1654
2026.06.11,22:30,4090.32000,4095.92000,4087.93000,4088.30000,2709
2026.06.11,22:35,4088.02000,4089.01000,4082.65000,4083.31000,1918
2026.06.11,22:40,4083.30000,4086.89000,4081.69000,4084.73000,1779
2026.06.11,22:45,4084.71000,4086.30000,4082.39000,4085.05000,1392
2026.06.11,22:50,4085.02000,4087.53000,4084.44000,4086.12000,1334
2026.06.11,22:55,4086.13000,4087.39000,4079.71000,4080.21000,1467
2026.06.11,23:00,4080.22000,4087.01000,4078.32000,4086.37000,1644
2026.06.11,23:05,4086.35000,4086.75000,4079.32000,4079.93000,1603
2026.06.11,23:10,4079.94000,4079.94000,4072.70000,4076.28000,1603
2026.06.11,23:15,4075.96000,4081.96000,4075.02000,4075.13000,2063
2026.06.11,23:20,4075.25000,4078.28000,4061.10000,4069.12000,5338
2026.06.11,23:25,4069.14000,4072.86000,4062.86000,4068.79000,3750
2026.06.11,23:30,4068.77000,4073.87000,4057.20000,4062.53000,4357
2026.06.11,23:35,4062.59000,4066.84000,4057.89000,4065.82000,4147
2026.06.11,23:40,4066.00000,4077.30000,4064.95000,4073.08000,3533
2026.06.11,23:45,4072.79000,4081.13000,4069.51000,4077.35000,3604
2026.06.11,23:50,4077.16000,4081.23000,4072.87000,4080.06000,2952
2026.06.11,23:55,4080.02000,4085.02000,4076.83000,4081.79000,3083
2026.06.12,00:00,4081.77000,4085.51000,4078.05000,4083.70000,3873
2026.06.12,00:05,4083.71000,4086.11000,4078.85000,4085.46000,3670
2026.06.12,00:10,4085.47000,4085.97000,4071.92000,4073.04000,3336
2026.06.12,00:15,4073.08000,4077.16000,4072.69000,4072.69000,3127
2026.06.12,00:20,4072.64000,4078.81000,4072.51000,4075.77000,3108
2026.06.12,00:25,4075.75000,4081.70000,4072.23000,4075.28000,3074
2026.06.12,00:30,4075.52000,4081.53000,4071.80000,4075.24000,5426
2026.06.12,00:35,4075.34000,4082.63000,4067.99000,4072.63000,5331
2026.06.12,00:40,4072.70000,4078.67000,4066.96000,4076.36000,5801
2026.06.12,00:45,4076.46000,4092.36000,4073.43000,4083.67000,6626
2026.06.12,00:50,4083.77000,4092.50000,4083.77000,4085.18000,4993
2026.06.12,00:55,4085.17000,4091.52000,4082.41000,4083.27000,4848
2026.06.12,01:00,4083.29000,4085.39000,4075.72000,4077.86000,4829
2026.06.12,01:05,4077.80000,4078.00000,4060.30000,4062.54000,5370
2026.06.12,01:10,4062.57000,4063.63000,4052.91000,4061.02000,5366
2026.06.12,01:15,4061.13000,4066.57000,4056.06000,4063.52000,4657
2026.06.12,01:20,4063.50000,4082.07000,4062.91000,4079.41000,5256
2026.06.12,01:25,4079.37000,4084.85000,4073.72000,4074.65000,5042
2026.06.12,01:30,4074.56000,4077.58000,4070.52000,4072.53000,5225
2026.06.12,01:35,4072.44000,4079.83000,4070.99000,4078.71000,4401
2026.06.12,01:40,4078.66000,4083.45000,4076.04000,4076.21000,4134
2026.06.12,01:45,4076.18000,4079.58000,4072.71000,4078.58000,3914
2026.06.12,01:50,4078.17000,4080.98000,4073.72000,4076.94000,4173
2026.06.12,01:55,4076.93000,4079.10000,4072.20000,4073.34000,4320
2026.06.12,02:00,4073.33000,4076.53000,4070.23000,4073.44000,4601
2026.06.12,02:05,4073.66000,4086.37000,4072.19000,4080.87000,5151
2026.06.12,02:10,4080.81000,4087.91000,4079.53000,4080.49000,4696
2026.06.12,02:15,4080.50000,4086.43000,4079.46000,4081.87000,3360
2026.06.12,02:20,4081.88000,4089.13000,4076.28000,4078.86000,3378
2026.06.12,02:25,4078.85000,4084.59000,4074.62000,4081.42000,3226
2026.06.12,02:30,4081.32000,4082.78000,4077.41000,4079.60000,3684
2026.06.12,02:35,4079.59000,4086.83000,4078.69000,4086.09000,3458
2026.06.12,02:40,4086.14000,4090.29000,4086.14000,4088.38000,3299
2026.06.12,02:45,4088.39000,4091.79000,4087.38000,4089.89000,3349
2026.06.12,02:50,4089.88000,4095.48000,4088.21000,4090.50000,3097
2026.06.12,02:55,4090.58000,4090.58000,4085.76000,4088.79000,3177
2026.06.12,03:00,4089.02000,4093.35000,4086.87000,4087.84000,3420
2026.06.12,03:05,4087.87000,4093.74000,4086.76000,4092.54000,2964
2026.06.12,03:10,4092.51000,4103.20000,4091.14000,4102.48000,3650
2026.06.12,03:15,4102.57000,4107.59000,4096.13000,4096.83000,3261
2026.06.12,03:20,4096.85000,4098.45000,4087.58000,4087.81000,3225
2026.06.12,03:25,4087.83000,4088.90000,4079.48000,4079.67000,3551
2026.06.12,03:30,4079.58000,4087.91000,4078.53000,4084.54000,3269
2026.06.12,03:35,4084.50000,4086.47000,4081.52000,4082.65000,2944
2026.06.12,03:40,4082.67000,4085.23000,4080.99000,4081.87000,2487
2026.06.12,03:45,4081.70000,4084.27000,4080.24000,4081.44000,2821
2026.06.12,03:50,4081.36000,4082.40000,4077.99000,4079.70000,2909
2026.06.12,03:55,4079.75000,4082.32000,4079.32000,4080.27000,2464
2026.06.12,04:00,4080.28000,4080.85000,4071.89000,4074.81000,3553
2026.06.12,04:05,4074.82000,4077.73000,4074.17000,4076.69000,3079
2026.06.12,04:10,4076.68000,4078.79000,4072.77000,4075.98000,2809
2026.06.12,04:15,4076.04000,4078.96000,4074.24000,4078.34000,2740
2026.06.12,04:20,4078.30000,4081.21000,4076.09000,4080.33000,2935
2026.06.12,04:25,4080.35000,4102.21000,4078.32000,4101.22000,4042
2026.06.12,04:30,4101.73000,4149.56000,4101.65000,4148.67000,7621
2026.06.12,04:35,4148.65000,4154.59000,4137.61000,4150.29000,7087
2026.06.12,04:40,4150.05000,4169.94000,4147.28000,4166.55000,6602
2026.06.12,04:45,4166.45000,4166.54000,4153.39000,4154.32000,6089
2026.06.12,04:50,4154.60000,4161.48000,4146.90000,4153.50000,6196
2026.06.12,04:55,4153.54000,4157.04000,4146.69000,4151.86000,4608
2026.06.12,05:00,4151.88000,4155.65000,4135.75000,4138.26000,6267
2026.06.12,05:05,4138.69000,4141.48000,4131.15000,4135.40000,6356
2026.06.12,05:10,4135.22000,4146.83000,4135.19000,4146.83000,5924
2026.06.12,05:15,4146.81000,4162.97000,4145.18000,4160.69000,5265
2026.06.12,05:20,4160.70000,4162.26000,4150.79000,4155.54000,5460
2026.06.12,05:25,4155.51000,4156.52000,4150.58000,4152.89000,4754
2026.06.12,05:30,4152.84000,4157.95000,4148.95000,4154.04000,4312
2026.06.12,05:35,4154.02000,4158.69000,4152.68000,4156.48000,3756
2026.06.12,05:40,4156.50000,4164.93000,4155.09000,4164.60000,3104
2026.06.12,05:45,4164.59000,4171.51000,4163.84000,4167.99000,2921
2026.06.12,05:50,4167.98000,4169.98000,4164.01000,4164.84000,2452
2026.06.12,05:55,4164.82000,4165.60000,4160.26000,4161.82000,2703
2026.06.12,06:00,4161.83000,4174.22000,4161.83000,4174.06000,3764
2026.06.12,06:05,4174.04000,4175.82000,4169.38000,4174.06000,3748
2026.06.12,06:10,4174.05000,4189.27000,4172.88000,4188.18000,4548
2026.06.12,06:15,4188.19000,4196.76000,4186.08000,4195.45000,4544
2026.06.12,06:20,4195.44000,4198.04000,4188.50000,4191.64000,4262
2026.06.12,06:25,4191.69000,4198.24000,4189.07000,4195.59000,3295
2026.06.12,06:30,4195.62000,4214.96000,4195.59000,4214.89000,5149
2026.06.12,06:35,4214.91000,4220.07000,4208.31000,4208.37000,4434
2026.06.12,06:40,4208.44000,4217.63000,4208.28000,4210.24000,3774
2026.06.12,06:45,4210.21000,4215.25000,4209.89000,4210.03000,3140
2026.06.12,06:50,4210.06000,4215.38000,4209.15000,4215.36000,3501
2026.06.12,06:55,4215.29000,4215.29000,4207.28000,4208.47000,3472
2026.06.12,07:00,4208.78000,4215.99000,4208.32000,4208.42000,2270
2026.06.12,07:05,4208.41000,4216.28000,4208.21000,4214.64000,1539
2026.06.12,07:10,4214.63000,4218.57000,4211.96000,4213.70000,1382
2026.06.12,07:15,4213.66000,4214.90000,4212.17000,4213.47000,940
2026.06.12,07:20,4213.45000,4216.39000,4212.69000,4215.67000,925
2026.06.12,07:25,4215.66000,4215.66000,4212.23000,4214.12000,1317
2026.06.12,07:30,4214.14000,4216.52000,4212.33000,4213.72000,1315
2026.06.12,07:35,4213.75000,4215.56000,4210.36000,4211.07000,1139
2026.06.12,07:40,4211.08000,4212.61000,4209.59000,4209.69000,1056
2026.06.12,07:45,4209.70000,4211.87000,4209.19000,4211.31000,766
2026.06.12,07:50,4211.32000,4213.06000,4210.23000,4212.06000,816
2026.06.12,07:55,4212.04000,4212.42000,4210.55000,4212.28000,752
2026.06.12,09:00,4217.97000,4218.16000,4204.92000,4208.16000,762
2026.06.12,09:05,4208.18000,4210.47000,4206.64000,4209.05000,766
2026.06.12,09:10,4209.10000,4210.53000,4206.64000,4209.23000,1069
2026.06.12,09:15,4209.26000,4210.88000,4206.93000,4207.87000,1044
2026.06.12,09:20,4207.80000,4211.57000,4205.06000,4206.35000,1184
2026.06.12,09:25,4206.42000,4215.78000,4206.02000,4214.84000,929
2026.06.12,09:30,4214.85000,4216.21000,4211.09000,4214.20000,1417
2026.06.12,09:35,4214.18000,4215.59000,4211.72000,4215.59000,870
2026.06.12,09:40,4215.61000,4228.13000,4214.77000,4225.54000,1768
2026.06.12,09:45,4225.51000,4236.04000,4224.90000,4233.81000,1961
2026.06.12,09:50,4231.99000,4235.56000,4224.76000,4235.51000,1525
2026.06.12,09:55,4235.50000,4246.49000,4232.76000,4243.01000,2022
2026.06.12,10:00,4243.23000,4245.74000,4224.24000,4226.71000,2318
2026.06.12,10:05,4226.72000,4230.02000,4223.17000,4225.69000,1601
2026.06.12,10:10,4225.71000,4227.67000,4220.94000,4223.27000,1162
2026.06.12,10:15,4223.28000,4226.33000,4220.78000,4222.12000,1430
2026.06.12,10:20,4222.13000,4223.05000,4215.39000,4215.74000,1408
2026.06.12,10:25,4216.07000,4218.10000,4213.84000,4216.24000,1685
2026.06.12,10:30,4216.09000,4223.50000,4214.19000,4216.44000,1817
2026.06.12,10:35,4216.78000,4220.76000,4214.10000,4216.26000,1607
2026.06.12,10:40,4216.31000,4220.42000,4214.36000,4219.08000,1466
2026.06.12,10:45,4219.10000,4224.60000,4216.88000,4219.10000,2023
2026.06.12,10:50,4219.15000,4223.10000,4214.88000,4215.98000,1827
2026.06.12,10:55,4216.01000,4221.94000,4215.82000,4219.51000,1593
2026.06.12,11:00,4219.43000,4222.09000,4212.24000,4218.34000,2956
2026.06.12,11:05,4218.28000,4225.62000,4215.20000,4216.78000,2940
2026.06.12,11:10,4216.80000,4218.40000,4215.00000,4216.49000,2560
2026.06.12,11:15,4216.48000,4216.76000,4206.93000,4216.42000,3067
2026.06.12,11:20,4216.41000,4224.27000,4214.64000,4223.99000,2121
2026.06.12,11:25,4224.00000,4230.41000,4219.81000,4220.03000,2287
2026.06.12,11:30,4220.41000,4228.72000,4219.52000,4221.15000,2182
2026.06.12,11:35,4221.16000,4224.19000,4213.80000,4214.66000,1936
2026.06.12,11:40,4214.62000,4214.72000,4202.55000,4203.82000,2207
2026.06.12,11:45,4203.83000,4207.88000,4200.95000,4201.59000,2523
2026.06.12,11:50,4201.62000,4205.43000,4200.64000,4200.89000,2388
2026.06.12,11:55,4200.95000,4208.51000,4200.74000,4208.39000,2500
2026.06.12,12:00,4208.09000,4211.03000,4183.87000,4184.63000,4744
2026.06.12,12:05,4184.34000,4193.32000,4182.69000,4193.02000,3566
2026.06.12,12:10,4193.03000,4193.24000,4184.80000,4187.00000,2901
2026.06.12,12:15,4186.97000,4193.67000,4185.68000,4189.14000,2759
2026.06.12,12:20,4189.13000,4192.33000,4187.00000,4189.40000,2551
2026.06.12,12:25,4189.43000,4189.74000,4178.81000,4180.85000,2423
2026.06.12,12:30,4180.83000,4186.79000,4176.76000,4179.79000,2952
2026.06.12,12:35,4179.83000,4180.51000,4171.40000,4179.01000,2490
2026.06.12,12:40,4179.00000,4183.77000,4176.51000,4179.38000,2457
2026.06.12,12:45,4179.32000,4191.39000,4179.20000,4191.34000,2751
2026.06.12,12:50,4191.39000,4191.39000,4186.09000,4186.30000,2027
2026.06.12,12:55,4186.32000,4190.29000,4184.18000,4186.73000,2131
2026.06.12,13:00,4186.31000,4194.15000,4183.67000,4191.16000,2404
2026.06.12,13:05,4191.19000,4197.65000,4190.04000,4197.34000,2184
2026.06.12,13:10,4197.12000,4199.99000,4193.72000,4193.90000,2129
2026.06.12,13:15,4193.94000,4194.45000,4190.78000,4192.68000,1645
2026.06.12,13:20,4192.69000,4193.42000,4189.74000,4191.10000,1450
2026.06.12,13:25,4191.11000,4191.43000,4186.58000,4188.35000,1614
2026.06.12,13:30,4188.38000,4189.44000,4182.44000,4182.86000,2530
2026.06.12,13:35,4182.85000,4193.18000,4182.62000,4188.88000,2126
2026.06.12,13:40,4188.89000,4190.33000,4184.40000,4186.19000,1873
2026.06.12,13:45,4186.17000,4191.18000,4183.62000,4190.57000,1761
2026.06.12,13:50,4190.59000,4192.52000,4187.68000,4188.65000,1795
2026.06.12,13:55,4188.67000,4193.69000,4187.19000,4191.40000,1720
2026.06.12,14:00,4191.39000,4196.04000,4189.38000,4191.83000,2034
2026.06.12,14:05,4191.81000,4195.43000,4190.62000,4192.70000,1553
2026.06.12,14:10,4192.68000,4196.03000,4191.23000,4193.72000,1642
2026.06.12,14:15,4193.73000,4201.32000,4193.45000,4196.11000,2186
2026.06.12,14:20,4196.08000,4199.12000,4192.98000,4197.45000,1771
2026.06.12,14:25,4197.44000,4203.75000,4196.40000,4203.10000,2120
2026.06.12,14:30,4203.71000,4204.60000,4198.99000,4203.70000,1914
2026.06.12,14:35,4203.72000,4204.84000,4200.88000,4201.99000,1251
2026.06.12,14:40,4202.01000,4204.93000,4198.68000,4199.14000,1129
2026.06.12,14:45,4199.19000,4199.23000,4195.51000,4197.39000,1369
2026.06.12,14:50,4197.42000,4201.15000,4196.32000,4200.52000,1326
2026.06.12,14:55,4200.51000,4201.41000,4196.66000,4197.14000,1189
2026.06.12,15:00,4197.09000,4201.04000,4192.80000,4196.95000,1169
2026.06.12,15:05,4196.96000,4197.19000,4191.85000,4196.16000,1064
2026.06.12,15:10,4196.23000,4196.62000,4192.03000,4194.24000,1063
2026.06.12,15:15,4194.21000,4195.56000,4190.33000,4192.09000,1095
2026.06.12,15:20,4192.10000,4193.53000,4190.60000,4193.15000,894
2026.06.12,15:25,4193.11000,4194.21000,4191.60000,4192.67000,880
2026.06.12,15:30,4192.65000,4197.15000,4191.53000,4195.58000,1261
2026.06.12,15:35,4195.54000,4198.30000,4193.66000,4195.29000,1139
2026.06.12,15:40,4195.30000,4197.24000,4192.95000,4193.41000,792
2026.06.12,15:45,4193.43000,4194.23000,4190.01000,4190.89000,1113
2026.06.12,15:50,4190.92000,4192.84000,4190.12000,4192.19000,970
2026.06.12,15:55,4192.16000,4192.92000,4189.58000,4190.02000,886
2026.06.12,16:00,4189.94000,4193.00000,4187.44000,4187.94000,1433
2026.06.12,16:05,4187.92000,4190.48000,4185.06000,4185.20000,1122
2026.06.12,16:10,4185.17000,4189.87000,4181.90000,4188.92000,1733
2026.06.12,16:15,4188.97000,4189.52000,4184.68000,4185.98000,1347
2026.06.12,16:20,4185.69000,4189.05000,4185.63000,4187.02000,1240
2026.06.12,16:25,4187.01000,4189.55000,4185.87000,4187.12000,1469
2026.06.12,16:30,4187.05000,4187.73000,4177.79000,4180.24000,2877
2026.06.12,16:35,4180.26000,4180.26000,4172.44000,4174.96000,3267
2026.06.12,16:40,4174.99000,4181.05000,4174.34000,4180.39000,3016
2026.06.12,16:45,4180.44000,4180.88000,4176.07000,4179.09000,2520
2026.06.12,16:50,4179.29000,4179.94000,4172.78000,4175.28000,3062
2026.06.12,16:55,4175.25000,4176.83000,4170.51000,4172.95000,2301
2026.06.12,17:00,4172.96000,4183.10000,4172.86000,4181.11000,2847
2026.06.12,17:05,4181.08000,4184.08000,4178.67000,4181.63000,2421
2026.06.12,17:10,4181.60000,4185.50000,4181.28000,4182.90000,1911
2026.06.12,17:15,4182.91000,4183.30000,4179.47000,4180.62000,1937
2026.06.12,17:20,4180.64000,4182.72000,4178.96000,4180.25000,1604
2026.06.12,17:25,4180.27000,4182.67000,4179.41000,4181.98000,1772
2026.06.12,17:30,4181.99000,4182.52000,4175.54000,4177.43000,2305
2026.06.12,17:35,4177.14000,4181.35000,4175.96000,4177.81000,1912
2026.06.12,17:40,4177.82000,4178.87000,4172.26000,4176.42000,1837
2026.06.12,17:45,4176.12000,4177.49000,4174.11000,4176.22000,1717
2026.06.12,17:50,4176.24000,4180.63000,4176.05000,4178.31000,1712
2026.06.12,17:55,4178.29000,4184.71000,4177.03000,4184.09000,1883
2026.06.12,18:00,4184.08000,4185.01000,4175.95000,4178.27000,2244
2026.06.12,18:05,4178.26000,4181.92000,4177.70000,4180.69000,1710
2026.06.12,18:10,4180.66000,4182.72000,4177.76000,4178.24000,1598
2026.06.12,18:15,4178.25000,4178.90000,4174.04000,4177.34000,1567
2026.06.12,18:20,4177.33000,4179.15000,4175.41000,4178.17000,1230
2026.06.12,18:25,4178.16000,4179.95000,4173.68000,4174.07000,1256
2026.06.12,18:30,4173.92000,4175.76000,4170.13000,4173.74000,1685
2026.06.12,18:35,4173.81000,4179.45000,4173.81000,4178.79000,1903
2026.06.12,18:40,4178.81000,4184.54000,4178.79000,4182.87000,1636
2026.06.12,18:45,4182.86000,4183.45000,4174.41000,4175.19000,1405
2026.06.12,18:50,4175.18000,4178.32000,4173.68000,4175.51000,1291
2026.06.12,18:55,4175.45000,4194.57000,4175.26000,4194.57000,3330
2026.06.12,19:00,4194.51000,4202.82000,4191.77000,4197.85000,3664
2026.06.12,19:05,4197.83000,4203.55000,4195.03000,4201.89000,2586
2026.06.12,19:10,4201.84000,4204.78000,4201.27000,4203.81000,2209
2026.06.12,19:15,4203.83000,4219.97000,4199.32000,4217.99000,3650
2026.06.12,19:20,4217.95000,4220.54000,4212.37000,4218.36000,3471
2026.06.12,19:25,4218.35000,4219.21000,4211.24000,4213.30000,2836
2026.06.12,19:30,4213.34000,4220.03000,4213.01000,4218.08000,2506
2026.06.12,19:35,4218.04000,4222.49000,4215.33000,4221.05000,2307
2026.06.12,19:40,4220.94000,4221.12000,4211.62000,4218.32000,2219
2026.06.12,19:45,4218.33000,4220.20000,4214.50000,4218.43000,2039
2026.06.12,19:50,4218.49000,4222.14000,4215.95000,4221.73000,1836
2026.06.12,19:55,4221.68000,4225.87000,4219.35000,4219.48000,1697
2026.06.12,20:00,4219.49000,4222.75000,4217.35000,4221.43000,2100
2026.06.12,20:05,4221.42000,4223.87000,4219.59000,4223.18000,1931
2026.06.12,20:10,4223.17000,4225.38000,4221.64000,4224.06000,1286
2026.06.12,20:15,4224.14000,4226.82000,4220.78000,4223.53000,2485
2026.06.12,20:20,4223.51000,4225.71000,4219.07000,4222.24000,1841
2026.06.12,20:25,4222.26000,4225.81000,4219.34000,4220.88000,1721
2026.06.12,20:30,4220.89000,4226.21000,4219.20000,4225.82000,1976
2026.06.12,20:35,4225.94000,4227.00000,4221.36000,4223.14000,1831
2026.06.12,20:40,4223.21000,4227.85000,4222.88000,4225.24000,1552
2026.06.12,20:45,4225.25000,4227.85000,4223.47000,4223.92000,1767
2026.06.12,20:50,4224.16000,4224.69000,4221.33000,4223.52000,1509
2026.06.12,20:55,4223.54000,4225.40000,4221.40000,4221.75000,1458
2026.06.12,21:00,4221.79000,4224.49000,4218.67000,4221.48000,1619
2026.06.12,21:05,4221.45000,4225.46000,4220.21000,4224.61000,1136
2026.06.12,21:10,4224.59000,4224.77000,4219.90000,4221.37000,1575
2026.06.12,21:15,4221.38000,4222.27000,4215.10000,4217.61000,1578
2026.06.12,21:20,4217.60000,4217.66000,4210.69000,4213.41000,1567
2026.06.12,21:25,4213.43000,4214.19000,4202.73000,4206.83000,3462
2026.06.12,21:30,4206.85000,4218.57000,4206.47000,4214.74000,2756
2026.06.12,21:35,4214.75000,4216.29000,4214.05000,4215.51000,1640
2026.06.12,21:40,4215.52000,4217.28000,4214.26000,4215.35000,1286
2026.06.12,21:45,4215.36000,4218.67000,4214.10000,4215.56000,1322
2026.06.12,21:50,4215.51000,4216.07000,4212.17000,4213.08000,1274
2026.06.12,21:55,4213.09000,4215.35000,4209.30000,4210.88000,1564
2026.06.12,22:00,4210.90000,4212.04000,4205.63000,4206.02000,1705
2026.06.12,22:05,4205.94000,4209.06000,4204.97000,4207.67000,1527
2026.06.12,22:10,4207.59000,4208.36000,4205.18000,4207.43000,1341
2026.06.12,22:15,4207.42000,4207.85000,4203.89000,4205.89000,1322
2026.06.12,22:20,4205.88000,4209.95000,4205.49000,4209.70000,1366
2026.06.12,22:25,4209.68000,4210.23000,4202.20000,4202.61000,1469
2026.06.12,22:30,4202.62000,4202.71000,4197.45000,4199.62000,1689
2026.06.12,22:35,4199.57000,4202.81000,4199.57000,4202.38000,1508
2026.06.12,22:40,4202.42000,4210.57000,4202.03000,4209.68000,1506
2026.06.12,22:45,4209.72000,4211.94000,4208.70000,4210.23000,1451
2026.06.12,22:50,4210.27000,4215.05000,4208.33000,4214.73000,1441
2026.06.12,22:55,4214.75000,4214.75000,4206.41000,4206.80000,1254
2026.06.12,23:00,4206.82000,4208.52000,4202.62000,4206.14000,2370
2026.06.12,23:05,4206.13000,4209.17000,4205.22000,4207.60000,1913
2026.06.12,23:10,4207.65000,4214.28000,4207.65000,4214.27000,1494
2026.06.12,23:15,4214.30000,4215.32000,4211.25000,4211.68000,1670
2026.06.12,23:20,4211.59000,4212.02000,4202.27000,4203.58000,2034
2026.06.12,23:25,4203.40000,4203.63000,4200.27000,4201.12000,1735
2026.06.12,23:30,4201.13000,4201.82000,4197.36000,4199.72000,1850
2026.06.12,23:35,4199.78000,4200.93000,4192.11000,4193.00000,2232
2026.06.12,23:40,4193.05000,4200.80000,4191.25000,4196.78000,2059
2026.06.12,23:45,4196.79000,4198.36000,4193.45000,4196.98000,2229
2026.06.12,23:50,4196.99000,4200.61000,4193.45000,4193.70000,1930
2026.06.12,23:55,4193.65000,4194.58000,4188.50000,4191.81000,2121
2026.06.13,00:00,4191.80000,4198.03000,4186.58000,4196.94000,2899
2026.06.13,00:05,4196.92000,4200.98000,4193.53000,4199.92000,2607
2026.06.13,00:10,4199.94000,4200.82000,4193.59000,4198.33000,2477
2026.06.13,00:15,4198.31000,4203.06000,4197.02000,4202.60000,2201
2026.06.13,00:20,4202.59000,4206.70000,4201.93000,4203.79000,1697
2026.06.13,00:25,4203.92000,4205.05000,4201.44000,4202.83000,1922
2026.06.13,00:30,4202.77000,4205.34000,4197.00000,4198.94000,4592
2026.06.13,00:35,4198.92000,4210.23000,4198.46000,4207.24000,4732
2026.06.13,00:40,4207.20000,4207.53000,4182.40000,4190.82000,6389
2026.06.13,00:45,4190.78000,4193.96000,4183.72000,4190.78000,5790
2026.06.13,00:50,4190.79000,4193.64000,4186.57000,4189.37000,5472
2026.06.13,00:55,4189.38000,4192.32000,4183.18000,4185.96000,3880
2026.06.13,01:00,4186.71000,4198.26000,4185.06000,4194.40000,4556
2026.06.13,01:05,4194.44000,4198.32000,4184.78000,4198.12000,3915
2026.06.13,01:10,4198.10000,4198.10000,4189.77000,4193.23000,3875
2026.06.13,01:15,4193.10000,4199.40000,4190.04000,4190.04000,3677
2026.06.13,01:20,4190.03000,4191.80000,4182.62000,4187.23000,4095
2026.06.13,01:25,4187.24000,4194.11000,4186.65000,4188.48000,3358
2026.06.13,01:30,4188.60000,4189.64000,4181.00000,4186.76000,3510
2026.06.13,01:35,4186.73000,4192.70000,4186.06000,4192.14000,3641
2026.06.13,01:40,4192.15000,4193.10000,4180.94000,4184.49000,4207
2026.06.13,01:45,4184.47000,4185.03000,4177.12000,4182.97000,4436
2026.06.13,01:50,4182.93000,4207.74000,4179.41000,4207.06000,5613
2026.06.13,01:55,4207.02000,4208.49000,4201.19000,4203.94000,5375
2026.06.13,02:00,4203.96000,4209.38000,4200.06000,4203.26000,4007
2026.06.13,02:05,4203.32000,4210.76000,4203.24000,4208.63000,3561
2026.06.13,02:10,4208.56000,4215.31000,4208.31000,4214.11000,3047
2026.06.13,02:15,4214.09000,4219.05000,4212.55000,4215.02000,2824
2026.06.13,02:20,4215.03000,4230.42000,4213.07000,4228.06000,3260
2026.06.13,02:25,4228.04000,4235.54000,4223.32000,4225.85000,3794
2026.06.13,02:30,4225.89000,4228.48000,4218.33000,4219.52000,3571
2026.06.13,02:35,4219.53000,4226.53000,4215.07000,4218.93000,4075
2026.06.13,02:40,4218.91000,4219.42000,4210.41000,4211.03000,3307
2026.06.13,02:45,4211.06000,4215.19000,4206.81000,4207.90000,3762
2026.06.13,02:50,4207.82000,4216.55000,4207.63000,4215.30000,3487
2026.06.13,02:55,4215.35000,4218.87000,4211.08000,4211.83000,3357
2026.06.13,03:00,4211.85000,4213.83000,4208.02000,4209.56000,3590
2026.06.13,03:05,4209.58000,4214.66000,4208.25000,4213.19000,2741
2026.06.13,03:10,4213.23000,4224.95000,4211.44000,4221.63000,3880
2026.06.13,03:15,4221.68000,4232.81000,4220.77000,4223.73000,4006
2026.06.13,03:20,4223.72000,4225.44000,4218.20000,4218.24000,2989
2026.06.13,03:25,4218.20000,4220.77000,4215.73000,4216.88000,2475
2026.06.13,03:30,4216.87000,4218.67000,4215.85000,4217.67000,2285
2026.06.13,03:35,4217.68000,4218.29000,4211.63000,4216.94000,2655
2026.06.13,03:40,4216.79000,4220.47000,4213.05000,4213.33000,3299
2026.06.13,03:45,4213.35000,4214.94000,4211.25000,4213.52000,3272
2026.06.13,03:50,4213.46000,4216.67000,4211.91000,4215.24000,2404
2026.06.13,03:55,4215.23000,4218.16000,4213.45000,4215.98000,2615
2026.06.13,04:00,4216.02000,4220.66000,4216.01000,4220.35000,2455
2026.06.13,04:05,4220.41000,4226.32000,4218.88000,4220.69000,3610
2026.06.13,04:10,4220.63000,4221.73000,4215.02000,4218.50000,3029
2026.06.13,04:15,4218.53000,4218.82000,4213.88000,4217.79000,2067
2026.06.13,04:20,4217.80000,4223.61000,4217.65000,4220.99000,2155
2026.06.13,04:25,4221.10000,4221.36000,4216.80000,4218.91000,2042
2026.06.13,04:30,4218.88000,4220.41000,4213.97000,4220.01000,1988
2026.06.13,04:35,4219.97000,4221.36000,4217.54000,4218.48000,1933
2026.06.13,04:40,4218.47000,4223.53000,4217.35000,4222.33000,1991
2026.06.13,04:45,4222.34000,4224.96000,4221.85000,4223.24000,1644
2026.06.13,04:50,4223.26000,4224.46000,4222.41000,4223.50000,1665
2026.06.13,04:55,4223.52000,4223.60000,4219.64000,4221.33000,1827
2026.06.13,05:00,4221.34000,4222.58000,4219.55000,4219.80000,2377
2026.06.13,05:05,4219.72000,4220.94000,4218.22000,4220.66000,2308
2026.06.13,05:10,4220.69000,4228.43000,4220.19000,4226.99000,2206
2026.06.13,05:15,4227.00000,4229.82000,4225.21000,4229.24000,2382
2026.06.13,05:20,4229.13000,4235.26000,4228.86000,4228.98000,2071
2026.06.13,05:25,4228.97000,4229.29000,4224.38000,4226.38000,1826
2026.06.13,05:30,4226.51000,4228.49000,4224.30000,4227.36000,1474
2026.06.13,05:35,4227.34000,4227.52000,4225.34000,4226.37000,1200
2026.06.13,05:40,4226.36000,4230.04000,4225.87000,4229.29000,1209
2026.06.13,05:45,4229.23000,4229.23000,4222.50000,4222.89000,1524
2026.06.13,05:50,4222.87000,4223.27000,4220.60000,4221.95000,1344
2026.06.13,05:55,4221.96000,4222.34000,4214.11000,4215.52000,1996
2026.06.13,06:00,4215.31000,4218.32000,4214.19000,4217.53000,1410
2026.06.13,06:05,4217.54000,4219.51000,4215.34000,4217.52000,1269
2026.06.13,06:10,4217.53000,4218.96000,4216.32000,4217.53000,1204
2026.06.13,06:15,4217.47000,4217.47000,4213.53000,4214.92000,1326
2026.06.13,06:20,4214.91000,4215.01000,4210.03000,4210.23000,1286
2026.06.13,06:25,4210.17000,4211.43000,4207.80000,4208.54000,1522
2026.06.13,06:30,4208.59000,4210.26000,4204.04000,4204.25000,1982
2026.06.13,06:35,4204.24000,4208.66000,4201.83000,4205.27000,2369
2026.06.13,06:40,4205.29000,4207.52000,4204.41000,4205.12000,1622
2026.06.13,06:45,4204.97000,4207.94000,4203.62000,4206.88000,1498
2026.06.13,06:50,4206.93000,4208.22000,4205.84000,4206.74000,1606
2026.06.13,06:55,4206.73000,4211.21000,4205.43000,4210.74000,1786
2026.06.13,07:00,4210.65000,4211.70000,4209.37000,4210.84000,847
2026.06.13,07:05,4210.83000,4211.92000,4209.59000,4211.03000,506
2026.06.13,07:10,4211.02000,4213.58000,4210.67000,4212.54000,523
2026.06.13,07:15,4212.58000,4214.28000,4212.22000,4214.28000,276
2026.06.13,07:20,4214.31000,4216.98000,4214.19000,4214.23000,493
2026.06.13,07:25,4214.55000,4215.20000,4213.15000,4214.42000,392
2026.06.13,07:30,4214.43000,4214.51000,4212.84000,4213.34000,247
2026.06.13,07:35,4213.38000,4214.09000,4212.26000,4213.67000,243
2026.06.13,07:40,4213.69000,4213.72000,4212.64000,4213.43000,237
2026.06.15,09:00,4267.73000,4302.25000,4265.81000,4300.20000,2504
2026.06.15,09:05,4300.15000,4309.04000,4292.76000,4306.20000,2697
2026.06.15,09:10,4305.99000,4305.99000,4294.99000,4298.97000,2531
2026.06.15,09:15,4298.95000,4305.49000,4297.02000,4305.17000,2409
2026.06.15,09:20,4305.18000,4306.26000,4297.30000,4298.04000,1407
2026.06.15,09:25,4297.99000,4297.99000,4283.56000,4286.64000,2262
2026.06.15,09:30,4286.67000,4287.09000,4279.96000,4284.18000,1815
2026.06.15,09:35,4284.21000,4286.12000,4281.00000,4284.80000,1405
2026.06.15,09:40,4284.77000,4288.61000,4284.00000,4284.83000,1054
2026.06.15,09:45,4284.81000,4291.62000,4284.35000,4291.46000,939
2026.06.15,09:50,4291.40000,4291.72000,4287.79000,4290.98000,780
2026.06.15,09:55,4290.93000,4291.04000,4285.19000,4285.19000,812
2026.06.15,10:00,4285.41000,4287.26000,4282.20000,4284.37000,1299
2026.06.15,10:05,4284.76000,4288.32000,4281.90000,4283.09000,888
2026.06.15,10:10,4282.87000,4284.49000,4282.35000,4283.12000,741
2026.06.15,10:15,4283.10000,4283.46000,4280.87000,4282.53000,896
2026.06.15,10:20,4282.44000,4283.67000,4280.73000,4282.71000,890
2026.06.15,10:25,4282.96000,4284.54000,4282.45000,4283.43000,702
2026.06.15,10:30,4283.41000,4286.11000,4281.59000,4284.32000,673
2026.06.15,10:35,4284.42000,4286.05000,4283.26000,4285.46000,563
2026.06.15,10:40,4285.44000,4285.59000,4282.05000,4285.11000,618
2026.06.15,10:45,4285.08000,4294.13000,4284.17000,4293.83000,1390
2026.06.15,10:50,4293.99000,4294.69000,4291.76000,4293.04000,910
2026.06.15,10:55,4293.05000,4295.12000,4292.33000,4294.07000,955
2026.06.15,11:00,4293.97000,4295.90000,4293.20000,4294.45000,1365
2026.06.15,11:05,4294.44000,4296.58000,4293.63000,4296.58000,1178
2026.06.15,11:10,4296.59000,4301.10000,4296.09000,4299.93000,1525
2026.06.15,11:15,4299.94000,4304.26000,4299.74000,4304.26000,1540
2026.06.15,11:20,4304.29000,4307.60000,4301.10000,4306.12000,1302
2026.06.15,11:25,4306.14000,4308.18000,4300.63000,4300.96000,1338
2026.06.15,11:30,4301.20000,4305.78000,4295.69000,4302.83000,1914
2026.06.15,11:35,4302.82000,4304.89000,4296.80000,4299.08000,1340
2026.06.15,11:40,4299.07000,4300.11000,4295.75000,4297.63000,1176
2026.06.15,11:45,4297.60000,4299.92000,4295.71000,4296.48000,1485
2026.06.15,11:50,4296.45000,4297.00000,4292.25000,4295.76000,1328
2026.06.15,11:55,4295.85000,4296.34000,4291.13000,4292.18000,1400
2026.06.15,12:00,4292.21000,4300.33000,4285.41000,4291.66000,4496
2026.06.15,12:05,4291.65000,4296.28000,4287.98000,4289.37000,3303
2026.06.15,12:10,4289.39000,4297.15000,4289.11000,4296.12000,2683
2026.06.15,12:15,4295.78000,4296.26000,4289.38000,4292.93000,2301
2026.06.15,12:20,4292.99000,4306.55000,4292.99000,4302.55000,2711
2026.06.15,12:25,4302.52000,4304.73000,4296.64000,4303.40000,2517
2026.06.15,12:30,4303.42000,4315.44000,4300.95000,4312.38000,2614
2026.06.15,12:35,4312.48000,4316.64000,4308.41000,4315.72000,2358
2026.06.15,12:40,4315.78000,4319.56000,4314.84000,4317.73000,2054
2026.06.15,12:45,4317.77000,4317.91000,4313.21000,4317.34000,1960
2026.06.15,12:50,4317.37000,4319.04000,4315.01000,4316.12000,1644
2026.06.15,12:55,4316.18000,4318.95000,4315.29000,4316.72000,1604
2026.06.15,13:00,4316.70000,4324.34000,4316.16000,4322.48000,1820
2026.06.15,13:05,4322.49000,4324.72000,4321.46000,4321.57000,1347
2026.06.15,13:10,4321.73000,4326.57000,4320.23000,4326.46000,1571
2026.06.15,13:15,4326.49000,4328.64000,4324.26000,4325.23000,1050
2026.06.15,13:20,4325.25000,4330.95000,4325.25000,4329.48000,1265
2026.06.15,13:25,4329.52000,4330.84000,4326.82000,4328.06000,1105
2026.06.15,13:30,4328.10000,4332.05000,4327.76000,4329.60000,1800
2026.06.15,13:35,4329.57000,4334.11000,4328.57000,4332.64000,1621
2026.06.15,13:40,4332.65000,4333.02000,4328.01000,4330.24000,1661
2026.06.15,13:45,4330.26000,4334.66000,4329.47000,4334.50000,1699
2026.06.15,13:50,4334.51000,4335.44000,4327.70000,4330.14000,1529
2026.06.15,13:55,4330.16000,4330.88000,4327.88000,4329.65000,1153
2026.06.15,14:00,4329.63000,4331.23000,4325.34000,4326.40000,1555
2026.06.15,14:05,4326.41000,4328.49000,4321.89000,4323.76000,1571
2026.06.15,14:10,4323.82000,4325.72000,4322.43000,4325.32000,1168
2026.06.15,14:15,4325.33000,4328.93000,4324.26000,4326.95000,1501
2026.06.15,14:20,4326.86000,4327.29000,4323.96000,4325.20000,1300
2026.06.15,14:25,4325.32000,4325.43000,4321.48000,4323.91000,1234
2026.06.15,14:30,4323.94000,4327.25000,4323.34000,4326.21000,1121
2026.06.15,14:35,4326.15000,4327.25000,4324.39000,4324.44000,688
2026.06.15,14:40,4324.47000,4324.62000,4321.04000,4323.46000,688
2026.06.15,14:45,4323.41000,4327.42000,4323.20000,4326.15000,559
2026.06.15,14:50,4326.13000,4326.30000,4324.79000,4325.39000,513
2026.06.15,14:55,4325.38000,4326.02000,4323.67000,4324.97000,672
2026.06.15,15:00,4324.95000,4327.56000,4322.72000,4323.29000,993
2026.06.15,15:05,4323.28000,4326.18000,4323.03000,4324.02000,606
2026.06.15,15:10,4324.04000,4326.33000,4324.03000,4326.26000,487
2026.06.15,15:15,4326.33000,4327.28000,4322.73000,4323.98000,888
2026.06.15,15:20,4323.97000,4325.24000,4320.78000,4322.30000,962
2026.06.15,15:25,4322.31000,4327.68000,4322.20000,4327.05000,732
2026.06.15,15:30,4327.06000,4328.97000,4325.32000,4328.49000,604
2026.06.15,15:35,4328.50000,4330.05000,4326.97000,4327.77000,587
2026.06.15,15:40,4327.78000,4328.75000,4326.58000,4327.76000,557
2026.06.15,15:45,4327.77000,4329.35000,4327.56000,4327.82000,556
2026.06.15,15:50,4327.84000,4328.19000,4326.57000,4326.90000,546
2026.06.15,15:55,4326.91000,4328.48000,4326.44000,4328.30000,553
2026.06.15,16:00,4328.31000,4330.07000,4327.17000,4327.92000,841
2026.06.15,16:05,4327.85000,4329.43000,4323.67000,4328.72000,1178
2026.06.15,16:10,4328.73000,4330.76000,4328.33000,4328.55000,1113
2026.06.15,16:15,4328.56000,4330.06000,4326.04000,4328.27000,1285
2026.06.15,16:20,4328.22000,4332.89000,4328.14000,4330.53000,1052
2026.06.15,16:25,4330.60000,4332.06000,4328.41000,4330.24000,967
2026.06.15,16:30,4330.23000,4332.80000,4324.79000,4327.49000,1949
2026.06.15,16:35,4327.48000,4328.18000,4319.61000,4320.55000,1755
2026.06.15,16:40,4320.56000,4321.02000,4312.47000,4312.51000,1742
2026.06.15,16:45,4312.58000,4316.22000,4309.35000,4314.13000,1534
2026.06.15,16:50,4314.01000,4314.84000,4308.15000,4310.55000,1303
2026.06.15,16:55,4310.53000,4311.56000,4307.27000,4310.16000,1340
2026.06.15,17:00,4310.19000,4312.76000,4309.62000,4312.11000,2060
2026.06.15,17:05,4312.03000,4313.48000,4303.71000,4305.30000,2559
2026.06.15,17:10,4305.32000,4308.94000,4302.78000,4308.93000,2464
2026.06.15,17:15,4308.94000,4309.53000,4303.78000,4304.61000,1984
2026.06.15,17:20,4304.62000,4308.09000,4302.97000,4307.19000,1875
2026.06.15,17:25,4307.24000,4309.35000,4303.74000,4305.06000,1849
2026.06.15,17:30,4305.07000,4307.10000,4302.91000,4306.45000,1932
2026.06.15,17:35,4306.28000,4307.01000,4302.57000,4302.96000,1806
2026.06.15,17:40,4302.95000,4306.84000,4300.74000,4306.49000,2379
2026.06.15,17:45,4306.53000,4307.73000,4304.18000,4307.53000,1230
2026.06.15,17:50,4307.54000,4307.97000,4305.14000,4307.52000,1174
2026.06.15,17:55,4307.56000,4309.66000,4306.95000,4308.06000,1141
2026.06.15,18:00,4308.59000,4310.73000,4305.16000,4310.24000,1640
2026.06.15,18:05,4310.22000,4313.21000,4307.66000,4312.59000,1402
2026.06.15,18:10,4312.58000,4314.40000,4310.01000,4313.64000,1276
2026.06.15,18:15,4313.68000,4315.29000,4313.02000,4314.27000,1138
2026.06.15,18:20,4314.28000,4318.76000,4313.32000,4316.20000,1498
2026.06.15,18:25,4316.21000,4318.07000,4315.41000,4316.66000,1361
2026.06.15,18:30,4316.77000,4317.13000,4312.38000,4314.09000,1696
2026.06.15,18:35,4314.10000,4316.46000,4312.01000,4316.00000,1217
2026.06.15,18:40,4316.03000,4317.35000,4314.43000,4316.52000,1237
2026.06.15,18:45,4316.46000,4317.21000,4312.51000,4313.38000,1020
2026.06.15,18:50,4313.37000,4323.25000,4313.01000,4323.25000,1497
2026.06.15,18:55,4323.18000,4325.35000,4320.51000,4323.16000,1529
2026.06.15,19:00,4323.07000,4329.25000,4321.62000,4328.27000,1417
2026.06.15,19:05,4328.24000,4329.27000,4325.91000,4329.01000,1316
2026.06.15,19:10,4329.00000,4329.69000,4324.16000,4328.98000,1299
2026.06.15,19:15,4328.96000,4331.30000,4327.79000,4329.69000,1354
2026.06.15,19:20,4329.65000,4331.84000,4328.48000,4328.80000,1390
2026.06.15,19:25,4328.82000,4332.68000,4327.16000,4328.59000,1386
2026.06.15,19:30,4328.57000,4343.56000,4327.73000,4343.22000,1816
2026.06.15,19:35,4343.29000,4345.27000,4341.93000,4342.75000,1670
2026.06.15,19:40,4342.79000,4345.03000,4340.47000,4340.84000,1295
2026.06.15,19:45,4340.99000,4342.96000,4337.29000,4337.73000,1297
2026.06.15,19:50,4337.72000,4339.23000,4334.55000,4339.16000,1030
2026.06.15,19:55,4339.15000,4339.15000,4334.03000,4334.13000,994
2026.06.15,20:00,4334.11000,4341.42000,4334.11000,4341.42000,1310
2026.06.15,20:05,4341.48000,4342.98000,4339.07000,4340.15000,1229
2026.06.15,20:10,4340.16000,4340.82000,4337.16000,4339.96000,1120
2026.06.15,20:15,4339.95000,4341.75000,4337.55000,4339.34000,1288
2026.06.15,20:20,4339.14000,4343.15000,4338.35000,4340.53000,1201
2026.06.15,20:25,4340.57000,4340.64000,4336.36000,4338.90000,1587
2026.06.15,20:30,4338.86000,4338.94000,4334.93000,4336.20000,1395
2026.06.15,20:35,4336.13000,4341.04000,4335.58000,4339.72000,975
2026.06.15,20:40,4339.73000,4340.04000,4335.16000,4335.75000,936
2026.06.15,20:45,4335.71000,4340.87000,4335.14000,4340.02000,1029
2026.06.15,20:50,4340.04000,4340.85000,4339.45000,4339.53000,790
2026.06.15,20:55,4339.55000,4340.55000,4336.46000,4336.62000,1178
2026.06.15,21:00,4336.79000,4337.63000,4335.68000,4335.71000,1060
2026.06.15,21:05,4335.72000,4340.36000,4335.71000,4338.05000,961
2026.06.15,21:10,4338.03000,4338.23000,4336.17000,4337.70000,828
2026.06.15,21:15,4337.68000,4339.13000,4337.58000,4338.36000,789
2026.06.15,21:20,4338.35000,4338.76000,4336.02000,4338.31000,833
2026.06.15,21:25,4338.26000,4339.36000,4337.58000,4338.36000,956
2026.06.15,21:30,4338.35000,4340.34000,4337.23000,4339.13000,956
2026.06.15,21:35,4339.12000,4340.11000,4336.46000,4336.58000,742
2026.06.15,21:40,4336.57000,4338.34000,4335.29000,4337.66000,741
2026.06.15,21:45,4337.67000,4341.38000,4337.55000,4340.45000,807
2026.06.15,21:50,4340.51000,4340.63000,4336.14000,4337.19000,1018
2026.06.15,21:55,4337.13000,4338.94000,4336.78000,4338.13000,1244
2026.06.15,22:00,4338.19000,4338.96000,4336.20000,4337.68000,1262
2026.06.15,22:05,4337.69000,4339.30000,4337.62000,4338.38000,883
2026.06.15,22:10,4338.40000,4339.74000,4336.87000,4337.83000,908
2026.06.15,22:15,4337.80000,4339.67000,4336.68000,4338.93000,1307
2026.06.15,22:20,4338.92000,4340.10000,4336.11000,4337.87000,1039
2026.06.15,22:25,4337.86000,4341.48000,4336.42000,4341.02000,1238
2026.06.15,22:30,4341.20000,4346.94000,4341.20000,4345.76000,1257
2026.06.15,22:35,4345.75000,4346.64000,4341.35000,4346.58000,1022
2026.06.15,22:40,4346.56000,4347.56000,4338.10000,4338.45000,1503
2026.06.15,22:45,4338.34000,4338.64000,4331.83000,4333.69000,1974
2026.06.15,22:50,4333.70000,4336.73000,4333.70000,4335.97000,1405
2026.06.15,22:55,4335.96000,4336.24000,4333.83000,4335.08000,1045
2026.06.15,23:00,4335.10000,4338.60000,4333.89000,4337.47000,1237
2026.06.15,23:05,4337.46000,4338.14000,4334.33000,4334.62000,1347
2026.06.15,23:10,4334.65000,4338.45000,4330.46000,4331.02000,1949
2026.06.15,23:15,4331.12000,4333.19000,4324.57000,4327.18000,2093
2026.06.15,23:20,4327.20000,4335.20000,4325.02000,4333.03000,2115
2026.06.15,23:25,4333.01000,4338.03000,4333.01000,4337.08000,1458
2026.06.15,23:30,4337.12000,4343.31000,4334.62000,4342.30000,1996
2026.06.15,23:35,4342.26000,4346.62000,4340.43000,4343.80000,1958
2026.06.15,23:40,4343.79000,4346.55000,4343.11000,4345.11000,1311
2026.06.15,23:45,4345.13000,4346.82000,4343.17000,4345.74000,1523
2026.06.15,23:50,4345.75000,4349.45000,4343.58000,4344.01000,1665
2026.06.15,23:55,4343.99000,4349.25000,4343.64000,4348.99000,1457
2026.06.16,00:00,4348.94000,4348.94000,4342.12000,4343.09000,2449
2026.06.16,00:05,4342.95000,4346.72000,4341.12000,4345.17000,1751
2026.06.16,00:10,4345.18000,4350.34000,4345.18000,4349.03000,1604
2026.06.16,00:15,4349.08000,4353.83000,4349.08000,4353.05000,1706
2026.06.16,00:20,4353.01000,4355.49000,4351.47000,4353.73000,1962
2026.06.16,00:25,4353.75000,4355.75000,4352.83000,4353.25000,1762
2026.06.16,00:30,4353.34000,4364.97000,4352.18000,4362.79000,4338
2026.06.16,00:35,4362.72000,4366.81000,4359.39000,4363.10000,3600
2026.06.16,00:40,4363.29000,4368.82000,4360.26000,4363.17000,4307
2026.06.16,00:45,4363.12000,4364.52000,4359.30000,4361.74000,3392
2026.06.16,00:50,4361.85000,4362.79000,4356.46000,4357.59000,3022
2026.06.16,00:55,4357.70000,4361.85000,4354.36000,4355.26000,3329
2026.06.16,01:00,4355.12000,4360.55000,4353.83000,4358.80000,3656
2026.06.16,01:05,4358.82000,4369.37000,4357.79000,4365.83000,3654
2026.06.16,01:10,4365.84000,4365.90000,4354.44000,4357.37000,3481
2026.06.16,01:15,4357.43000,4362.95000,4356.90000,4361.55000,3175
2026.06.16,01:20,4361.51000,4361.78000,4353.91000,4357.39000,3021
2026.06.16,01:25,4357.35000,4364.14000,4356.94000,4363.50000,2843
2026.06.16,01:30,4363.65000,4365.04000,4356.71000,4357.32000,3051
2026.06.16,01:35,4357.34000,4359.98000,4353.87000,4357.57000,2386
2026.06.16,01:40,4357.58000,4358.80000,4354.65000,4357.02000,3018
2026.06.16,01:45,4357.01000,4362.74000,4355.42000,4361.76000,2529
2026.06.16,01:50,4361.86000,4363.55000,4358.93000,4361.44000,2435
2026.06.16,01:55,4361.43000,4362.22000,4356.48000,4356.72000,2459
2026.06.16,02:00,4356.69000,4357.25000,4351.49000,4354.77000,2852
2026.06.16,02:05,4354.83000,4359.23000,4353.08000,4354.20000,2125
2026.06.16,02:10,4354.19000,4354.29000,4349.39000,4351.06000,2257
2026.06.16,02:15,4351.08000,4355.98000,4350.20000,4351.48000,2226
2026.06.16,02:20,4351.51000,4357.25000,4349.94000,4356.31000,1896
2026.06.16,02:25,4356.27000,4358.22000,4353.18000,4354.08000,1638
2026.06.16,02:30,4353.96000,4354.77000,4349.21000,4352.48000,2101
2026.06.16,02:35,4352.62000,4355.29000,4351.96000,4354.58000,1648
2026.06.16,02:40,4354.57000,4359.79000,4353.65000,4357.36000,1940
2026.06.16,02:45,4357.44000,4360.69000,4356.80000,4356.84000,1803
2026.06.16,02:50,4356.87000,4357.53000,4354.90000,4356.68000,1590
2026.06.16,02:55,4356.63000,4358.80000,4356.08000,4356.26000,1696
2026.06.16,03:00,4356.24000,4357.27000,4354.38000,4357.08000,1293
2026.06.16,03:05,4357.09000,4358.67000,4352.17000,4352.23000,1178
2026.06.16,03:10,4352.27000,4352.74000,4348.91000,4351.63000,1303
2026.06.16,03:15,4351.67000,4352.49000,4343.47000,4345.98000,1631
2026.06.16,03:20,4345.74000,4346.55000,4339.99000,4340.04000,1777
2026.06.16,03:25,4340.03000,4344.34000,4338.94000,4342.98000,1335
2026.06.16,03:30,4342.96000,4343.05000,4338.39000,4340.69000,1219
2026.06.16,03:35,4340.60000,4341.49000,4337.68000,4338.94000,981
2026.06.16,03:40,4338.97000,4341.01000,4336.11000,4336.17000,1472
2026.06.16,03:45,4336.18000,4338.46000,4335.83000,4336.53000,1652
2026.06.16,03:50,4336.54000,4338.99000,4334.48000,4337.96000,1291
2026.06.16,03:55,4337.95000,4339.74000,4336.17000,4339.07000,1350
2026.06.16,04:00,4339.18000,4339.18000,4332.98000,4333.93000,1868
2026.06.16,04:05,4333.94000,4335.36000,4331.31000,4332.28000,1678
2026.06.16,04:10,4332.25000,4334.90000,4330.63000,4333.87000,1700
2026.06.16,04:15,4333.86000,4334.80000,4330.33000,4330.97000,1381
2026.06.16,04:20,4330.93000,4331.52000,4328.88000,4330.85000,1514
2026.06.16,04:25,4330.81000,4333.85000,4329.41000,4329.72000,1753
2026.06.16,04:30,4329.74000,4329.88000,4325.69000,4325.69000,1511
2026.06.16,04:35,4325.71000,4327.59000,4321.75000,4324.23000,1686
2026.06.16,04:40,4324.22000,4324.84000,4321.02000,4321.96000,1534
2026.06.16,04:45,4321.97000,4325.23000,4321.18000,4322.93000,1290
2026.06.16,04:50,4322.94000,4323.54000,4320.35000,4321.46000,1318
2026.06.16,04:55,4321.44000,4325.01000,4320.75000,4324.72000,1486
2026.06.16,05:00,4324.85000,4325.00000,4317.75000,4320.52000,1591
2026.06.16,05:05,4320.50000,4321.84000,4318.68000,4320.75000,1506
2026.06.16,05:10,4320.69000,4324.47000,4320.38000,4324.10000,1571
2026.06.16,05:15,4324.11000,4325.89000,4322.75000,4324.91000,1342
2026.06.16,05:20,4324.71000,4327.99000,4324.71000,4326.56000,1266
2026.06.16,05:25,4326.57000,4327.84000,4324.08000,4324.65000,1136
2026.06.16,05:30,4324.67000,4325.20000,4321.73000,4323.07000,1294
2026.06.16,05:35,4323.08000,4325.79000,4321.98000,4324.89000,1273
2026.06.16,05:40,4324.90000,4326.16000,4324.26000,4324.91000,965
2026.06.16,05:45,4324.90000,4325.37000,4323.90000,4324.98000,1315
2026.06.16,05:50,4324.99000,4327.12000,4324.79000,4325.81000,1399
2026.06.16,05:55,4325.85000,4326.55000,4324.83000,4325.56000,887
2026.06.16,06:00,4325.55000,4326.67000,4321.75000,4322.24000,1273
2026.06.16,06:05,4322.25000,4323.51000,4321.26000,4322.14000,1320
2026.06.16,06:10,4322.09000,4323.14000,4320.75000,4322.44000,1053
2026.06.16,06:15,4322.46000,4324.30000,4322.19000,4323.96000,1098
2026.06.16,06:20,4324.02000,4324.46000,4320.86000,4323.38000,1022
2026.06.16,06:25,4323.37000,4323.82000,4320.90000,4321.39000,911
2026.06.16,06:30,4321.40000,4323.72000,4321.40000,4322.54000,1478
2026.06.16,06:35,4322.42000,4322.59000,4319.34000,4320.62000,1399
2026.06.16,06:40,4320.60000,4320.93000,4317.99000,4318.91000,1325
2026.06.16,06:45,4318.98000,4320.01000,4317.66000,4318.28000,1507
2026.06.16,06:50,4318.22000,4320.57000,4316.48000,4319.99000,1681
2026.06.16,06:55,4319.97000,4321.08000,4318.73000,4320.61000,1803
2026.06.16,07:00,4320.66000,4322.05000,4319.26000,4319.55000,908
2026.06.16,07:05,4319.56000,4320.64000,4318.94000,4319.38000,486
2026.06.16,07:10,4319.37000,4319.37000,4315.63000,4315.84000,600
2026.06.16,07:15,4315.87000,4318.58000,4314.30000,4317.83000,514
2026.06.16,07:20,4317.75000,4317.81000,4312.02000,4312.44000,686
2026.06.16,07:25,4312.28000,4314.27000,4310.55000,4312.64000,583
2026.06.16,07:30,4312.65000,4313.05000,4310.79000,4311.25000,473
2026.06.16,07:35,4311.26000,4312.44000,4310.12000,4311.73000,498
2026.06.16,07:40,4311.72000,4312.41000,4308.36000,4309.82000,682
2026.06.16,07:45,4309.78000,4310.68000,4308.90000,4310.11000,481
2026.06.16,07:50,4310.12000,4310.57000,4306.60000,4307.93000,563
2026.06.16,07:55,4307.99000,4309.79000,4306.50000,4309.21000,528
2026.06.16,09:00,4310.65000,4313.59000,4309.07000,4313.32000,492
2026.06.16,09:05,4313.10000,4315.35000,4311.69000,4313.08000,644
2026.06.16,09:10,4313.10000,4313.70000,4308.62000,4310.18000,1038
2026.06.16,09:15,4310.14000,4311.71000,4306.30000,4310.69000,1020
2026.06.16,09:20,4310.68000,4313.50000,4307.20000,4307.20000,687
2026.06.16,09:25,4307.19000,4310.00000,4305.71000,4308.61000,780
2026.06.16,09:30,4308.62000,4311.65000,4306.57000,4309.94000,770
2026.06.16,09:35,4309.95000,4311.37000,4309.58000,4311.26000,828
2026.06.16,09:40,4311.08000,4314.74000,4310.61000,4312.47000,693
2026.06.16,09:45,4312.46000,4312.73000,4310.61000,4310.66000,708
2026.06.16,09:50,4310.67000,4314.37000,4310.58000,4313.27000,693
2026.06.16,09:55,4313.25000,4314.36000,4311.27000,4311.80000,679
2026.06.16,10:00,4311.81000,4316.30000,4311.49000,4315.34000,657
2026.06.16,10:05,4315.30000,4316.46000,4313.83000,4314.39000,749
2026.06.16,10:10,4314.49000,4316.02000,4312.91000,4313.21000,647
2026.06.16,10:15,4313.20000,4314.98000,4311.32000,4312.58000,841
2026.06.16,10:20,4312.30000,4314.36000,4312.28000,4313.71000,760
2026.06.16,10:25,4313.72000,4315.60000,4313.71000,4315.45000,486
2026.06.16,10:30,4315.46000,4316.39000,4314.54000,4316.31000,361
2026.06.16,10:35,4316.38000,4319.07000,4314.50000,4314.95000,874
2026.06.16,10:40,4314.91000,4318.52000,4313.31000,4318.14000,744
2026.06.16,10:45,4318.15000,4318.49000,4313.03000,4317.46000,1047
2026.06.16,10:50,4317.47000,4319.11000,4316.63000,4318.61000,759
2026.06.16,10:55,4318.64000,4319.02000,4314.69000,4315.55000,914
2026.06.16,11:00,4315.44000,4318.40000,4313.52000,4315.82000,1747
2026.06.16,11:05,4315.81000,4317.16000,4314.76000,4316.66000,843
2026.06.16,11:10,4316.64000,4317.29000,4313.19000,4313.34000,902
2026.06.16,11:15,4313.33000,4315.68000,4309.88000,4311.45000,1264
2026.06.16,11:20,4311.42000,4312.28000,4308.17000,4309.07000,1360
2026.06.16,11:25,4309.11000,4310.25000,4306.59000,4308.34000,1188
2026.06.16,11:30,4308.30000,4311.68000,4307.90000,4310.71000,1702
2026.06.16,11:35,4310.66000,4313.78000,4309.63000,4312.00000,1460
2026.06.16,11:40,4311.97000,4312.11000,4309.74000,4311.05000,1280
2026.06.16,11:45,4311.02000,4312.79000,4310.53000,4312.10000,1251
2026.06.16,11:50,4311.99000,4313.96000,4311.36000,4313.44000,1182
2026.06.16,11:55,4313.47000,4320.70000,4313.47000,4319.11000,1807
2026.06.16,12:00,4319.12000,4325.97000,4316.38000,4321.88000,3339
2026.06.16,12:05,4321.87000,4322.34000,4315.26000,4318.82000,3335
2026.06.16,12:10,4318.79000,4323.14000,4318.24000,4319.65000,2518
2026.06.16,12:15,4319.61000,4321.38000,4318.63000,4319.08000,2097
2026.06.16,12:20,4319.15000,4321.83000,4315.97000,4319.09000,2132
2026.06.16,12:25,4319.11000,4324.00000,4317.64000,4319.26000,3021
2026.06.16,12:30,4318.96000,4320.28000,4314.23000,4315.45000,2891
2026.06.16,12:35,4315.16000,4318.70000,4313.34000,4317.67000,1866
2026.06.16,12:40,4317.42000,4318.35000,4313.33000,4314.88000,1774
2026.06.16,12:45,4314.87000,4319.26000,4313.94000,4317.59000,1673
2026.06.16,12:50,4317.57000,4317.64000,4312.71000,4313.84000,1508
2026.06.16,12:55,4313.85000,4314.11000,4311.95000,4313.45000,1603
2026.06.16,13:00,4313.44000,4314.03000,4310.15000,4310.15000,1431
2026.06.16,13:05,4310.13000,4312.58000,4307.68000,4311.27000,1891
2026.06.16,13:10,4311.29000,4311.66000,4308.86000,4309.38000,1655
2026.06.16,13:15,4309.43000,4311.65000,4308.36000,4310.58000,1065
2026.06.16,13:20,4310.57000,4311.77000,4309.85000,4310.21000,659
2026.06.16,13:25,4310.22000,4312.87000,4310.09000,4312.66000,482
2026.06.16,13:30,4312.76000,4318.18000,4312.56000,4317.69000,1368
2026.06.16,13:35,4317.75000,4318.08000,4313.17000,4313.45000,1298
2026.06.16,13:40,4313.44000,4313.44000,4309.47000,4311.89000,1362
2026.06.16,13:45,4311.90000,4313.96000,4311.09000,4311.92000,1103
2026.06.16,13:50,4311.96000,4317.55000,4311.47000,4316.24000,1554
2026.06.16,13:55,4316.25000,4320.84000,4315.04000,4318.55000,1680
2026.06.16,14:00,4318.47000,4319.78000,4317.09000,4318.92000,1293
2026.06.16,14:05,4318.94000,4320.60000,4317.18000,4317.49000,1353
2026.06.16,14:10,4317.51000,4321.01000,4317.39000,4318.59000,1196
2026.06.16,14:15,4318.61000,4319.68000,4315.44000,4317.79000,1319
2026.06.16,14:20,4317.62000,4319.52000,4316.02000,4319.45000,1287
2026.06.16,14:25,4319.48000,4322.47000,4319.39000,4321.27000,1281
2026.06.16,14:30,4321.23000,4325.15000,4319.53000,4324.90000,1321
2026.06.16,14:35,4324.91000,4328.06000,4324.14000,4327.04000,1146
2026.06.16,14:40,4327.05000,4332.88000,4326.63000,4331.89000,1030
2026.06.16,14:45,4331.87000,4332.93000,4330.11000,4331.20000,859
2026.06.16,14:50,4331.18000,4332.16000,4328.85000,4331.54000,870
2026.06.16,14:55,4331.55000,4333.05000,4329.88000,4330.25000,722
2026.06.16,15:00,4330.24000,4332.05000,4329.13000,4329.17000,708
2026.06.16,15:05,4329.19000,4330.68000,4328.14000,4328.42000,704
2026.06.16,15:10,4328.46000,4328.53000,4325.50000,4326.97000,755
2026.06.16,15:15,4326.90000,4327.69000,4324.44000,4326.30000,697
2026.06.16,15:20,4326.28000,4327.11000,4324.64000,4324.81000,566
2026.06.16,15:25,4324.71000,4324.95000,4321.88000,4322.81000,606
2026.06.16,15:30,4322.82000,4324.73000,4321.63000,4323.66000,986
2026.06.16,15:35,4323.52000,4325.31000,4322.55000,4323.98000,831
2026.06.16,15:40,4323.97000,4325.20000,4323.01000,4323.04000,591
2026.06.16,15:45,4323.05000,4323.66000,4321.79000,4323.31000,704
2026.06.16,15:50,4323.30000,4323.61000,4321.08000,4321.73000,715
2026.06.16,15:55,4321.75000,4323.60000,4321.63000,4322.50000,616
2026.06.16,16:00,4322.48000,4326.28000,4322.09000,4325.05000,882
2026.06.16,16:05,4325.13000,4328.94000,4324.33000,4328.24000,802
2026.06.16,16:10,4328.25000,4329.11000,4325.84000,4326.15000,570
2026.06.16,16:15,4326.22000,4327.94000,4325.79000,4326.58000,457
2026.06.16,16:20,4326.68000,4326.91000,4325.01000,4325.51000,676
2026.06.16,16:25,4325.43000,4327.38000,4324.42000,4327.28000,714
2026.06.16,16:30,4327.21000,4330.77000,4320.65000,4321.92000,2692
2026.06.16,16:35,4321.94000,4324.77000,4316.85000,4316.97000,2426
2026.06.16,16:40,4316.95000,4318.74000,4315.92000,4317.53000,2261
2026.06.16,16:45,4317.54000,4319.56000,4316.10000,4317.82000,1893
2026.06.16,16:50,4317.88000,4320.94000,4317.88000,4319.34000,1515
2026.06.16,16:55,4319.36000,4320.74000,4314.03000,4315.85000,1498
2026.06.16,17:00,4315.83000,4317.85000,4313.27000,4317.02000,2122
2026.06.16,17:05,4316.98000,4318.31000,4314.50000,4316.99000,1520
2026.06.16,17:10,4317.08000,4319.61000,4315.83000,4318.54000,1550
2026.06.16,17:15,4318.57000,4318.61000,4315.20000,4317.27000,1333
2026.06.16,17:20,4317.24000,4318.15000,4314.32000,4314.68000,1537
2026.06.16,17:25,4314.64000,4317.84000,4314.34000,4316.41000,1192
2026.06.16,17:30,4316.40000,4319.83000,4313.92000,4318.42000,1744
2026.06.16,17:35,4318.57000,4320.21000,4316.90000,4317.47000,1772
2026.06.16,17:40,4317.57000,4318.13000,4315.35000,4316.30000,1516
2026.06.16,17:45,4316.26000,4318.95000,4315.95000,4317.92000,1490
2026.06.16,17:50,4317.86000,4320.16000,4317.02000,4319.21000,1472
2026.06.16,17:55,4319.19000,4324.35000,4318.94000,4323.87000,1477
2026.06.16,18:00,4323.77000,4326.84000,4322.49000,4326.78000,1203
2026.06.16,18:05,4326.73000,4328.58000,4325.56000,4326.63000,1114
2026.06.16,18:10,4326.64000,4328.47000,4325.60000,4325.97000,1046
2026.06.16,18:15,4326.02000,4327.90000,4325.44000,4327.72000,995
2026.06.16,18:20,4327.73000,4327.82000,4324.12000,4324.71000,889
2026.06.16,18:25,4324.74000,4329.55000,4324.12000,4328.67000,1137
2026.06.16,18:30,4328.66000,4332.68000,4328.05000,4328.61000,1413
2026.06.16,18:35,4328.67000,4330.61000,4326.09000,4330.54000,1291
2026.06.16,18:40,4330.53000,4331.41000,4327.22000,4327.43000,1104
2026.06.16,18:45,4327.44000,4329.82000,4326.35000,4327.87000,1153
2026.06.16,18:50,4327.86000,4333.36000,4327.86000,4331.70000,1033
2026.06.16,18:55,4331.69000,4335.53000,4331.54000,4334.99000,1366
2026.06.16,19:00,4335.01000,4335.45000,4332.57000,4334.80000,1205
2026.06.16,19:05,4334.84000,4339.08000,4333.79000,4339.08000,1127
2026.06.16,19:10,4339.12000,4340.12000,4336.69000,4337.70000,1157
2026.06.16,19:15,4337.80000,4341.74000,4337.51000,4338.98000,1096
2026.06.16,19:20,4339.01000,4340.47000,4337.74000,4337.94000,980
2026.06.16,19:25,4337.95000,4343.37000,4337.85000,4341.17000,1281
2026.06.16,19:30,4341.05000,4343.00000,4339.54000,4341.30000,1176
2026.06.16,19:35,4341.32000,4343.40000,4338.91000,4340.71000,1016
2026.06.16,19:40,4340.79000,4345.00000,4339.86000,4343.26000,1085
2026.06.16,19:45,4343.25000,4344.11000,4341.76000,4342.65000,1027
2026.06.16,19:50,4342.66000,4345.11000,4340.74000,4344.22000,1194
2026.06.16,19:55,4344.20000,4347.92000,4343.79000,4347.00000,1074
2026.06.16,20:00,4346.98000,4347.64000,4343.92000,4344.92000,1249
2026.06.16,20:05,4344.79000,4348.28000,4343.97000,4347.13000,1241
2026.06.16,20:10,4347.12000,4347.92000,4345.27000,4346.03000,1128
2026.06.16,20:15,4346.11000,4346.30000,4342.27000,4342.57000,903
2026.06.16,20:20,4342.66000,4342.72000,4339.94000,4341.21000,1083
2026.06.16,20:25,4341.17000,4341.31000,4338.21000,4339.78000,882
2026.06.16,20:30,4339.75000,4344.77000,4339.24000,4344.72000,1238
2026.06.16,20:35,4344.73000,4346.33000,4343.85000,4346.15000,839
2026.06.16,20:40,4346.13000,4346.24000,4341.59000,4342.08000,831
2026.06.16,20:45,4342.09000,4344.09000,4340.15000,4344.08000,975
2026.06.16,20:50,4344.09000,4348.25000,4344.09000,4348.09000,791
2026.06.16,20:55,4348.20000,4348.21000,4344.98000,4345.10000,737
2026.06.16,21:00,4345.11000,4345.35000,4343.04000,4343.87000,848
2026.06.16,21:05,4343.83000,4345.60000,4343.74000,4345.60000,643
2026.06.16,21:10,4345.59000,4346.61000,4344.05000,4345.89000,650
2026.06.16,21:15,4345.88000,4346.52000,4344.14000,4344.23000,571
2026.06.16,21:20,4344.22000,4346.27000,4343.53000,4345.92000,672
2026.06.16,21:25,4345.96000,4346.70000,4343.85000,4344.13000,895
2026.06.16,21:30,4344.16000,4345.08000,4342.86000,4342.96000,675
2026.06.16,21:35,4342.99000,4345.60000,4342.26000,4345.16000,667
2026.06.16,21:40,4345.17000,4346.63000,4344.58000,4346.51000,577
2026.06.16,21:45,4346.52000,4347.80000,4346.43000,4346.59000,703
2026.06.16,21:50,4346.58000,4348.83000,4346.56000,4347.44000,925
2026.06.16,21:55,4347.43000,4348.91000,4346.67000,4348.88000,716
2026.06.16,22:00,4348.92000,4349.43000,4344.21000,4344.33000,1127
2026.06.16,22:05,4344.35000,4345.14000,4340.05000,4340.51000,1209
2026.06.16,22:10,4340.48000,4342.38000,4339.50000,4341.59000,968
2026.06.16,22:15,4341.58000,4341.97000,4338.65000,4340.68000,1091
2026.06.16,22:20,4340.77000,4340.86000,4338.66000,4340.85000,1028
2026.06.16,22:25,4340.95000,4343.40000,4340.07000,4341.90000,916
2026.06.16,22:30,4341.92000,4342.20000,4338.09000,4340.51000,1159
2026.06.16,22:35,4340.54000,4340.74000,4335.05000,4338.71000,1687
2026.06.16,22:40,4338.69000,4339.93000,4337.82000,4339.03000,1258
2026.06.16,22:45,4338.86000,4341.38000,4336.69000,4337.12000,1248
2026.06.16,22:50,4337.16000,4341.15000,4336.72000,4339.85000,998
2026.06.16,22:55,4339.86000,4341.58000,4337.42000,4340.82000,1220
2026.06.16,23:00,4340.84000,4342.15000,4338.52000,4338.61000,1553
2026.06.16,23:05,4338.63000,4344.87000,4338.06000,4342.94000,1466
2026.06.16,23:10,4342.95000,4345.52000,4342.11000,4344.51000,1488
2026.06.16,23:15,4344.57000,4345.11000,4340.07000,4341.48000,1235
2026.06.16,23:20,4341.53000,4343.20000,4337.36000,4341.93000,2275
2026.06.16,23:25,4341.95000,4343.74000,4339.22000,4343.64000,1221
2026.06.16,23:30,4343.66000,4347.01000,4341.43000,4344.39000,1952
2026.06.16,23:35,4344.35000,4347.14000,4342.72000,4346.88000,1653
2026.06.16,23:40,4346.87000,4349.70000,4345.26000,4349.46000,1875
2026.06.16,23:45,4349.45000,4350.68000,4348.38000,4349.02000,1772
2026.06.16,23:50,4349.04000,4354.76000,4348.67000,4350.84000,2032
2026.06.16,23:55,4350.88000,4354.79000,4350.88000,4354.49000,1442
2026.06.17,00:00,4354.22000,4354.85000,4346.98000,4347.20000,3249
2026.06.17,00:05,4347.22000,4348.62000,4343.19000,4343.26000,2093
2026.06.17,00:10,4343.22000,4345.94000,4342.03000,4343.65000,2421
2026.06.17,00:15,4343.66000,4344.99000,4339.38000,4340.30000,2226
2026.06.17,00:20,4340.31000,4340.40000,4333.05000,4338.24000,2628
2026.06.17,00:25,4338.25000,4339.41000,4334.14000,4335.00000,2601
2026.06.17,00:30,4334.95000,4340.59000,4333.70000,4338.03000,3638
2026.06.17,00:35,4338.05000,4340.30000,4336.30000,4337.77000,3059
2026.06.17,00:40,4337.76000,4339.74000,4335.13000,4339.03000,2918
2026.06.17,00:45,4339.00000,4340.47000,4334.28000,4337.53000,2826
2026.06.17,00:50,4337.47000,4340.20000,4334.61000,4337.14000,2936
2026.06.17,00:55,4337.13000,4337.13000,4331.58000,4331.70000,2876
2026.06.17,01:00,4331.60000,4338.62000,4331.43000,4338.56000,3099
2026.06.17,01:05,4338.57000,4338.70000,4333.08000,4333.77000,2182
2026.06.17,01:10,4333.84000,4336.04000,4332.37000,4335.45000,2064
2026.06.17,01:15,4335.35000,4335.35000,4322.39000,4323.03000,3698
2026.06.17,01:20,4323.02000,4325.84000,4321.42000,4325.04000,3568
2026.06.17,01:25,4325.11000,4325.71000,4317.47000,4319.67000,3808
2026.06.17,01:30,4319.68000,4321.32000,4313.19000,4317.70000,4172
2026.06.17,01:35,4317.77000,4325.49000,4317.67000,4324.72000,3017
2026.06.17,01:40,4324.73000,4328.33000,4323.55000,4324.18000,2549
2026.06.17,01:45,4324.22000,4326.88000,4322.85000,4325.03000,2647
2026.06.17,01:50,4325.01000,4327.29000,4323.53000,4324.96000,2518
2026.06.17,01:55,4324.93000,4325.05000,4321.56000,4324.03000,2763
2026.06.17,02:00,4324.02000,4327.19000,4322.28000,4323.29000,2577
2026.06.17,02:05,4323.32000,4325.96000,4322.63000,4324.37000,2364
2026.06.17,02:10,4324.34000,4326.26000,4323.12000,4324.29000,1917
2026.06.17,02:15,4324.34000,4328.54000,4323.72000,4325.31000,1804
2026.06.17,02:20,4325.32000,4327.55000,4320.77000,4321.36000,2037
2026.06.17,02:25,4321.38000,4326.38000,4321.16000,4325.60000,2084
2026.06.17,02:30,4325.61000,4327.24000,4323.91000,4326.22000,1829
2026.06.17,02:35,4326.21000,4328.69000,4323.03000,4325.74000,2559
2026.06.17,02:40,4325.78000,4327.01000,4323.44000,4326.59000,2096
2026.06.17,02:45,4326.53000,4326.61000,4321.96000,4325.38000,2542
2026.06.17,02:50,4325.41000,4338.22000,4324.55000,4337.85000,2828
2026.06.17,02:55,4337.88000,4343.31000,4335.14000,4335.19000,3205
2026.06.17,03:00,4335.12000,4339.16000,4334.83000,4337.44000,2217
2026.06.17,03:05,4337.45000,4344.10000,4337.38000,4341.79000,2019
2026.06.17,03:10,4341.66000,4347.05000,4341.05000,4345.97000,1947
2026.06.17,03:15,4345.98000,4346.80000,4343.36000,4346.17000,1707
2026.06.17,03:20,4346.14000,4346.19000,4341.63000,4343.21000,1585
2026.06.17,03:25,4343.20000,4345.60000,4342.37000,4344.48000,1355
2026.06.17,03:30,4344.46000,4345.11000,4340.48000,4340.86000,1572
2026.06.17,03:35,4340.87000,4344.57000,4340.18000,4344.33000,1631
2026.06.17,03:40,4344.38000,4345.20000,4343.33000,4344.06000,1349
2026.06.17,03:45,4344.08000,4345.81000,4343.49000,4343.68000,1360
2026.06.17,03:50,4343.69000,4346.40000,4341.43000,4341.43000,1486
2026.06.17,03:55,4341.46000,4342.48000,4340.01000,4340.53000,1082
2026.06.17,04:00,4340.50000,4340.59000,4338.02000,4339.50000,1322
2026.06.17,04:05,4339.51000,4341.13000,4338.74000,4339.73000,1074
2026.06.17,04:10,4339.74000,4339.91000,4334.20000,4335.53000,1460
2026.06.17,04:15,4335.47000,4336.00000,4330.56000,4331.28000,1560
2026.06.17,04:20,4331.32000,4331.65000,4325.16000,4328.38000,2243
2026.06.17,04:25,4328.37000,4334.87000,4327.86000,4334.62000,1969
2026.06.17,04:30,4334.53000,4337.94000,4333.98000,4337.23000,1464
2026.06.17,04:35,4337.34000,4340.11000,4335.97000,4336.87000,1527
2026.06.17,04:40,4336.83000,4339.28000,4336.30000,4338.43000,1353
2026.06.17,04:45,4338.42000,4338.47000,4335.89000,4337.21000,1133
2026.06.17,04:50,4337.32000,4340.37000,4336.64000,4339.30000,968
2026.06.17,04:55,4339.28000,4340.42000,4338.74000,4340.20000,908
2026.06.17,05:00,4340.21000,4342.65000,4339.49000,4340.61000,1328
2026.06.17,05:05,4340.57000,4341.11000,4339.03000,4340.22000,1128
2026.06.17,05:10,4340.25000,4342.44000,4340.25000,4341.72000,1315
2026.06.17,05:15,4341.68000,4342.28000,4339.37000,4340.00000,1452
2026.06.17,05:20,4340.04000,4340.92000,4338.81000,4339.67000,1259
2026.06.17,05:25,4339.71000,4341.51000,4339.13000,4341.18000,1264
2026.06.17,05:30,4341.20000,4342.80000,4339.91000,4340.36000,1205
2026.06.17,05:35,4340.37000,4341.02000,4338.45000,4338.58000,1325
2026.06.17,05:40,4338.69000,4339.70000,4338.23000,4338.84000,1119
2026.06.17,05:45,4338.87000,4340.02000,4336.50000,4336.54000,850
2026.06.17,05:50,4336.57000,4338.58000,4336.20000,4338.02000,878
2026.06.17,05:55,4338.06000,4339.48000,4337.52000,4338.50000,886
2026.06.17,06:00,4338.51000,4342.61000,4337.82000,4341.86000,1299
2026.06.17,06:05,4341.84000,4342.82000,4340.72000,4340.98000,932
2026.06.17,06:10,4340.95000,4341.24000,4338.95000,4339.20000,1179
2026.06.17,06:15,4339.25000,4339.32000,4336.44000,4338.79000,1261
2026.06.17,06:20,4338.84000,4340.75000,4338.27000,4339.83000,1001
2026.06.17,06:25,4339.82000,4340.98000,4339.38000,4339.38000,940
2026.06.17,06:30,4339.39000,4339.84000,4338.58000,4338.98000,1080
2026.06.17,06:35,4339.00000,4339.53000,4337.39000,4337.53000,1114
2026.06.17,06:40,4337.52000,4339.07000,4336.76000,4338.39000,965
2026.06.17,06:45,4338.46000,4339.51000,4337.13000,4337.61000,986
2026.06.17,06:50,4337.62000,4339.04000,4333.38000,4333.81000,1435
2026.06.17,06:55,4333.58000,4334.40000,4330.44000,4333.91000,2292
2026.06.17,07:00,4333.57000,4334.20000,4331.12000,4332.48000,814
2026.06.17,07:05,4332.42000,4333.67000,4331.87000,4332.21000,514
2026.06.17,07:10,4332.22000,4333.22000,4331.13000,4331.15000,541
2026.06.17,07:15,4331.12000,4333.55000,4330.96000,4333.35000,446
2026.06.17,07:20,4333.38000,4333.84000,4332.45000,4333.56000,326
2026.06.17,07:25,4333.55000,4334.17000,4332.89000,4332.89000,298
2026.06.17,07:30,4332.90000,4333.52000,4331.60000,4332.09000,349
2026.06.17,07:35,4332.10000,4334.35000,4332.10000,4334.28000,333
2026.06.17,07:40,4334.22000,4334.98000,4332.66000,4333.36000,432
2026.06.17,07:45,4333.30000,4333.33000,4330.60000,4331.75000,419
2026.06.17,07:50,4331.73000,4332.93000,4330.35000,4331.06000,433
2026.06.17,07:55,4331.11000,4331.44000,4329.39000,4330.99000,488
2026.06.17,09:00,4333.67000,4334.80000,4330.11000,4331.32000,361
2026.06.17,09:05,4331.36000,4332.77000,4330.81000,4332.10000,331
2026.06.17,09:10,4332.03000,4332.74000,4331.75000,4331.98000,158
2026.06.17,09:15,4331.97000,4333.04000,4329.02000,4331.02000,408
2026.06.17,09:20,4331.03000,4331.97000,4328.66000,4329.21000,498
2026.06.17,09:25,4328.85000,4331.33000,4328.65000,4330.24000,640
2026.06.17,09:30,4330.25000,4332.98000,4329.96000,4332.05000,427
2026.06.17,09:35,4332.03000,4332.89000,4330.84000,4332.24000,319
2026.06.17,09:40,4332.21000,4333.01000,4331.50000,4332.61000,317
2026.06.17,09:45,4332.78000,4334.48000,4332.40000,4333.00000,277
2026.06.17,09:50,4333.08000,4334.71000,4331.75000,4334.37000,353
2026.06.17,09:55,4334.34000,4336.13000,4333.06000,4335.46000,385
2026.06.17,10:00,4335.49000,4335.49000,4333.93000,4334.11000,268
2026.06.17,10:05,4334.10000,4336.39000,4333.53000,4335.54000,371
2026.06.17,10:10,4335.57000,4338.45000,4335.21000,4336.37000,432
2026.06.17,10:15,4336.36000,4337.01000,4335.56000,4335.67000,231
2026.06.17,10:20,4335.98000,4336.36000,4335.45000,4335.65000,200
2026.06.17,10:25,4335.61000,4336.74000,4335.41000,4335.72000,241
2026.06.17,10:30,4335.71000,4336.32000,4333.77000,4334.93000,310
2026.06.17,10:35,4334.97000,4336.01000,4332.83000,4333.33000,359
2026.06.17,10:40,4333.30000,4334.56000,4332.60000,4334.27000,234
2026.06.17,10:45,4334.46000,4335.04000,4332.20000,4332.97000,459
2026.06.17,10:50,4332.99000,4333.47000,4330.55000,4332.09000,489
2026.06.17,10:55,4331.71000,4332.30000,4329.04000,4330.55000,491
2026.06.17,11:00,4330.54000,4335.39000,4328.23000,4334.04000,1580
2026.06.17,11:05,4334.12000,4338.96000,4333.34000,4338.24000,1676
2026.06.17,11:10,4338.27000,4340.06000,4337.24000,4337.56000,1278
2026.06.17,11:15,4337.49000,4341.66000,4337.38000,4339.21000,1471
2026.06.17,11:20,4339.53000,4339.91000,4337.34000,4338.24000,1254
2026.06.17,11:25,4338.12000,4339.20000,4336.42000,4337.24000,942
2026.06.17,11:30,4337.23000,4338.64000,4336.00000,4338.09000,808
2026.06.17,11:35,4338.08000,4338.83000,4334.90000,4334.98000,825
2026.06.17,11:40,4334.97000,4336.77000,4334.65000,4335.34000,721
2026.06.17,11:45,4335.33000,4335.45000,4332.14000,4333.69000,909
2026.06.17,11:50,4333.71000,4337.91000,4332.90000,4335.35000,1151
2026.06.17,11:55,4335.30000,4337.37000,4334.95000,4337.10000,1147
2026.06.17,12:00,4336.93000,4343.58000,4334.25000,4341.71000,2916
2026.06.17,12:05,4341.72000,4349.57000,4340.61000,4347.65000,2269
2026.06.17,12:10,4347.66000,4349.73000,4346.22000,4347.75000,1716
2026.06.17,12:15,4347.68000,4347.82000,4341.54000,4342.29000,1805
2026.06.17,12:20,4342.32000,4342.73000,4339.10000,4340.86000,1533
2026.06.17,12:25,4340.87000,4343.51000,4339.58000,4343.31000,1213
2026.06.17,12:30,4343.28000,4344.10000,4338.09000,4339.08000,1439
2026.06.17,12:35,4339.00000,4341.56000,4338.62000,4340.24000,1327
2026.06.17,12:40,4340.25000,4341.62000,4337.81000,4339.44000,1083
2026.06.17,12:45,4339.40000,4340.37000,4336.67000,4337.16000,1330
2026.06.17,12:50,4337.61000,4340.68000,4337.43000,4339.67000,1207
2026.06.17,12:55,4339.68000,4343.56000,4339.68000,4340.83000,1206
2026.06.17,13:00,4340.81000,4342.73000,4340.05000,4340.82000,1272
2026.06.17,13:05,4340.83000,4342.71000,4339.84000,4341.74000,1127
2026.06.17,13:10,4341.63000,4344.10000,4340.46000,4341.99000,1107
2026.06.17,13:15,4342.03000,4344.53000,4341.18000,4342.30000,641
2026.06.17,13:20,4342.26000,4344.00000,4339.74000,4340.69000,845
2026.06.17,13:25,4340.62000,4341.40000,4339.67000,4340.62000,553
2026.06.17,13:30,4340.61000,4343.71000,4339.68000,4340.24000,1333
2026.06.17,13:35,4340.23000,4341.23000,4337.70000,4339.30000,1338
2026.06.17,13:40,4339.29000,4341.07000,4338.50000,4338.78000,1086
2026.06.17,13:45,4338.79000,4338.98000,4331.68000,4334.63000,1586
2026.06.17,13:50,4334.62000,4336.04000,4329.65000,4330.07000,1332
2026.06.17,13:55,4330.09000,4333.73000,4330.09000,4331.40000,1222
2026.06.17,14:00,4331.36000,4334.06000,4330.78000,4331.60000,1101
2026.06.17,14:05,4331.63000,4334.14000,4330.57000,4332.56000,1051
2026.06.17,14:10,4332.55000,4332.72000,4329.51000,4330.61000,902
2026.06.17,14:15,4330.34000,4331.86000,4328.63000,4331.23000,1021
2026.06.17,14:20,4331.16000,4332.01000,4329.40000,4330.17000,972
2026.06.17,14:25,4330.16000,4332.44000,4329.10000,4331.68000,1171
2026.06.17,14:30,4331.67000,4332.85000,4331.28000,4332.56000,678
2026.06.17,14:35,4332.54000,4333.16000,4330.23000,4330.66000,632
2026.06.17,14:40,4330.69000,4333.49000,4330.57000,4333.18000,649
2026.06.17,14:45,4333.16000,4333.64000,4332.45000,4332.76000,478
2026.06.17,14:50,4332.70000,4333.72000,4331.45000,4332.83000,658
2026.06.17,14:55,4332.82000,4332.92000,4330.45000,4332.06000,593
2026.06.17,15:00,4331.98000,4332.28000,4328.56000,4330.13000,789
2026.06.17,15:05,4330.11000,4331.41000,4329.21000,4330.92000,547
2026.06.17,15:10,4330.91000,4332.16000,4330.22000,4330.79000,544
2026.06.17,15:15,4330.78000,4334.07000,4329.61000,4332.04000,768
2026.06.17,15:20,4332.05000,4332.18000,4327.87000,4329.45000,639
2026.06.17,15:25,4329.46000,4329.46000,4324.02000,4324.57000,907
2026.06.17,15:30,4324.42000,4325.79000,4317.42000,4317.91000,1033
2026.06.17,15:35,4317.90000,4325.35000,4317.90000,4323.83000,928
2026.06.17,15:40,4323.82000,4324.35000,4321.81000,4323.15000,665
2026.06.17,15:45,4323.13000,4323.97000,4322.35000,4323.22000,590
2026.06.17,15:50,4323.24000,4325.55000,4322.30000,4325.34000,655
2026.06.17,15:55,4325.35000,4326.78000,4323.62000,4326.78000,447
2026.06.17,16:00,4326.80000,4327.84000,4325.32000,4325.70000,848
2026.06.17,16:05,4325.68000,4327.16000,4324.00000,4324.59000,686
2026.06.17,16:10,4324.57000,4324.59000,4321.19000,4322.63000,714
2026.06.17,16:15,4322.87000,4327.72000,4321.09000,4325.98000,920
2026.06.17,16:20,4326.07000,4326.55000,4324.70000,4324.84000,750
2026.06.17,16:25,4324.85000,4327.53000,4324.23000,4327.22000,899
2026.06.17,16:30,4327.12000,4332.88000,4327.10000,4329.77000,1915
2026.06.17,16:35,4329.74000,4330.00000,4327.26000,4328.45000,1129
2026.06.17,16:40,4328.47000,4330.06000,4326.67000,4329.61000,1238
2026.06.17,16:45,4329.82000,4334.19000,4329.10000,4331.73000,1372
2026.06.17,16:50,4331.45000,4332.94000,4330.03000,4330.08000,1190
2026.06.17,16:55,4330.07000,4330.39000,4324.35000,4326.66000,1321
2026.06.17,17:00,4326.68000,4327.92000,4324.46000,4327.90000,1607
2026.06.17,17:05,4327.84000,4330.05000,4327.20000,4327.56000,1330
2026.06.17,17:10,4327.59000,4330.02000,4326.77000,4329.24000,1303
2026.06.17,17:15,4328.97000,4329.32000,4323.20000,4323.80000,1388
2026.06.17,17:20,4323.82000,4325.61000,4320.44000,4324.11000,1410
2026.06.17,17:25,4323.97000,4327.29000,4322.21000,4324.21000,1381
2026.06.17,17:30,4324.20000,4326.41000,4322.42000,4326.04000,1526
2026.06.17,17:35,4326.10000,4326.78000,4323.87000,4325.90000,1175
2026.06.17,17:40,4325.94000,4329.15000,4325.39000,4327.69000,1212
2026.06.17,17:45,4327.66000,4329.59000,4326.56000,4329.31000,907
2026.06.17,17:50,4329.30000,4330.22000,4327.86000,4329.33000,858
2026.06.17,17:55,4329.34000,4331.79000,4328.50000,4331.66000,708
2026.06.17,18:00,4331.48000,4332.76000,4330.13000,4330.53000,1106
2026.06.17,18:05,4330.54000,4332.44000,4328.87000,4330.54000,864
2026.06.17,18:10,4330.61000,4331.98000,4326.91000,4327.09000,917
2026.06.17,18:15,4327.10000,4332.65000,4326.52000,4327.44000,1014
2026.06.17,18:20,4327.39000,4330.11000,4327.13000,4328.96000,826
2026.06.17,18:25,4328.94000,4329.17000,4327.10000,4329.06000,832
2026.06.17,18:30,4329.00000,4330.07000,4325.60000,4325.64000,967
2026.06.17,18:35,4325.43000,4331.22000,4325.36000,4330.92000,767
2026.06.17,18:40,4330.90000,4331.65000,4328.44000,4328.86000,720
2026.06.17,18:45,4328.89000,4329.41000,4326.34000,4326.40000,739
2026.06.17,18:50,4326.56000,4328.57000,4325.17000,4325.27000,776
2026.06.17,18:55,4325.26000,4328.22000,4324.54000,4325.15000,768
2026.06.17,19:00,4325.14000,4326.75000,4323.79000,4325.95000,1026
2026.06.17,19:05,4325.94000,4327.87000,4325.18000,4327.04000,993
2026.06.17,19:10,4327.01000,4327.01000,4322.11000,4322.87000,1405
2026.06.17,19:15,4322.90000,4323.64000,4319.48000,4322.90000,1381
2026.06.17,19:20,4322.87000,4324.04000,4320.78000,4323.91000,1090
2026.06.17,19:25,4323.90000,4324.88000,4322.14000,4323.59000,1138
2026.06.17,19:30,4323.51000,4324.36000,4319.86000,4323.72000,1122
2026.06.17,19:35,4323.71000,4324.08000,4320.10000,4320.13000,807
2026.06.17,19:40,4320.15000,4321.79000,4319.05000,4319.95000,991
2026.06.17,19:45,4319.99000,4320.39000,4317.24000,4319.40000,1180
2026.06.17,19:50,4319.42000,4324.82000,4318.41000,4324.48000,1119
2026.06.17,19:55,4324.53000,4325.38000,4323.18000,4324.65000,818
2026.06.17,20:00,4324.63000,4324.86000,4321.22000,4323.37000,768
2026.06.17,20:05,4323.36000,4324.12000,4321.66000,4321.79000,894
2026.06.17,20:10,4321.78000,4325.78000,4321.34000,4325.14000,1076
2026.06.17,20:15,4325.16000,4327.58000,4325.05000,4326.66000,1081
2026.06.17,20:20,4326.56000,4328.43000,4325.67000,4327.19000,973
2026.06.17,20:25,4327.28000,4333.27000,4327.28000,4332.03000,1336
2026.06.17,20:30,4332.10000,4335.51000,4328.16000,4329.45000,1222
2026.06.17,20:35,4329.41000,4331.16000,4328.67000,4328.83000,781
2026.06.17,20:40,4328.82000,4330.80000,4328.10000,4328.35000,873
2026.06.17,20:45,4328.38000,4329.02000,4326.50000,4327.04000,762
2026.06.17,20:50,4327.03000,4328.06000,4325.55000,4326.87000,703
2026.06.17,20:55,4326.85000,4329.77000,4326.52000,4329.46000,791
2026.06.17,21:00,4329.53000,4330.15000,4328.06000,4328.64000,893
2026.06.17,21:05,4328.65000,4330.28000,4327.77000,4329.43000,1011
2026.06.17,21:10,4329.45000,4331.06000,4327.72000,4330.79000,841
2026.06.17,21:15,4330.81000,4330.93000,4327.88000,4327.92000,814
2026.06.17,21:20,4327.88000,4328.71000,4327.02000,4328.47000,786
2026.06.17,21:25,4328.45000,4329.19000,4326.49000,4328.88000,799
2026.06.17,21:30,4328.89000,4330.38000,4326.94000,4327.60000,740
2026.06.17,21:35,4327.61000,4330.42000,4327.25000,4329.51000,736
2026.06.17,21:40,4329.59000,4331.05000,4328.08000,4330.74000,936
2026.06.17,21:45,4330.73000,4334.22000,4330.67000,4332.65000,1043
2026.06.17,21:50,4332.63000,4335.22000,4330.96000,4331.12000,1106
2026.06.17,21:55,4331.13000,4333.03000,4330.72000,4331.30000,800
2026.06.17,22:00,4331.37000,4331.88000,4328.14000,4328.22000,1222
2026.06.17,22:05,4328.21000,4330.85000,4327.79000,4328.34000,1001
2026.06.17,22:10,4328.33000,4330.04000,4327.70000,4329.06000,1006
2026.06.17,22:15,4328.94000,4331.70000,4328.44000,4330.24000,782
2026.06.17,22:20,4330.23000,4330.45000,4328.84000,4328.98000,941
2026.06.17,22:25,4329.02000,4330.05000,4328.06000,4328.94000,873
2026.06.17,22:30,4328.93000,4329.07000,4325.63000,4325.63000,1208
2026.06.17,22:35,4325.65000,4326.93000,4324.94000,4326.56000,949
2026.06.17,22:40,4326.59000,4327.20000,4323.96000,4325.93000,842
2026.06.17,22:45,4325.91000,4327.23000,4323.59000,4325.18000,853
2026.06.17,22:50,4325.14000,4326.42000,4323.73000,4326.33000,812
2026.06.17,22:55,4326.34000,4326.35000,4320.95000,4323.07000,1413
2026.06.17,23:00,4323.06000,4324.78000,4321.44000,4321.86000,1229
2026.06.17,23:05,4321.94000,4324.54000,4320.31000,4322.92000,1259
2026.06.17,23:10,4322.93000,4324.82000,4319.90000,4323.40000,1286
2026.06.17,23:15,4323.37000,4324.34000,4321.68000,4323.63000,996
2026.06.17,23:20,4323.71000,4327.44000,4322.82000,4326.63000,1336
2026.06.17,23:25,4326.61000,4327.05000,4323.90000,4324.02000,973
2026.06.17,23:30,4323.99000,4330.52000,4323.26000,4328.90000,1462
2026.06.17,23:35,4328.91000,4332.03000,4328.19000,4330.54000,1334
2026.06.17,23:40,4330.52000,4331.97000,4329.48000,4331.47000,1033
2026.06.17,23:45,4331.48000,4334.66000,4330.97000,4333.39000,1072
2026.06.17,23:50,4333.40000,4335.45000,4332.17000,4332.36000,795
2026.06.17,23:55,4332.39000,4335.21000,4332.07000,4333.57000,839
2026.06.18,00:00,4333.55000,4334.30000,4328.44000,4329.50000,1693
2026.06.18,00:05,4329.53000,4330.72000,4323.93000,4327.54000,1767
2026.06.18,00:10,4327.55000,4334.10000,4327.38000,4331.80000,1591
2026.06.18,00:15,4331.78000,4333.60000,4330.79000,4331.94000,1071
2026.06.18,00:20,4331.93000,4338.16000,4331.17000,4336.02000,1554
2026.06.18,00:25,4336.05000,4336.81000,4333.66000,4335.37000,1756
2026.06.18,00:30,4335.38000,4337.35000,4332.56000,4334.97000,2688
2026.06.18,00:35,4334.99000,4340.65000,4333.88000,4337.54000,2721
2026.06.18,00:40,4337.53000,4341.79000,4336.73000,4341.71000,2427
2026.06.18,00:45,4341.66000,4344.34000,4340.30000,4341.66000,2532
2026.06.18,00:50,4341.77000,4345.27000,4339.58000,4340.33000,2694
2026.06.18,00:55,4340.37000,4342.47000,4339.13000,4339.36000,2135
2026.06.18,01:00,4339.28000,4341.14000,4335.57000,4340.55000,2831
2026.06.18,01:05,4340.57000,4346.14000,4339.56000,4342.56000,2842
2026.06.18,01:10,4342.59000,4344.28000,4339.88000,4342.30000,2455
2026.06.18,01:15,4342.33000,4343.40000,4340.97000,4341.63000,2258
2026.06.18,01:20,4341.59000,4362.17000,4340.91000,4358.20000,2848
2026.06.18,01:25,4358.15000,4360.62000,4355.20000,4360.34000,3581
2026.06.18,01:30,4360.02000,4363.91000,4357.92000,4360.61000,3140
2026.06.18,01:35,4360.60000,4361.04000,4350.40000,4352.13000,2799
2026.06.18,01:40,4352.14000,4353.32000,4347.37000,4351.93000,2660
2026.06.18,01:45,4351.95000,4355.44000,4330.55000,4345.78000,4728
2026.06.18,01:50,4345.82000,4352.19000,4343.89000,4346.67000,3992
2026.06.18,01:55,4346.73000,4348.57000,4343.19000,4344.41000,3173
2026.06.18,02:00,4344.20000,4348.28000,4343.75000,4346.94000,2843
2026.06.18,02:05,4346.90000,4348.43000,4343.76000,4344.64000,2788
2026.06.18,02:10,4344.67000,4348.38000,4343.73000,4348.03000,2318
2026.06.18,02:15,4347.99000,4354.16000,4346.82000,4353.79000,2793
2026.06.18,02:20,4353.76000,4359.54000,4353.04000,4358.86000,2375
2026.06.18,02:25,4358.87000,4359.95000,4354.24000,4355.30000,2192
2026.06.18,02:30,4355.10000,4361.14000,4354.45000,4358.85000,2067
2026.06.18,02:35,4358.81000,4359.90000,4356.18000,4359.50000,1682
2026.06.18,02:40,4359.49000,4359.49000,4355.73000,4358.10000,1229
2026.06.18,02:45,4358.11000,4359.85000,4357.76000,4358.76000,1454
2026.06.18,02:50,4358.83000,4360.37000,4357.31000,4358.94000,1322
2026.06.18,02:55,4358.92000,4364.83000,4358.90000,4363.43000,1674
2026.06.18,03:00,4363.42000,4365.71000,4362.41000,4362.94000,1824
2026.06.18,03:05,4362.84000,4364.14000,4361.67000,4362.46000,1206
2026.06.18,03:10,4362.48000,4362.89000,4360.49000,4362.25000,1008
2026.06.18,03:15,4362.23000,4365.37000,4360.43000,4365.21000,1144
2026.06.18,03:20,4365.11000,4366.51000,4363.20000,4365.23000,1017
2026.06.18,03:25,4365.22000,4365.58000,4363.66000,4365.04000,1010
2026.06.18,03:30,4365.12000,4365.21000,4361.45000,4361.57000,1211
2026.06.18,03:35,4361.56000,4361.86000,4359.15000,4359.67000,1210
2026.06.18,03:40,4359.73000,4359.77000,4354.99000,4357.53000,1116
2026.06.18,03:45,4357.56000,4358.43000,4356.02000,4356.68000,921
2026.06.18,03:50,4356.69000,4358.56000,4356.14000,4357.06000,791
2026.06.18,03:55,4357.23000,4359.61000,4356.67000,4359.35000,835
2026.06.18,04:00,4359.38000,4359.51000,4355.16000,4356.05000,1097
2026.06.18,04:05,4356.04000,4359.66000,4355.60000,4359.24000,1320
2026.06.18,04:10,4359.25000,4361.09000,4357.26000,4358.79000,1093
2026.06.18,04:15,4358.64000,4362.94000,4357.78000,4362.15000,1112
2026.06.18,04:20,4362.12000,4363.33000,4361.00000,4362.07000,1345
2026.06.18,04:25,4362.11000,4363.87000,4360.29000,4361.18000,1745
2026.06.18,04:30,4361.19000,4382.06000,4360.80000,4377.65000,2295
2026.06.18,04:35,4377.68000,4378.38000,4370.31000,4374.50000,2144
2026.06.18,04:40,4374.52000,4381.56000,4374.23000,4376.40000,2160
2026.06.18,04:45,4376.41000,4378.72000,4374.03000,4376.00000,1430
2026.06.18,04:50,4376.02000,4382.27000,4375.02000,4378.05000,1570
2026.06.18,04:55,4378.11000,4381.44000,4376.90000,4379.59000,1171
2026.06.18,05:00,4378.95000,4379.32000,4316.07000,4316.19000,7236
2026.06.18,05:05,4316.45000,4318.76000,4285.46000,4294.76000,7672
2026.06.18,05:10,4294.66000,4297.57000,4276.88000,4284.13000,6894
2026.06.18,05:15,4284.26000,4308.13000,4282.87000,4306.50000,6051
2026.06.18,05:20,4306.57000,4308.07000,4290.70000,4292.41000,5315
2026.06.18,05:25,4292.35000,4294.46000,4284.62000,4292.26000,6049
2026.06.18,05:30,4292.09000,4313.31000,4269.46000,4270.57000,7511
2026.06.18,05:35,4270.62000,4311.26000,4270.50000,4302.21000,7673
2026.06.18,05:40,4302.23000,4326.66000,4295.94000,4323.33000,7111
2026.06.18,05:45,4323.56000,4332.06000,4314.16000,4318.48000,6448
2026.06.18,05:50,4318.52000,4324.37000,4309.76000,4310.85000,6324
2026.06.18,05:55,4310.86000,4311.74000,4278.36000,4286.12000,6994
2026.06.18,06:00,4286.06000,4295.29000,4271.52000,4271.73000,7306
2026.06.18,06:05,4271.68000,4278.81000,4263.48000,4268.55000,6551
2026.06.18,06:10,4268.78000,4274.74000,4259.97000,4264.73000,7024
2026.06.18,06:15,4264.70000,4265.47000,4240.75000,4243.93000,6028
2026.06.18,06:20,4243.90000,4246.17000,4236.25000,4236.28000,5887
2026.06.18,06:25,4236.40000,4245.12000,4226.30000,4227.00000,5682
2026.06.18,06:30,4226.85000,4235.40000,4220.36000,4226.95000,6301
2026.06.18,06:35,4226.97000,4231.24000,4218.70000,4222.05000,5507
2026.06.18,06:40,4221.64000,4235.42000,4218.80000,4230.28000,6311
2026.06.18,06:45,4230.58000,4243.17000,4229.54000,4238.47000,6435
2026.06.18,06:50,4238.06000,4247.05000,4233.85000,4238.14000,6072
2026.06.18,06:55,4238.12000,4243.82000,4235.02000,4235.75000,5100
2026.06.18,07:00,4234.97000,4246.03000,4234.75000,4240.22000,3277
2026.06.18,07:05,4240.24000,4254.46000,4240.24000,4254.21000,2698
2026.06.18,07:10,4254.23000,4259.85000,4252.72000,4257.33000,2752
2026.06.18,07:15,4257.35000,4267.29000,4253.85000,4267.19000,2625
2026.06.18,07:20,4267.15000,4269.56000,4258.53000,4259.70000,2610
2026.06.18,07:25,4259.43000,4263.12000,4257.98000,4258.07000,1959
2026.06.18,07:30,4258.10000,4263.10000,4258.09000,4259.79000,1600
2026.06.18,07:35,4259.82000,4265.40000,4258.82000,4264.15000,1526
2026.06.18,07:40,4264.13000,4264.71000,4259.43000,4259.88000,1241
2026.06.18,07:45,4259.85000,4262.11000,4258.30000,4258.42000,926
2026.06.18,07:50,4258.28000,4260.34000,4255.76000,4257.87000,1086
2026.06.18,07:55,4257.91000,4258.59000,4255.70000,4256.82000,976
2026.06.18,09:00,4256.60000,4258.38000,4254.12000,4257.78000,759
2026.06.18,09:05,4257.88000,4268.09000,4257.88000,4266.79000,1340
2026.06.18,09:10,4266.81000,4267.52000,4261.42000,4265.62000,1212
2026.06.18,09:15,4265.74000,4269.61000,4264.71000,4268.05000,965
2026.06.18,09:20,4268.02000,4271.42000,4267.45000,4268.80000,969
2026.06.18,09:25,4268.79000,4269.78000,4264.65000,4266.55000,1171
2026.06.18,09:30,4266.61000,4268.70000,4264.92000,4265.27000,851
2026.06.18,09:35,4265.30000,4267.11000,4262.92000,4266.55000,889
2026.06.18,09:40,4266.50000,4267.08000,4263.46000,4263.58000,401
2026.06.18,09:45,4263.95000,4265.14000,4260.17000,4263.64000,707
2026.06.18,09:50,4264.02000,4268.26000,4263.21000,4267.51000,955
2026.06.18,09:55,4267.50000,4270.79000,4266.10000,4266.47000,938
2026.06.18,10:00,4266.46000,4266.83000,4263.92000,4264.79000,750
2026.06.18,10:05,4264.80000,4274.17000,4264.33000,4273.71000,1003
2026.06.18,10:10,4273.70000,4282.43000,4273.17000,4281.62000,1192
2026.06.18,10:15,4281.96000,4282.88000,4275.24000,4276.60000,1463
2026.06.18,10:20,4276.57000,4283.48000,4276.26000,4278.12000,1171
2026.06.18,10:25,4278.11000,4283.91000,4277.38000,4279.60000,1171
2026.06.18,10:30,4279.89000,4282.84000,4277.53000,4280.47000,1365
2026.06.18,10:35,4280.48000,4280.74000,4274.24000,4274.66000,829
2026.06.18,10:40,4274.44000,4276.37000,4267.62000,4276.19000,1348
2026.06.18,10:45,4276.15000,4279.37000,4272.86000,4273.34000,1611
2026.06.18,10:50,4273.39000,4276.86000,4272.00000,4275.78000,1144
2026.06.18,10:55,4275.73000,4278.17000,4273.09000,4277.64000,1205
2026.06.18,11:00,4278.09000,4292.35000,4276.16000,4292.13000,2784
2026.06.18,11:05,4292.12000,4298.42000,4291.24000,4293.18000,2625
2026.06.18,11:10,4293.17000,4299.09000,4291.93000,4297.32000,2321
2026.06.18,11:15,4297.41000,4300.33000,4295.89000,4296.50000,2189
2026.06.18,11:20,4296.54000,4301.27000,4295.62000,4296.56000,1848
2026.06.18,11:25,4296.57000,4301.09000,4294.64000,4300.40000,2034
2026.06.18,11:30,4299.96000,4309.09000,4299.55000,4306.62000,2421
2026.06.18,11:35,4306.89000,4309.60000,4302.95000,4305.52000,1879
2026.06.18,11:40,4305.49000,4311.49000,4304.22000,4310.72000,1626
2026.06.18,11:45,4310.66000,4314.23000,4308.09000,4313.86000,1757
2026.06.18,11:50,4313.79000,4315.21000,4311.33000,4314.23000,1759
2026.06.18,11:55,4314.24000,4314.55000,4308.31000,4308.36000,1914
2026.06.18,12:00,4308.34000,4327.86000,4306.47000,4321.19000,4516
2026.06.18,12:05,4321.27000,4324.86000,4318.69000,4321.34000,2634
2026.06.18,12:10,4321.05000,4328.45000,4320.23000,4322.88000,2338
2026.06.18,12:15,4322.86000,4323.50000,4315.47000,4317.34000,2173
2026.06.18,12:20,4317.35000,4323.32000,4315.03000,4319.56000,2018
2026.06.18,12:25,4319.63000,4321.67000,4317.70000,4319.27000,1781
2026.06.18,12:30,4319.26000,4321.52000,4316.81000,4317.98000,2159
2026.06.18,12:35,4317.97000,4322.14000,4317.11000,4320.20000,1737
2026.06.18,12:40,4320.18000,4325.18000,4317.64000,4322.47000,1717
2026.06.18,12:45,4322.46000,4326.12000,4319.49000,4321.23000,1472
2026.06.18,12:50,4321.18000,4321.65000,4317.16000,4318.59000,1693
2026.06.18,12:55,4318.57000,4320.16000,4317.62000,4317.68000,1474
2026.06.18,13:00,4317.67000,4322.16000,4316.00000,4321.80000,1401
2026.06.18,13:05,4321.79000,4326.40000,4318.88000,4325.17000,1496
2026.06.18,13:10,4325.15000,4329.89000,4324.50000,4326.94000,1432
2026.06.18,13:15,4326.93000,4329.75000,4326.06000,4326.38000,1199
2026.06.18,13:20,4326.39000,4327.14000,4324.47000,4325.43000,1117
2026.06.18,13:25,4325.42000,4326.00000,4323.35000,4324.49000,931
2026.06.18,13:30,4324.50000,4325.38000,4320.86000,4323.08000,1827
2026.06.18,13:35,4323.04000,4323.50000,4317.33000,4321.50000,1763
2026.06.18,13:40,4321.51000,4323.28000,4316.15000,4316.42000,1945
2026.06.18,13:45,4316.46000,4318.95000,4312.00000,4313.11000,1859
2026.06.18,13:50,4313.14000,4315.70000,4311.38000,4313.77000,1580
2026.06.18,13:55,4313.76000,4315.14000,4310.33000,4310.91000,1517
2026.06.18,14:00,4310.95000,4312.50000,4309.04000,4312.21000,1886
2026.06.18,14:05,4312.17000,4316.41000,4311.50000,4312.77000,1414
2026.06.18,14:10,4312.75000,4313.42000,4309.90000,4311.73000,1049
2026.06.18,14:15,4311.74000,4315.36000,4310.67000,4314.84000,1321
2026.06.18,14:20,4314.82000,4316.81000,4313.36000,4315.91000,1316
2026.06.18,14:25,4315.86000,4316.50000,4312.71000,4314.77000,1412
2026.06.18,14:30,4314.85000,4320.50000,4313.38000,4319.44000,1224
2026.06.18,14:35,4319.45000,4322.76000,4318.14000,4320.70000,1124
2026.06.18,14:40,4320.71000,4321.85000,4317.82000,4318.81000,866
2026.06.18,14:45,4318.80000,4320.73000,4317.89000,4318.00000,649
2026.06.18,14:50,4318.02000,4319.29000,4316.51000,4318.25000,789
2026.06.18,14:55,4318.26000,4320.35000,4317.37000,4319.66000,813
2026.06.18,15:00,4319.70000,4324.04000,4319.15000,4320.43000,851
2026.06.18,15:05,4320.38000,4320.74000,4316.33000,4316.79000,760
2026.06.18,15:10,4316.81000,4318.27000,4314.65000,4317.21000,781
2026.06.18,15:15,4317.28000,4318.94000,4315.42000,4315.44000,742
2026.06.18,15:20,4315.42000,4315.46000,4311.39000,4313.17000,953
2026.06.18,15:25,4313.19000,4314.95000,4312.03000,4313.58000,862
2026.06.18,15:30,4313.53000,4317.38000,4312.74000,4316.48000,877
2026.06.18,15:35,4316.49000,4318.41000,4312.27000,4312.50000,1104
2026.06.18,15:40,4312.51000,4313.67000,4309.78000,4309.94000,1137
2026.06.18,15:45,4309.90000,4315.32000,4309.68000,4314.77000,1308
2026.06.18,15:50,4314.78000,4316.25000,4313.66000,4315.43000,928
2026.06.18,15:55,4315.44000,4317.29000,4314.88000,4315.70000,956
2026.06.18,16:00,4315.78000,4317.14000,4312.14000,4314.95000,1207
2026.06.18,16:05,4314.96000,4318.13000,4314.25000,4317.63000,1076
2026.06.18,16:10,4317.61000,4318.26000,4314.90000,4316.02000,985
2026.06.18,16:15,4315.98000,4322.63000,4315.57000,4321.38000,1149
2026.06.18,16:20,4321.39000,4321.54000,4318.94000,4319.19000,944
2026.06.18,16:25,4319.21000,4323.04000,4318.73000,4323.02000,1155
2026.06.18,16:30,4322.86000,4324.76000,4319.20000,4322.53000,2220
2026.06.18,16:35,4322.62000,4323.93000,4316.63000,4316.65000,1843
2026.06.18,16:40,4316.88000,4318.20000,4309.57000,4310.54000,1923
2026.06.18,16:45,4310.53000,4311.76000,4302.24000,4302.80000,2860
2026.06.18,16:50,4302.79000,4310.20000,4301.17000,4307.95000,2471
2026.06.18,16:55,4307.99000,4309.91000,4306.86000,4307.93000,1884
2026.06.18,17:00,4307.97000,4309.92000,4306.21000,4307.02000,2216
2026.06.18,17:05,4307.00000,4307.16000,4296.61000,4301.11000,2691
2026.06.18,17:10,4301.08000,4301.24000,4296.14000,4298.88000,2714
2026.06.18,17:15,4298.73000,4302.24000,4296.47000,4298.72000,2372
2026.06.18,17:20,4298.75000,4305.39000,4298.47000,4303.39000,2315
2026.06.18,17:25,4303.38000,4305.11000,4300.07000,4305.03000,1885
2026.06.18,17:30,4304.88000,4305.49000,4302.88000,4303.79000,1703
2026.06.18,17:35,4303.80000,4303.80000,4299.27000,4301.08000,1657
2026.06.18,17:40,4301.05000,4302.46000,4299.02000,4301.40000,1646
2026.06.18,17:45,4301.33000,4307.58000,4301.06000,4304.34000,1716
2026.06.18,17:50,4304.30000,4305.52000,4303.01000,4305.49000,1577
2026.06.18,17:55,4305.44000,4307.03000,4303.66000,4306.54000,1737
2026.06.18,18:00,4306.49000,4307.63000,4302.93000,4303.97000,1994
2026.06.18,18:05,4303.99000,4305.70000,4300.36000,4305.08000,1342
2026.06.18,18:10,4305.07000,4309.13000,4304.29000,4307.12000,1413
2026.06.18,18:15,4307.13000,4309.36000,4305.64000,4307.26000,1774
2026.06.18,18:20,4307.51000,4309.13000,4304.50000,4304.54000,1454
2026.06.18,18:25,4304.53000,4307.78000,4303.81000,4307.66000,1378
2026.06.18,18:30,4307.58000,4307.58000,4295.80000,4298.43000,1661
2026.06.18,18:35,4298.50000,4299.38000,4293.34000,4294.45000,1531
2026.06.18,18:40,4294.43000,4298.15000,4293.23000,4297.79000,1734
2026.06.18,18:45,4297.77000,4298.96000,4295.11000,4295.58000,1690
2026.06.18,18:50,4295.57000,4296.45000,4291.25000,4291.93000,1459
2026.06.18,18:55,4291.92000,4293.65000,4287.45000,4288.64000,1641
2026.06.18,19:00,4288.58000,4292.15000,4285.54000,4290.46000,1991
2026.06.18,19:05,4290.40000,4292.99000,4288.63000,4291.24000,1733
2026.06.18,19:10,4291.22000,4292.07000,4284.05000,4287.09000,1520
2026.06.18,19:15,4287.08000,4289.98000,4285.84000,4288.15000,1432
2026.06.18,19:20,4288.14000,4289.14000,4285.90000,4286.85000,1044
2026.06.18,19:25,4286.91000,4288.43000,4283.97000,4284.97000,1316
2026.06.18,19:30,4284.95000,4289.75000,4283.32000,4285.42000,1569
2026.06.18,19:35,4285.41000,4288.13000,4281.14000,4285.28000,1543
2026.06.18,19:40,4285.27000,4286.15000,4281.07000,4281.58000,1477
2026.06.18,19:45,4281.53000,4281.61000,4277.33000,4279.14000,1826
2026.06.18,19:50,4279.12000,4279.30000,4273.93000,4277.45000,1933
2026.06.18,19:55,4277.44000,4277.44000,4265.54000,4266.59000,2414
2026.06.18,20:00,4266.61000,4269.36000,4261.29000,4268.83000,2710
2026.06.18,20:05,4268.80000,4269.17000,4265.30000,4265.97000,1681
2026.06.18,20:10,4265.94000,4267.78000,4259.54000,4267.70000,1897
2026.06.18,20:15,4267.65000,4272.63000,4266.10000,4272.24000,1450
2026.06.18,20:20,4272.25000,4273.02000,4267.07000,4267.30000,1348
2026.06.18,20:25,4267.29000,4269.93000,4265.25000,4266.23000,1349
2026.06.18,20:30,4266.20000,4268.36000,4264.59000,4265.36000,2105
2026.06.18,20:35,4265.37000,4268.98000,4263.27000,4267.26000,1424
2026.06.18,20:40,4267.21000,4268.50000,4265.83000,4268.42000,1220
2026.06.18,20:45,4268.41000,4269.90000,4267.13000,4269.08000,997
2026.06.18,20:50,4269.04000,4273.18000,4268.30000,4270.39000,1354
2026.06.18,20:55,4270.27000,4271.68000,4267.67000,4268.28000,1530
2026.06.18,21:00,4268.29000,4270.01000,4265.35000,4268.19000,1774
2026.06.18,21:05,4268.15000,4269.49000,4262.61000,4264.44000,1706
2026.06.18,21:10,4264.25000,4268.86000,4261.74000,4268.13000,1366
2026.06.18,21:15,4268.12000,4270.26000,4267.22000,4269.72000,1292
2026.06.18,21:20,4269.61000,4272.79000,4263.71000,4265.84000,1851
2026.06.18,21:25,4265.81000,4269.75000,4263.69000,4269.55000,1158
2026.06.18,21:30,4269.51000,4270.81000,4264.79000,4265.82000,1227
2026.06.18,21:35,4265.84000,4267.26000,4264.20000,4266.91000,1061
2026.06.18,21:40,4266.87000,4267.54000,4263.35000,4264.24000,1221
2026.06.18,21:45,4264.23000,4266.55000,4262.08000,4262.47000,1303
2026.06.18,21:50,4262.35000,4262.98000,4258.80000,4261.11000,1486
2026.06.18,21:55,4261.24000,4261.42000,4254.58000,4255.59000,1642
2026.06.18,22:00,4255.63000,4255.85000,4249.73000,4251.42000,2048
2026.06.18,22:05,4251.43000,4252.82000,4246.70000,4247.95000,2549
2026.06.18,22:10,4247.97000,4248.55000,4240.32000,4247.38000,3043
2026.06.18,22:15,4247.36000,4249.57000,4243.47000,4245.06000,1961
2026.06.18,22:20,4245.03000,4248.67000,4243.70000,4247.71000,1740
2026.06.18,22:25,4247.76000,4249.93000,4245.22000,4249.08000,1603
2026.06.18,22:30,4248.99000,4249.04000,4246.95000,4248.10000,1658
2026.06.18,22:35,4248.20000,4250.01000,4242.02000,4242.86000,1989
2026.06.18,22:40,4242.85000,4245.46000,4241.78000,4243.30000,1914
2026.06.18,22:45,4243.29000,4245.37000,4240.93000,4241.19000,1528
2026.06.18,22:50,4241.23000,4245.94000,4239.74000,4242.19000,2220
2026.06.18,22:55,4242.21000,4242.88000,4240.12000,4241.86000,1618
2026.06.18,23:00,4241.85000,4245.10000,4241.23000,4242.99000,2434
2026.06.18,23:05,4242.96000,4244.87000,4240.35000,4244.02000,1889
2026.06.18,23:10,4244.00000,4258.07000,4243.02000,4256.23000,2336
2026.06.18,23:15,4256.24000,4260.29000,4254.99000,4260.05000,1996
2026.06.18,23:20,4260.07000,4269.13000,4259.68000,4263.26000,2818
2026.06.18,23:25,4263.23000,4265.47000,4254.23000,4255.02000,2299
2026.06.18,23:30,4254.64000,4258.47000,4249.16000,4250.19000,2682
2026.06.18,23:35,4250.09000,4252.29000,4241.77000,4242.63000,2519
2026.06.18,23:40,4242.69000,4251.73000,4241.17000,4243.15000,2729
2026.06.18,23:45,4243.17000,4247.91000,4242.79000,4244.48000,2406
2026.06.18,23:50,4244.70000,4245.73000,4240.91000,4244.05000,2213
2026.06.18,23:55,4244.10000,4247.89000,4241.31000,4246.68000,2295
2026.06.19,00:00,4246.46000,4249.44000,4244.90000,4246.78000,2386
2026.06.19,00:05,4246.75000,4253.79000,4245.60000,4251.72000,2413
2026.06.19,00:10,4251.74000,4259.20000,4251.56000,4259.11000,2021
2026.06.19,00:15,4259.13000,4261.87000,4257.86000,4258.47000,2100
2026.06.19,00:20,4258.48000,4258.75000,4252.62000,4257.53000,1916
2026.06.19,00:25,4257.55000,4263.31000,4257.55000,4263.02000,2283
2026.06.19,00:30,4262.97000,4276.56000,4262.92000,4272.23000,4294
2026.06.19,00:35,4272.14000,4273.99000,4268.46000,4272.14000,3909
2026.06.19,00:40,4272.16000,4272.26000,4263.14000,4264.37000,3791
2026.06.19,00:45,4264.44000,4265.43000,4252.89000,4259.93000,4057
2026.06.19,00:50,4259.96000,4263.44000,4256.48000,4261.12000,4346
2026.06.19,00:55,4261.08000,4261.39000,4250.63000,4256.58000,4138
2026.06.19,01:00,4256.57000,4257.86000,4238.35000,4247.46000,4715
2026.06.19,01:05,4247.43000,4247.68000,4240.13000,4243.53000,3855
2026.06.19,01:10,4243.70000,4244.71000,4240.02000,4241.51000,3121
2026.06.19,01:15,4241.42000,4250.18000,4236.95000,4249.52000,4289
2026.06.19,01:20,4249.49000,4255.77000,4245.99000,4252.69000,3829
2026.06.19,01:25,4252.74000,4255.43000,4244.23000,4244.23000,3266
2026.06.19,01:30,4244.24000,4249.64000,4241.44000,4249.60000,3692
2026.06.19,01:35,4249.57000,4252.35000,4247.73000,4251.22000,3289
2026.06.19,01:40,4251.21000,4251.42000,4241.25000,4244.70000,3851
2026.06.19,01:45,4244.68000,4245.96000,4240.05000,4243.43000,2989
2026.06.19,01:50,4243.32000,4247.63000,4240.54000,4247.14000,2773
2026.06.19,01:55,4247.26000,4254.45000,4246.12000,4252.23000,2625
2026.06.19,02:00,4252.48000,4254.47000,4248.31000,4250.87000,3346
2026.06.19,02:05,4250.86000,4254.78000,4248.91000,4253.36000,2860
2026.06.19,02:10,4253.39000,4254.45000,4246.32000,4246.62000,3095
2026.06.19,02:15,4246.96000,4249.40000,4239.13000,4242.31000,3580
2026.06.19,02:20,4242.35000,4244.54000,4239.35000,4240.32000,2963
2026.06.19,02:25,4240.31000,4242.22000,4234.16000,4235.61000,3146
2026.06.19,02:30,4235.58000,4236.51000,4226.69000,4233.15000,4263
2026.06.19,02:35,4233.26000,4234.26000,4223.92000,4227.35000,3816
2026.06.19,02:40,4227.33000,4235.56000,4227.32000,4231.66000,3050
2026.06.19,02:45,4231.64000,4231.70000,4226.82000,4226.99000,3052
2026.06.19,02:50,4226.98000,4228.39000,4223.02000,4224.52000,2613
2026.06.19,02:55,4224.49000,4229.93000,4224.49000,4226.55000,2617
2026.06.19,03:00,4226.57000,4231.68000,4225.62000,4226.37000,2912
2026.06.19,03:05,4226.19000,4233.09000,4225.68000,4232.08000,2522
2026.06.19,03:10,4232.06000,4233.20000,4227.20000,4227.33000,2399
2026.06.19,03:15,4227.52000,4228.56000,4222.19000,4222.99000,2686
2026.06.19,03:20,4223.01000,4226.78000,4221.85000,4222.05000,2449
2026.06.19,03:25,4222.08000,4225.90000,4221.83000,4224.89000,2426
2026.06.19,03:30,4225.03000,4229.32000,4221.59000,4221.65000,2629
2026.06.19,03:35,4221.64000,4223.17000,4214.56000,4223.08000,3009
2026.06.19,03:40,4223.02000,4225.77000,4220.71000,4221.82000,2688
2026.06.19,03:45,4221.76000,4222.16000,4217.37000,4217.78000,2801
2026.06.19,03:50,4217.84000,4218.62000,4214.46000,4217.40000,2403
2026.06.19,03:55,4217.31000,4219.58000,4213.94000,4219.40000,2183
2026.06.19,04:00,4219.46000,4223.96000,4218.45000,4223.90000,2299
2026.06.19,04:05,4223.89000,4226.74000,4223.17000,4224.91000,2075
2026.06.19,04:10,4224.94000,4228.47000,4222.21000,4227.84000,2036
2026.06.19,04:15,4227.83000,4231.50000,4227.24000,4230.00000,2502
2026.06.19,04:20,4230.03000,4231.55000,4227.14000,4228.61000,2613
2026.06.19,04:25,4228.65000,4228.85000,4225.56000,4226.04000,2490
2026.06.19,04:30,4226.12000,4227.46000,4222.77000,4222.77000,2222
2026.06.19,04:35,4222.80000,4225.26000,4222.39000,4224.25000,1821
2026.06.19,04:40,4224.26000,4230.20000,4223.90000,4229.70000,1943
2026.06.19,04:45,4229.71000,4229.84000,4227.24000,4228.94000,1710
2026.06.19,04:50,4228.95000,4233.11000,4228.82000,4232.40000,1611
2026.06.19,04:55,4232.41000,4232.61000,4229.88000,4230.28000,1331
2026.06.19,05:00,4230.29000,4230.60000,4227.30000,4228.39000,1854
2026.06.19,05:05,4228.40000,4231.75000,4228.40000,4231.46000,1815
2026.06.19,05:10,4231.45000,4233.16000,4228.29000,4228.29000,1841
2026.06.19,05:15,4228.34000,4229.77000,4226.28000,4228.81000,1617
2026.06.19,05:20,4228.40000,4228.80000,4226.69000,4227.76000,1249
2026.06.19,05:25,4227.77000,4229.34000,4225.43000,4226.27000,2263
2026.06.19,05:30,4226.28000,4226.28000,4221.83000,4222.47000,1742
2026.06.19,05:35,4222.48000,4223.34000,4220.41000,4221.05000,1752
2026.06.19,05:40,4221.06000,4225.03000,4220.32000,4224.82000,1622
2026.06.19,05:45,4224.81000,4225.16000,4220.35000,4221.51000,1858
2026.06.19,05:50,4221.43000,4222.17000,4218.61000,4220.40000,1560
2026.06.19,05:55,4220.38000,4221.37000,4218.16000,4218.46000,1631
2026.06.19,06:00,4218.47000,4218.99000,4211.63000,4212.45000,2674
2026.06.19,06:05,4212.44000,4212.85000,4207.41000,4208.25000,2309
2026.06.19,06:10,4208.24000,4209.38000,4203.90000,4207.48000,2272
2026.06.19,06:15,4207.52000,4208.76000,4201.10000,4204.84000,2309
2026.06.19,06:20,4204.81000,4207.52000,4204.56000,4205.38000,1714
2026.06.19,06:25,4205.36000,4207.94000,4204.76000,4205.01000,1381
2026.06.19,06:30,4204.98000,4206.98000,4201.32000,4203.33000,2217
2026.06.19,06:35,4203.32000,4209.83000,4203.09000,4209.83000,1770
2026.06.19,06:40,4209.79000,4214.63000,4209.52000,4214.04000,2114
2026.06.19,06:45,4213.99000,4216.37000,4213.08000,4215.72000,1790
2026.06.19,06:50,4215.64000,4217.23000,4214.92000,4216.78000,2078
2026.06.19,06:55,4216.64000,4218.57000,4214.00000,4217.08000,2408
2026.06.19,07:00,4217.25000,4218.20000,4214.96000,4216.80000,1446
2026.06.19,07:05,4216.78000,4217.77000,4215.63000,4216.63000,975
2026.06.19,07:10,4216.67000,4217.78000,4216.15000,4217.25000,748
2026.06.19,07:15,4217.23000,4217.34000,4214.63000,4216.73000,672
2026.06.19,07:20,4216.71000,4217.02000,4215.49000,4216.15000,468
2026.06.19,07:25,4216.17000,4219.54000,4215.57000,4219.03000,644
2026.06.19,07:30,4218.94000,4218.95000,4215.33000,4216.11000,615
2026.06.19,07:35,4216.12000,4218.79000,4214.03000,4214.94000,935
2026.06.19,07:40,4214.91000,4215.05000,4212.86000,4212.95000,618
2026.06.19,07:45,4212.94000,4213.43000,4210.00000,4210.07000,753
2026.06.19,07:50,4210.13000,4210.94000,4209.37000,4209.65000,607
2026.06.19,07:55,4209.72000,4210.35000,4207.60000,4209.08000,603
2026.06.19,09:00,4210.84000,4211.90000,4202.88000,4204.69000,699
2026.06.19,09:05,4204.67000,4207.82000,4204.47000,4206.50000,323
2026.06.19,09:10,4206.84000,4208.42000,4206.45000,4207.77000,332
2026.06.19,09:15,4208.42000,4210.19000,4204.45000,4205.41000,466
2026.06.19,09:20,4205.71000,4205.72000,4202.34000,4203.06000,567
2026.06.19,09:25,4203.07000,4205.52000,4202.54000,4203.73000,514
2026.06.19,09:30,4203.70000,4205.27000,4203.34000,4205.05000,558
2026.06.19,09:35,4205.07000,4205.68000,4202.71000,4203.68000,463
2026.06.19,09:40,4203.36000,4205.28000,4203.10000,4204.72000,419
2026.06.19,09:45,4204.71000,4209.21000,4203.97000,4208.43000,530
2026.06.19,09:50,4208.74000,4210.49000,4207.31000,4208.55000,735
2026.06.19,09:55,4208.54000,4208.89000,4206.62000,4207.08000,562
2026.06.19,10:00,4207.10000,4208.16000,4198.89000,4200.08000,1086
2026.06.19,10:05,4200.50000,4202.44000,4198.61000,4200.14000,898
2026.06.19,10:10,4200.12000,4201.47000,4193.78000,4195.51000,1069
2026.06.19,10:15,4195.82000,4199.48000,4193.82000,4195.07000,1185
2026.06.19,10:20,4195.10000,4197.26000,4194.59000,4195.05000,733
2026.06.19,10:25,4195.01000,4197.19000,4193.68000,4197.15000,688
2026.06.19,10:30,4197.13000,4198.98000,4194.82000,4195.21000,885
2026.06.19,10:35,4195.23000,4198.23000,4194.50000,4197.38000,906
2026.06.19,10:40,4197.39000,4197.58000,4193.82000,4193.91000,742
2026.06.19,10:45,4194.19000,4194.58000,4187.64000,4189.36000,1649
2026.06.19,10:50,4189.75000,4192.17000,4188.08000,4189.60000,1073
2026.06.19,10:55,4189.57000,4190.95000,4186.58000,4188.28000,1271
2026.06.19,11:00,4188.23000,4198.10000,4188.09000,4190.84000,2328
2026.06.19,11:05,4190.83000,4193.84000,4184.50000,4186.07000,2409
2026.06.19,11:10,4186.06000,4189.71000,4184.39000,4185.33000,1958
2026.06.19,11:15,4185.32000,4187.86000,4184.10000,4184.99000,1871
2026.06.19,11:20,4185.04000,4187.82000,4183.99000,4187.56000,1423
2026.06.19,11:25,4187.87000,4188.78000,4184.53000,4185.19000,1216
2026.06.19,11:30,4185.24000,4190.17000,4184.39000,4189.93000,1080
2026.06.19,11:35,4189.92000,4191.39000,4186.39000,4186.75000,1558
2026.06.19,11:40,4186.74000,4189.92000,4186.51000,4188.45000,886
2026.06.19,11:45,4188.43000,4191.22000,4187.50000,4190.35000,1141
2026.06.19,11:50,4190.34000,4192.33000,4188.47000,4190.40000,1108
2026.06.19,11:55,4190.25000,4190.99000,4187.60000,4190.45000,955
2026.06.19,12:00,4190.46000,4194.57000,4189.01000,4190.51000,1584
2026.06.19,12:05,4190.48000,4190.59000,4184.34000,4184.92000,1870
2026.06.19,12:10,4184.91000,4187.55000,4184.68000,4186.43000,1416
2026.06.19,12:15,4186.42000,4188.35000,4184.23000,4185.14000,993
2026.06.19,12:20,4185.12000,4188.36000,4183.99000,4186.96000,1205
2026.06.19,12:25,4186.94000,4191.52000,4186.65000,4190.89000,1059
2026.06.19,12:30,4190.90000,4190.90000,4186.70000,4187.85000,1201
2026.06.19,12:35,4187.86000,4189.28000,4184.66000,4185.17000,940
2026.06.19,12:40,4185.16000,4186.59000,4184.50000,4185.58000,1145
2026.06.19,12:45,4185.49000,4187.31000,4184.34000,4184.60000,810
2026.06.19,12:50,4184.61000,4185.69000,4183.99000,4185.02000,805
2026.06.19,12:55,4185.03000,4186.43000,4184.10000,4184.83000,798
2026.06.19,13:00,4184.81000,4186.17000,4184.14000,4185.27000,1223
2026.06.19,13:05,4185.28000,4186.08000,4178.66000,4184.14000,2021
2026.06.19,13:10,4184.15000,4184.88000,4178.38000,4179.86000,1431
2026.06.19,13:15,4179.85000,4180.03000,4175.11000,4175.84000,1232
2026.06.19,13:20,4175.88000,4179.42000,4175.88000,4178.04000,1561
2026.06.19,13:25,4178.05000,4179.86000,4176.92000,4179.38000,1001
2026.06.19,13:30,4179.40000,4179.88000,4176.99000,4179.88000,815
2026.06.19,13:35,4179.89000,4183.08000,4178.07000,4179.55000,832
2026.06.19,13:40,4179.50000,4183.61000,4179.13000,4179.90000,730
2026.06.19,13:45,4179.94000,4180.71000,4175.64000,4176.29000,887
2026.06.19,13:50,4176.28000,4176.88000,4171.70000,4176.75000,1198
2026.06.19,13:55,4176.74000,4177.24000,4174.93000,4176.31000,843
2026.06.19,14:00,4176.29000,4177.19000,4169.03000,4169.50000,1338
2026.06.19,14:05,4169.49000,4169.71000,4166.27000,4167.57000,1426
2026.06.19,14:10,4167.59000,4169.94000,4165.93000,4166.02000,1052
2026.06.19,14:15,4166.05000,4168.98000,4164.93000,4167.71000,1537
2026.06.19,14:20,4167.97000,4170.64000,4167.70000,4168.66000,1192
2026.06.19,14:25,4168.69000,4169.27000,4166.41000,4167.36000,1138
2026.06.19,14:30,4167.43000,4167.69000,4161.61000,4164.65000,1607
2026.06.19,14:35,4164.60000,4165.46000,4162.17000,4163.13000,1411
2026.06.19,14:40,4163.30000,4164.35000,4157.85000,4162.21000,1747
2026.06.19,14:45,4162.25000,4162.33000,4157.83000,4158.84000,1402
2026.06.19,14:50,4158.79000,4160.67000,4157.42000,4158.79000,1313
2026.06.19,14:55,4158.82000,4159.78000,4145.30000,4153.33000,1770
2026.06.19,15:00,4153.35000,4155.23000,4142.93000,4144.03000,2434
2026.06.19,15:05,4144.01000,4147.51000,4143.53000,4143.81000,1845
2026.06.19,15:10,4143.77000,4146.97000,4143.36000,4145.39000,1654
2026.06.19,15:15,4145.35000,4149.38000,4141.34000,4147.54000,2114
2026.06.19,15:20,4147.55000,4149.72000,4147.16000,4149.03000,1238
2026.06.19,15:25,4149.04000,4149.12000,4144.23000,4146.44000,1481
2026.06.19,15:30,4146.43000,4147.33000,4142.71000,4143.01000,1541
2026.06.19,15:35,4143.02000,4143.13000,4137.53000,4141.57000,1973
2026.06.19,15:40,4141.61000,4141.61000,4133.45000,4135.25000,1665
2026.06.19,15:45,4135.23000,4136.64000,4133.92000,4135.74000,1296
2026.06.19,15:50,4135.70000,4136.26000,4125.41000,4127.55000,1788
2026.06.19,15:55,4127.31000,4128.97000,4125.05000,4125.71000,1678
2026.06.19,16:00,4125.68000,4127.19000,4122.53000,4124.61000,2240
2026.06.19,16:05,4124.59000,4125.18000,4121.62000,4124.49000,1801
2026.06.19,16:10,4124.48000,4131.62000,4124.17000,4130.20000,1849
2026.06.19,16:15,4130.26000,4130.42000,4125.74000,4127.81000,1802
2026.06.19,16:20,4127.78000,4131.53000,4125.92000,4129.10000,1662
2026.06.19,16:25,4129.08000,4134.38000,4129.04000,4133.71000,1750
2026.06.19,16:30,4133.69000,4139.35000,4130.88000,4132.03000,1824
2026.06.19,16:35,4132.02000,4135.40000,4130.46000,4131.40000,1596
2026.06.19,16:40,4131.39000,4134.96000,4130.96000,4134.92000,1479
2026.06.19,16:45,4134.90000,4138.63000,4134.45000,4137.56000,1431
2026.06.19,16:50,4137.61000,4139.09000,4132.78000,4138.97000,1577
2026.06.19,16:55,4138.96000,4141.47000,4136.99000,4139.69000,1431
2026.06.19,17:00,4139.68000,4140.28000,4133.46000,4137.92000,1725
2026.06.19,17:05,4137.91000,4143.50000,4135.93000,4143.47000,1882
2026.06.19,17:10,4143.48000,4148.14000,4139.91000,4147.24000,1893
2026.06.19,17:15,4147.22000,4147.42000,4139.90000,4141.55000,1807
2026.06.19,17:20,4141.53000,4144.57000,4139.14000,4143.23000,1554
2026.06.19,17:25,4143.28000,4144.84000,4140.86000,4142.04000,1474
2026.06.19,17:30,4142.02000,4145.53000,4135.41000,4138.65000,1960
2026.06.19,17:35,4138.66000,4138.99000,4132.72000,4133.82000,1462
2026.06.19,17:40,4133.81000,4136.83000,4133.75000,4135.99000,1110
2026.06.19,17:45,4136.06000,4145.38000,4134.56000,4145.38000,1429
2026.06.19,17:50,4145.39000,4146.57000,4142.14000,4145.68000,1317
2026.06.19,17:55,4145.67000,4150.56000,4144.31000,4147.66000,1252
2026.06.19,18:00,4147.61000,4156.12000,4147.61000,4156.03000,1680
2026.06.19,18:05,4155.80000,4159.80000,4153.93000,4159.03000,1503
2026.06.19,18:10,4159.02000,4159.27000,4153.79000,4157.10000,1255
2026.06.19,18:15,4157.08000,4160.14000,4154.24000,4155.26000,1627
2026.06.19,18:20,4155.30000,4157.63000,4154.34000,4155.86000,1634
2026.06.19,18:25,4155.85000,4155.85000,4151.93000,4152.38000,1213
2026.06.19,18:30,4152.39000,4154.66000,4151.81000,4153.26000,1225
2026.06.19,18:35,4153.39000,4157.48000,4150.99000,4157.03000,1298
2026.06.19,18:40,4157.08000,4157.22000,4153.33000,4153.85000,1216
2026.06.19,18:45,4154.13000,4155.00000,4151.79000,4152.57000,939
2026.06.19,18:50,4152.58000,4156.83000,4151.45000,4154.95000,1135
2026.06.19,18:55,4154.94000,4162.72000,4154.08000,4157.86000,1228
2026.06.19,19:00,4157.94000,4160.89000,4155.15000,4159.79000,1662
2026.06.19,19:05,4159.78000,4164.20000,4157.64000,4164.02000,1448
2026.06.19,19:10,4164.12000,4167.15000,4163.94000,4165.60000,1574
2026.06.19,19:15,4165.54000,4171.01000,4165.19000,4170.21000,1605
2026.06.19,19:20,4170.22000,4177.01000,4167.96000,4175.18000,1658
2026.06.19,19:25,4175.16000,4177.81000,4173.76000,4176.15000,1475
2026.06.19,19:30,4176.19000,4178.44000,4173.78000,4175.23000,1777
2026.06.19,19:35,4175.22000,4175.61000,4168.56000,4168.92000,1244
2026.06.19,19:40,4168.91000,4171.91000,4166.55000,4168.90000,1290
2026.06.19,19:45,4168.88000,4169.47000,4166.31000,4167.87000,1123
2026.06.19,19:50,4167.81000,4168.18000,4164.52000,4165.56000,1078
2026.06.19,19:55,4165.57000,4169.18000,4165.09000,4169.18000,898
2026.06.19,20:00,4169.17000,4170.96000,4165.16000,4165.45000,1198
2026.06.19,20:05,4165.46000,4167.49000,4164.26000,4165.25000,1225
2026.06.19,20:10,4165.29000,4167.04000,4163.67000,4163.97000,1286
2026.06.19,20:15,4163.99000,4166.25000,4163.12000,4164.49000,1179
2026.06.19,20:20,4164.52000,4168.12000,4162.76000,4167.36000,999
2026.06.19,20:25,4167.43000,4167.48000,4161.91000,4162.73000,1543
2026.06.19,20:30,4162.74000,4166.01000,4162.70000,4165.68000,1236
2026.06.19,20:35,4165.70000,4165.80000,4162.98000,4163.63000,704
2026.06.19,20:40,4163.75000,4165.46000,4162.52000,4162.69000,737
2026.06.19,20:45,4162.77000,4167.24000,4162.68000,4163.14000,850
2026.06.19,20:50,4163.17000,4165.35000,4163.14000,4164.26000,903
2026.06.19,20:55,4164.25000,4164.96000,4160.98000,4162.94000,836
2026.06.19,21:00,4162.96000,4163.16000,4156.89000,4157.83000,1329
2026.06.19,21:05,4157.80000,4158.76000,4152.82000,4156.61000,1306
2026.06.19,21:10,4156.62000,4157.56000,4153.94000,4155.28000,1125
2026.06.19,21:15,4155.27000,4158.24000,4153.32000,4156.04000,1061
2026.06.19,21:20,4156.03000,4156.19000,4153.06000,4155.23000,1234
2026.06.19,21:25,4155.24000,4155.81000,4152.62000,4153.66000,1067
2026.06.19,21:30,4153.63000,4154.77000,4151.32000,4154.67000,1140
2026.06.19,21:35,4154.68000,4155.25000,4150.14000,4150.80000,1560
2026.06.19,21:40,4150.81000,4153.00000,4150.19000,4151.09000,1467
2026.06.19,21:45,4151.07000,4153.75000,4150.43000,4151.59000,1556
2026.06.19,21:50,4151.62000,4154.69000,4149.58000,4149.73000,1109
2026.06.19,21:55,4149.74000,4152.63000,4148.13000,4149.69000,1260
2026.06.19,22:00,4149.66000,4150.09000,4145.20000,4148.41000,1556
2026.06.19,22:05,4148.55000,4149.55000,4142.49000,4147.44000,1579
2026.06.19,22:10,4147.38000,4148.54000,4145.67000,4146.61000,1181
2026.06.19,22:15,4146.73000,4147.51000,4144.19000,4147.21000,1150
2026.06.19,22:20,4147.20000,4148.91000,4146.09000,4148.01000,1102
2026.06.19,22:25,4147.99000,4148.70000,4143.24000,4144.19000,1365
2026.06.19,22:30,4144.14000,4145.42000,4141.89000,4144.23000,1352
2026.06.19,22:35,4144.24000,4148.39000,4143.04000,4147.46000,1000
2026.06.19,22:40,4147.41000,4150.63000,4147.37000,4150.03000,1264
2026.06.19,22:45,4150.02000,4154.87000,4150.02000,4153.11000,1217
2026.06.19,22:50,4153.12000,4153.57000,4149.55000,4149.88000,1185
2026.06.19,22:55,4149.87000,4152.96000,4148.54000,4152.63000,1038
2026.06.19,23:00,4152.66000,4158.60000,4152.24000,4157.45000,1833
2026.06.19,23:05,4157.44000,4158.78000,4152.59000,4158.36000,1487
2026.06.19,23:10,4158.35000,4160.28000,4155.53000,4155.64000,1199
2026.06.19,23:15,4155.76000,4156.04000,4152.61000,4155.41000,1038
2026.06.19,23:20,4155.40000,4156.14000,4153.00000,4153.64000,972
2026.06.19,23:25,4153.54000,4155.92000,4151.10000,4151.69000,1297
2026.06.19,23:30,4151.70000,4153.35000,4149.47000,4152.20000,1242
2026.06.19,23:35,4152.22000,4152.55000,4148.13000,4150.74000,1663
2026.06.19,23:40,4150.75000,4154.56000,4148.69000,4152.11000,1481
2026.06.19,23:45,4152.10000,4152.30000,4147.25000,4148.75000,1103
2026.06.19,23:50,4148.73000,4174.60000,4148.73000,4172.95000,4651
2026.06.19,23:55,4172.99000,4179.88000,4169.57000,4178.81000,3056
2026.06.20,00:00,4178.84000,4181.39000,4164.21000,4169.04000,3058
2026.06.20,00:05,4169.09000,4182.49000,4168.63000,4182.49000,2571
2026.06.20,00:10,4182.47000,4182.98000,4169.60000,4169.76000,2705
2026.06.20,00:15,4169.75000,4172.34000,4163.38000,4164.49000,1850
2026.06.20,00:20,4164.60000,4166.45000,4161.75000,4166.17000,1721
2026.06.20,00:25,4166.15000,4166.77000,4162.62000,4164.05000,1640
2026.06.20,00:30,4164.04000,4168.05000,4162.43000,4162.84000,2259
2026.06.20,00:35,4162.83000,4164.90000,4159.81000,4162.95000,1733
2026.06.20,00:40,4162.92000,4164.38000,4157.70000,4158.57000,1667
2026.06.20,00:45,4158.46000,4160.90000,4154.60000,4156.89000,1721
2026.06.20,00:50,4156.90000,4159.54000,4155.71000,4158.19000,1481
2026.06.20,00:55,4158.18000,4160.10000,4150.36000,4151.32000,1758
2026.06.20,01:00,4151.20000,4154.61000,4148.00000,4152.66000,2151
2026.06.20,01:05,4152.72000,4152.99000,4148.66000,4150.13000,1452
2026.06.20,01:10,4150.11000,4150.29000,4147.67000,4149.36000,1383
2026.06.20,01:15,4149.34000,4149.84000,4143.83000,4147.27000,1677
2026.06.20,01:20,4147.25000,4148.40000,4143.57000,4145.25000,1387
2026.06.20,01:25,4145.38000,4149.93000,4145.38000,4149.22000,1354
2026.06.20,01:30,4149.20000,4150.54000,4145.82000,4146.20000,1403
2026.06.20,01:35,4146.22000,4150.47000,4145.88000,4148.23000,1331
2026.06.20,01:40,4148.25000,4149.27000,4143.01000,4144.50000,1517
2026.06.20,01:45,4144.51000,4147.76000,4142.44000,4145.28000,1325
2026.06.20,01:50,4145.29000,4150.16000,4144.25000,4149.97000,1380
2026.06.20,01:55,4150.05000,4151.30000,4147.97000,4149.21000,1693
2026.06.20,02:00,4149.23000,4153.23000,4148.06000,4148.78000,1724
2026.06.20,02:05,4148.77000,4153.27000,4147.99000,4151.93000,1263
2026.06.20,02:10,4151.95000,4152.99000,4148.50000,4151.45000,1119
2026.06.20,02:15,4151.43000,4151.91000,4149.70000,4151.16000,1083
2026.06.20,02:20,4151.17000,4154.04000,4151.17000,4153.26000,853
2026.06.20,02:25,4153.18000,4153.35000,4150.51000,4151.23000,957
2026.06.20,02:30,4151.28000,4152.66000,4149.51000,4151.67000,1091
2026.06.20,02:35,4151.65000,4153.10000,4148.67000,4149.88000,904
2026.06.20,02:40,4149.89000,4150.55000,4147.50000,4148.02000,837
2026.06.20,02:45,4148.06000,4153.02000,4148.06000,4151.68000,714
2026.06.20,02:50,4151.62000,4153.52000,4149.73000,4150.53000,728
2026.06.20,02:55,4150.54000,4151.16000,4149.52000,4151.09000,537
2026.06.20,03:00,4151.10000,4151.15000,4146.67000,4147.14000,783
2026.06.20,03:05,4147.15000,4149.56000,4145.80000,4146.06000,590
2026.06.20,03:10,4146.09000,4146.74000,4144.46000,4145.29000,639
2026.06.20,03:15,4145.35000,4146.19000,4144.58000,4144.99000,519
2026.06.20,03:20,4145.08000,4147.93000,4144.22000,4146.68000,513
2026.06.20,03:25,4146.69000,4148.89000,4146.56000,4146.94000,471
2026.06.20,03:30,4146.95000,4149.76000,4146.95000,4149.72000,518
2026.06.20,03:35,4149.71000,4151.81000,4147.76000,4151.77000,662
2026.06.20,03:40,4151.60000,4153.66000,4150.54000,4151.65000,689
2026.06.20,03:45,4151.67000,4157.18000,4151.41000,4157.01000,729
2026.06.20,03:50,4157.03000,4157.86000,4151.43000,4151.69000,792
2026.06.20,03:55,4151.67000,4155.70000,4151.45000,4155.44000,990
2026.06.20,04:00,4155.48000,4156.15000,4155.23000,4155.91000,140
2026.06.20,04:05,4155.96000,4156.22000,4155.76000,4156.01000,24
2026.06.20,04:10,4156.10000,4156.35000,4156.10000,4156.35000,9
2026.06.20,04:15,4156.37000,4156.71000,4156.22000,4156.43000,64
2026.06.20,04:20,4156.84000,4156.84000,4156.64000,4156.64000,14
2026.06.20,04:25,4156.63000,4156.71000,4155.93000,4156.12000,59
2026.06.20,04:30,4156.13000,4157.75000,4156.02000,4157.72000,264
2026.06.20,04:35,4157.73000,4159.43000,4157.73000,4159.26000,67
2026.06.20,04:40,4159.25000,4159.92000,4157.86000,4159.40000,137
2026.06.20,04:45,4159.42000,4159.46000,4158.28000,4158.93000,108
2026.06.20,04:50,4158.91000,4160.17000,4158.86000,4159.00000,143
2026.06.20,04:55,4159.04000,4160.13000,4159.01000,4159.07000,80
2026.06.20,05:00,4159.06000,4159.31000,4158.98000,4159.30000,10
2026.06.20,05:05,4160.60000,4161.00000,4159.50000,4161.00000,26
2026.06.20,05:20,4160.81000,4160.81000,4160.13000,4160.13000,20
2026.06.20,05:25,4160.33000,4160.33000,4158.37000,4158.37000,171
2026.06.20,05:30,4158.39000,4159.16000,4158.37000,4158.93000,137
2026.06.20,05:35,4158.92000,4159.13000,4157.88000,4158.06000,560
2026.06.20,05:40,4158.07000,4158.93000,4157.85000,4158.06000,892
2026.06.20,05:45,4158.07000,4158.74000,4157.44000,4157.61000,1117
2026.06.20,05:50,4157.62000,4158.48000,4157.62000,4158.11000,404
2026.06.20,05:55,4158.13000,4158.71000,4157.38000,4157.46000,146
2026.06.20,06:00,4157.49000,4158.47000,4157.19000,4158.27000,431
2026.06.20,06:05,4158.29000,4158.39000,4156.75000,4157.83000,145
2026.06.20,06:10,4157.86000,4158.15000,4157.21000,4157.51000,201
2026.06.20,06:15,4157.74000,4158.15000,4156.93000,4157.36000,277
2026.06.20,06:20,4157.35000,4158.11000,4157.32000,4157.98000,202
2026.06.20,06:25,4158.01000,4158.75000,4157.67000,4158.46000,141
2026.06.20,06:30,4158.56000,4159.97000,4158.26000,4159.30000,114
2026.06.20,06:35,4159.29000,4160.25000,4159.17000,4159.42000,99
2026.06.20,06:40,4159.41000,4160.59000,4159.37000,4160.44000,93
2026.06.20,06:45,4160.45000,4160.45000,4158.65000,4159.75000,256
2026.06.20,06:50,4159.73000,4161.00000,4159.38000,4159.92000,22
2026.06.20,07:05,4161.85000,4161.85000,4160.84000,4161.06000,35
2026.06.22,09:00,4147.91000,4158.03000,4147.44000,4156.26000,1537
2026.06.22,09:05,4156.87000,4159.66000,4151.34000,4153.98000,1411
2026.06.22,09:10,4154.00000,4155.93000,4148.35000,4151.24000,1412
2026.06.22,09:15,4151.23000,4153.59000,4147.44000,4153.14000,1467
2026.06.22,09:20,4153.21000,4154.42000,4149.13000,4149.66000,1335
2026.06.22,09:25,4149.63000,4153.11000,4148.90000,4151.79000,992
2026.06.22,09:30,4151.81000,4155.14000,4150.81000,4151.97000,1317
2026.06.22,09:35,4151.95000,4152.56000,4149.77000,4152.05000,832
2026.06.22,09:40,4151.55000,4154.85000,4150.47000,4153.55000,912
2026.06.22,09:45,4153.53000,4155.03000,4152.09000,4155.03000,719
2026.06.22,09:50,4155.02000,4156.56000,4153.41000,4156.52000,705
2026.06.22,09:55,4156.51000,4156.99000,4155.25000,4156.33000,667
2026.06.22,10:00,4156.23000,4160.14000,4155.24000,4159.47000,1136
2026.06.22,10:05,4159.46000,4163.17000,4158.32000,4163.12000,1402
2026.06.22,10:10,4163.10000,4164.75000,4157.94000,4158.44000,1302
2026.06.22,10:15,4158.32000,4158.46000,4153.71000,4154.75000,1520
2026.06.22,10:20,4154.41000,4159.02000,4153.85000,4157.27000,1262
2026.06.22,10:25,4157.25000,4158.14000,4154.25000,4156.46000,1048
2026.06.22,10:30,4156.77000,4156.83000,4146.70000,4147.73000,1608
2026.06.22,10:35,4147.79000,4147.82000,4142.15000,4144.74000,1747
2026.06.22,10:40,4144.75000,4146.01000,4141.49000,4145.27000,1231
2026.06.22,10:45,4145.25000,4147.04000,4136.13000,4136.82000,2242
2026.06.22,10:50,4136.83000,4140.20000,4136.15000,4136.93000,1895
2026.06.22,10:55,4136.95000,4142.77000,4136.95000,4139.93000,1945
2026.06.22,11:00,4139.92000,4150.55000,4139.76000,4147.00000,3222
2026.06.22,11:05,4146.99000,4149.20000,4143.22000,4148.59000,3074
2026.06.22,11:10,4148.58000,4162.59000,4147.07000,4160.72000,2912
2026.06.22,11:15,4161.05000,4170.62000,4160.61000,4163.67000,3187
2026.06.22,11:20,4163.69000,4164.98000,4161.42000,4163.98000,2287
2026.06.22,11:25,4163.97000,4168.11000,4162.83000,4167.45000,2311
2026.06.22,11:30,4167.55000,4171.03000,4165.60000,4166.23000,1927
2026.06.22,11:35,4166.34000,4172.56000,4166.33000,4171.77000,1716
2026.06.22,11:40,4171.55000,4176.27000,4169.95000,4175.62000,1915
2026.06.22,11:45,4175.73000,4184.33000,4175.34000,4183.64000,2091
2026.06.22,11:50,4183.63000,4189.44000,4181.46000,4188.49000,2285
2026.06.22,11:55,4188.52000,4200.97000,4188.16000,4200.97000,3016
2026.06.22,12:00,4201.04000,4220.91000,4200.69000,4205.97000,6170
2026.06.22,12:05,4206.41000,4215.89000,4203.92000,4213.68000,4490
2026.06.22,12:10,4213.64000,4214.16000,4206.32000,4211.53000,3641
2026.06.22,12:15,4211.45000,4214.80000,4208.05000,4208.25000,3335
2026.06.22,12:20,4208.39000,4213.44000,4204.81000,4209.63000,3322
2026.06.22,12:25,4209.64000,4212.64000,4206.28000,4207.07000,3349
2026.06.22,12:30,4207.04000,4207.25000,4195.06000,4197.74000,3787
2026.06.22,12:35,4197.36000,4203.47000,4194.78000,4202.73000,2944
2026.06.22,12:40,4202.74000,4205.00000,4198.35000,4200.46000,2470
2026.06.22,12:45,4200.96000,4201.86000,4193.73000,4195.27000,2933
2026.06.22,12:50,4195.28000,4198.53000,4192.18000,4194.06000,2517
2026.06.22,12:55,4194.08000,4195.45000,4189.62000,4190.93000,2388
2026.06.22,13:00,4190.96000,4192.88000,4187.94000,4189.95000,2778
2026.06.22,13:05,4189.98000,4195.18000,4188.54000,4190.49000,2463
2026.06.22,13:10,4190.51000,4191.90000,4183.59000,4184.14000,2088
2026.06.22,13:15,4184.16000,4188.60000,4183.48000,4187.85000,1432
2026.06.22,13:20,4187.82000,4189.82000,4183.35000,4188.89000,1525
2026.06.22,13:25,4188.90000,4190.25000,4186.56000,4188.85000,1219
2026.06.22,13:30,4188.84000,4194.81000,4187.18000,4194.74000,2490
2026.06.22,13:35,4194.68000,4200.23000,4192.95000,4195.94000,2105
2026.06.22,13:40,4195.91000,4195.91000,4190.21000,4191.78000,2033
2026.06.22,13:45,4191.61000,4192.29000,4187.52000,4191.05000,2296
2026.06.22,13:50,4191.08000,4191.51000,4188.08000,4188.81000,1699
2026.06.22,13:55,4188.83000,4190.54000,4187.45000,4188.28000,1441
2026.06.22,14:00,4188.26000,4189.85000,4186.45000,4188.69000,2185
2026.06.22,14:05,4188.68000,4189.89000,4181.93000,4182.49000,1839
2026.06.22,14:10,4182.26000,4185.92000,4178.11000,4178.11000,2047
2026.06.22,14:15,4178.21000,4180.90000,4173.67000,4175.99000,2100
2026.06.22,14:20,4176.00000,4179.71000,4173.64000,4178.98000,1559
2026.06.22,14:25,4179.00000,4180.96000,4177.56000,4180.10000,1452
2026.06.22,14:30,4180.11000,4180.71000,4177.72000,4179.90000,1161
2026.06.22,14:35,4179.89000,4179.95000,4175.97000,4176.00000,752
2026.06.22,14:40,4175.93000,4176.70000,4175.10000,4175.67000,679
2026.06.22,14:45,4175.70000,4178.70000,4174.75000,4177.35000,869
2026.06.22,14:50,4177.08000,4177.59000,4174.67000,4175.42000,754
2026.06.22,14:55,4175.35000,4176.44000,4170.62000,4171.41000,1357
2026.06.22,15:00,4171.54000,4175.19000,4170.61000,4173.64000,1337
2026.06.22,15:05,4173.66000,4178.30000,4173.45000,4177.66000,1015
2026.06.22,15:10,4177.69000,4178.35000,4176.08000,4176.30000,1022
2026.06.22,15:15,4176.37000,4177.52000,4175.23000,4176.23000,1103
2026.06.22,15:20,4176.26000,4178.73000,4175.64000,4176.38000,910
2026.06.22,15:25,4176.41000,4177.57000,4174.43000,4176.48000,1182
2026.06.22,15:30,4176.49000,4177.72000,4175.82000,4176.38000,943
2026.06.22,15:35,4176.36000,4178.86000,4175.13000,4177.74000,1058
2026.06.22,15:40,4177.75000,4178.10000,4174.61000,4176.80000,750
2026.06.22,15:45,4176.82000,4179.97000,4176.12000,4179.04000,1100
2026.06.22,15:50,4179.03000,4180.25000,4177.96000,4178.09000,911
2026.06.22,15:55,4178.06000,4182.13000,4177.38000,4181.73000,777
2026.06.22,16:00,4181.72000,4182.14000,4180.27000,4181.79000,1264
2026.06.22,16:05,4181.76000,4184.45000,4179.35000,4183.55000,1492
2026.06.22,16:10,4183.56000,4186.45000,4182.39000,4185.36000,1332
2026.06.22,16:15,4185.29000,4188.06000,4184.49000,4186.35000,1327
2026.06.22,16:20,4186.34000,4188.90000,4186.29000,4188.85000,1004
2026.06.22,16:25,4188.82000,4194.14000,4187.34000,4193.94000,1342
2026.06.22,16:30,4194.02000,4196.56000,4189.28000,4191.18000,2910
2026.06.22,16:35,4191.16000,4198.08000,4190.69000,4196.66000,2498
2026.06.22,16:40,4196.69000,4198.46000,4192.13000,4193.20000,2089
2026.06.22,16:45,4193.24000,4194.03000,4190.39000,4193.45000,1958
2026.06.22,16:50,4193.49000,4196.69000,4191.99000,4195.86000,1664
2026.06.22,16:55,4195.81000,4196.93000,4193.31000,4193.64000,1833
2026.06.22,17:00,4193.65000,4196.29000,4191.00000,4191.34000,2243
2026.06.22,17:05,4191.37000,4197.21000,4191.27000,4196.59000,1884
2026.06.22,17:10,4196.61000,4198.29000,4193.32000,4194.50000,1850
2026.06.22,17:15,4194.43000,4199.83000,4193.77000,4197.54000,1784
2026.06.22,17:20,4197.53000,4200.53000,4195.59000,4200.26000,1662
2026.06.22,17:25,4200.25000,4200.66000,4196.00000,4196.42000,1664
2026.06.22,17:30,4196.44000,4198.95000,4194.76000,4198.71000,1856
2026.06.22,17:35,4198.80000,4199.97000,4197.12000,4198.35000,1594
2026.06.22,17:40,4198.30000,4202.43000,4197.06000,4202.23000,1248
2026.06.22,17:45,4202.43000,4204.65000,4201.46000,4202.26000,1459
2026.06.22,17:50,4202.25000,4207.34000,4202.25000,4204.07000,1350
2026.06.22,17:55,4204.05000,4205.67000,4196.96000,4197.57000,1604
2026.06.22,18:00,4197.73000,4200.95000,4197.13000,4198.64000,1703
2026.06.22,18:05,4198.70000,4201.33000,4197.39000,4199.77000,1482
2026.06.22,18:10,4199.89000,4200.91000,4198.32000,4199.17000,1673
2026.06.22,18:15,4199.21000,4201.81000,4198.70000,4200.70000,1509
2026.06.22,18:20,4200.69000,4200.83000,4196.90000,4197.05000,1336
2026.06.22,18:25,4197.32000,4198.62000,4196.91000,4197.42000,1227
2026.06.22,18:30,4197.44000,4199.72000,4193.80000,4198.77000,1433
2026.06.22,18:35,4198.76000,4198.76000,4194.85000,4194.90000,1392
2026.06.22,18:40,4194.93000,4195.93000,4192.23000,4194.38000,1131
2026.06.22,18:45,4194.35000,4195.30000,4192.12000,4195.10000,1352
2026.06.22,18:50,4195.11000,4196.22000,4190.25000,4191.03000,1510
2026.06.22,18:55,4190.92000,4192.39000,4188.73000,4190.27000,1184
2026.06.22,19:00,4190.28000,4193.05000,4188.60000,4192.12000,1579
2026.06.22,19:05,4192.11000,4194.84000,4190.99000,4191.80000,1523
2026.06.22,19:10,4191.87000,4191.88000,4189.02000,4189.88000,1548
2026.06.22,19:15,4189.85000,4191.87000,4189.06000,4190.73000,1301
2026.06.22,19:20,4190.69000,4195.24000,4190.33000,4191.84000,1738
2026.06.22,19:25,4191.74000,4192.98000,4189.46000,4191.59000,1823
2026.06.22,19:30,4191.58000,4191.58000,4188.96000,4191.16000,1271
2026.06.22,19:35,4191.15000,4194.21000,4190.53000,4190.93000,1412
2026.06.22,19:40,4190.92000,4193.66000,4190.57000,4193.59000,931
2026.06.22,19:45,4193.55000,4194.58000,4192.53000,4194.46000,893
2026.06.22,19:50,4194.35000,4197.80000,4192.08000,4195.42000,1187
2026.06.22,19:55,4195.43000,4197.44000,4194.58000,4197.35000,1039
2026.06.22,20:00,4197.19000,4202.63000,4195.86000,4202.26000,1181
2026.06.22,20:05,4202.15000,4209.53000,4201.38000,4208.48000,1914
2026.06.22,20:10,4208.50000,4209.51000,4203.03000,4205.14000,1323
2026.06.22,20:15,4205.13000,4207.63000,4204.43000,4207.23000,1126
2026.06.22,20:20,4207.22000,4209.24000,4205.05000,4205.83000,1299
2026.06.22,20:25,4205.82000,4206.57000,4202.97000,4204.04000,1015
2026.06.22,20:30,4204.05000,4210.00000,4201.47000,4208.24000,1599
2026.06.22,20:35,4208.26000,4209.67000,4204.40000,4208.58000,1202
2026.06.22,20:40,4208.65000,4210.13000,4206.39000,4206.70000,1037
2026.06.22,20:45,4206.88000,4207.90000,4204.25000,4207.29000,1160
2026.06.22,20:50,4207.27000,4210.00000,4206.26000,4208.68000,948
2026.06.22,20:55,4208.73000,4210.15000,4207.87000,4208.09000,746
2026.06.22,21:00,4208.07000,4210.07000,4207.80000,4208.74000,980
2026.06.22,21:05,4208.72000,4211.57000,4207.97000,4210.45000,1575
2026.06.22,21:10,4210.44000,4214.20000,4208.73000,4212.84000,1630
2026.06.22,21:15,4212.77000,4212.77000,4210.01000,4210.14000,977
2026.06.22,21:20,4210.17000,4211.20000,4207.99000,4211.20000,911
2026.06.22,21:25,4211.19000,4214.11000,4209.21000,4210.03000,1023
2026.06.22,21:30,4210.02000,4210.98000,4208.90000,4210.02000,1061
2026.06.22,21:35,4209.95000,4211.69000,4208.99000,4209.10000,819
2026.06.22,21:40,4209.13000,4210.45000,4208.04000,4208.41000,814
2026.06.22,21:45,4208.43000,4208.95000,4204.37000,4205.41000,964
2026.06.22,21:50,4205.45000,4209.46000,4205.45000,4207.90000,834
2026.06.22,21:55,4207.92000,4208.05000,4203.47000,4204.68000,745
2026.06.22,22:00,4204.77000,4210.16000,4204.42000,4209.22000,1489
2026.06.22,22:05,4209.28000,4215.25000,4209.06000,4210.78000,3061
2026.06.22,22:10,4210.69000,4211.16000,4206.33000,4207.99000,2027
2026.06.22,22:15,4207.96000,4208.90000,4206.65000,4207.96000,1186
2026.06.22,22:20,4207.97000,4209.70000,4206.49000,4207.97000,1310
2026.06.22,22:25,4207.91000,4207.93000,4203.27000,4203.85000,1026
2026.06.22,22:30,4203.80000,4207.87000,4203.38000,4205.82000,1068
2026.06.22,22:35,4205.80000,4206.50000,4202.13000,4206.50000,1123
2026.06.22,22:40,4206.51000,4208.21000,4204.75000,4206.57000,1399
2026.06.22,22:45,4206.58000,4206.63000,4203.59000,4205.07000,1083
2026.06.22,22:50,4205.06000,4205.62000,4201.29000,4205.59000,1254
2026.06.22,22:55,4205.58000,4207.48000,4204.72000,4207.25000,1430
2026.06.22,23:00,4207.36000,4210.94000,4205.66000,4210.55000,1699
2026.06.22,23:05,4210.58000,4211.11000,4206.52000,4207.59000,1825
2026.06.22,23:10,4207.56000,4209.64000,4205.14000,4207.28000,1378
2026.06.22,23:15,4207.21000,4208.76000,4206.04000,4207.67000,1232
2026.06.22,23:20,4207.65000,4211.88000,4206.90000,4210.88000,2064
2026.06.22,23:25,4210.87000,4211.42000,4206.18000,4208.55000,1659
2026.06.22,23:30,4208.56000,4208.83000,4203.38000,4205.76000,1676
2026.06.22,23:35,4205.77000,4206.00000,4203.20000,4203.56000,1709
2026.06.22,23:40,4203.57000,4204.67000,4200.83000,4203.90000,1556
2026.06.22,23:45,4203.99000,4204.85000,4199.72000,4202.22000,1492
2026.06.22,23:50,4202.13000,4202.18000,4197.35000,4197.51000,1569
2026.06.22,23:55,4197.53000,4197.64000,4192.15000,4193.43000,1981
2026.06.23,00:00,4193.55000,4196.91000,4190.95000,4193.44000,4547
2026.06.23,00:05,4193.45000,4194.28000,4188.55000,4190.86000,3214
2026.06.23,00:10,4190.88000,4194.70000,4190.01000,4194.37000,2957
2026.06.23,00:15,4194.25000,4196.81000,4193.54000,4195.83000,2198
2026.06.23,00:20,4195.85000,4195.86000,4189.07000,4190.37000,2214
2026.06.23,00:25,4190.21000,4191.56000,4185.29000,4186.89000,2465
2026.06.23,00:30,4186.63000,4188.45000,4182.83000,4185.85000,4447
2026.06.23,00:35,4185.87000,4193.06000,4185.01000,4192.18000,3058
2026.06.23,00:40,4192.19000,4194.58000,4187.41000,4190.83000,4191
2026.06.23,00:45,4190.82000,4202.20000,4187.30000,4199.91000,3794
2026.06.23,00:50,4199.85000,4204.89000,4199.27000,4203.76000,3393
2026.06.23,00:55,4203.89000,4205.64000,4198.60000,4199.80000,2560
2026.06.23,01:00,4200.00000,4200.34000,4193.72000,4198.59000,3500
2026.06.23,01:05,4198.63000,4210.72000,4196.40000,4206.16000,4051
2026.06.23,01:10,4206.08000,4207.12000,4200.52000,4205.15000,3549
2026.06.23,01:15,4205.14000,4206.13000,4195.67000,4195.97000,3423
2026.06.23,01:20,4196.10000,4196.65000,4191.10000,4192.52000,3588
2026.06.23,01:25,4192.49000,4196.79000,4191.75000,4191.75000,4083
2026.06.23,01:30,4191.63000,4192.58000,4187.57000,4188.04000,3333
2026.06.23,01:35,4188.05000,4192.28000,4186.43000,4191.19000,3002
2026.06.23,01:40,4191.21000,4197.48000,4191.01000,4192.94000,3014
2026.06.23,01:45,4192.98000,4206.17000,4192.82000,4200.99000,3653
2026.06.23,01:50,4200.98000,4202.93000,4197.16000,4197.33000,3610
2026.06.23,01:55,4197.37000,4200.36000,4196.03000,4198.08000,3304
2026.06.23,02:00,4198.38000,4201.29000,4195.96000,4198.94000,2872
2026.06.23,02:05,4198.97000,4199.15000,4194.66000,4195.28000,3267
2026.06.23,02:10,4195.27000,4198.90000,4195.25000,4197.72000,2925
2026.06.23,02:15,4197.71000,4197.81000,4190.47000,4192.00000,3278
2026.06.23,02:20,4191.87000,4192.82000,4189.04000,4190.76000,2745
2026.06.23,02:25,4190.69000,4192.16000,4188.10000,4189.10000,2772
2026.06.23,02:30,4189.11000,4190.37000,4187.32000,4188.07000,2320
2026.06.23,02:35,4188.12000,4189.04000,4180.22000,4182.12000,2292
2026.06.23,02:40,4182.11000,4185.42000,4180.34000,4180.88000,2144
2026.06.23,02:45,4180.86000,4181.03000,4170.02000,4170.18000,2531
2026.06.23,02:50,4170.14000,4179.33000,4169.81000,4179.02000,2920
2026.06.23,02:55,4178.95000,4185.09000,4178.14000,4182.69000,2262
2026.06.23,03:00,4182.70000,4184.96000,4176.61000,4177.72000,2308
2026.06.23,03:05,4177.75000,4179.38000,4175.51000,4176.63000,2138
2026.06.23,03:10,4176.64000,4178.41000,4174.15000,4177.57000,1914
2026.06.23,03:15,4177.51000,4180.33000,4176.20000,4179.12000,1907
2026.06.23,03:20,4179.11000,4182.73000,4178.87000,4181.16000,1930
2026.06.23,03:25,4181.14000,4182.65000,4180.09000,4182.49000,1920
2026.06.23,03:30,4182.48000,4184.70000,4181.05000,4184.68000,1582
2026.06.23,03:35,4184.70000,4186.30000,4183.17000,4183.28000,1451
2026.06.23,03:40,4183.18000,4183.83000,4181.30000,4181.74000,1369
2026.06.23,03:45,4181.72000,4184.86000,4180.64000,4184.72000,1378
2026.06.23,03:50,4184.67000,4187.84000,4184.09000,4186.88000,1065
2026.06.23,03:55,4186.95000,4192.98000,4186.12000,4189.81000,1547
2026.06.23,04:00,4190.09000,4191.10000,4188.18000,4189.17000,1518
2026.06.23,04:05,4189.16000,4189.16000,4186.18000,4187.51000,1308
2026.06.23,04:10,4187.54000,4188.43000,4185.97000,4186.65000,1149
2026.06.23,04:15,4186.69000,4189.75000,4186.39000,4189.41000,1260
2026.06.23,04:20,4189.38000,4191.59000,4189.00000,4189.05000,1266
2026.06.23,04:25,4189.07000,4189.17000,4183.30000,4184.07000,1820
2026.06.23,04:30,4184.31000,4184.87000,4177.63000,4178.99000,1722
2026.06.23,04:35,4179.02000,4181.54000,4177.04000,4181.00000,1523
2026.06.23,04:40,4180.97000,4181.86000,4180.16000,4181.41000,1188
2026.06.23,04:45,4181.42000,4183.39000,4179.94000,4182.43000,1157
2026.06.23,04:50,4182.47000,4183.07000,4180.66000,4182.43000,1044
2026.06.23,04:55,4182.42000,4183.65000,4181.81000,4182.95000,1067
2026.06.23,05:00,4183.11000,4185.23000,4182.44000,4183.22000,1699
2026.06.23,05:05,4183.21000,4184.56000,4182.82000,4184.31000,1658
2026.06.23,05:10,4184.29000,4186.13000,4183.53000,4183.90000,1756
2026.06.23,05:15,4183.91000,4187.14000,4183.91000,4185.45000,1370
2026.06.23,05:20,4185.44000,4189.73000,4185.42000,4188.46000,1471
2026.06.23,05:25,4188.45000,4188.68000,4186.66000,4187.92000,1506
2026.06.23,05:30,4187.98000,4189.35000,4186.01000,4186.61000,1208
2026.06.23,05:35,4186.60000,4188.04000,4186.13000,4186.85000,975
2026.06.23,05:40,4186.87000,4189.85000,4186.74000,4189.76000,886
2026.06.23,05:45,4189.79000,4192.82000,4189.50000,4191.81000,949
2026.06.23,05:50,4191.82000,4192.13000,4189.83000,4190.62000,928
2026.06.23,05:55,4190.60000,4191.62000,4189.61000,4191.26000,1194
2026.06.23,06:00,4191.27000,4193.18000,4190.96000,4191.69000,1160
2026.06.23,06:05,4191.68000,4192.76000,4191.16000,4192.22000,1014
2026.06.23,06:10,4192.25000,4192.99000,4190.85000,4191.27000,780
2026.06.23,06:15,4191.30000,4191.99000,4189.83000,4190.83000,995
2026.06.23,06:20,4190.81000,4190.88000,4187.65000,4188.43000,1049
2026.06.23,06:25,4188.42000,4188.98000,4187.32000,4187.34000,954
2026.06.23,06:30,4187.52000,4187.57000,4186.09000,4187.01000,1175
2026.06.23,06:35,4186.99000,4190.11000,4186.69000,4188.25000,1205
2026.06.23,06:40,4188.26000,4188.32000,4184.28000,4184.36000,1350
2026.06.23,06:45,4184.37000,4186.02000,4184.03000,4185.47000,1221
2026.06.23,06:50,4185.49000,4187.59000,4184.68000,4187.22000,1615
2026.06.23,06:55,4187.21000,4191.54000,4186.13000,4190.69000,2040
2026.06.23,07:00,4190.58000,4193.74000,4189.97000,4192.44000,822
2026.06.23,07:05,4192.42000,4192.97000,4190.42000,4190.55000,475
2026.06.23,07:10,4190.52000,4191.92000,4190.44000,4190.77000,378
2026.06.23,07:15,4190.82000,4191.49000,4189.82000,4191.18000,262
2026.06.23,07:20,4191.17000,4191.27000,4188.49000,4190.42000,294
2026.06.23,07:25,4190.36000,4191.20000,4190.04000,4190.48000,210
2026.06.23,07:30,4190.45000,4191.63000,4189.49000,4191.43000,329
2026.06.23,07:35,4191.45000,4193.53000,4191.34000,4193.38000,304
2026.06.23,07:40,4193.28000,4193.37000,4192.01000,4192.68000,323
2026.06.23,07:45,4192.70000,4192.97000,4190.68000,4191.32000,383
2026.06.23,07:50,4191.00000,4192.17000,4190.74000,4191.48000,314
2026.06.23,07:55,4191.47000,4192.23000,4190.50000,4190.50000,417
2026.06.23,09:00,4191.74000,4194.48000,4191.34000,4192.67000,305
2026.06.23,09:05,4192.65000,4193.83000,4191.14000,4192.35000,282
2026.06.23,09:10,4192.37000,4193.10000,4191.64000,4192.01000,426
2026.06.23,09:15,4192.40000,4192.84000,4190.74000,4191.72000,199
2026.06.23,09:20,4191.71000,4192.29000,4191.02000,4191.41000,197
2026.06.23,09:25,4191.40000,4193.31000,4191.39000,4192.88000,177
2026.06.23,09:30,4192.89000,4194.60000,4192.01000,4192.41000,585
2026.06.23,09:35,4192.40000,4192.77000,4189.62000,4191.79000,524
2026.06.23,09:40,4191.80000,4191.80000,4188.94000,4189.92000,512
2026.06.23,09:45,4189.57000,4190.26000,4188.18000,4188.61000,463
2026.06.23,09:50,4188.59000,4190.28000,4188.28000,4189.77000,423
2026.06.23,09:55,4189.79000,4190.69000,4189.05000,4189.59000,387
2026.06.23,10:00,4189.97000,4193.05000,4189.49000,4190.62000,615
2026.06.23,10:05,4190.63000,4192.03000,4190.02000,4191.48000,465
2026.06.23,10:10,4191.81000,4192.00000,4190.11000,4190.72000,292
2026.06.23,10:15,4190.73000,4191.56000,4190.25000,4191.15000,316
2026.06.23,10:20,4191.14000,4191.95000,4190.12000,4190.61000,313
2026.06.23,10:25,4190.17000,4191.38000,4189.98000,4190.67000,226
2026.06.23,10:30,4190.66000,4192.62000,4190.34000,4192.09000,374
2026.06.23,10:35,4192.10000,4195.08000,4191.81000,4194.47000,527
2026.06.23,10:40,4194.49000,4195.34000,4194.15000,4194.89000,364
2026.06.23,10:45,4194.79000,4194.83000,4189.85000,4190.79000,698
2026.06.23,10:50,4190.83000,4190.87000,4186.81000,4187.49000,1084
2026.06.23,10:55,4187.34000,4189.64000,4186.91000,4187.57000,676
2026.06.23,11:00,4187.50000,4192.37000,4186.72000,4188.98000,1983
2026.06.23,11:05,4188.97000,4189.20000,4183.62000,4184.30000,1854
2026.06.23,11:10,4184.33000,4184.40000,4178.28000,4178.65000,1829
2026.06.23,11:15,4178.67000,4182.70000,4178.67000,4182.25000,1602
2026.06.23,11:20,4182.19000,4183.27000,4178.82000,4182.30000,1284
2026.06.23,11:25,4182.32000,4185.81000,4179.79000,4183.88000,1568
2026.06.23,11:30,4183.90000,4186.16000,4182.41000,4183.93000,1814
2026.06.23,11:35,4183.89000,4186.34000,4182.19000,4186.19000,1530
2026.06.23,11:40,4186.20000,4193.45000,4183.74000,4192.55000,1682
2026.06.23,11:45,4192.63000,4194.54000,4190.39000,4191.08000,2345
2026.06.23,11:50,4191.07000,4194.12000,4189.95000,4191.27000,1766
2026.06.23,11:55,4191.11000,4193.85000,4189.75000,4193.34000,1747
2026.06.23,12:00,4193.24000,4198.34000,4189.40000,4190.03000,3133
2026.06.23,12:05,4189.61000,4194.12000,4184.86000,4188.51000,2382
2026.06.23,12:10,4188.50000,4189.20000,4184.87000,4185.28000,2044
2026.06.23,12:15,4185.27000,4185.88000,4172.04000,4173.58000,2895
2026.06.23,12:20,4173.63000,4180.33000,4170.79000,4178.16000,2469
2026.06.23,12:25,4178.20000,4180.89000,4176.61000,4178.20000,2035
2026.06.23,12:30,4178.23000,4178.65000,4167.95000,4168.91000,2845
2026.06.23,12:35,4168.94000,4170.41000,4160.76000,4161.98000,3138
2026.06.23,12:40,4162.00000,4165.09000,4153.51000,4154.08000,3069
2026.06.23,12:45,4154.13000,4155.54000,4150.10000,4150.38000,2706
2026.06.23,12:50,4150.45000,4158.26000,4150.00000,4157.11000,2915
2026.06.23,12:55,4157.10000,4162.92000,4155.57000,4161.17000,2730
2026.06.23,13:00,4161.19000,4163.06000,4156.47000,4158.91000,2214
2026.06.23,13:05,4158.94000,4159.14000,4150.68000,4151.47000,2548
2026.06.23,13:10,4151.46000,4153.87000,4148.98000,4153.64000,2339
2026.06.23,13:15,4153.63000,4160.48000,4153.36000,4158.16000,1514
2026.06.23,13:20,4158.15000,4160.27000,4157.57000,4160.24000,1108
2026.06.23,13:25,4160.28000,4163.31000,4159.17000,4161.68000,1260
2026.06.23,13:30,4161.70000,4162.12000,4156.37000,4156.37000,2220
2026.06.23,13:35,4156.38000,4159.19000,4155.96000,4157.95000,1708
2026.06.23,13:40,4157.97000,4158.41000,4152.20000,4154.97000,2111
2026.06.23,13:45,4154.80000,4156.72000,4152.18000,4154.20000,2036
2026.06.23,13:50,4154.26000,4155.89000,4151.68000,4152.64000,1618
2026.06.23,13:55,4152.63000,4155.10000,4146.35000,4146.81000,1954
2026.06.23,14:00,4146.91000,4149.60000,4140.03000,4142.41000,2840
2026.06.23,14:05,4142.35000,4142.97000,4139.42000,4140.42000,1996
2026.06.23,14:10,4140.44000,4143.13000,4138.82000,4141.98000,2098
2026.06.23,14:15,4141.94000,4143.98000,4132.09000,4133.07000,2569
2026.06.23,14:20,4133.05000,4135.77000,4130.74000,4135.57000,2160
2026.06.23,14:25,4135.58000,4140.97000,4134.21000,4140.77000,1696
2026.06.23,14:30,4140.75000,4141.24000,4138.61000,4139.33000,1467
2026.06.23,14:35,4139.23000,4141.16000,4133.54000,4136.65000,1704
2026.06.23,14:40,4136.67000,4139.09000,4134.95000,4138.80000,1361
2026.06.23,14:45,4138.78000,4140.04000,4136.26000,4138.96000,1282
2026.06.23,14:50,4138.97000,4141.65000,4138.81000,4140.88000,1072
2026.06.23,14:55,4140.89000,4144.94000,4139.51000,4144.11000,1321
2026.06.23,15:00,4144.37000,4146.93000,4143.90000,4144.85000,1187
2026.06.23,15:05,4144.84000,4144.85000,4142.97000,4143.96000,960
2026.06.23,15:10,4144.03000,4144.27000,4141.93000,4143.34000,1062
2026.06.23,15:15,4143.27000,4143.30000,4138.94000,4139.63000,928
2026.06.23,15:20,4139.65000,4140.26000,4137.96000,4140.00000,1013
2026.06.23,15:25,4140.08000,4140.58000,4137.19000,4139.90000,1123
2026.06.23,15:30,4139.91000,4139.91000,4135.05000,4136.50000,1404
2026.06.23,15:35,4136.51000,4139.84000,4135.07000,4138.89000,1281
2026.06.23,15:40,4138.84000,4140.42000,4136.82000,4138.78000,928
2026.06.23,15:45,4138.79000,4140.28000,4138.07000,4138.89000,875
2026.06.23,15:50,4138.90000,4139.62000,4134.27000,4134.47000,1068
2026.06.23,15:55,4134.48000,4134.56000,4114.43000,4117.71000,2365
2026.06.23,16:00,4117.70000,4134.49000,4115.16000,4134.41000,2564
2026.06.23,16:05,4134.43000,4137.49000,4127.07000,4127.82000,1796
2026.06.23,16:10,4127.80000,4130.87000,4126.51000,4129.76000,1606
2026.06.23,16:15,4129.69000,4129.85000,4126.03000,4127.90000,1388
2026.06.23,16:20,4127.94000,4130.71000,4126.39000,4127.40000,1465
2026.06.23,16:25,4127.45000,4128.40000,4123.52000,4124.99000,1466
2026.06.23,16:30,4124.97000,4131.34000,4117.02000,4131.24000,4022
2026.06.23,16:35,4131.22000,4133.76000,4124.87000,4125.16000,2926
2026.06.23,16:40,4125.36000,4128.80000,4120.94000,4127.73000,2644
2026.06.23,16:45,4127.57000,4127.79000,4117.31000,4118.95000,2426
2026.06.23,16:50,4118.97000,4122.41000,4117.11000,4120.42000,2514
2026.06.23,16:55,4120.40000,4122.07000,4116.80000,4121.05000,2930
2026.06.23,17:00,4121.00000,4126.92000,4119.66000,4122.80000,3489
2026.06.23,17:05,4122.77000,4123.21000,4113.08000,4113.42000,2980
2026.06.23,17:10,4113.45000,4124.98000,4111.07000,4122.48000,3229
2026.06.23,17:15,4122.51000,4127.00000,4121.15000,4122.44000,2371
2026.06.23,17:20,4122.47000,4125.38000,4117.22000,4122.39000,2267
2026.06.23,17:25,4122.38000,4122.61000,4114.39000,4116.47000,3126
2026.06.23,17:30,4116.41000,4121.18000,4114.66000,4119.76000,2928
2026.06.23,17:35,4119.74000,4119.84000,4113.46000,4115.97000,2180
2026.06.23,17:40,4116.02000,4117.22000,4110.76000,4113.42000,2238
2026.06.23,17:45,4113.41000,4117.75000,4110.39000,4115.41000,2466
2026.06.23,17:50,4115.36000,4118.87000,4115.36000,4118.29000,1825
2026.06.23,17:55,4118.25000,4120.31000,4113.81000,4114.22000,2087
2026.06.23,18:00,4114.20000,4119.72000,4109.86000,4119.71000,2763
2026.06.23,18:05,4119.72000,4124.72000,4118.65000,4121.09000,2037
2026.06.23,18:10,4121.07000,4121.07000,4112.01000,4115.72000,2163
2026.06.23,18:15,4115.80000,4117.93000,4113.65000,4117.74000,1746
2026.06.23,18:20,4117.71000,4123.00000,4117.31000,4119.24000,1736
2026.06.23,18:25,4119.27000,4120.16000,4117.86000,4118.10000,1529
2026.06.23,18:30,4118.11000,4119.33000,4115.03000,4119.11000,2207
2026.06.23,18:35,4119.06000,4119.06000,4110.78000,4111.40000,2132
2026.06.23,18:40,4111.41000,4113.47000,4103.72000,4104.84000,2359
2026.06.23,18:45,4105.07000,4108.21000,4104.12000,4106.37000,2047
2026.06.23,18:50,4106.40000,4106.44000,4098.19000,4100.58000,2312
2026.06.23,18:55,4100.66000,4101.13000,4096.53000,4098.69000,2088
2026.06.23,19:00,4098.77000,4100.00000,4090.98000,4092.29000,3260
2026.06.23,19:05,4092.30000,4096.05000,4090.63000,4094.19000,2425
2026.06.23,19:10,4094.20000,4096.15000,4091.83000,4093.94000,2068
2026.06.23,19:15,4093.82000,4099.96000,4092.35000,4098.18000,2247
2026.06.23,19:20,4098.25000,4100.00000,4096.08000,4097.13000,1947
2026.06.23,19:25,4097.12000,4098.67000,4094.67000,4098.10000,2311
2026.06.23,19:30,4098.06000,4102.27000,4096.63000,4101.60000,2248
2026.06.23,19:35,4101.59000,4105.34000,4100.52000,4102.37000,2651
2026.06.23,19:40,4102.26000,4110.81000,4102.12000,4109.50000,2230
2026.06.23,19:45,4109.48000,4109.68000,4101.90000,4104.14000,1998
2026.06.23,19:50,4104.13000,4108.63000,4102.38000,4107.68000,1603
2026.06.23,19:55,4107.70000,4107.72000,4102.45000,4105.34000,1570
2026.06.23,20:00,4105.40000,4110.69000,4103.81000,4110.12000,1689
2026.06.23,20:05,4110.11000,4112.63000,4108.84000,4109.86000,1519
2026.06.23,20:10,4109.84000,4113.71000,4109.14000,4110.93000,1336
2026.06.23,20:15,4110.97000,4112.64000,4108.74000,4111.25000,1269
2026.06.23,20:20,4111.28000,4116.83000,4111.23000,4115.90000,1401
2026.06.23,20:25,4115.81000,4116.91000,4111.85000,4112.69000,1494
2026.06.23,20:30,4112.67000,4116.85000,4112.02000,4116.85000,1499
2026.06.23,20:35,4116.84000,4119.84000,4115.36000,4118.30000,1453
2026.06.23,20:40,4118.28000,4120.04000,4116.58000,4116.97000,1291
2026.06.23,20:45,4117.08000,4118.42000,4116.21000,4117.40000,1147
2026.06.23,20:50,4117.39000,4118.39000,4115.33000,4115.56000,1050
2026.06.23,20:55,4115.71000,4122.22000,4115.34000,4122.22000,1152
2026.06.23,21:00,4122.44000,4133.32000,4122.44000,4131.64000,2061
2026.06.23,21:05,4131.63000,4132.53000,4126.88000,4126.91000,1356
2026.06.23,21:10,4126.92000,4130.29000,4126.84000,4129.92000,1159
2026.06.23,21:15,4129.93000,4133.00000,4128.64000,4132.64000,1284
2026.06.23,21:20,4132.63000,4132.63000,4127.75000,4127.85000,1433
2026.06.23,21:25,4127.89000,4131.58000,4126.77000,4130.21000,1204
2026.06.23,21:30,4130.22000,4132.10000,4129.15000,4130.36000,1450
2026.06.23,21:35,4130.30000,4131.60000,4126.80000,4128.66000,1529
2026.06.23,21:40,4128.75000,4130.05000,4124.21000,4126.39000,1630
2026.06.23,21:45,4126.37000,4126.64000,4123.38000,4124.21000,1572
2026.06.23,21:50,4124.20000,4125.58000,4121.84000,4121.96000,1792
2026.06.23,21:55,4122.04000,4123.00000,4119.51000,4119.70000,1454
2026.06.23,22:00,4119.75000,4121.41000,4117.30000,4119.06000,2181
2026.06.23,22:05,4118.92000,4126.64000,4118.42000,4125.60000,1998
2026.06.23,22:10,4125.59000,4129.63000,4125.00000,4129.09000,1473
2026.06.23,22:15,4129.07000,4129.23000,4125.18000,4128.24000,1452
2026.06.23,22:20,4128.21000,4131.84000,4124.36000,4129.28000,2331
2026.06.23,22:25,4129.27000,4129.84000,4125.03000,4127.12000,1719
2026.06.23,22:30,4127.03000,4128.65000,4123.40000,4123.61000,1669
2026.06.23,22:35,4123.79000,4126.65000,4120.39000,4125.81000,1817
2026.06.23,22:40,4125.83000,4126.17000,4118.61000,4121.10000,1882
2026.06.23,22:45,4121.06000,4121.83000,4118.33000,4121.83000,1373
2026.06.23,22:50,4121.84000,4123.98000,4118.96000,4121.90000,1845
2026.06.23,22:55,4121.94000,4126.18000,4119.72000,4123.20000,1770
2026.06.23,23:00,4123.18000,4127.17000,4122.38000,4122.38000,1960
2026.06.23,23:05,4122.49000,4124.07000,4119.49000,4119.75000,1793
2026.06.23,23:10,4119.80000,4122.27000,4112.78000,4114.06000,2161
2026.06.23,23:15,4114.07000,4118.72000,4111.65000,4117.83000,2044
2026.06.23,23:20,4117.85000,4120.14000,4112.79000,4117.70000,2577
2026.06.23,23:25,4117.65000,4118.14000,4113.94000,4115.12000,1999
2026.06.23,23:30,4115.11000,4120.45000,4114.18000,4115.69000,2632
2026.06.23,23:35,4115.59000,4122.42000,4115.55000,4121.99000,1997
2026.06.23,23:40,4121.84000,4121.84000,4117.58000,4117.77000,1753
2026.06.23,23:45,4117.79000,4118.19000,4113.24000,4118.13000,1866
2026.06.23,23:50,4118.09000,4121.72000,4116.06000,4119.14000,1967
2026.06.23,23:55,4119.16000,4121.30000,4112.35000,4113.22000,2000
2026.06.24,00:00,4113.17000,4114.36000,4107.89000,4112.02000,3848
2026.06.24,00:05,4112.01000,4119.32000,4111.39000,4116.46000,3041
2026.06.24,00:10,4116.44000,4116.92000,4112.02000,4113.32000,2316
2026.06.24,00:15,4113.34000,4114.03000,4106.45000,4107.44000,2304
2026.06.24,00:20,4107.38000,4116.62000,4105.25000,4116.50000,2742
2026.06.24,00:25,4116.49000,4119.35000,4113.92000,4115.84000,2422
2026.06.24,00:30,4115.82000,4123.41000,4109.87000,4122.43000,5213
2026.06.24,00:35,4122.45000,4124.41000,4118.11000,4118.63000,5001
2026.06.24,00:40,4118.62000,4128.72000,4118.21000,4126.07000,3715
2026.06.24,00:45,4126.16000,4134.84000,4124.53000,4130.97000,4366
2026.06.24,00:50,4131.02000,4140.31000,4130.70000,4137.02000,3813
2026.06.24,00:55,4137.03000,4139.27000,4131.63000,4135.32000,3785
2026.06.24,01:00,4135.36000,4140.66000,4133.29000,4137.75000,3719
2026.06.24,01:05,4137.80000,4143.75000,4135.05000,4141.61000,3321
2026.06.24,01:10,4141.58000,4145.13000,4133.06000,4137.48000,3464
2026.06.24,01:15,4137.63000,4142.00000,4132.93000,4141.34000,3657
2026.06.24,01:20,4141.33000,4142.83000,4134.10000,4134.94000,4174
2026.06.24,01:25,4134.91000,4136.47000,4128.75000,4132.59000,4565
2026.06.24,01:30,4132.57000,4132.99000,4124.52000,4126.83000,3806
2026.06.24,01:35,4126.78000,4129.28000,4122.64000,4124.18000,3549
2026.06.24,01:40,4124.21000,4128.74000,4122.88000,4126.20000,3778
2026.06.24,01:45,4126.10000,4128.61000,4124.83000,4126.76000,3458
2026.06.24,01:50,4126.77000,4130.26000,4123.64000,4127.77000,3555
2026.06.24,01:55,4127.76000,4130.23000,4125.20000,4130.02000,3347
2026.06.24,02:00,4130.04000,4134.50000,4128.63000,4133.91000,3287
2026.06.24,02:05,4133.96000,4135.42000,4123.42000,4123.45000,2982
2026.06.24,02:10,4123.31000,4128.25000,4123.31000,4128.14000,2935
2026.06.24,02:15,4128.18000,4130.53000,4126.96000,4127.51000,2393
2026.06.24,02:20,4127.52000,4129.47000,4123.78000,4124.98000,2322
2026.06.24,02:25,4124.97000,4128.15000,4124.05000,4127.04000,2300
2026.06.24,02:30,4127.12000,4136.30000,4126.56000,4132.98000,2684
2026.06.24,02:35,4133.01000,4137.44000,4132.78000,4137.32000,2683
2026.06.24,02:40,4137.33000,4141.62000,4136.67000,4138.81000,2438
2026.06.24,02:45,4138.83000,4139.70000,4133.79000,4135.04000,2320
2026.06.24,02:50,4134.98000,4138.89000,4134.16000,4137.51000,2212
2026.06.24,02:55,4137.50000,4139.11000,4136.05000,4138.52000,2054
2026.06.24,03:00,4138.53000,4139.87000,4136.05000,4136.17000,1631
2026.06.24,03:05,4136.14000,4136.99000,4133.74000,4134.80000,1406
2026.06.24,03:10,4134.87000,4136.60000,4134.16000,4135.35000,1327
2026.06.24,03:15,4135.36000,4138.39000,4132.86000,4137.64000,1690
2026.06.24,03:20,4137.65000,4138.28000,4135.19000,4135.99000,1436
2026.06.24,03:25,4135.98000,4136.87000,4135.25000,4136.20000,1104
2026.06.24,03:30,4136.16000,4142.41000,4134.86000,4140.47000,1622
2026.06.24,03:35,4140.46000,4142.76000,4139.46000,4141.83000,1329
2026.06.24,03:40,4141.81000,4143.66000,4140.28000,4143.28000,1605
2026.06.24,03:45,4143.29000,4143.80000,4139.31000,4140.35000,1370
2026.06.24,03:50,4140.34000,4140.80000,4138.93000,4139.45000,1146
2026.06.24,03:55,4139.49000,4140.27000,4131.46000,4134.29000,2145
2026.06.24,04:00,4134.27000,4134.73000,4130.53000,4132.63000,1703
2026.06.24,04:05,4132.48000,4134.72000,4129.77000,4132.43000,1394
2026.06.24,04:10,4132.46000,4139.84000,4132.28000,4138.41000,1473
2026.06.24,04:15,4138.39000,4138.48000,4135.31000,4136.52000,1128
2026.06.24,04:20,4136.50000,4137.84000,4133.08000,4133.44000,1641
2026.06.24,04:25,4133.49000,4133.61000,4129.90000,4130.90000,1643
2026.06.24,04:30,4130.92000,4131.51000,4127.63000,4130.02000,1526
2026.06.24,04:35,4130.01000,4130.88000,4128.75000,4129.84000,1061
2026.06.24,04:40,4129.88000,4132.23000,4129.06000,4131.93000,1124
2026.06.24,04:45,4131.94000,4133.04000,4130.73000,4131.78000,1072
2026.06.24,04:50,4131.76000,4132.05000,4128.18000,4128.55000,1251
2026.06.24,04:55,4128.56000,4129.58000,4127.81000,4127.96000,1310
2026.06.24,05:00,4127.95000,4130.90000,4126.37000,4127.02000,1650
2026.06.24,05:05,4127.11000,4127.68000,4123.81000,4124.97000,1226
2026.06.24,05:10,4124.98000,4126.02000,4124.02000,4124.25000,1088
2026.06.24,05:15,4124.14000,4125.64000,4123.63000,4124.41000,1028
2026.06.24,05:20,4124.40000,4125.30000,4122.58000,4123.71000,1183
2026.06.24,05:25,4123.74000,4123.75000,4120.55000,4121.02000,1370
2026.06.24,05:30,4120.86000,4122.52000,4119.66000,4121.25000,1096
2026.06.24,05:35,4121.26000,4122.72000,4119.81000,4119.81000,1003
2026.06.24,05:40,4119.80000,4120.31000,4115.81000,4115.90000,1567
2026.06.24,05:45,4115.91000,4116.51000,4112.60000,4114.83000,1661
2026.06.24,05:50,4114.85000,4117.30000,4113.92000,4115.74000,1526
2026.06.24,05:55,4115.79000,4118.17000,4114.80000,4117.77000,1551
2026.06.24,06:00,4117.76000,4124.40000,4116.84000,4123.13000,1688
2026.06.24,06:05,4123.29000,4126.12000,4121.05000,4122.11000,1817
2026.06.24,06:10,4122.13000,4123.36000,4120.76000,4121.27000,1893
2026.06.24,06:15,4121.28000,4121.74000,4117.44000,4117.72000,1523
2026.06.24,06:20,4117.73000,4122.13000,4117.73000,4120.67000,1791
2026.06.24,06:25,4120.70000,4122.41000,4120.24000,4121.66000,2008
2026.06.24,06:30,4121.76000,4123.31000,4120.49000,4121.67000,1835
2026.06.24,06:35,4121.79000,4124.21000,4121.31000,4122.43000,1457
2026.06.24,06:40,4122.42000,4122.86000,4120.56000,4120.95000,1568
2026.06.24,06:45,4120.96000,4121.27000,4117.74000,4120.32000,1689
2026.06.24,06:50,4120.37000,4120.79000,4113.66000,4115.61000,2374
2026.06.24,06:55,4115.58000,4116.14000,4111.52000,4111.75000,2520
2026.06.24,07:00,4111.80000,4112.18000,4108.58000,4111.26000,1036
2026.06.24,07:05,4111.25000,4112.71000,4110.75000,4111.79000,738
2026.06.24,07:10,4111.80000,4112.53000,4109.83000,4110.09000,480
2026.06.24,07:15,4110.11000,4110.24000,4108.05000,4109.95000,526
2026.06.24,07:20,4109.97000,4110.99000,4107.59000,4108.77000,538
2026.06.24,07:25,4108.71000,4111.30000,4108.40000,4110.98000,487
2026.06.24,07:30,4111.00000,4111.48000,4109.07000,4110.24000,286
2026.06.24,07:35,4110.27000,4110.85000,4109.44000,4110.81000,388
2026.06.24,07:40,4110.85000,4111.61000,4108.89000,4110.59000,487
2026.06.24,07:45,4110.52000,4111.26000,4110.00000,4110.33000,478
2026.06.24,07:50,4110.23000,4111.30000,4108.91000,4109.07000,436
2026.06.24,07:55,4109.09000,4111.33000,4108.21000,4110.84000,489
2026.06.24,09:00,4112.57000,4114.03000,4110.74000,4111.05000,421
2026.06.24,09:05,4111.07000,4114.11000,4110.85000,4112.13000,476
2026.06.24,09:10,4112.02000,4113.94000,4111.96000,4113.89000,338
2026.06.24,09:15,4113.87000,4114.94000,4110.93000,4111.41000,704
2026.06.24,09:20,4111.38000,4111.98000,4105.21000,4106.24000,1123
2026.06.24,09:25,4106.23000,4110.99000,4104.75000,4106.03000,1278
2026.06.24,09:30,4106.07000,4108.30000,4096.72000,4098.58000,1494
2026.06.24,09:35,4098.73000,4103.14000,4098.65000,4100.96000,1670
2026.06.24,09:40,4100.98000,4104.61000,4099.38000,4104.28000,1374
2026.06.24,09:45,4104.26000,4108.28000,4103.89000,4105.89000,1482
2026.06.24,09:50,4106.04000,4109.02000,4105.70000,4106.11000,1174
2026.06.24,09:55,4105.92000,4107.19000,4103.49000,4104.19000,1164
2026.06.24,10:00,4104.17000,4104.29000,4098.66000,4099.99000,1267
2026.06.24,10:05,4099.90000,4100.26000,4094.88000,4096.38000,1751
2026.06.24,10:10,4096.52000,4101.34000,4096.01000,4099.33000,1321
2026.06.24,10:15,4099.35000,4100.64000,4097.02000,4100.04000,926
2026.06.24,10:20,4100.03000,4100.25000,4097.97000,4098.96000,785
2026.06.24,10:25,4099.32000,4099.82000,4097.20000,4097.53000,733
2026.06.24,10:30,4097.54000,4098.32000,4093.61000,4095.00000,1306
2026.06.24,10:35,4095.17000,4095.52000,4080.57000,4083.69000,2018
2026.06.24,10:40,4083.72000,4087.30000,4080.53000,4086.19000,2721
2026.06.24,10:45,4085.95000,4097.72000,4085.50000,4095.44000,2826
2026.06.24,10:50,4095.42000,4100.02000,4094.21000,4096.09000,1972
2026.06.24,10:55,4096.07000,4100.45000,4096.07000,4099.25000,1497
2026.06.24,11:00,4099.23000,4105.20000,4094.61000,4102.44000,3551
2026.06.24,11:05,4102.45000,4112.05000,4100.79000,4110.15000,3638
2026.06.24,11:10,4110.30000,4111.64000,4104.65000,4107.15000,2944
2026.06.24,11:15,4106.84000,4109.43000,4102.94000,4103.56000,2870
2026.06.24,11:20,4103.57000,4104.64000,4096.11000,4096.23000,2733
2026.06.24,11:25,4096.42000,4100.21000,4093.56000,4099.66000,2803
2026.06.24,11:30,4099.32000,4100.34000,4094.56000,4096.87000,2366
2026.06.24,11:35,4096.77000,4097.99000,4094.50000,4096.72000,2297
2026.06.24,11:40,4096.70000,4096.99000,4093.75000,4095.06000,2138
2026.06.24,11:45,4095.03000,4099.98000,4094.62000,4098.57000,2672
2026.06.24,11:50,4098.54000,4099.74000,4094.50000,4096.08000,2583
2026.06.24,11:55,4096.06000,4098.78000,4094.36000,4097.13000,2435
2026.06.24,12:00,4097.17000,4097.77000,4068.99000,4073.53000,5545
2026.06.24,12:05,4073.50000,4083.11000,4068.34000,4077.22000,4599
2026.06.24,12:10,4077.23000,4091.87000,4077.14000,4089.56000,4151
2026.06.24,12:15,4089.70000,4091.07000,4084.99000,4088.51000,3818
2026.06.24,12:20,4088.50000,4090.40000,4083.54000,4088.27000,3448
2026.06.24,12:25,4088.26000,4100.84000,4088.26000,4098.31000,3933
2026.06.24,12:30,4098.16000,4102.28000,4093.11000,4097.93000,4188
2026.06.24,12:35,4097.91000,4099.33000,4092.80000,4095.11000,3521
2026.06.24,12:40,4095.19000,4098.47000,4091.63000,4092.91000,3655
2026.06.24,12:45,4092.86000,4093.07000,4085.89000,4085.94000,3380
2026.06.24,12:50,4085.95000,4087.81000,4082.39000,4085.81000,3161
2026.06.24,12:55,4085.46000,4090.19000,4084.54000,4088.93000,2413
2026.06.24,13:00,4088.90000,4095.97000,4086.00000,4087.45000,3112
2026.06.24,13:05,4087.48000,4087.72000,4080.10000,4081.11000,2673
2026.06.24,13:10,4081.10000,4084.47000,4079.79000,4080.06000,1994
2026.06.24,13:15,4080.05000,4081.09000,4073.15000,4074.24000,1966
2026.06.24,13:20,4074.25000,4076.47000,4072.81000,4075.78000,1794
2026.06.24,13:25,4075.74000,4076.69000,4071.36000,4073.63000,1695
2026.06.24,13:30,4073.52000,4076.81000,4063.39000,4068.65000,3281
2026.06.24,13:35,4068.66000,4070.97000,4059.95000,4060.56000,3149
2026.06.24,13:40,4060.60000,4062.09000,4052.09000,4057.13000,2830
2026.06.24,13:45,4057.15000,4061.45000,4054.97000,4058.47000,2441
2026.06.24,13:50,4058.48000,4065.52000,4056.70000,4065.21000,2674
2026.06.24,13:55,4065.17000,4069.66000,4060.96000,4061.14000,2496
2026.06.24,14:00,4061.13000,4065.47000,4055.52000,4056.01000,2880
2026.06.24,14:05,4055.99000,4058.77000,4052.77000,4058.40000,2789
2026.06.24,14:10,4058.42000,4060.64000,4056.44000,4057.57000,2606
2026.06.24,14:15,4057.58000,4059.06000,4050.30000,4052.75000,2588
2026.06.24,14:20,4052.72000,4056.46000,4051.65000,4053.12000,2332
2026.06.24,14:25,4053.14000,4056.92000,4051.53000,4056.49000,2542
2026.06.24,14:30,4056.59000,4060.73000,4055.46000,4060.17000,2621
2026.06.24,14:35,4060.16000,4062.24000,4059.59000,4061.92000,1995
2026.06.24,14:40,4061.91000,4069.89000,4061.21000,4068.83000,2266
2026.06.24,14:45,4068.89000,4070.53000,4063.81000,4066.64000,1963
2026.06.24,14:50,4066.68000,4068.08000,4062.61000,4063.46000,2058
2026.06.24,14:55,4063.49000,4063.59000,4061.92000,4062.67000,1580
2026.06.24,15:00,4062.76000,4063.82000,4058.43000,4059.00000,1910
2026.06.24,15:05,4059.01000,4061.33000,4056.12000,4058.47000,1955
2026.06.24,15:10,4058.44000,4059.12000,4055.80000,4058.86000,1428
2026.06.24,15:15,4058.80000,4060.12000,4055.08000,4055.63000,1831
2026.06.24,15:20,4055.74000,4062.93000,4055.04000,4060.95000,1723
2026.06.24,15:25,4060.97000,4067.31000,4060.93000,4063.11000,1758
2026.06.24,15:30,4063.12000,4065.85000,4063.12000,4065.08000,1621
2026.06.24,15:35,4065.10000,4066.17000,4062.58000,4064.99000,1579
2026.06.24,15:40,4064.98000,4066.58000,4063.11000,4063.47000,1522
2026.06.24,15:45,4063.43000,4066.06000,4062.34000,4063.52000,1249
2026.06.24,15:50,4063.56000,4063.97000,4061.83000,4063.24000,1313
2026.06.24,15:55,4063.32000,4066.97000,4062.59000,4064.52000,1324
2026.06.24,16:00,4064.51000,4065.24000,4061.18000,4061.86000,1587
2026.06.24,16:05,4061.85000,4070.10000,4060.80000,4069.43000,1699
2026.06.24,16:10,4069.44000,4069.78000,4066.01000,4067.67000,1822
2026.06.24,16:15,4067.61000,4068.85000,4065.41000,4065.44000,1584
2026.06.24,16:20,4065.45000,4072.66000,4065.45000,4070.97000,1650
2026.06.24,16:25,4071.03000,4074.40000,4070.05000,4073.37000,1666
2026.06.24,16:30,4073.29000,4086.14000,4072.25000,4082.04000,3287
2026.06.24,16:35,4082.07000,4082.46000,4075.73000,4077.39000,2435
2026.06.24,16:40,4077.38000,4077.77000,4072.17000,4077.21000,2333
2026.06.24,16:45,4077.20000,4080.06000,4073.85000,4074.72000,2170
2026.06.24,16:50,4074.77000,4076.18000,4071.15000,4073.30000,2116
2026.06.24,16:55,4073.27000,4077.02000,4072.42000,4075.76000,1880
2026.06.24,17:00,4075.77000,4080.90000,4075.61000,4077.77000,2837
2026.06.24,17:05,4077.78000,4091.63000,4077.38000,4090.59000,3183
2026.06.24,17:10,4090.40000,4097.22000,4088.87000,4096.34000,3075
2026.06.24,17:15,4096.36000,4097.56000,4084.83000,4087.20000,2623
2026.06.24,17:20,4087.21000,4089.58000,4085.51000,4088.74000,2020
2026.06.24,17:25,4088.72000,4090.58000,4083.31000,4087.63000,2261
2026.06.24,17:30,4087.61000,4088.26000,4084.48000,4087.75000,2069
2026.06.24,17:35,4087.85000,4091.82000,4087.69000,4089.19000,1774
2026.06.24,17:40,4089.17000,4093.94000,4088.90000,4091.75000,1901
2026.06.24,17:45,4091.69000,4094.40000,4088.87000,4088.89000,1861
2026.06.24,17:50,4088.91000,4091.72000,4084.23000,4089.87000,1874
2026.06.24,17:55,4089.93000,4090.68000,4084.36000,4087.14000,1634
2026.06.24,18:00,4087.08000,4089.82000,4085.32000,4088.97000,2245
2026.06.24,18:05,4088.94000,4090.72000,4086.77000,4088.15000,1696
2026.06.24,18:10,4088.17000,4088.86000,4085.95000,4086.17000,1426
2026.06.24,18:15,4086.16000,4087.73000,4084.54000,4086.20000,1197
2026.06.24,18:20,4086.21000,4087.03000,4083.68000,4085.13000,1322
2026.06.24,18:25,4085.12000,4086.21000,4083.16000,4084.27000,1212
2026.06.24,18:30,4084.24000,4085.34000,4080.32000,4080.54000,1553
2026.06.24,18:35,4080.55000,4080.95000,4075.75000,4078.77000,1762
2026.06.24,18:40,4078.80000,4083.40000,4076.67000,4082.32000,1747
2026.06.24,18:45,4082.30000,4086.26000,4080.59000,4084.68000,1469
2026.06.24,18:50,4084.40000,4085.60000,4075.82000,4078.83000,1591
2026.06.24,18:55,4078.80000,4079.25000,4073.64000,4074.79000,1872
2026.06.24,19:00,4074.77000,4078.16000,4073.89000,4077.58000,2105
2026.06.24,19:05,4077.60000,4077.70000,4075.13000,4075.52000,1553
2026.06.24,19:10,4075.55000,4076.95000,4073.11000,4074.01000,2032
2026.06.24,19:15,4073.96000,4076.79000,4073.13000,4073.49000,1533
2026.06.24,19:20,4073.54000,4077.67000,4073.48000,4076.84000,1451
2026.06.24,19:25,4076.87000,4080.80000,4076.16000,4080.53000,1760
2026.06.24,19:30,4080.50000,4087.65000,4079.98000,4084.16000,2105
2026.06.24,19:35,4084.15000,4085.51000,4079.09000,4082.09000,1758
2026.06.24,19:40,4082.08000,4084.99000,4081.29000,4083.05000,1335
2026.06.24,19:45,4083.15000,4083.36000,4077.30000,4078.85000,1937
2026.06.24,19:50,4078.83000,4080.41000,4076.04000,4076.70000,1735
2026.06.24,19:55,4076.71000,4078.18000,4075.54000,4076.34000,1360
2026.06.24,20:00,4076.24000,4078.32000,4073.99000,4074.55000,1879
2026.06.24,20:05,4074.60000,4075.53000,4069.78000,4069.78000,1874
2026.06.24,20:10,4069.90000,4076.91000,4069.88000,4076.20000,1507
2026.06.24,20:15,4076.14000,4079.09000,4075.44000,4078.34000,1239
2026.06.24,20:20,4078.33000,4078.49000,4073.33000,4074.41000,1248
2026.06.24,20:25,4074.40000,4074.57000,4068.25000,4069.21000,2025
2026.06.24,20:30,4069.27000,4072.24000,4068.78000,4070.48000,1727
2026.06.24,20:35,4070.58000,4071.19000,4067.16000,4068.09000,1354
2026.06.24,20:40,4068.11000,4069.61000,4065.46000,4068.27000,1307
2026.06.24,20:45,4068.26000,4070.40000,4065.51000,4069.03000,1232
2026.06.24,20:50,4068.98000,4071.07000,4067.83000,4068.68000,1285
2026.06.24,20:55,4068.70000,4068.84000,4064.10000,4064.53000,1113
2026.06.24,21:00,4064.55000,4066.45000,4059.45000,4062.16000,2152
2026.06.24,21:05,4062.18000,4062.58000,4059.50000,4059.99000,1886
2026.06.24,21:10,4059.95000,4062.31000,4058.95000,4061.04000,1407
2026.06.24,21:15,4060.98000,4060.98000,4055.06000,4059.14000,2097
2026.06.24,21:20,4059.12000,4060.64000,4056.24000,4057.85000,1774
2026.06.24,21:25,4057.86000,4060.90000,4057.13000,4060.89000,1535
2026.06.24,21:30,4060.90000,4063.08000,4060.83000,4061.72000,1245
2026.06.24,21:35,4061.73000,4061.88000,4056.45000,4058.23000,1431
2026.06.24,21:40,4058.25000,4066.89000,4057.77000,4064.97000,1729
2026.06.24,21:45,4065.02000,4065.80000,4061.66000,4063.44000,1313
2026.06.24,21:50,4063.41000,4063.51000,4056.94000,4058.59000,1616
2026.06.24,21:55,4058.57000,4058.63000,4054.38000,4055.67000,1910
2026.06.24,22:00,4055.73000,4058.60000,4050.90000,4051.95000,2361
2026.06.24,22:05,4051.94000,4053.62000,4047.68000,4049.05000,2558
2026.06.24,22:10,4049.08000,4053.59000,4044.59000,4045.73000,1970
2026.06.24,22:15,4045.86000,4046.92000,4037.52000,4041.87000,3070
2026.06.24,22:20,4042.06000,4046.43000,4039.90000,4046.28000,1797
2026.06.24,22:25,4046.31000,4046.74000,4038.62000,4044.26000,2576
2026.06.24,22:30,4044.24000,4048.10000,4043.49000,4044.24000,2275
2026.06.24,22:35,4044.21000,4051.38000,4043.54000,4049.90000,2417
2026.06.24,22:40,4049.91000,4051.38000,4045.65000,4046.01000,2460
2026.06.24,22:45,4045.99000,4046.71000,4039.06000,4044.74000,3482
2026.06.24,22:50,4044.73000,4056.08000,4044.31000,4054.54000,3938
2026.06.24,22:55,4054.50000,4054.58000,4045.66000,4046.66000,3063
2026.06.24,23:00,4046.68000,4048.81000,4042.26000,4044.64000,3574
2026.06.24,23:05,4044.63000,4045.85000,4035.08000,4040.91000,2743
2026.06.24,23:10,4040.92000,4045.00000,4038.06000,4038.12000,2755
2026.06.24,23:15,4038.11000,4041.88000,4035.30000,4041.02000,2573
2026.06.24,23:20,4041.00000,4041.17000,4032.39000,4032.77000,2943
2026.06.24,23:25,4032.89000,4033.34000,4006.07000,4015.37000,4850
2026.06.24,23:30,4015.56000,4020.78000,4009.13000,4019.28000,3544
2026.06.24,23:35,4019.24000,4019.36000,4007.00000,4011.55000,3334
2026.06.24,23:40,4011.52000,4015.00000,4007.55000,4013.37000,2958
2026.06.24,23:45,4013.53000,4017.53000,4003.07000,4004.21000,3522
2026.06.24,23:50,4004.39000,4008.21000,3999.68000,4003.89000,3640
2026.06.24,23:55,4003.88000,4004.36000,3987.51000,3987.61000,3597
2026.06.25,00:00,3987.73000,3995.67000,3971.83000,3980.00000,6710
2026.06.25,00:05,3980.01000,3987.02000,3971.83000,3977.26000,5965
2026.06.25,00:10,3977.28000,3979.04000,3966.73000,3971.42000,4678
2026.06.25,00:15,3971.34000,3977.26000,3965.18000,3976.59000,4473
2026.06.25,00:20,3976.57000,3976.57000,3964.52000,3973.81000,4205
2026.06.25,00:25,3973.77000,3976.20000,3969.61000,3975.34000,4101
2026.06.25,00:30,3975.14000,3996.10000,3973.94000,3986.58000,5548
2026.06.25,00:35,3986.56000,4007.15000,3985.46000,4005.03000,5204
2026.06.25,00:40,4005.04000,4018.02000,4000.72000,4015.31000,5207
2026.06.25,00:45,4015.32000,4020.48000,4009.24000,4019.55000,6110
2026.06.25,00:50,4019.54000,4034.07000,4018.37000,4029.06000,5533
2026.06.25,00:55,4029.07000,4041.98000,4023.71000,4038.27000,4814
2026.06.25,01:00,4038.26000,4040.99000,4021.37000,4024.22000,5124
2026.06.25,01:05,4024.19000,4030.82000,4021.76000,4027.77000,4773
2026.06.25,01:10,4027.84000,4031.56000,4018.97000,4019.91000,4890
2026.06.25,01:15,4019.93000,4021.18000,4015.08000,4018.08000,4263
2026.06.25,01:20,4017.96000,4025.06000,4014.42000,4023.66000,4369
2026.06.25,01:25,4023.67000,4027.94000,4021.02000,4023.72000,4073
2026.06.25,01:30,4023.70000,4034.51000,4023.30000,4030.80000,4056
2026.06.25,01:35,4030.79000,4032.22000,4018.56000,4019.53000,3988
2026.06.25,01:40,4019.56000,4021.75000,4011.01000,4015.79000,3699
2026.06.25,01:45,4015.74000,4015.76000,4009.49000,4011.07000,3625
2026.06.25,01:50,4011.04000,4013.06000,4005.52000,4006.20000,3154
2026.06.25,01:55,4006.22000,4008.32000,4002.92000,4008.02000,3302
2026.06.25,02:00,4008.04000,4010.09000,4000.95000,4003.80000,3970
2026.06.25,02:05,4003.82000,4004.09000,3997.35000,4000.09000,2762
2026.06.25,02:10,4000.00000,4004.01000,3997.62000,4001.91000,3417
2026.06.25,02:15,4001.89000,4011.19000,3999.53000,4010.84000,3037
2026.06.25,02:20,4010.88000,4014.55000,4007.90000,4008.88000,3357
2026.06.25,02:25,4008.95000,4014.67000,4003.77000,4014.67000,3595
2026.06.25,02:30,4014.63000,4015.17000,4006.43000,4008.92000,3106
2026.06.25,02:35,4008.94000,4010.34000,4006.40000,4006.73000,2551
2026.06.25,02:40,4006.70000,4007.03000,4001.26000,4005.82000,3055
2026.06.25,02:45,4005.80000,4014.75000,4003.94000,4013.03000,3449
2026.06.25,02:50,4013.02000,4016.76000,4003.05000,4004.95000,3015
2026.06.25,02:55,4004.90000,4005.65000,4000.02000,4002.46000,2619
2026.06.25,03:00,4002.44000,4005.59000,3999.51000,4001.85000,3203
2026.06.25,03:05,4001.90000,4006.44000,3995.41000,4000.40000,2948
2026.06.25,03:10,4000.42000,4004.19000,3999.32000,4002.71000,2399
2026.06.25,03:15,4002.83000,4006.01000,4001.56000,4002.64000,2408
2026.06.25,03:20,4002.62000,4013.02000,4002.39000,4010.97000,2451
2026.06.25,03:25,4010.96000,4016.97000,4009.78000,4016.11000,2181
2026.06.25,03:30,4016.18000,4019.22000,4012.92000,4014.76000,2538
2026.06.25,03:35,4014.78000,4022.17000,4014.78000,4018.03000,3027
2026.06.25,03:40,4017.99000,4019.80000,4009.45000,4011.57000,2835
2026.06.25,03:45,4011.56000,4012.18000,4007.31000,4007.35000,2207
2026.06.25,03:50,4007.36000,4010.98000,4007.04000,4007.55000,2322
2026.06.25,03:55,4007.56000,4008.97000,4006.17000,4006.64000,1888
2026.06.25,04:00,4006.63000,4011.18000,4005.38000,4009.53000,2383
2026.06.25,04:05,4009.50000,4010.82000,4004.41000,4006.87000,2383
2026.06.25,04:10,4007.09000,4009.73000,4005.32000,4005.65000,2127
2026.06.25,04:15,4005.66000,4007.16000,3999.88000,3999.95000,2502
2026.06.25,04:20,4000.05000,4001.19000,3992.95000,3993.00000,3514
2026.06.25,04:25,3992.99000,3996.18000,3989.77000,3990.55000,4364
2026.06.25,04:30,3990.56000,3991.09000,3983.62000,3986.13000,3730
2026.06.25,04:35,3986.15000,3987.96000,3983.06000,3985.78000,3137
2026.06.25,04:40,3985.70000,3986.59000,3982.86000,3984.25000,3208
2026.06.25,04:45,3984.22000,3986.70000,3979.99000,3980.27000,3049
2026.06.25,04:50,3980.24000,3981.74000,3976.56000,3979.86000,3447
2026.06.25,04:55,3979.88000,3982.12000,3972.61000,3972.77000,3824
2026.06.25,05:00,3972.89000,3975.30000,3958.89000,3966.57000,6004
2026.06.25,05:05,3966.56000,3984.10000,3966.56000,3983.89000,3997
2026.06.25,05:10,3983.84000,3992.47000,3980.89000,3988.75000,4348
2026.06.25,05:15,3988.77000,3992.26000,3986.10000,3987.17000,4168
2026.06.25,05:20,3987.15000,3987.60000,3979.24000,3987.05000,3400
2026.06.25,05:25,3987.03000,3991.76000,3986.37000,3990.24000,3147
2026.06.25,05:30,3990.11000,3994.17000,3986.61000,3988.70000,2796
2026.06.25,05:35,3988.69000,3989.57000,3983.14000,3984.55000,2570
2026.06.25,05:40,3984.56000,3985.48000,3981.36000,3983.33000,2274
2026.06.25,05:45,3983.38000,3983.38000,3977.19000,3979.11000,2231
2026.06.25,05:50,3979.17000,3982.21000,3976.72000,3981.65000,2601
2026.06.25,05:55,3981.62000,3984.26000,3980.02000,3981.38000,2486
2026.06.25,06:00,3981.41000,3985.09000,3977.97000,3982.69000,2984
2026.06.25,06:05,3982.71000,3983.57000,3976.41000,3976.80000,2810
2026.06.25,06:10,3976.77000,3977.16000,3973.39000,3976.36000,2355
2026.06.25,06:15,3976.24000,3977.67000,3973.91000,3977.60000,1995
2026.06.25,06:20,3977.58000,3979.90000,3976.58000,3978.85000,2144
2026.06.25,06:25,3978.86000,3984.39000,3978.41000,3984.02000,1850
2026.06.25,06:30,3984.03000,3988.59000,3983.65000,3985.50000,2443
2026.06.25,06:35,3985.46000,3985.83000,3980.74000,3982.42000,2253
2026.06.25,06:40,3982.36000,3983.42000,3979.45000,3982.56000,2180
2026.06.25,06:45,3982.60000,3984.64000,3981.02000,3981.64000,2334
2026.06.25,06:50,3981.63000,3990.84000,3980.79000,3990.65000,3250
2026.06.25,06:55,3990.60000,3990.60000,3984.45000,3988.01000,2928
2026.06.25,07:00,3988.04000,3998.33000,3984.72000,3997.10000,2999
2026.06.25,07:05,3997.13000,4002.82000,3996.64000,3998.83000,2377
2026.06.25,07:10,3998.82000,4001.11000,3994.61000,3995.18000,1780
2026.06.25,07:15,3995.17000,3995.79000,3992.02000,3992.97000,1304
2026.06.25,07:20,3992.90000,3999.07000,3992.70000,3998.53000,1518
2026.06.25,07:25,3998.48000,4000.83000,3996.86000,3999.99000,1616
2026.06.25,07:30,3999.98000,4001.30000,3997.64000,3998.41000,1301
2026.06.25,07:35,3998.40000,4001.29000,3995.64000,3996.11000,1214
2026.06.25,07:40,3996.14000,3999.13000,3996.11000,3998.64000,693
2026.06.25,07:45,3998.65000,4000.53000,3997.23000,3997.30000,1076
2026.06.25,07:50,3997.31000,4000.03000,3996.54000,3999.38000,933
2026.06.25,07:55,3999.40000,4001.11000,3998.00000,3998.54000,833
2026.06.25,09:00,4005.34000,4008.74000,4005.23000,4007.31000,598
2026.06.25,09:05,4007.02000,4007.36000,4000.82000,4003.56000,828
2026.06.25,09:10,4003.20000,4004.60000,4000.34000,4001.71000,707
2026.06.25,09:15,4001.60000,4001.97000,4000.17000,4000.62000,555
2026.06.25,09:20,4000.64000,4002.52000,4000.26000,4001.58000,439
2026.06.25,09:25,4001.89000,4002.83000,4000.36000,4002.07000,484
2026.06.25,09:30,4002.08000,4004.69000,3999.74000,4004.24000,831
2026.06.25,09:35,4004.20000,4006.76000,4001.57000,4002.71000,990
2026.06.25,09:40,4002.68000,4003.94000,4001.35000,4002.12000,930
2026.06.25,09:45,4002.17000,4002.39000,3997.51000,3997.75000,892
2026.06.25,09:50,3997.82000,3999.07000,3994.54000,3995.11000,1026
2026.06.25,09:55,3995.14000,3997.13000,3992.64000,3996.26000,741
2026.06.25,10:00,3996.34000,3998.68000,3993.41000,3995.12000,1607
2026.06.25,10:05,3995.13000,3995.18000,3990.58000,3993.77000,1249
2026.06.25,10:10,3993.79000,3995.26000,3991.64000,3994.79000,1019
2026.06.25,10:15,3995.10000,3998.84000,3994.73000,3997.43000,1030
2026.06.25,10:20,3997.42000,4000.23000,3997.35000,3999.99000,528
2026.06.25,10:25,4000.01000,4000.61000,3996.61000,3998.04000,752
2026.06.25,10:30,3998.05000,4008.76000,3997.74000,4008.76000,1004
2026.06.25,10:35,4008.75000,4018.65000,4007.92000,4015.74000,1639
2026.06.25,10:40,4015.73000,4016.58000,4010.61000,4014.19000,1369
2026.06.25,10:45,4014.18000,4017.72000,4009.73000,4010.45000,1508
2026.06.25,10:50,4010.44000,4013.54000,4009.67000,4010.23000,1120
2026.06.25,10:55,4010.22000,4013.45000,4009.22000,4012.37000,1267
2026.06.25,11:00,4012.39000,4014.37000,4009.13000,4013.26000,2376
2026.06.25,11:05,4013.24000,4015.62000,4010.87000,4014.99000,2728
2026.06.25,11:10,4015.00000,4016.31000,4003.72000,4005.32000,2512
2026.06.25,11:15,4005.34000,4006.14000,4000.18000,4002.12000,2923
2026.06.25,11:20,4002.10000,4005.48000,4000.04000,4001.25000,2293
2026.06.25,11:25,4001.23000,4002.54000,3994.90000,3996.33000,2177
2026.06.25,11:30,3996.29000,3996.29000,3987.60000,3987.61000,2123
2026.06.25,11:35,3987.43000,3987.69000,3981.25000,3982.57000,2332
2026.06.25,11:40,3982.58000,3987.56000,3981.20000,3985.31000,1914
2026.06.25,11:45,3985.28000,3986.02000,3978.43000,3983.55000,2270
2026.06.25,11:50,3983.23000,4000.70000,3982.27000,3999.72000,2656
2026.06.25,11:55,3999.73000,4001.32000,3988.02000,3990.95000,3101
2026.06.25,12:00,3990.91000,4005.85000,3988.23000,3996.41000,5685
2026.06.25,12:05,3996.40000,3997.45000,3987.31000,3990.88000,4560
2026.06.25,12:10,3990.87000,3991.76000,3982.13000,3986.73000,4039
2026.06.25,12:15,3986.48000,3994.85000,3983.50000,3993.95000,4290
2026.06.25,12:20,3994.23000,3999.43000,3993.46000,3995.68000,2316
2026.06.25,13:40,3977.27000,3979.41000,3974.46000,3978.25000,2004
2026.06.25,13:45,3978.62000,3984.18000,3976.57000,3983.03000,2711
2026.06.25,13:50,3982.78000,3983.37000,3975.39000,3979.01000,2440
2026.06.25,13:55,3978.94000,3984.46000,3977.39000,3982.83000,2383
2026.06.25,14:00,3982.99000,3989.29000,3980.79000,3981.67000,2746
2026.06.25,14:05,3981.68000,3981.68000,3973.05000,3973.05000,2403
2026.06.25,14:10,3973.37000,3973.80000,3966.26000,3970.54000,2644
2026.06.25,14:15,3970.59000,3982.48000,3967.41000,3981.82000,2409
2026.06.25,14:20,3981.83000,3982.96000,3972.94000,3973.20000,2536
2026.06.25,14:25,3973.22000,3977.24000,3972.23000,3976.49000,2284
2026.06.25,14:30,3976.48000,3977.35000,3971.68000,3975.54000,2138
2026.06.25,14:35,3975.56000,3975.66000,3968.78000,3971.04000,1805
2026.06.25,14:40,3971.03000,3975.28000,3970.06000,3975.28000,1563
2026.06.25,14:45,3975.29000,3987.29000,3974.59000,3986.39000,1881
2026.06.25,14:50,3986.36000,3998.65000,3986.13000,3997.29000,2345
2026.06.25,14:55,3997.30000,4001.08000,3993.63000,3995.34000,1699
2026.06.25,15:00,3995.35000,3997.51000,3993.43000,3993.99000,1862
2026.06.25,15:05,3993.96000,3996.68000,3992.29000,3995.57000,1445
2026.06.25,15:10,3995.56000,3995.60000,3989.38000,3989.38000,1698
2026.06.25,15:15,3989.37000,3991.75000,3987.62000,3991.57000,1796
2026.06.25,15:20,3991.53000,3997.15000,3990.36000,3995.48000,1446
2026.06.25,15:25,3995.49000,3997.49000,3993.58000,3994.56000,1317
2026.06.25,15:30,3994.58000,3995.88000,3989.77000,3990.55000,1226
2026.06.25,15:35,3990.53000,3991.02000,3987.32000,3987.58000,1060
2026.06.25,15:40,3987.54000,3992.15000,3983.43000,3992.15000,1567
2026.06.25,15:45,3992.13000,3995.67000,3991.42000,3992.40000,1453
2026.06.25,15:50,3992.39000,3997.21000,3992.39000,3995.64000,989
2026.06.25,15:55,3995.66000,3996.22000,3994.54000,3996.00000,896
2026.06.25,16:00,3995.94000,3998.13000,3994.47000,3996.87000,1418
2026.06.25,16:05,3996.85000,3999.22000,3992.14000,3999.08000,1759
2026.06.25,16:10,3999.09000,4000.00000,3996.22000,3998.18000,1690
2026.06.25,16:15,3998.20000,3998.45000,3989.15000,3992.35000,1824
2026.06.25,16:20,3992.34000,3995.17000,3991.19000,3995.08000,1412
2026.06.25,16:25,3995.15000,3998.85000,3990.50000,3994.26000,1994
2026.06.25,16:30,3994.19000,3997.27000,3985.38000,3994.71000,3416
2026.06.25,16:35,3994.81000,3995.91000,3984.37000,3984.76000,2271
2026.06.25,16:40,3984.77000,3986.34000,3981.68000,3983.05000,2162
2026.06.25,16:45,3982.98000,3984.32000,3980.31000,3983.18000,2387
2026.06.25,16:50,3983.27000,3989.07000,3982.47000,3988.30000,2203
2026.06.25,16:55,3988.31000,3991.81000,3986.22000,3986.32000,2300
2026.06.25,17:00,3986.31000,3988.09000,3981.78000,3986.54000,2032
2026.06.25,17:05,3986.53000,3989.12000,3982.84000,3985.91000,2091
2026.06.25,17:10,3985.86000,3986.16000,3979.97000,3980.19000,2039
2026.06.25,17:15,3980.16000,3980.35000,3974.49000,3974.76000,2208
2026.06.25,17:20,3974.68000,3981.81000,3973.94000,3979.16000,2201
2026.06.25,17:25,3979.17000,3986.95000,3978.15000,3984.02000,1911
2026.06.25,17:30,3984.01000,3985.22000,3978.15000,3980.12000,2293
2026.06.25,17:35,3980.09000,3981.15000,3976.71000,3980.63000,1845
2026.06.25,17:40,3980.65000,3983.81000,3977.45000,3982.26000,1753
2026.06.25,17:45,3982.17000,3984.29000,3980.60000,3983.01000,1513
2026.06.25,17:50,3982.97000,3984.18000,3977.67000,3977.67000,1503
2026.06.25,17:55,3977.62000,3981.24000,3975.81000,3977.57000,1663
2026.06.25,18:00,3977.56000,3979.90000,3973.47000,3979.86000,1973
2026.06.25,18:05,3979.91000,3985.51000,3978.41000,3984.61000,1714
2026.06.25,18:10,3984.60000,3986.13000,3978.50000,3979.94000,1708
2026.06.25,18:15,3979.95000,3984.88000,3977.40000,3984.88000,1337
2026.06.25,18:20,3984.89000,3986.64000,3979.66000,3983.93000,1558
2026.06.25,18:25,3983.95000,3989.73000,3981.90000,3985.11000,1555
2026.06.25,18:30,3985.15000,3989.35000,3982.17000,3983.23000,1764
2026.06.25,18:35,3983.22000,3985.21000,3978.18000,3978.18000,1382
2026.06.25,18:40,3978.03000,3981.68000,3973.61000,3974.53000,1485
2026.06.25,18:45,3974.59000,3977.56000,3971.37000,3977.49000,1518
2026.06.25,18:50,3977.40000,3977.84000,3974.68000,3977.04000,1250
2026.06.25,18:55,3977.05000,3988.91000,3976.77000,3987.75000,1460
2026.06.25,19:00,3987.77000,3995.23000,3987.13000,3990.08000,2105
2026.06.25,19:05,3990.25000,3992.61000,3987.57000,3988.09000,1744
2026.06.25,19:10,3988.13000,3989.56000,3984.18000,3986.92000,1624
2026.06.25,19:15,3986.95000,3995.13000,3986.25000,3994.68000,1816
2026.06.25,19:20,3994.72000,4001.32000,3994.49000,3997.03000,2678
2026.06.25,19:25,3996.94000,3996.94000,3992.36000,3993.68000,1542
2026.06.25,19:30,3993.72000,4000.76000,3993.72000,4000.63000,1757
2026.06.25,19:35,4000.60000,4001.87000,3995.99000,4001.42000,1466
2026.06.25,19:40,4001.46000,4002.09000,3998.32000,3999.55000,1154
2026.06.25,19:45,3999.61000,3999.79000,3991.56000,3992.40000,1471
2026.06.25,19:50,3992.38000,3993.87000,3989.66000,3990.80000,1215
2026.06.25,19:55,3990.77000,3991.05000,3988.46000,3989.09000,1021
2026.06.25,20:00,3989.08000,3995.88000,3989.03000,3995.83000,1638
2026.06.25,20:05,3995.89000,3996.65000,3991.23000,3991.29000,1328
2026.06.25,20:10,3991.30000,3994.17000,3990.81000,3990.88000,1132
2026.06.25,20:15,3990.86000,3993.63000,3989.25000,3991.12000,1255
2026.06.25,20:20,3991.10000,3995.26000,3990.94000,3994.91000,1160
2026.06.25,20:25,3994.92000,3995.34000,3992.37000,3993.87000,1131
2026.06.25,20:30,3993.84000,3997.68000,3993.20000,3993.89000,1676
2026.06.25,20:35,3993.90000,3994.03000,3985.98000,3992.03000,1592
2026.06.25,20:40,3992.00000,3992.11000,3987.27000,3988.34000,1024
2026.06.25,20:45,3988.23000,3990.09000,3988.10000,3988.91000,829
2026.06.25,20:50,3988.88000,3992.09000,3988.73000,3990.91000,910
2026.06.25,20:55,3990.92000,3993.46000,3987.58000,3988.25000,963
2026.06.25,21:00,3988.30000,3989.20000,3985.38000,3986.47000,1072
2026.06.25,21:05,3986.46000,3987.89000,3985.94000,3986.46000,806
2026.06.25,21:10,3986.49000,3988.19000,3983.51000,3984.39000,1036
2026.06.25,21:15,3984.28000,3987.00000,3983.21000,3984.34000,1022
2026.06.25,21:20,3984.37000,3986.64000,3983.62000,3985.47000,874
2026.06.25,21:25,3985.46000,3989.35000,3985.35000,3989.16000,890
2026.06.25,21:30,3989.15000,3989.39000,3984.70000,3986.66000,969
2026.06.25,21:35,3986.65000,3988.54000,3985.96000,3987.67000,831
2026.06.25,21:40,3987.68000,3987.81000,3984.63000,3985.50000,853
2026.06.25,21:45,3985.49000,3985.55000,3982.35000,3984.36000,780
2026.06.25,21:50,3984.33000,3985.70000,3982.00000,3982.54000,936
2026.06.25,21:55,3982.55000,3984.31000,3981.09000,3984.22000,899
2026.06.25,22:00,3984.26000,3986.15000,3982.02000,3984.63000,1295
2026.06.25,22:05,3984.61000,3985.94000,3982.87000,3984.34000,1064
2026.06.25,22:10,3984.32000,3985.87000,3982.16000,3983.33000,968
2026.06.25,22:15,3983.25000,3983.25000,3975.96000,3981.42000,1380
2026.06.25,22:20,3981.46000,3982.66000,3979.67000,3980.18000,1017
2026.06.25,22:25,3980.20000,3980.80000,3976.87000,3977.18000,1406
2026.06.25,22:30,3977.17000,3981.42000,3976.50000,3977.23000,1503
2026.06.25,22:35,3977.24000,3982.59000,3973.51000,3982.41000,1462
2026.06.25,22:40,3982.43000,3986.03000,3982.15000,3984.60000,1570
2026.06.25,22:45,3984.61000,3987.77000,3984.28000,3985.71000,1449
2026.06.25,22:50,3985.72000,3986.51000,3982.03000,3982.59000,1696
2026.06.25,22:55,3982.52000,3982.52000,3979.48000,3980.06000,1259
2026.06.25,23:00,3980.00000,3984.67000,3980.00000,3982.53000,1920
2026.06.25,23:05,3982.54000,3983.65000,3979.42000,3983.22000,1598
2026.06.25,23:10,3983.16000,3983.70000,3980.22000,3982.65000,1449
2026.06.25,23:15,3982.68000,3986.06000,3979.98000,3982.91000,1446
2026.06.25,23:20,3982.93000,3983.42000,3978.79000,3980.23000,1614
2026.06.25,23:25,3980.25000,3986.00000,3978.84000,3983.72000,1684
2026.06.25,23:30,3983.75000,4011.56000,3983.07000,3995.01000,5050
2026.06.25,23:35,3995.05000,4007.28000,3989.21000,3997.82000,4382
2026.06.25,23:40,3997.91000,4006.85000,3991.79000,4005.51000,3853
2026.06.25,23:45,4005.53000,4018.16000,4003.52000,4014.27000,3872
2026.06.25,23:50,4014.28000,4019.21000,4010.96000,4016.05000,2896
2026.06.25,23:55,4016.12000,4016.74000,4008.61000,4012.61000,2680
2026.06.26,00:00,4012.80000,4033.86000,4011.99000,4029.17000,4707
2026.06.26,00:05,4029.18000,4033.60000,4024.08000,4029.57000,3691
2026.06.26,00:10,4029.74000,4033.52000,4025.51000,4030.87000,3641
2026.06.26,00:15,4030.83000,4031.56000,4020.84000,4023.28000,3134
2026.06.26,00:20,4023.30000,4030.08000,4020.68000,4022.15000,2807
2026.06.26,00:25,4022.47000,4024.32000,4018.68000,4022.12000,3379
2026.06.26,00:30,4021.82000,4028.49000,4013.43000,4013.84000,4776
2026.06.26,00:35,4013.82000,4026.91000,4012.52000,4023.69000,4369
2026.06.26,00:40,4023.87000,4023.87000,4010.87000,4012.04000,5018
2026.06.26,00:45,4012.06000,4016.07000,4007.98000,4013.49000,5517
2026.06.26,00:50,4013.46000,4019.02000,4007.09000,4008.29000,5348
2026.06.26,00:55,4008.21000,4010.06000,4000.88000,4002.20000,5911
2026.06.26,01:00,4002.19000,4018.72000,3998.79000,4014.69000,6073
2026.06.26,01:05,4014.74000,4021.65000,4010.18000,4016.84000,5192
2026.06.26,01:10,4016.85000,4019.85000,4013.28000,4016.47000,4869
2026.06.26,01:15,4016.46000,4021.07000,4013.67000,4017.86000,5188
2026.06.26,01:20,4017.83000,4022.15000,4012.69000,4014.55000,5158
2026.06.26,01:25,4014.52000,4028.31000,4012.85000,4026.58000,4980
2026.06.26,01:30,4026.52000,4028.70000,4022.04000,4025.51000,4614
2026.06.26,01:35,4025.53000,4026.96000,4016.25000,4017.57000,3860
2026.06.26,01:40,4017.56000,4020.36000,4015.84000,4019.77000,3346
2026.06.26,01:45,4019.75000,4020.88000,4014.33000,4016.36000,4165
2026.06.26,01:50,4016.37000,4020.11000,4013.04000,4017.28000,4142
2026.06.26,01:55,4017.27000,4017.71000,4011.25000,4011.92000,4086
2026.06.26,02:00,4011.93000,4015.50000,4009.69000,4015.08000,4147
2026.06.26,02:05,4015.07000,4020.43000,4014.09000,4016.74000,4012
2026.06.26,02:10,4016.75000,4017.24000,4005.03000,4008.03000,3545
2026.06.26,02:15,4008.05000,4015.60000,4005.94000,4014.99000,3688
2026.06.26,02:20,4014.96000,4040.44000,4012.51000,4037.69000,4969
2026.06.26,02:25,4037.73000,4037.91000,4025.80000,4026.79000,4242
2026.06.26,02:30,4026.78000,4028.53000,4021.75000,4022.14000,4290
2026.06.26,02:35,4022.15000,4030.77000,4021.82000,4028.49000,3776
2026.06.26,02:40,4028.48000,4030.58000,4026.32000,4027.70000,3288
2026.06.26,02:45,4027.67000,4036.74000,4026.79000,4031.69000,4053
2026.06.26,02:50,4031.66000,4041.28000,4030.37000,4038.39000,3310
2026.06.26,02:55,4038.36000,4042.59000,4036.77000,4041.27000,2571
2026.06.26,03:00,4041.43000,4042.82000,4034.74000,4037.84000,2874
2026.06.26,03:05,4037.81000,4039.80000,4033.87000,4034.02000,2347
2026.06.26,03:10,4034.03000,4041.16000,4033.60000,4036.94000,2530
2026.06.26,03:15,4036.99000,4044.01000,4036.99000,4040.53000,2444
2026.06.26,03:20,4040.51000,4043.83000,4040.28000,4041.50000,2207
2026.06.26,03:25,4041.49000,4042.62000,4039.39000,4040.33000,2067
2026.06.26,03:30,4040.41000,4040.77000,4033.37000,4034.94000,2864
2026.06.26,03:35,4034.93000,4036.26000,4031.18000,4031.82000,2140
2026.06.26,03:40,4031.85000,4033.91000,4030.89000,4031.28000,1987
2026.06.26,03:45,4031.26000,4031.92000,4023.75000,4031.37000,2548
2026.06.26,03:50,4031.32000,4033.37000,4028.03000,4031.39000,2105
2026.06.26,03:55,4031.41000,4031.44000,4027.40000,4028.62000,1819
2026.06.26,04:00,4028.63000,4030.48000,4026.85000,4030.04000,2232
2026.06.26,04:05,4029.98000,4032.40000,4029.04000,4030.48000,1906
2026.06.26,04:10,4030.50000,4031.81000,4028.95000,4029.52000,1655
2026.06.26,04:15,4029.51000,4033.08000,4029.04000,4030.13000,2291
2026.06.26,04:20,4030.14000,4032.85000,4027.85000,4032.21000,2442
2026.06.26,04:25,4032.19000,4035.65000,4030.18000,4032.55000,2487
2026.06.26,04:30,4032.61000,4035.04000,4031.19000,4031.97000,1772
2026.06.26,04:35,4031.99000,4034.27000,4031.09000,4033.37000,1600
2026.06.26,04:40,4033.35000,4035.99000,4032.91000,4034.13000,1421
2026.06.26,04:45,4034.17000,4034.28000,4029.67000,4031.48000,1431
2026.06.26,04:50,4031.50000,4034.22000,4031.02000,4033.73000,1567
2026.06.26,04:55,4033.72000,4036.71000,4033.32000,4034.68000,1778
2026.06.26,05:00,4034.69000,4035.27000,4027.49000,4028.48000,3594
2026.06.26,05:05,4028.50000,4033.74000,4025.99000,4032.75000,3317
2026.06.26,05:10,4032.77000,4034.65000,4030.57000,4032.57000,2566
2026.06.26,05:15,4032.56000,4040.49000,4032.05000,4037.87000,2508
2026.06.26,05:20,4037.81000,4039.15000,4037.17000,4038.52000,2378
2026.06.26,05:25,4038.45000,4043.99000,4037.99000,4043.87000,2406
2026.06.26,05:30,4043.89000,4043.92000,4033.88000,4033.95000,2560
2026.06.26,05:35,4033.94000,4036.46000,4033.18000,4036.28000,2367
2026.06.26,05:40,4036.29000,4036.38000,4031.57000,4032.66000,1963
2026.06.26,05:45,4032.64000,4032.75000,4029.65000,4032.16000,1660
2026.06.26,05:50,4032.15000,4036.12000,4031.57000,4035.01000,1319
2026.06.26,05:55,4035.02000,4036.17000,4033.69000,4034.60000,1218
2026.06.26,06:00,4034.58000,4035.90000,4032.56000,4033.84000,1318
2026.06.26,06:05,4033.82000,4039.54000,4032.99000,4038.64000,1652
2026.06.26,06:10,4038.63000,4040.33000,4038.28000,4040.10000,1127
2026.06.26,06:15,4040.08000,4043.68000,4036.07000,4037.03000,1970
2026.06.26,06:20,4037.11000,4040.06000,4036.88000,4039.03000,1699
2026.06.26,06:25,4039.04000,4040.78000,4035.35000,4036.02000,1576
2026.06.26,06:30,4036.00000,4036.75000,4032.00000,4033.89000,1684
2026.06.26,06:35,4033.88000,4035.55000,4032.54000,4034.59000,1062
2026.06.26,06:40,4034.58000,4037.85000,4032.61000,4034.53000,1773
2026.06.26,06:45,4034.52000,4034.53000,4025.90000,4026.67000,1651
2026.06.26,06:50,4026.60000,4027.62000,4021.92000,4026.63000,2294
2026.06.26,06:55,4026.62000,4027.55000,4022.03000,4026.76000,2205
2026.06.26,07:00,4026.74000,4034.96000,4025.57000,4031.31000,1779
2026.06.26,07:05,4031.34000,4031.34000,4028.15000,4028.22000,701
2026.06.26,07:10,4028.23000,4029.04000,4027.21000,4027.95000,538
2026.06.26,07:15,4027.94000,4029.27000,4026.37000,4028.00000,688
2026.06.26,07:20,4028.05000,4030.47000,4027.87000,4029.93000,665
2026.06.26,07:25,4029.92000,4030.71000,4028.14000,4030.65000,569
2026.06.26,07:30,4030.64000,4030.64000,4026.65000,4026.79000,504
2026.06.26,07:35,4026.76000,4027.65000,4025.51000,4025.81000,427
2026.06.26,07:40,4025.75000,4026.66000,4024.63000,4026.26000,584
2026.06.26,07:45,4026.25000,4026.47000,4024.49000,4024.86000,371
2026.06.26,07:50,4024.83000,4025.75000,4024.45000,4024.77000,396
2026.06.26,07:55,4024.80000,4027.10000,4024.42000,4026.39000,481
2026.06.26,09:00,4028.80000,4031.80000,4027.16000,4029.20000,651
2026.06.26,09:05,4029.19000,4029.71000,4025.48000,4025.48000,472
2026.06.26,09:10,4025.47000,4026.09000,4021.48000,4022.48000,869
2026.06.26,09:15,4022.51000,4024.03000,4021.24000,4021.77000,612
2026.06.26,09:20,4021.80000,4023.75000,4019.69000,4021.54000,810
2026.06.26,09:25,4021.56000,4026.23000,4019.80000,4024.42000,1126
2026.06.26,09:30,4024.40000,4030.41000,4024.07000,4029.58000,1128
2026.06.26,09:35,4029.67000,4036.45000,4029.48000,4033.97000,1253
2026.06.26,09:40,4033.98000,4036.44000,4028.06000,4028.34000,1213
2026.06.26,09:45,4028.36000,4030.03000,4023.62000,4024.42000,1159
2026.06.26,09:50,4024.44000,4025.31000,4021.47000,4022.35000,1105
2026.06.26,09:55,4022.34000,4027.44000,4021.85000,4025.99000,1104
2026.06.26,10:00,4025.92000,4026.81000,4023.17000,4023.21000,722
2026.06.26,10:05,4023.19000,4024.25000,4021.18000,4022.65000,525
2026.06.26,10:10,4022.63000,4024.20000,4021.24000,4023.05000,565
2026.06.26,10:15,4023.04000,4026.11000,4022.04000,4025.93000,881
2026.06.26,10:20,4025.94000,4029.28000,4025.01000,4028.06000,1072
2026.06.26,10:25,4028.09000,4030.08000,4027.77000,4029.83000,932
2026.06.26,10:30,4029.84000,4030.49000,4020.91000,4021.53000,1122
2026.06.26,10:35,4021.56000,4025.16000,4021.42000,4023.68000,1227
2026.06.26,10:40,4023.69000,4024.34000,4022.53000,4024.29000,690
2026.06.26,10:45,4023.99000,4024.30000,4016.10000,4017.48000,1696
2026.06.26,10:50,4017.46000,4019.26000,4016.37000,4017.13000,1271
2026.06.26,10:55,4017.15000,4017.72000,4012.39000,4014.22000,1530
2026.06.26,11:00,4014.38000,4018.47000,4012.30000,4012.39000,2643
2026.06.26,11:05,4012.37000,4015.70000,4011.23000,4014.66000,2303
2026.06.26,11:10,4014.62000,4019.85000,4012.05000,4019.69000,2386
2026.06.26,11:15,4019.64000,4023.45000,4018.71000,4021.85000,2105
2026.06.26,11:20,4021.87000,4022.12000,4016.61000,4017.86000,1959
2026.06.26,11:25,4017.87000,4019.09000,4012.17000,4015.35000,2132
2026.06.26,11:30,4015.36000,4016.72000,4012.06000,4016.04000,2210
2026.06.26,11:35,4016.00000,4017.97000,4014.30000,4016.13000,1919
2026.06.26,11:40,4016.25000,4019.74000,4015.00000,4019.09000,2045
2026.06.26,11:45,4019.08000,4023.74000,4018.66000,4019.09000,1925
2026.06.26,11:50,4019.11000,4020.98000,4015.38000,4016.10000,1797
2026.06.26,11:55,4016.16000,4024.64000,4015.90000,4020.38000,2234
2026.06.26,12:00,4020.42000,4029.49000,4016.92000,4017.18000,4285
2026.06.26,12:05,4017.29000,4020.99000,4014.16000,4017.31000,2893
2026.06.26,12:10,4017.33000,4021.37000,4016.91000,4019.60000,2292
2026.06.26,12:15,4019.59000,4026.40000,4018.09000,4024.52000,2135
2026.06.26,12:20,4024.54000,4024.86000,4021.49000,4022.87000,1806
2026.06.26,12:25,4022.86000,4022.95000,4017.59000,4022.56000,1978
2026.06.26,12:30,4022.62000,4023.67000,4019.25000,4020.20000,2427
2026.06.26,12:35,4020.17000,4022.69000,4016.01000,4021.45000,2593
2026.06.26,12:40,4021.43000,4025.64000,4019.89000,4020.22000,2549
2026.06.26,12:45,4020.53000,4022.98000,4014.21000,4016.21000,3049
2026.06.26,12:50,4016.19000,4018.62000,4014.58000,4017.86000,2826
2026.06.26,12:55,4017.89000,4021.77000,4017.89000,4020.82000,2056
2026.06.26,13:00,4020.81000,4023.14000,4017.45000,4020.10000,2422
2026.06.26,13:05,4020.13000,4020.62000,4015.23000,4016.90000,2188
2026.06.26,13:10,4016.88000,4016.88000,4013.35000,4015.01000,1798
2026.06.26,13:15,4014.96000,4016.73000,4009.37000,4009.40000,1455
2026.06.26,13:20,4009.34000,4011.25000,4005.09000,4006.16000,1752
2026.06.26,13:25,4006.12000,4008.34000,4004.15000,4007.26000,1631
2026.06.26,13:30,4007.53000,4009.37000,4001.18000,4002.76000,2305
2026.06.26,13:35,4002.81000,4003.26000,3991.67000,3997.47000,2532
2026.06.26,13:40,3997.52000,3997.52000,3991.04000,3992.20000,2342
2026.06.26,13:45,3992.19000,3994.34000,3990.46000,3993.22000,2613
2026.06.26,13:50,3993.20000,3995.52000,3984.78000,3986.27000,2678
2026.06.26,13:55,3986.25000,3993.42000,3983.06000,3990.64000,2677
2026.06.26,14:00,3990.59000,3992.37000,3986.67000,3990.42000,2358
2026.06.26,14:05,3990.45000,3995.50000,3989.38000,3994.62000,2075
2026.06.26,14:10,3994.67000,3999.89000,3993.00000,3997.45000,2334
2026.06.26,14:15,3997.47000,3999.89000,3993.90000,3998.28000,1861
2026.06.26,14:20,3998.27000,3998.28000,3992.84000,3993.51000,2145
2026.06.26,14:25,3993.50000,3996.03000,3992.49000,3995.41000,1705
2026.06.26,14:30,3995.43000,3998.56000,3993.06000,3995.69000,1502
2026.06.26,14:35,3995.68000,3998.20000,3995.08000,3996.37000,1445
2026.06.26,14:40,3996.39000,4001.28000,3996.09000,4000.27000,2210
2026.06.26,14:45,4000.26000,4000.47000,3997.32000,3997.85000,1835
2026.06.26,14:50,3997.83000,4002.49000,3997.82000,4002.10000,1734
2026.06.26,14:55,4002.12000,4006.56000,4001.79000,4004.54000,1722
2026.06.26,15:00,4004.46000,4005.51000,4000.77000,4000.93000,1586
2026.06.26,15:05,4000.98000,4003.17000,3998.69000,4000.83000,1665
2026.06.26,15:10,4000.79000,4009.57000,4000.74000,4008.33000,1285
2026.06.26,15:15,4008.31000,4011.95000,4006.65000,4009.14000,1537
2026.06.26,15:20,4009.12000,4010.41000,4007.68000,4007.74000,1275
2026.06.26,15:25,4007.71000,4008.62000,4005.93000,4007.51000,1539
2026.06.26,15:30,4007.50000,4008.47000,4004.35000,4004.93000,1536
2026.06.26,15:35,4004.94000,4005.23000,4002.50000,4003.23000,1272
2026.06.26,15:40,4003.22000,4008.35000,4001.47000,4008.35000,1393
2026.06.26,15:45,4008.36000,4009.67000,4007.23000,4009.41000,1388
2026.06.26,15:50,4009.40000,4015.10000,4008.74000,4014.31000,1421
2026.06.26,15:55,4014.32000,4015.30000,4010.79000,4011.82000,1513
2026.06.26,16:00,4011.79000,4013.24000,4009.42000,4010.07000,1505
2026.06.26,16:05,4010.14000,4012.27000,4006.26000,4011.79000,1582
2026.06.26,16:10,4011.82000,4015.25000,4011.65000,4015.25000,1334
2026.06.26,16:15,4015.26000,4019.26000,4013.52000,4014.58000,1546
2026.06.26,16:20,4014.59000,4014.98000,4011.74000,4013.35000,1167
2026.06.26,16:25,4013.34000,4018.41000,4013.34000,4016.63000,1290
2026.06.26,16:30,4016.67000,4021.44000,4014.83000,4016.64000,2602
2026.06.26,16:35,4016.63000,4018.90000,4012.07000,4013.71000,2269
2026.06.26,16:40,4013.70000,4017.11000,4010.84000,4011.32000,2342
2026.06.26,16:45,4011.33000,4012.29000,4005.78000,4011.92000,2222
2026.06.26,16:50,4011.91000,4015.37000,4010.49000,4015.13000,2061
2026.06.26,16:55,4015.12000,4015.12000,4006.57000,4008.18000,2202
2026.06.26,17:00,4008.15000,4010.55000,4006.66000,4007.67000,2323
2026.06.26,17:05,4007.69000,4011.76000,4007.69000,4008.63000,2271
2026.06.26,17:10,4008.62000,4010.14000,4006.85000,4009.54000,2302
2026.06.26,17:15,4009.53000,4011.37000,4008.31000,4008.55000,2275
2026.06.26,17:20,4008.54000,4024.83000,4008.39000,4022.64000,3080
2026.06.26,17:25,4022.74000,4024.80000,4020.06000,4024.08000,2636
2026.06.26,17:30,4024.07000,4027.53000,4022.63000,4023.71000,2502
2026.06.26,17:35,4023.68000,4025.41000,4021.34000,4023.31000,2861
2026.06.26,17:40,4023.26000,4026.39000,4020.72000,4025.27000,2350
2026.06.26,17:45,4025.23000,4028.37000,4023.33000,4023.72000,2142
2026.06.26,17:50,4023.65000,4025.73000,4021.99000,4023.66000,1935
2026.06.26,17:55,4023.63000,4033.10000,4022.96000,4032.06000,2662
2026.06.26,18:00,4032.02000,4033.83000,4026.71000,4029.34000,2297
2026.06.26,18:05,4029.36000,4032.30000,4028.02000,4029.11000,1651
2026.06.26,18:10,4029.12000,4029.62000,4027.00000,4027.31000,1250
2026.06.26,18:15,4027.30000,4031.76000,4026.81000,4031.23000,1273
2026.06.26,18:20,4031.06000,4031.38000,4027.51000,4029.35000,1215
2026.06.26,18:25,4029.39000,4039.83000,4029.39000,4037.94000,1935
2026.06.26,18:30,4037.92000,4038.89000,4037.03000,4037.63000,1603
2026.06.26,18:35,4037.65000,4038.08000,4034.06000,4036.18000,1151
2026.06.26,18:40,4036.15000,4036.33000,4030.93000,4031.46000,1106
2026.06.26,18:45,4031.49000,4031.72000,4028.45000,4028.93000,952
2026.06.26,18:50,4028.94000,4030.24000,4027.62000,4030.15000,1049
2026.06.26,18:55,4030.16000,4032.16000,4029.71000,4030.47000,1245
2026.06.26,19:00,4030.48000,4032.94000,4025.76000,4026.47000,2131
2026.06.26,19:05,4026.49000,4031.64000,4025.66000,4030.53000,1546
2026.06.26,19:10,4030.46000,4031.46000,4027.92000,4030.90000,1421
2026.06.26,19:15,4030.94000,4034.63000,4029.72000,4032.48000,1517
2026.06.26,19:20,4032.49000,4033.98000,4030.05000,4030.88000,1210
2026.06.26,19:25,4030.87000,4035.75000,4030.47000,4035.43000,1330
2026.06.26,19:30,4035.30000,4036.14000,4032.51000,4034.43000,1485
2026.06.26,19:35,4034.51000,4034.56000,4032.29000,4033.23000,1096
2026.06.26,19:40,4033.29000,4035.91000,4032.48000,4035.51000,1236
2026.06.26,19:45,4035.46000,4037.63000,4032.85000,4033.62000,1316
2026.06.26,19:50,4033.61000,4034.35000,4032.15000,4032.61000,1161
2026.06.26,19:55,4032.60000,4032.60000,4029.61000,4030.91000,1172
2026.06.26,20:00,4030.95000,4034.93000,4029.53000,4034.23000,1323
2026.06.26,20:05,4034.17000,4039.73000,4034.02000,4038.52000,1477
2026.06.26,20:10,4038.54000,4041.64000,4037.62000,4039.47000,1308
2026.06.26,20:15,4039.48000,4046.86000,4034.50000,4046.42000,1826
2026.06.26,20:20,4046.43000,4048.85000,4042.88000,4047.95000,1922
2026.06.26,20:25,4047.96000,4050.85000,4046.64000,4048.17000,1756
2026.06.26,20:30,4048.12000,4049.65000,4045.22000,4048.06000,1663
2026.06.26,20:35,4048.07000,4054.19000,4048.07000,4051.63000,1645
2026.06.26,20:40,4051.60000,4053.70000,4047.45000,4047.88000,1381
2026.06.26,20:45,4047.84000,4048.95000,4045.32000,4047.20000,1581
2026.06.26,20:50,4047.19000,4053.98000,4046.41000,4050.55000,1556
2026.06.26,20:55,4050.51000,4050.68000,4046.92000,4047.04000,1359
2026.06.26,21:00,4047.03000,4048.95000,4044.27000,4047.67000,1522
2026.06.26,21:05,4047.66000,4050.75000,4046.76000,4049.80000,1193
2026.06.26,21:10,4049.77000,4052.08000,4049.74000,4050.90000,1152
2026.06.26,21:15,4050.85000,4051.45000,4044.49000,4044.51000,1209
2026.06.26,21:20,4044.50000,4045.87000,4042.20000,4044.33000,1205
2026.06.26,21:25,4044.32000,4048.85000,4043.52000,4048.16000,1031
2026.06.26,21:30,4048.18000,4054.40000,4047.46000,4054.09000,1314
2026.06.26,21:35,4054.11000,4054.28000,4048.97000,4049.13000,1476
2026.06.26,21:40,4049.12000,4050.78000,4046.78000,4048.53000,1188
2026.06.26,21:45,4048.66000,4050.26000,4047.40000,4048.89000,1072
2026.06.26,21:50,4048.90000,4054.43000,4048.66000,4052.86000,1163
2026.06.26,21:55,4053.02000,4054.76000,4051.21000,4054.62000,1142
2026.06.26,22:00,4054.63000,4055.32000,4051.44000,4052.96000,1589
2026.06.26,22:05,4052.97000,4054.86000,4051.81000,4052.64000,1062
2026.06.26,22:10,4052.59000,4053.05000,4047.18000,4047.21000,1201
2026.06.26,22:15,4047.18000,4054.13000,4046.06000,4052.97000,1371
2026.06.26,22:20,4052.98000,4053.75000,4051.31000,4052.02000,1207
2026.06.26,22:25,4052.06000,4053.61000,4050.66000,4052.64000,1007
2026.06.26,22:30,4052.76000,4055.45000,4052.67000,4053.79000,1233
2026.06.26,22:35,4053.77000,4053.77000,4048.12000,4048.41000,1136
2026.06.26,22:40,4048.44000,4050.27000,4046.06000,4046.65000,1244
2026.06.26,22:45,4046.64000,4048.53000,4045.45000,4045.82000,1184
2026.06.26,22:50,4045.78000,4046.11000,4042.45000,4044.52000,1499
2026.06.26,22:55,4044.53000,4047.23000,4044.51000,4045.81000,1442
2026.06.26,23:00,4045.84000,4046.12000,4043.75000,4044.74000,1475
2026.06.26,23:05,4044.80000,4048.40000,4044.54000,4048.04000,1449
2026.06.26,23:10,4048.02000,4050.75000,4047.74000,4049.11000,1252
2026.06.26,23:15,4049.12000,4051.41000,4043.86000,4044.37000,1452
2026.06.26,23:20,4044.39000,4046.96000,4041.91000,4044.20000,1888
2026.06.26,23:25,4044.21000,4047.59000,4044.20000,4046.66000,1406
2026.06.26,23:30,4046.68000,4049.22000,4042.75000,4044.85000,1771
2026.06.26,23:35,4044.64000,4046.14000,4042.89000,4043.99000,1743
2026.06.26,23:40,4043.96000,4044.20000,4035.74000,4040.31000,1933
2026.06.26,23:45,4040.33000,4044.57000,4039.17000,4044.56000,1823
2026.06.26,23:50,4044.53000,4048.78000,4043.62000,4045.81000,1981
2026.06.26,23:55,4045.89000,4061.49000,4045.89000,4058.95000,3167
2026.06.27,00:00,4058.96000,4066.01000,4050.12000,4052.29000,4182
2026.06.27,00:05,4052.26000,4053.18000,4043.44000,4045.03000,3064
2026.06.27,00:10,4045.07000,4051.00000,4043.39000,4050.46000,2578
2026.06.27,00:15,4050.48000,4053.28000,4043.22000,4050.69000,3420
2026.06.27,00:20,4050.78000,4058.36000,4049.58000,4057.06000,3464
2026.06.27,00:25,4057.12000,4058.67000,4053.12000,4056.88000,2925
2026.06.27,00:30,4056.90000,4056.90000,4047.52000,4050.36000,4624
2026.06.27,00:35,4050.40000,4051.62000,4044.75000,4048.03000,5038
2026.06.27,00:40,4048.01000,4062.35000,4047.54000,4062.35000,4534
2026.06.27,00:45,4062.30000,4065.16000,4058.38000,4062.06000,4080
2026.06.27,00:50,4062.08000,4069.58000,4060.44000,4064.06000,4335
2026.06.27,00:55,4064.03000,4077.94000,4063.53000,4073.25000,3553
2026.06.27,01:00,4073.15000,4079.21000,4067.50000,4077.00000,4174
2026.06.27,01:05,4077.30000,4079.36000,4071.70000,4079.06000,3244
2026.06.27,01:10,4079.08000,4085.08000,4076.60000,4082.23000,3599
2026.06.27,01:15,4082.29000,4093.04000,4081.20000,4088.51000,3789
2026.06.27,01:20,4088.50000,4092.36000,4087.28000,4088.74000,3857
2026.06.27,01:25,4088.78000,4091.07000,4084.21000,4084.28000,3433
2026.06.27,01:30,4084.30000,4085.06000,4079.55000,4080.23000,2841
2026.06.27,01:35,4080.26000,4081.80000,4076.40000,4079.09000,2374
2026.06.27,01:40,4079.02000,4083.91000,4076.30000,4082.56000,3174
2026.06.27,01:45,4082.63000,4091.66000,4082.53000,4088.12000,3197
2026.06.27,01:50,4088.08000,4088.84000,4083.85000,4087.93000,3851
2026.06.27,01:55,4087.92000,4091.39000,4080.48000,4080.58000,3821
2026.06.27,02:00,4080.61000,4083.28000,4079.10000,4079.24000,2830
2026.06.27,02:05,4079.26000,4081.17000,4075.68000,4080.96000,2587
2026.06.27,02:10,4080.97000,4082.28000,4077.58000,4079.49000,2553
2026.06.27,02:15,4079.57000,4084.47000,4077.96000,4082.27000,2634
2026.06.27,02:20,4082.03000,4083.94000,4080.13000,4082.17000,2243
2026.06.27,02:25,4082.07000,4084.32000,4080.63000,4084.19000,2197
2026.06.27,02:30,4084.20000,4088.86000,4081.94000,4081.94000,2287
2026.06.27,02:35,4081.97000,4093.91000,4081.63000,4091.59000,2401
2026.06.27,02:40,4091.60000,4095.55000,4091.04000,4095.00000,2261
2026.06.27,02:45,4095.02000,4095.97000,4090.98000,4094.49000,1911
2026.06.27,02:50,4094.51000,4095.33000,4083.28000,4086.24000,3642
2026.06.27,02:55,4086.26000,4091.79000,4085.65000,4090.50000,2050
2026.06.27,03:00,4090.49000,4092.89000,4089.74000,4091.32000,1638
2026.06.27,03:05,4091.26000,4091.61000,4088.54000,4089.32000,1397
2026.06.27,03:10,4089.25000,4092.28000,4088.37000,4091.15000,1758
2026.06.27,03:15,4091.16000,4093.42000,4089.69000,4090.16000,1468
2026.06.27,03:20,4090.18000,4090.45000,4082.95000,4085.39000,2228
2026.06.27,03:25,4085.37000,4088.26000,4084.26000,4086.79000,1435
2026.06.27,03:30,4086.88000,4093.15000,4086.88000,4088.14000,1861
2026.06.27,03:35,4088.13000,4088.52000,4083.99000,4084.57000,1493
2026.06.27,03:40,4084.58000,4086.07000,4082.18000,4084.61000,1348
2026.06.27,03:45,4084.60000,4086.86000,4083.62000,4083.65000,1398
2026.06.27,03:50,4083.68000,4085.48000,4082.73000,4085.35000,1198
2026.06.27,03:55,4085.37000,4085.87000,4083.80000,4085.01000,856
2026.06.27,04:00,4085.02000,4085.85000,4083.66000,4084.69000,1180
2026.06.27,04:05,4084.68000,4087.97000,4084.28000,4086.75000,1070
2026.06.27,04:10,4086.73000,4087.30000,4082.30000,4083.35000,1113
2026.06.27,04:15,4083.38000,4084.09000,4081.36000,4081.43000,1108
2026.06.27,04:20,4081.52000,4085.04000,4080.17000,4084.52000,1516
2026.06.27,04:25,4084.36000,4084.39000,4080.22000,4081.41000,1478
2026.06.27,04:30,4081.67000,4083.22000,4076.25000,4078.02000,1542
2026.06.27,04:35,4078.01000,4078.88000,4074.19000,4075.65000,1682
2026.06.27,04:40,4075.63000,4077.62000,4074.08000,4076.63000,1720
2026.06.27,04:45,4076.61000,4077.76000,4074.15000,4076.04000,1657
2026.06.27,04:50,4076.06000,4077.01000,4074.45000,4075.35000,1189
2026.06.27,04:55,4075.34000,4075.60000,4073.73000,4074.68000,993
2026.06.27,05:00,4074.69000,4076.77000,4072.36000,4076.53000,1901
2026.06.27,05:05,4076.44000,4078.74000,4074.97000,4077.25000,1361
2026.06.27,05:10,4077.26000,4078.00000,4075.77000,4076.78000,945
2026.06.27,05:15,4076.79000,4076.98000,4073.52000,4074.25000,1203
2026.06.27,05:20,4074.24000,4074.54000,4071.45000,4071.84000,1055
2026.06.27,05:25,4071.85000,4073.83000,4071.71000,4073.42000,912
2026.06.27,05:30,4073.40000,4075.47000,4073.40000,4074.53000,847
2026.06.27,05:35,4074.52000,4074.73000,4072.67000,4073.69000,772
2026.06.27,05:40,4073.72000,4074.14000,4071.74000,4072.60000,611
2026.06.27,05:45,4072.55000,4072.55000,4067.71000,4069.35000,1064
2026.06.27,05:50,4069.37000,4070.44000,4068.37000,4070.05000,859
2026.06.27,05:55,4070.07000,4071.33000,4067.03000,4067.11000,1185
2026.06.27,06:00,4067.27000,4068.40000,4064.96000,4065.37000,1504
2026.06.27,06:05,4065.38000,4067.44000,4064.64000,4066.60000,1456
2026.06.27,06:10,4066.62000,4070.03000,4066.06000,4069.33000,911
2026.06.27,06:15,4069.34000,4069.64000,4067.25000,4068.11000,1115
2026.06.27,06:20,4068.01000,4068.01000,4064.55000,4065.53000,935
2026.06.27,06:25,4065.54000,4067.57000,4064.82000,4066.37000,826
2026.06.27,06:30,4066.38000,4070.20000,4065.75000,4070.11000,942
2026.06.27,06:35,4070.14000,4070.85000,4067.99000,4068.75000,1030
2026.06.27,06:40,4068.72000,4070.41000,4068.08000,4068.54000,1317
2026.06.27,06:45,4068.53000,4070.04000,4066.86000,4070.00000,1058
2026.06.27,06:50,4070.02000,4074.15000,4069.95000,4073.51000,1732
2026.06.27,06:55,4073.50000,4074.66000,4071.44000,4071.75000,1996
2026.06.27,07:00,4071.80000,4072.65000,4070.46000,4071.28000,1492
2026.06.27,07:05,4071.10000,4071.56000,4065.87000,4066.08000,855
2026.06.27,07:10,4066.11000,4068.38000,4064.36000,4067.82000,644
2026.06.27,07:15,4067.85000,4068.40000,4065.98000,4067.83000,753
2026.06.27,07:20,4067.84000,4071.49000,4067.12000,4071.47000,592
2026.06.27,07:25,4071.46000,4072.95000,4070.88000,4071.56000,665
2026.06.27,07:30,4071.49000,4071.57000,4066.66000,4069.58000,1087
2026.06.27,07:35,4069.57000,4070.16000,4067.66000,4069.12000,689
2026.06.27,07:40,4069.05000,4070.71000,4068.71000,4070.41000,634
2026.06.29,09:00,4079.33000,4085.79000,4072.35000,4075.54000,2212
2026.06.29,09:05,4075.53000,4083.30000,4073.06000,4075.63000,1757
2026.06.29,09:10,4075.62000,4077.91000,4069.50000,4069.97000,1392
2026.06.29,09:15,4070.14000,4070.14000,4053.20000,4059.71000,2124
2026.06.29,09:20,4059.66000,4062.54000,4055.40000,4059.39000,1578
2026.06.29,09:25,4059.41000,4061.44000,4056.16000,4057.12000,866
2026.06.29,09:30,4057.11000,4062.58000,4056.04000,4057.35000,1093
2026.06.29,09:35,4057.07000,4061.83000,4055.65000,4060.95000,855
2026.06.29,09:40,4060.92000,4065.09000,4060.92000,4063.03000,646
2026.06.29,09:45,4062.93000,4069.08000,4062.85000,4068.78000,720
2026.06.29,09:50,4068.76000,4068.76000,4061.95000,4064.16000,878
2026.06.29,09:55,4064.13000,4069.59000,4063.65000,4065.73000,804
2026.06.29,10:00,4065.75000,4070.05000,4065.07000,4067.46000,1211
2026.06.29,10:05,4067.47000,4070.44000,4065.73000,4069.98000,1200
2026.06.29,10:10,4069.89000,4070.09000,4065.00000,4065.31000,1093
2026.06.29,10:15,4065.32000,4065.32000,4058.91000,4059.66000,1122
2026.06.29,10:20,4060.46000,4060.70000,4055.96000,4057.31000,1037
2026.06.29,10:25,4057.32000,4059.17000,4055.08000,4056.66000,834
2026.06.29,10:30,4056.63000,4057.41000,4051.50000,4056.01000,1421
2026.06.29,10:35,4055.99000,4062.24000,4055.58000,4060.55000,1089
2026.06.29,10:40,4060.56000,4062.63000,4059.75000,4062.36000,884
2026.06.29,10:45,4062.54000,4065.44000,4061.34000,4061.48000,1445
2026.06.29,10:50,4061.49000,4066.19000,4060.90000,4064.12000,1314
2026.06.29,10:55,4064.43000,4065.20000,4062.46000,4062.92000,1404
2026.06.29,11:00,4062.53000,4064.76000,4057.12000,4061.70000,3602
2026.06.29,11:05,4061.58000,4062.26000,4053.21000,4057.69000,3414
2026.06.29,11:10,4057.70000,4060.77000,4056.24000,4058.92000,2773
2026.06.29,11:15,4058.91000,4062.16000,4056.89000,4057.11000,2758
2026.06.29,11:20,4057.13000,4058.17000,4050.16000,4052.33000,2611
2026.06.29,11:25,4052.34000,4052.98000,4047.91000,4048.18000,2308
2026.06.29,11:30,4048.26000,4055.34000,4048.22000,4053.80000,2153
2026.06.29,11:35,4053.83000,4061.49000,4053.34000,4060.70000,2228
2026.06.29,11:40,4060.37000,4070.03000,4060.12000,4069.39000,2020
2026.06.29,11:45,4069.24000,4069.24000,4062.90000,4066.17000,2221
2026.06.29,11:50,4066.39000,4069.59000,4064.10000,4069.52000,2120
2026.06.29,11:55,4069.58000,4069.80000,4068.24000,4068.83000,204
2026.06.29,12:00,4069.27000,4069.99000,4058.08000,4064.32000,4360
2026.06.29,12:05,4064.40000,4074.51000,4059.83000,4061.65000,3479
2026.06.29,12:10,4061.76000,4064.70000,4053.58000,4054.90000,3123
2026.06.29,12:15,4054.91000,4059.58000,4054.25000,4059.17000,2267
2026.06.29,12:20,4058.11000,4061.12000,4056.73000,4060.43000,1094
2026.06.29,12:25,4060.71000,4066.14000,4059.21000,4059.96000,2804
2026.06.29,12:30,4058.91000,4060.79000,4055.73000,4059.47000,3231
2026.06.29,12:35,4059.50000,4064.61000,4058.54000,4061.68000,2489
2026.06.29,12:40,4061.41000,4066.61000,4061.11000,4063.58000,2461
2026.06.29,12:45,4063.59000,4063.91000,4062.25000,4062.25000,124
2026.06.29,12:50,4059.98000,4061.94000,4056.48000,4061.57000,2466
2026.06.29,12:55,4061.60000,4062.93000,4059.26000,4061.46000,2220
2026.06.29,13:00,4061.43000,4070.76000,4059.03000,4065.99000,2955
2026.06.29,13:05,4066.01000,4067.16000,4059.39000,4061.89000,2607
2026.06.29,13:10,4061.57000,4066.67000,4059.86000,4060.97000,2499
2026.06.29,13:15,4060.96000,4069.09000,4060.25000,4067.59000,2278
2026.06.29,13:20,4067.61000,4070.33000,4064.95000,4067.67000,1830
2026.06.29,13:25,4067.77000,4070.54000,4066.53000,4069.12000,1089
2026.06.29,13:30,4068.67000,4071.64000,4067.05000,4068.72000,2256
2026.06.29,13:35,4068.73000,4068.74000,4059.90000,4060.08000,2086
2026.06.29,13:40,4060.01000,4063.08000,4058.39000,4060.77000,1874
2026.06.29,13:45,4060.84000,4069.56000,4058.66000,4067.35000,2303
2026.06.29,13:50,4067.36000,4069.55000,4064.06000,4067.21000,2370
2026.06.29,13:55,4067.22000,4068.69000,4065.02000,4066.27000,1699
2026.06.29,14:00,4066.20000,4067.37000,4064.70000,4065.89000,1790
2026.06.29,14:05,4066.05000,4070.08000,4065.29000,4069.65000,1652
2026.06.29,14:10,4069.66000,4070.91000,4065.44000,4068.99000,1737
2026.06.29,14:15,4068.98000,4071.51000,4067.39000,4069.36000,1401
2026.06.29,14:20,4069.33000,4075.78000,4068.78000,4073.63000,1967
2026.06.29,14:25,4073.25000,4073.52000,4070.78000,4072.37000,1586
2026.06.29,14:30,4072.36000,4073.45000,4067.73000,4069.68000,1467
2026.06.29,14:35,4069.69000,4069.69000,4065.75000,4067.26000,1409
2026.06.29,14:40,4067.16000,4068.50000,4065.54000,4068.35000,350
2026.06.29,14:45,4067.92000,4068.16000,4066.09000,4067.45000,1099
2026.06.29,14:50,4067.48000,4067.97000,4067.18000,4067.67000,69
2026.06.29,14:55,4069.82000,4069.82000,4067.46000,4068.84000,825
2026.06.29,15:00,4068.81000,4068.96000,4064.89000,4067.27000,1009
2026.06.29,15:05,4067.26000,4068.20000,4065.13000,4066.40000,918
2026.06.29,15:10,4066.39000,4066.90000,4064.18000,4065.69000,916
2026.06.29,15:15,4065.68000,4065.71000,4062.18000,4064.74000,778
2026.06.29,15:20,4064.73000,4064.83000,4062.12000,4063.64000,723
2026.06.29,15:25,4063.62000,4066.63000,4063.45000,4064.97000,912
2026.06.29,15:30,4064.93000,4065.34000,4060.17000,4061.14000,1064
2026.06.29,15:35,4061.16000,4061.62000,4054.83000,4054.83000,1171
2026.06.29,15:40,4054.87000,4057.61000,4052.52000,4057.05000,1506
2026.06.29,15:45,4057.07000,4058.02000,4055.36000,4057.12000,888
2026.06.29,15:50,4057.17000,4057.70000,4054.09000,4054.11000,781
2026.06.29,15:55,4054.10000,4054.13000,4049.52000,4051.92000,991
2026.06.29,16:00,4051.61000,4054.81000,4047.34000,4054.80000,1761
2026.06.29,16:05,4054.77000,4057.34000,4050.54000,4052.72000,1576
2026.06.29,16:10,4052.75000,4056.27000,4052.26000,4055.96000,1391
2026.06.29,16:15,4055.94000,4057.46000,4053.53000,4054.43000,1366
2026.06.29,16:20,4054.46000,4056.60000,4054.07000,4056.46000,353
2026.06.29,16:25,4050.50000,4052.60000,4047.78000,4049.18000,1536
2026.06.29,16:30,4049.21000,4050.27000,4039.83000,4045.32000,3500
2026.06.29,16:35,4045.28000,4046.07000,4039.08000,4043.89000,2439
2026.06.29,16:40,4044.04000,4051.40000,4042.97000,4050.31000,2134
2026.06.29,16:45,4050.29000,4053.25000,4049.01000,4049.73000,1746
2026.06.29,16:50,4049.70000,4055.32000,4047.06000,4053.09000,2831
2026.06.29,16:55,4053.14000,4057.06000,4052.01000,4054.29000,2643
2026.06.29,17:00,4054.26000,4060.52000,4053.15000,4058.73000,3109
2026.06.29,17:05,4058.75000,4064.10000,4057.61000,4061.65000,2252
2026.06.29,17:10,4061.58000,4062.61000,4057.54000,4059.80000,2665
2026.06.29,17:15,4059.81000,4060.19000,4057.06000,4059.63000,2088
2026.06.29,17:20,4059.66000,4060.21000,4056.84000,4058.11000,1579
2026.06.29,17:25,4058.21000,4063.05000,4055.85000,4060.80000,1772
2026.06.29,17:30,4060.78000,4061.06000,4055.26000,4056.80000,1555
2026.06.29,17:35,4056.79000,4059.77000,4054.87000,4059.76000,1645
2026.06.29,17:40,4059.77000,4061.95000,4058.40000,4061.14000,1195
2026.06.29,17:45,4061.12000,4064.81000,4059.68000,4063.04000,1337
2026.06.29,17:50,4063.06000,4064.45000,4062.22000,4063.16000,1156
2026.06.29,17:55,4063.13000,4064.17000,4061.95000,4062.08000,295
2026.06.29,18:00,4062.18000,4062.65000,4057.95000,4060.82000,2443
2026.06.29,18:05,4060.69000,4060.69000,4058.01000,4059.54000,1641
