time,open,high,low,close,volume
2026-05-14 00:30:00,4688.49,4690.78,4682.39,4683.93,4916
2026-05-14 00:35:00,4683.94,4684.08,4672.93,4674.22,4942
2026-05-14 00:40:00,4674.28,4683.54,4673.42,4678.54,5212
2026-05-14 00:45:00,4678.51,4678.98,4669.46,4672.78,5013
2026-05-14 00:50:00,4672.9,4682.76,4670.16,4682.76,4845
2026-05-14 00:55:00,4682.82,4683.21,4677.51,4679.39,4333
2026-05-14 01:00:00,4679.25,4680.38,4672.89,4676.71,4698
2026-05-14 01:05:00,4676.65,4680.92,4674.02,4677.8,4603
2026-05-14 01:10:00,4677.06,4683.17,4677.01,4681.19,4059
2026-05-14 01:15:00,4681.18,4682.25,4673.58,4674.02,3997
2026-05-14 01:20:00,4674.1,4682.15,4673.5,4681.78,3666
2026-05-14 01:25:00,4681.85,4685.38,4681.15,4684.09,3200
2026-05-14 01:30:00,4684.02,4690.37,4682.98,4689.92,3482
2026-05-14 01:35:00,4689.87,4690.85,4684.91,4686.38,3521
2026-05-14 01:40:00,4686.36,4688.54,4683.45,4683.64,3125
2026-05-14 01:45:00,4683.65,4684.85,4677.18,4681.59,3929
2026-05-14 01:50:00,4681.62,4682.4,4678.22,4681.13,3576
2026-05-14 01:55:00,4681.15,4683.38,4678.78,4679.76,3258
2026-05-14 02:00:00,4680.14,4686.03,4678.87,4684.28,3292
2026-05-14 02:05:00,4684.31,4688.56,4681.91,4688.41,2784
2026-05-14 02:10:00,4688.43,4690.44,4686.06,4687.52,2926
2026-05-14 02:15:00,4687.51,4687.92,4685.34,4687.14,2551
2026-05-14 02:20:00,4687.16,4690.01,4685.18,4687.95,2581
2026-05-14 02:25:00,4687.9,4691.71,4687.41,4691.1,2914
2026-05-14 02:30:00,4691.09,4695.64,4686.74,4695.18,2689
2026-05-14 02:35:00,4695.2,4699.12,4694.4,4698.69,2658
2026-05-14 02:40:00,4698.7,4699.92,4697.02,4699.31,2188
2026-05-14 02:45:00,4699.34,4699.53,4696.45,4698.31,2031
2026-05-14 02:50:00,4698.32,4698.46,4694.53,4695.67,1780
2026-05-14 02:55:00,4695.7,4698.16,4694.36,4695.43,1839
2026-05-14 03:00:00,4695.5,4699.46,4694.97,4697.72,2080
2026-05-14 03:05:00,4697.73,4701.92,4696.42,4700.85,1833
2026-05-14 03:10:00,4700.83,4702.73,4699.1,4701.9,1725
2026-05-14 03:15:00,4701.93,4703.64,4698.63,4699.46,2102
2026-05-14 03:20:00,4699.45,4709.46,4698.59,4705.8,2319
2026-05-14 03:25:00,4705.78,4709.88,4703.57,4706.75,2310
2026-05-14 03:30:00,4706.79,4707.54,4702.25,4703.93,2671
2026-05-14 03:35:00,4703.92,4704.22,4701.58,4702.74,1498
2026-05-14 03:40:00,4702.72,4702.94,4699.82,4699.94,2151
2026-05-14 03:45:00,4699.93,4701.27,4698.4,4699.67,1924
2026-05-14 03:50:00,4699.65,4699.75,4695.49,4696.38,1893
2026-05-14 03:55:00,4696.31,4697.78,4695.13,4695.73,1691
2026-05-14 04:00:00,4695.74,4699.36,4695.63,4696.61,1568
2026-05-14 04:05:00,4696.6,4699.93,4696.14,4699.33,1587
2026-05-14 04:10:00,4699.35,4701.02,4698.4,4699.55,1329
2026-05-14 04:15:00,4699.67,4699.89,4696.83,4699.76,1664
2026-05-14 04:20:00,4699.82,4701.23,4697.12,4697.56,1530
2026-05-14 04:25:00,4697.55,4699.66,4696.6,4698.36,1973
2026-05-14 04:30:00,4698.52,4698.56,4690.21,4690.42,2177
2026-05-14 04:35:00,4690.4,4692.86,4690.07,4690.85,1748
2026-05-14 04:40:00,4690.86,4693.49,4690.7,4691.02,1219
2026-05-14 04:45:00,4691.25,4694.54,4690.26,4691.26,1445
2026-05-14 04:50:00,4691.22,4692.44,4688.44,4688.82,1674
2026-05-14 04:55:00,4688.77,4689.79,4684.46,4685.71,1754
2026-05-14 05:00:00,4685.56,4689.48,4684.36,4687.91,2301
2026-05-14 05:05:00,4687.93,4691.49,4687.75,4690.81,1274
2026-05-14 05:10:00,4690.82,4692.79,4690.42,4692.3,1149
2026-05-14 05:15:00,4692.32,4694.01,4690.17,4690.64,1474
2026-05-14 05:20:00,4690.62,4691.05,4688.7,4690.43,1426
2026-05-14 05:25:00,4690.41,4692.13,4690.15,4691.96,1128
2026-05-14 05:30:00,4691.95,4692.77,4690.15,4691.27,1043
2026-05-14 05:35:00,4691.25,4691.29,4687.29,4689.86,1333
2026-05-14 05:40:00,4689.87,4691.31,4685.76,4686.29,1260
2026-05-14 05:45:00,4686.3,4687.62,4677.4,4679.35,2621
2026-05-14 05:50:00,4679.37,4687.45,4679.37,4687,2094
2026-05-14 05:55:00,4686.88,4687.59,4684.44,4684.99,1702
2026-05-14 06:00:00,4685.02,4686.04,4683.61,4684.19,1455
2026-05-14 06:05:00,4684.21,4686.7,4683.29,4686.51,1107
2026-05-14 06:10:00,4686.49,4689.05,4685.57,4689.04,1141
2026-05-14 06:15:00,4689.03,4690.4,4686.95,4687.94,1352
2026-05-14 06:20:00,4688.06,4690.1,4687.39,4688,1306
2026-05-14 06:25:00,4687.89,4688.64,4686.53,4687.19,1398
2026-05-14 06:30:00,4687.15,4688.62,4684.49,4685.33,1261
2026-05-14 06:35:00,4685.32,4689.12,4684.56,4688.86,1085
2026-05-14 06:40:00,4688.88,4688.88,4686.99,4688.41,1069
2026-05-14 06:45:00,4688.33,4689.46,4687.37,4689.32,1105
2026-05-14 06:50:00,4689.08,4689.08,4683.39,4685.52,2727
2026-05-14 06:55:00,4685.61,4689.05,4685.49,4688.15,2019
2026-05-14 07:00:00,4688,4688.44,4685.93,4686.94,756
2026-05-14 07:05:00,4686.95,4689.26,4686.95,4689.14,687
2026-05-14 07:10:00,4689.15,4690.91,4689.15,4690.83,419
2026-05-14 07:15:00,4690.81,4690.97,4690.14,4690.86,479
2026-05-14 07:20:00,4690.87,4693.01,4690.6,4692.56,365
2026-05-14 07:25:00,4692.55,4693.23,4691.17,4691.29,470
2026-05-14 07:30:00,4691.3,4692.73,4689.14,4689.8,504
2026-05-14 07:35:00,4689.81,4691.44,4689.36,4691.42,547
2026-05-14 07:40:00,4691.38,4691.78,4689.83,4690.68,533
2026-05-14 07:45:00,4690.64,4691.13,4688.53,4688.93,556
2026-05-14 07:50:00,4688.88,4689.38,4687.86,4688.15,509
2026-05-14 07:55:00,4688.06,4689.32,4687.55,4687.55,603
2026-05-14 09:00:00,4692.49,4693.83,4689.53,4692.97,737
2026-05-14 09:05:00,4692.92,4693.72,4689.33,4689.57,798
2026-05-14 09:10:00,4689.9,4691.56,4688.6,4691.19,659
2026-05-14 09:15:00,4691.31,4695.98,4690.64,4694.56,1246
2026-05-14 09:20:00,4694.61,4695.93,4693.95,4695.35,535
2026-05-14 09:25:00,4695.31,4697.19,4695.28,4696.99,481
2026-05-14 09:30:00,4696.95,4698.91,4695.16,4697.12,518
2026-05-14 09:35:00,4697.11,4699.14,4696.14,4697.99,723
2026-05-14 09:40:00,4698,4700.22,4697.54,4698.63,546
2026-05-14 09:45:00,4698.92,4699.52,4696.64,4697.62,590
2026-05-14 09:50:00,4697.4,4700.48,4697.08,4699.99,460
2026-05-14 09:55:00,4699.71,4700.53,4699.21,4699.89,261
2026-05-14 10:00:00,4699.86,4701.09,4699.1,4699.18,449
2026-05-14 10:05:00,4699.2,4701.53,4699.08,4700.89,473
2026-05-14 10:10:00,4700.88,4702.07,4700.74,4701.06,436
2026-05-14 10:15:00,4701.01,4701.17,4700.15,4700.81,298
2026-05-14 10:20:00,4700.79,4701.03,4699.12,4699.53,368
2026-05-14 10:25:00,4699.56,4699.56,4696.62,4697.2,657
2026-05-14 10:30:00,4697.17,4697.38,4693.99,4695.33,623
2026-05-14 10:35:00,4695.34,4696.93,4694.84,4695.94,469
2026-05-14 10:40:00,4695.85,4697.56,4694.44,4694.79,723
2026-05-14 10:45:00,4694.8,4696.45,4693.14,4693.5,967
2026-05-14 10:50:00,4693.79,4695.79,4692.96,4695.44,432
2026-05-14 10:55:00,4695.74,4696.87,4694.23,4696.57,703
2026-05-14 11:00:00,4696.56,4699.39,4689.23,4691.74,1819
2026-05-14 11:05:00,4691.72,4696.3,4690.64,4696.09,1739
2026-05-14 11:10:00,4695.84,4697.81,4693.84,4697.62,1361
2026-05-14 11:15:00,4697.55,4705.31,4697.15,4700.95,1801
2026-05-14 11:20:00,4700.97,4702.87,4699.4,4701.29,1756
2026-05-14 11:25:00,4701.3,4702.26,4699.24,4700.79,1607
2026-05-14 11:30:00,4700.74,4703.08,4696.94,4697.2,1526
2026-05-14 11:35:00,4697.21,4697.37,4694.04,4695.25,1607
2026-05-14 11:40:00,4695.28,4700.82,4692.83,4699.86,1398
2026-05-14 11:45:00,4700.18,4704.57,4699.96,4703.57,1486
2026-05-14 11:50:00,4703.55,4703.64,4699.15,4700.33,1223
2026-05-14 11:55:00,4700.34,4706.56,4700.3,4704.65,1217
2026-05-14 12:00:00,4704.82,4706.9,4694.36,4698.31,4193
2026-05-14 12:05:00,4698.28,4698.78,4686.21,4688.11,3778
2026-05-14 12:10:00,4688.49,4692.36,4684.04,4688.62,3577
2026-05-14 12:15:00,4688.67,4694.53,4687.13,4688.65,3352
2026-05-14 12:20:00,4688.64,4692.71,4688.06,4692.03,2598
2026-05-14 12:25:00,4692.41,4695.3,4691.22,4692.67,2153
2026-05-14 12:30:00,4692.55,4694.79,4689.42,4692.78,2977
2026-05-14 12:35:00,4692.75,4694.46,4686.95,4689.13,2858
2026-05-14 12:40:00,4689.12,4690.17,4683.72,4688.71,2910
2026-05-14 12:45:00,4688.88,4694.95,4686.63,4694.32,2297
2026-05-14 12:50:00,4694.31,4694.44,4683.55,4685.77,2552
2026-05-14 12:55:00,4685.75,4689.26,4684.12,4688.8,3335
2026-05-14 13:00:00,4688.88,4693.91,4686.87,4693.63,2870
2026-05-14 13:05:00,4693.65,4693.79,4688.8,4690.8,2082
2026-05-14 13:10:00,4690.81,4690.93,4686.48,4688.37,2216
2026-05-14 13:15:00,4688.02,4690.98,4686.97,4689.88,1408
2026-05-14 13:20:00,4689.89,4691.55,4689.58,4690.82,1159
2026-05-14 13:25:00,4690.81,4694.1,4689.88,4693.63,1269
2026-05-14 13:30:00,4693.64,4697.89,4690.6,4697.39,2128
2026-05-14 13:35:00,4697.37,4699.71,4695.13,4695.29,1556
2026-05-14 13:40:00,4695.32,4696.25,4689.47,4691.6,1963
2026-05-14 13:45:00,4691.58,4693.47,4680.56,4682.66,2398
2026-05-14 13:50:00,4682.64,4687.99,4679.65,4686.99,2527
2026-05-14 13:55:00,4686.96,4688.23,4684.91,4686.41,2165
2026-05-14 14:00:00,4686.25,4690.22,4685.1,4687.43,2159
2026-05-14 14:05:00,4687.52,4687.76,4681.92,4684.52,2082
2026-05-14 14:10:00,4684.53,4685.82,4681.07,4682.99,1972
2026-05-14 14:15:00,4682.68,4686.47,4682.61,4683.02,1600
2026-05-14 14:20:00,4682.99,4688.47,4681.2,4688.26,2112
2026-05-14 14:25:00,4688.25,4693.22,4688.08,4691.15,1608
2026-05-14 14:30:00,4691.14,4691.65,4683.16,4685.04,1615
2026-05-14 14:35:00,4685.03,4686.54,4678.82,4680.59,1356
2026-05-14 14:40:00,4680.57,4681.29,4675.39,4676.2,1661
2026-05-14 14:45:00,4676.21,4677.99,4674.13,4676.42,1552
2026-05-14 14:50:00,4676.68,4677.54,4674.22,4675.56,1107
2026-05-14 14:55:00,4675.55,4677.06,4673.93,4675.05,1031
2026-05-14 15:00:00,4675.12,4675.36,4668.01,4672.64,1583
2026-05-14 15:05:00,4672.63,4680.05,4672.14,4678.57,1611
2026-05-14 15:10:00,4678.56,4682.62,4676.94,4681.98,1334
2026-05-14 15:15:00,4682.04,4683.59,4681.43,4683.28,1114
2026-05-14 15:20:00,4683.3,4692.26,4683.3,4691.3,1029
2026-05-14 15:25:00,4691.29,4707.45,4691.22,4702.06,2329
2026-05-14 15:30:00,4702.03,4710.59,4700.96,4709.2,1638
2026-05-14 15:35:00,4709.21,4712.53,4706.35,4707.38,1445
2026-05-14 15:40:00,4707.39,4707.9,4702.94,4704.89,902
2026-05-14 15:45:00,4704.9,4706.35,4702.71,4704.78,851
2026-05-14 15:50:00,4704.8,4705.91,4703.11,4705.31,798
2026-05-14 15:55:00,4705.35,4706.29,4702.22,4702.28,1121
2026-05-14 16:00:00,4702.29,4702.94,4699.64,4700.59,1351
2026-05-14 16:05:00,4700.68,4704.11,4700.22,4701.22,1121
2026-05-14 16:10:00,4701.24,4703.7,4699.72,4699.92,952
2026-05-14 16:15:00,4699.91,4700.4,4697.12,4697.64,1053
2026-05-14 16:20:00,4697.63,4698.66,4696.83,4697.29,944
2026-05-14 16:25:00,4697.31,4697.31,4693.07,4693.59,1212
2026-05-14 16:30:00,4693.6,4701.55,4693.08,4698.85,2937
2026-05-14 16:35:00,4698.53,4700.75,4696.51,4700.01,1997
2026-05-14 16:40:00,4700.02,4700.85,4696.34,4696.96,1674
2026-05-14 16:45:00,4697.23,4703.28,4697.08,4700.03,2148
2026-05-14 16:50:00,4700.45,4701.53,4697.81,4698.3,1670
2026-05-14 16:55:00,4698.29,4698.61,4689.07,4689.95,2151
2026-05-14 17:00:00,4689.91,4693.38,4687.23,4693.09,2448
2026-05-14 17:05:00,4693.1,4694.78,4687.43,4690.58,2294
2026-05-14 17:10:00,4690.69,4691.72,4686.07,4687.84,1824
2026-05-14 17:15:00,4687.85,4689.34,4686.35,4688.56,1858
2026-05-14 17:20:00,4688.53,4690.92,4688.06,4690.59,1809
2026-05-14 17:25:00,4690.58,4693.18,4690.02,4691.28,1666
2026-05-14 17:30:00,4691.39,4694.93,4690.75,4694.01,1297
2026-05-14 17:35:00,4694.16,4695.61,4691.26,4694.42,1440
2026-05-14 17:40:00,4694.4,4699.62,4691.51,4698.8,1567
2026-05-14 17:45:00,4698.7,4702.48,4694.82,4695.3,2465
2026-05-14 17:50:00,4695.29,4701.45,4695.18,4699.72,1831
2026-05-14 17:55:00,4699.64,4701.38,4698.25,4700.03,1874
2026-05-14 18:00:00,4699.85,4702.29,4697.18,4698.54,2071
2026-05-14 18:05:00,4698.71,4700.67,4696.06,4699.07,1752
2026-05-14 18:10:00,4699.06,4700.29,4694.41,4695.2,1954
2026-05-14 18:15:00,4695.26,4699.63,4694.8,4697.59,1872
2026-05-14 18:20:00,4697.6,4700.36,4695.14,4699.66,1739
2026-05-14 18:25:00,4699.67,4706.91,4699.17,4705.36,1675
2026-05-14 18:30:00,4705.35,4710.37,4702.81,4710.01,1995
2026-05-14 18:35:00,4710.02,4718.65,4709.99,4711.98,2185
2026-05-14 18:40:00,4712.01,4714.55,4708.99,4709.08,1708
2026-05-14 18:45:00,4709.11,4709.53,4703.16,4704.35,1457
2026-05-14 18:50:00,4704.29,4704.29,4695.01,4700.05,1917
2026-05-14 18:55:00,4700.02,4701.03,4690.73,4693.23,2410
2026-05-14 19:00:00,4693.24,4701.04,4691.83,4697.63,2314
2026-05-14 19:05:00,4697.67,4699.95,4696.2,4697.33,1381
2026-05-14 19:10:00,4697.47,4700.59,4695.55,4699.03,1695
2026-05-14 19:15:00,4698.95,4701.67,4698.92,4699.6,1639
2026-05-14 19:20:00,4699.65,4701.69,4697.73,4701.13,2110
2026-05-14 19:25:00,4701.17,4704.94,4700.78,4702.84,2004
2026-05-14 19:30:00,4702.77,4705.66,4701.63,4702.52,1722
2026-05-14 19:35:00,4702.35,4706.61,4701.68,4701.83,2017
2026-05-14 19:40:00,4701.82,4702.75,4695.47,4696.86,2199
2026-05-14 19:45:00,4696.94,4697.54,4694.29,4695.16,1942
2026-05-14 19:50:00,4695.14,4696.59,4693.42,4694.61,1303
2026-05-14 19:55:00,4694.59,4696.86,4692.78,4693.32,1295
2026-05-14 20:00:00,4693.43,4694.06,4690.03,4692.63,1483
2026-05-14 20:05:00,4692.61,4696.55,4690.88,4696.31,1334
2026-05-14 20:10:00,4696.27,4698.01,4693.07,4694.45,1749
2026-05-14 20:15:00,4694.46,4696.59,4693.89,4695.54,1288
2026-05-14 20:20:00,4695.58,4696.57,4693.19,4693.5,1109
2026-05-14 20:25:00,4693.51,4694.31,4690.59,4690.6,1540
2026-05-14 20:30:00,4690.59,4694.91,4689.16,4694.84,1696
2026-05-14 20:35:00,4694.83,4694.83,4688.12,4692.44,2140
2026-05-14 20:40:00,4692.43,4697.14,4691.97,4695.37,1412
2026-05-14 20:45:00,4695.5,4700.45,4695.49,4700.1,1629
2026-05-14 20:50:00,4700.08,4702.52,4698.23,4699.01,1616
2026-05-14 20:55:00,4699,4701.49,4698.33,4699.5,1674
2026-05-14 21:00:00,4699.54,4699.99,4698.42,4699.48,1289
2026-05-14 21:05:00,4699.53,4700.7,4698.04,4698.4,1336
2026-05-14 21:10:00,4698.42,4705.38,4695.98,4697.3,2359
2026-05-14 21:15:00,4697.31,4698.33,4695.12,4696.74,1676
2026-05-14 21:20:00,4696.76,4697.66,4693.94,4694.4,1553
2026-05-14 21:25:00,4694.41,4698.33,4694.2,4697.49,1867
2026-05-14 21:30:00,4697.5,4697.98,4695.28,4696.83,1215
2026-05-14 21:35:00,4696.81,4697.61,4694.6,4696.04,1289
2026-05-14 21:40:00,4696.05,4696.05,4692.16,4693.47,1651
2026-05-14 21:45:00,4693.48,4694.91,4692,4692.75,1429
2026-05-14 21:50:00,4692.78,4697.62,4691.07,4696.6,1923
2026-05-14 21:55:00,4696.58,4697.33,4695.27,4696.89,1623
2026-05-14 22:00:00,4696.88,4698.6,4694.75,4695.04,1894
2026-05-14 22:05:00,4695.02,4698.74,4692.83,4697.45,1597
2026-05-14 22:10:00,4697.46,4697.73,4696.17,4697.25,1126
2026-05-14 22:15:00,4697.26,4697.63,4694.78,4695.23,1016
2026-05-14 22:20:00,4695.24,4696.87,4693.28,4693.57,1076
2026-05-14 22:25:00,4693.53,4694.09,4689.39,4692.08,1446
2026-05-14 22:30:00,4692.1,4695.06,4690.81,4693.91,1449
2026-05-14 22:35:00,4693.92,4695.97,4692.97,4695.55,1150
2026-05-14 22:40:00,4695.51,4697.37,4694.9,4695.21,1463
2026-05-14 22:45:00,4695.22,4700.26,4694.84,4698.2,1529
2026-05-14 22:50:00,4698.15,4704.57,4697.72,4704.14,1910
2026-05-14 22:55:00,4704.23,4704.84,4693.94,4693.94,2606
2026-05-14 23:00:00,4693.59,4698.07,4692.24,4696.33,2516
2026-05-14 23:05:00,4696.18,4698.81,4693.89,4697.17,1530
2026-05-14 23:10:00,4697.19,4703.61,4696.61,4703.61,1930
2026-05-14 23:15:00,4703.56,4703.62,4698.55,4701.66,1533
2026-05-14 23:20:00,4701.62,4707.44,4701.37,4705.23,1986
2026-05-14 23:25:00,4705.21,4705.88,4702.24,4702.48,1249
2026-05-14 23:30:00,4702.57,4707.92,4700.43,4705.53,2136
2026-05-14 23:35:00,4705.57,4710.04,4703.47,4706.48,2756
2026-05-14 23:40:00,4706.49,4707.33,4697.82,4697.93,1991
2026-05-14 23:45:00,4697.87,4703.22,4695.87,4703.13,2245
2026-05-14 23:50:00,4703.17,4705.06,4701.76,4703.56,1849
2026-05-14 23:55:00,4703.58,4706.16,4702.7,4704.76,1602
2026-05-15 00:00:00,4704.79,4707.77,4696.01,4697.53,3713
2026-05-15 00:05:00,4697.52,4703.23,4696.51,4701.18,2290
2026-05-15 00:10:00,4701.17,4704.78,4700.85,4704.19,2298
2026-05-15 00:15:00,4704.22,4704.39,4691.51,4693.29,2743
2026-05-15 00:20:00,4693.24,4695.2,4689.92,4694.83,3186
2026-05-15 00:25:00,4694.76,4697.17,4688.09,4688.41,2677
2026-05-15 00:30:00,4688.31,4689.62,4681.46,4684.31,4267
2026-05-15 00:35:00,4684.32,4686.82,4680.63,4682.66,3772
2026-05-15 00:40:00,4682.67,4683.22,4666.28,4676.92,4940
2026-05-15 00:45:00,4676.93,4690.6,4675.82,4689.38,5093
2026-05-15 00:50:00,4689.48,4690.96,4680.4,4685.12,3912
2026-05-15 00:55:00,4685.08,4686.66,4678.67,4679.65,3563
2026-05-15 01:00:00,4679.48,4689.3,4677.26,4685.63,4241
2026-05-15 01:05:00,4685.65,4686.72,4680.69,4685.51,3899
2026-05-15 01:10:00,4685.52,4690.28,4685.08,4687.61,2877
2026-05-15 01:15:00,4687.51,4695.1,4686.79,4694.51,3279
2026-05-15 01:20:00,4694.54,4700.87,4693.52,4694.74,3042
2026-05-15 01:25:00,4694.72,4695,4688.14,4691.45,3177
2026-05-15 01:30:00,4691.47,4692.12,4686.83,4688.13,2378
2026-05-15 01:35:00,4688.14,4690.5,4685.9,4689.9,2685
2026-05-15 01:40:00,4689.91,4692.39,4685.81,4686.82,2471
2026-05-15 01:45:00,4686.85,4689.14,4684.84,4687.16,2903
2026-05-15 01:50:00,4687.23,4690.31,4682.68,4685.33,3243
2026-05-15 01:55:00,4685.3,4688.42,4679.14,4679.44,3273
2026-05-15 02:00:00,4679.55,4682.6,4677.03,4678.47,3152
2026-05-15 02:05:00,4678.42,4683.69,4678.14,4683.58,2709
2026-05-15 02:10:00,4683.61,4686.78,4682.04,4684.85,1990
2026-05-15 02:15:00,4684.86,4688.68,4684.27,4687.3,1946
2026-05-15 02:20:00,4687.25,4687.51,4683.88,4685.91,2210
2026-05-15 02:25:00,4685.89,4689.49,4685.36,4685.79,1816
2026-05-15 02:30:00,4685.81,4688.73,4684.6,4688.6,1787
2026-05-15 02:35:00,4688.63,4688.88,4684.96,4686.51,2328
2026-05-15 02:40:00,4686.46,4687.06,4680.96,4682.6,2126
2026-05-15 02:45:00,4682.45,4683.49,4680.96,4683.29,1730
2026-05-15 02:50:00,4683.31,4685.15,4681.13,4684.55,1822
2026-05-15 02:55:00,4684.51,4686.79,4683.51,4685.46,1742
2026-05-15 03:00:00,4685.48,4686.53,4678.02,4678.82,1966
2026-05-15 03:05:00,4678.79,4679.34,4674.52,4676.91,2303
2026-05-15 03:10:00,4676.89,4679.29,4673.9,4678.55,1544
2026-05-15 03:15:00,4678.46,4681.34,4678.46,4679.97,1657
2026-05-15 03:20:00,4679.96,4680.64,4676.91,4677.61,1748
2026-05-15 03:25:00,4677.6,4678.12,4675.32,4677.31,2153
2026-05-15 03:30:00,4677.34,4678.44,4673.75,4674.22,2031
2026-05-15 03:35:00,4674.24,4675.06,4670.43,4673.02,1937
2026-05-15 03:40:00,4673.01,4675.8,4672.53,4675.4,1728
2026-05-15 03:45:00,4675.43,4676.83,4672.77,4676.4,1626
2026-05-15 03:50:00,4676.35,4678.69,4675.38,4677.59,1105
2026-05-15 03:55:00,4677.56,4678.97,4675.05,4678.54,1515
2026-05-15 04:00:00,4678.65,4682.02,4678.6,4680.87,1800
2026-05-15 04:05:00,4680.89,4682.6,4679.79,4680.14,1845
2026-05-15 04:10:00,4680.2,4681.24,4678.39,4678.76,1880
2026-05-15 04:15:00,4678.68,4680.93,4678.09,4679.84,2016
2026-05-15 04:20:00,4679.87,4682.9,4679.33,4680.78,2191
2026-05-15 04:25:00,4680.76,4682.32,4676.7,4677.2,1878
2026-05-15 04:30:00,4677.29,4679.35,4676.31,4678.94,2138
2026-05-15 04:35:00,4678.93,4680.02,4678.35,4678.88,1775
2026-05-15 04:40:00,4678.91,4681.66,4678.91,4681.38,1378
2026-05-15 04:45:00,4681.41,4681.83,4679.81,4680.89,1200
2026-05-15 04:50:00,4680.88,4681.24,4677.94,4678.06,1416
2026-05-15 04:55:00,4678.14,4679.47,4677.71,4678.21,1223
2026-05-15 05:00:00,4678.3,4678.37,4668.81,4670.19,2606
2026-05-15 05:05:00,4670.18,4674.26,4669.01,4671.98,1813
2026-05-15 05:10:00,4672.08,4674.78,4671.58,4674.65,1684
2026-05-15 05:15:00,4674.66,4676.23,4673.97,4675.78,1267
2026-05-15 05:20:00,4675.74,4676.45,4674.13,4674.73,1150
2026-05-15 05:25:00,4674.77,4675.79,4672.65,4673.48,1226
2026-05-15 05:30:00,4673.77,4674.94,4672.54,4673.08,1031
2026-05-15 05:35:00,4673.09,4673.58,4670.3,4670.3,1027
2026-05-15 05:40:00,4670.26,4671.82,4668.23,4668.4,964
2026-05-15 05:45:00,4668.39,4669.95,4666.78,4669.62,1079
2026-05-15 05:50:00,4669.74,4670.31,4668.15,4668.23,886
2026-05-15 05:55:00,4668.22,4671.83,4668.05,4671.57,907
2026-05-15 06:00:00,4671.79,4671.79,4668.43,4668.94,995
2026-05-15 06:05:00,4668.96,4669.19,4666.7,4669.08,859
2026-05-15 06:10:00,4669.07,4669.24,4666.54,4667.28,924
2026-05-15 06:15:00,4667.29,4668.01,4666.11,4667.37,771
2026-05-15 06:20:00,4667.35,4669.05,4666.95,4667.87,980
2026-05-15 06:25:00,4667.85,4669.08,4662.82,4663.31,962
2026-05-15 06:30:00,4662.9,4665.59,4661.22,4664.56,1398
2026-05-15 06:35:00,4664.58,4664.7,4659.09,4659.22,1287
2026-05-15 06:40:00,4659.24,4660.7,4655.41,4656.54,1903
2026-05-15 06:45:00,4656.52,4657.6,4652.99,4656.96,1819
2026-05-15 06:50:00,4656.52,4658.85,4655.88,4658.03,2245
2026-05-15 06:55:00,4658.21,4658.21,4653.21,4654.21,2563
2026-05-15 07:00:00,4654.24,4656.97,4649.53,4649.95,1242
2026-05-15 07:05:00,4649.89,4651.95,4649.17,4651.71,1129
2026-05-15 07:10:00,4651.69,4652.41,4649.43,4649.79,977
2026-05-15 07:15:00,4649.71,4651.01,4648.41,4649.21,740
2026-05-15 07:20:00,4649.23,4650.48,4647.94,4648.5,572
2026-05-15 07:25:00,4648.48,4648.48,4646.74,4647.95,690
2026-05-15 07:30:00,4647.98,4648.6,4646.6,4647.71,665
2026-05-15 07:35:00,4647.72,4648.43,4644.24,4645.91,772
2026-05-15 07:40:00,4645.88,4652.84,4645.24,4650.84,868
2026-05-15 07:45:00,4651,4652.17,4650.36,4650.52,689
2026-05-15 07:50:00,4650.48,4651.38,4649.39,4651.12,589
2026-05-15 07:55:00,4651.13,4652.64,4650.02,4650.02,762
2026-05-15 09:00:00,4650.12,4653.98,4646.98,4652.91,1138
2026-05-15 09:05:00,4652.89,4658.41,4651.47,4655.31,1671
2026-05-15 09:10:00,4655.28,4658.55,4654.03,4655.58,988
2026-05-15 09:15:00,4655.57,4659.48,4655.55,4659.04,907
2026-05-15 09:20:00,4659.06,4659.5,4657.19,4657.94,596
2026-05-15 09:25:00,4657.97,4659.55,4657.27,4659.01,641
2026-05-15 09:30:00,4659.02,4662.42,4658.41,4660.43,722
2026-05-15 09:35:00,4660.44,4661.84,4658.6,4660.83,634
2026-05-15 09:40:00,4660.81,4662.48,4659.59,4661.42,615
2026-05-15 09:45:00,4661.47,4662.19,4660.67,4661.13,366
2026-05-15 09:50:00,4661.08,4662.57,4659.83,4662.37,519
2026-05-15 09:55:00,4662.35,4662.7,4661.81,4662.37,382
2026-05-15 10:00:00,4662.2,4663.16,4660.57,4662.86,596
2026-05-15 10:05:00,4662.87,4663.06,4660.72,4660.74,499
2026-05-15 10:10:00,4660.75,4662.95,4658.64,4659,836
2026-05-15 10:15:00,4658.99,4660.39,4656.18,4658.39,1180
2026-05-15 10:20:00,4658.43,4659.22,4655.63,4657.98,912
2026-05-15 10:25:00,4657.92,4664.32,4657.65,4663.96,880
2026-05-15 10:30:00,4663.93,4665.36,4650.08,4651.26,1637
2026-05-15 10:35:00,4650.93,4653.54,4646.51,4652.65,1618
2026-05-15 10:40:00,4652.55,4657.32,4651.92,4657.23,1075
2026-05-15 10:45:00,4656.95,4657.24,4652.1,4654.23,1584
2026-05-15 10:50:00,4654.24,4655.41,4650.94,4651.96,1449
2026-05-15 10:55:00,4651.92,4652.2,4647.79,4651.8,1989
2026-05-15 11:00:00,4651.88,4653.58,4642.25,4649.08,3071
2026-05-15 11:05:00,4649.14,4651.99,4646.2,4650.44,2251
2026-05-15 11:10:00,4650.43,4651.06,4644.42,4650.2,2168
2026-05-15 11:15:00,4650.22,4657.98,4648.69,4654.05,3044
2026-05-15 11:20:00,4654.03,4654.5,4644.28,4644.37,2069
2026-05-15 11:25:00,4644.53,4644.83,4629.29,4630.08,3287
2026-05-15 11:30:00,4630.25,4630.67,4622.18,4623.93,3079
2026-05-15 11:35:00,4623.92,4624.77,4618.38,4621.48,2275
2026-05-15 11:40:00,4621.33,4622,4613.36,4619.29,3067
2026-05-15 11:45:00,4619.07,4627.59,4618.82,4627.29,2335
2026-05-15 11:50:00,4627.59,4627.79,4617.14,4620.02,2834
2026-05-15 11:55:00,4620.05,4630.41,4617.66,4630.06,2743
2026-05-15 12:00:00,4630.07,4631.32,4618.78,4622.27,5520
2026-05-15 12:05:00,4622.28,4624.13,4609.26,4609.54,4700
2026-05-15 12:10:00,4609.95,4615.27,4607.66,4614.13,4164
2026-05-15 12:15:00,4614.11,4620.85,4608.53,4619.54,4102
2026-05-15 12:20:00,4619.78,4625.5,4616.33,4621,3698
2026-05-15 12:25:00,4620.97,4621.78,4608.3,4608.64,3634
2026-05-15 12:30:00,4608.93,4616.46,4607.37,4616.03,3702
2026-05-15 12:35:00,4616.07,4621.26,4613.63,4617.17,3531
2026-05-15 12:40:00,4617.71,4622.98,4616.94,4622.8,3092
2026-05-15 12:45:00,4622.83,4624.62,4613.97,4616.12,3058
2026-05-15 12:50:00,4616.09,4618.17,4607.18,4609.87,3568
2026-05-15 12:55:00,4609.88,4616.32,4609.84,4614.2,3450
2026-05-15 13:00:00,4614.21,4615.32,4609.34,4614.09,3661
2026-05-15 13:05:00,4614.1,4618.37,4612.31,4618.04,3103
2026-05-15 13:10:00,4618.07,4618.86,4612.69,4612.98,2723
2026-05-15 13:15:00,4612.92,4616.17,4609.32,4613.78,2770
2026-05-15 13:20:00,4613.81,4616.74,4611.78,4613.94,2128
2026-05-15 13:25:00,4613.92,4615.19,4611.51,4612.61,1776
2026-05-15 13:30:00,4612.6,4614.86,4609.5,4612.61,2746
2026-05-15 13:35:00,4612.6,4616.62,4611.97,4612.94,2265
2026-05-15 13:40:00,4612.95,4617.92,4610.65,4617.92,2352
2026-05-15 13:45:00,4618.09,4618.78,4611.51,4614.63,2429
2026-05-15 13:50:00,4614.61,4621.15,4612.14,4620.69,2892
2026-05-15 13:55:00,4620.77,4623.41,4617.14,4618.11,2490
2026-05-15 14:00:00,4618.1,4620.42,4614.51,4619,2386
2026-05-15 14:05:00,4619.03,4622.33,4616.54,4617.63,1922
2026-05-15 14:10:00,4617.71,4620.02,4616.46,4617.4,2045
2026-05-15 14:15:00,4617.39,4618.45,4614.23,4614.7,2153
2026-05-15 14:20:00,4614.71,4614.99,4609.79,4614.28,2167
2026-05-15 14:25:00,4614.3,4614.75,4611.82,4612.81,1911
2026-05-15 14:30:00,4612.86,4614.01,4607.51,4609.05,1807
2026-05-15 14:35:00,4609.06,4615.62,4608.48,4614.79,1869
2026-05-15 14:40:00,4614.77,4617.17,4613.07,4613.17,1305
2026-05-15 14:45:00,4613.21,4615.9,4612.67,4615.82,1187
2026-05-15 14:50:00,4615.75,4617.25,4612.61,4612.93,1276
2026-05-15 14:55:00,4612.94,4616.61,4610.51,4615.29,1263
2026-05-15 15:00:00,4615.3,4616.65,4612.94,4614.42,1444
2026-05-15 15:05:00,4614.4,4621.38,4614.4,4621.32,1669
2026-05-15 15:10:00,4621.33,4621.35,4618.5,4620.04,1327
2026-05-15 15:15:00,4620.05,4620.58,4614.08,4614.13,1147
2026-05-15 15:20:00,4614.15,4614.17,4607.29,4610.65,1632
2026-05-15 15:25:00,4610.64,4612.84,4609.46,4610.76,1355
2026-05-15 15:30:00,4610.75,4614.85,4610.54,4614.09,1205
2026-05-15 15:35:00,4614.11,4614.8,4610.42,4611.25,1570
2026-05-15 15:40:00,4611.23,4613.36,4604.24,4605.76,1378
2026-05-15 15:45:00,4605.71,4609.94,4604.98,4609.68,1828
2026-05-15 15:50:00,4609.67,4612.49,4607.88,4607.97,1541
2026-05-15 15:55:00,4607.99,4608.21,4604.75,4606.17,1391
2026-05-15 16:00:00,4606.18,4606.46,4598.77,4600,2373
2026-05-15 16:05:00,4600.03,4601.33,4592.11,4593.15,2855
2026-05-15 16:10:00,4593.12,4593.7,4588.43,4592.13,2419
2026-05-15 16:15:00,4592.12,4595.41,4581.15,4582.68,2395
2026-05-15 16:20:00,4582.74,4589.34,4580.64,4584.95,2960
2026-05-15 16:25:00,4584.87,4590.24,4583.49,4588.78,2192
2026-05-15 16:30:00,4588.81,4589.87,4566.89,4569.61,4716
2026-05-15 16:35:00,4569.27,4572.08,4563.77,4569.4,4339
2026-05-15 16:40:00,4569.35,4575.96,4565.74,4568.46,4047
2026-05-15 16:45:00,4568.45,4570.51,4562.23,4563.3,4323
2026-05-15 16:50:00,4563.39,4573.29,4563.39,4568.81,3777
2026-05-15 16:55:00,4568.78,4570.75,4557.44,4558.47,3725
2026-05-15 17:00:00,4558.41,4565.12,4556.1,4563.67,4386
2026-05-15 17:05:00,4563.68,4570.31,4561.71,4566.49,4037
2026-05-15 17:10:00,4566.5,4573.26,4564.18,4570.96,3887
2026-05-15 17:15:00,4570.92,4578.23,4570.11,4575.44,3468
2026-05-15 17:20:00,4575.42,4578.29,4573.02,4575.29,3527
2026-05-15 17:25:00,4575.28,4577.91,4572.33,4575.06,2699
2026-05-15 17:30:00,4575.03,4580.38,4574.26,4575.15,2853
2026-05-15 17:35:00,4575.16,4576.06,4570.62,4572.29,2630
2026-05-15 17:40:00,4572.28,4573.43,4566.86,4567.69,2321
2026-05-15 17:45:00,4567.71,4574.21,4564.24,4573,2783
2026-05-15 17:50:00,4572.97,4574.27,4568.73,4569.01,2458
2026-05-15 17:55:00,4569.14,4571.29,4566.33,4569.8,2828
2026-05-15 18:00:00,4569.7,4572.45,4565.93,4570.22,3509
2026-05-15 18:05:00,4570.24,4576.8,4569.05,4575.98,3080
2026-05-15 18:10:00,4575.99,4586.25,4575.53,4585.93,3454
2026-05-15 18:15:00,4585.9,4587.45,4582.05,4586.13,2587
2026-05-15 18:20:00,4586.1,4588.78,4582.15,4582.46,2687
2026-05-15 18:25:00,4582.47,4583.66,4579.06,4581.82,2183
2026-05-15 18:30:00,4581.83,4582.64,4577.19,4579.09,1910
2026-05-15 18:35:00,4579.08,4582.4,4574.7,4577.04,1969
2026-05-15 18:40:00,4577.03,4578.94,4575.3,4577.74,1963
2026-05-15 18:45:00,4577.71,4578.67,4574.23,4575.01,1788
2026-05-15 18:50:00,4574.81,4574.85,4568.33,4570.69,1950
2026-05-15 18:55:00,4570.62,4573.14,4568.65,4570.81,1711
2026-05-15 19:00:00,4571.41,4572.04,4557.25,4561.21,2787
2026-05-15 19:05:00,4561.2,4567.69,4559.73,4566.47,2820
2026-05-15 19:10:00,4566.51,4567.2,4563.46,4565.32,2476
2026-05-15 19:15:00,4565.29,4565.75,4552.66,4556.8,3136
2026-05-15 19:20:00,4556.79,4561.14,4554.04,4560.12,2557
2026-05-15 19:25:00,4560.21,4561.28,4556.22,4558.32,2453
2026-05-15 19:30:00,4558.29,4558.29,4549.93,4555.13,3686
2026-05-15 19:35:00,4555.08,4559.25,4553.08,4558.33,3025
2026-05-15 19:40:00,4558.32,4562.59,4557.57,4562.48,2721
2026-05-15 19:45:00,4562.52,4563.67,4558.18,4562.3,2216
2026-05-15 19:50:00,4562.31,4562.57,4556.55,4557.85,1943
2026-05-15 19:55:00,4557.74,4558.08,4552.67,4554.46,2500
2026-05-15 20:00:00,4554.43,4558.68,4550.23,4558.01,3389
2026-05-15 20:05:00,4558.03,4563.71,4553.01,4554.73,2741
2026-05-15 20:10:00,4554.75,4554.86,4545.69,4547.34,2576
2026-05-15 20:15:00,4547.3,4549.32,4539.44,4546.7,2809
2026-05-15 20:20:00,4546.71,4552.75,4544.81,4551.77,2669
2026-05-15 20:25:00,4551.68,4554.57,4550.2,4553.34,2396
2026-05-15 20:30:00,4553.19,4555.74,4551.82,4553.25,2020
2026-05-15 20:35:00,4553.34,4553.4,4544.2,4546.59,2646
2026-05-15 20:40:00,4546.6,4549.32,4542.72,4543.52,2343
2026-05-15 20:45:00,4543.47,4544,4537.62,4538.01,2612
2026-05-15 20:50:00,4537.96,4543.13,4531.92,4542.36,2911
2026-05-15 20:55:00,4542.31,4547,4538.14,4545.76,2994
2026-05-15 21:00:00,4545.85,4549.38,4544.16,4546.71,2693
2026-05-15 21:05:00,4546.61,4559.77,4546.23,4558.74,2817
2026-05-15 21:10:00,4558.79,4562.83,4556.19,4560.9,2358
2026-05-15 21:15:00,4560.92,4563.22,4556.58,4557.31,2353
2026-05-15 21:20:00,4557.32,4561.85,4555.8,4555.85,2155
2026-05-15 21:25:00,4555.87,4556.71,4551.43,4551.81,1726
2026-05-15 21:30:00,4551.8,4556.87,4550.85,4554.78,2225
2026-05-15 21:35:00,4554.81,4555.05,4551.14,4552.45,2220
2026-05-15 21:40:00,4552.44,4555.22,4549.47,4555.11,2080
2026-05-15 21:45:00,4555.08,4563.64,4554.13,4559.47,3925
2026-05-15 21:50:00,4559.45,4572.63,4557.53,4568.75,3861
2026-05-15 21:55:00,4568.71,4569.8,4564.08,4565.98,2772
2026-05-15 22:00:00,4565.8,4570.21,4561.8,4561.88,3220
2026-05-15 22:05:00,4561.9,4566.11,4560.89,4564.34,2819
2026-05-15 22:10:00,4564.32,4568.9,4563.5,4566.21,2430
2026-05-15 22:15:00,4566.27,4568.7,4563.3,4564.2,1880
2026-05-15 22:20:00,4564.19,4565.48,4562.92,4564.73,1725
2026-05-15 22:25:00,4564.61,4564.61,4559.07,4562.46,2060
2026-05-15 22:30:00,4562.43,4562.76,4558.57,4559.48,1895
2026-05-15 22:35:00,4559.36,4560.05,4553.74,4554.19,2210
2026-05-15 22:40:00,4554.22,4554.89,4550.9,4551.5,2186
2026-05-15 22:45:00,4551.49,4558.61,4551.05,4556.62,2421
2026-05-15 22:50:00,4556.63,4558.89,4553.66,4554.09,2047
2026-05-15 22:55:00,4554.08,4554.13,4549.82,4552.01,2675
2026-05-15 23:00:00,4551.99,4551.99,4546.26,4550.28,2834
2026-05-15 23:05:00,4550.29,4553.19,4548.76,4553.19,2520
2026-05-15 23:10:00,4553.16,4555.26,4545.19,4545.74,2723
2026-05-15 23:15:00,4545.68,4551.52,4544.93,4548.89,2840
2026-05-15 23:20:00,4548.91,4558.74,4548.05,4555.6,3303
2026-05-15 23:25:00,4555.59,4557.5,4552.73,4554.92,2473
2026-05-15 23:30:00,4555.01,4555.01,4548.03,4549.46,3008
2026-05-15 23:35:00,4549.02,4553.95,4547.36,4548.15,2824
2026-05-15 23:40:00,4548.1,4549.92,4543.74,4545.54,2424
2026-05-15 23:45:00,4545.53,4551.89,4543.58,4549.39,2361
2026-05-15 23:50:00,4549.38,4555.54,4547.32,4554.24,2385
2026-05-15 23:55:00,4554.1,4554.69,4545.93,4545.95,2330
2026-05-16 00:00:00,4545.91,4549.27,4538.4,4544.21,4751
2026-05-16 00:05:00,4544.27,4549.63,4535.97,4538.39,3654
2026-05-16 00:10:00,4538.38,4546.75,4538.13,4546.42,2612
2026-05-16 00:15:00,4546.44,4553.26,4540.67,4550.85,2685
2026-05-16 00:20:00,4550.78,4554.54,4549.48,4554.5,2860
2026-05-16 00:25:00,4554.51,4557.47,4546.27,4548.69,3783
2026-05-16 00:30:00,4549.21,4551.26,4541.57,4542.53,5658
2026-05-16 00:35:00,4542.55,4542.71,4526.23,4528.58,6281
2026-05-16 00:40:00,4528.49,4531.23,4519.8,4519.92,5737
2026-05-16 00:45:00,4519.9,4529.39,4510.51,4528.93,5552
2026-05-16 00:50:00,4529,4537.05,4525.87,4534.66,4544
2026-05-16 00:55:00,4534.61,4542.01,4530.85,4533.37,4389
2026-05-16 01:00:00,4533.16,4535.02,4525.21,4533.19,5059
2026-05-16 01:05:00,4533.32,4540.28,4533.31,4534.15,4794
2026-05-16 01:10:00,4534.13,4550.45,4533.66,4543.28,4303
2026-05-16 01:15:00,4543.14,4558.78,4540.44,4558.78,4873
2026-05-16 01:20:00,4558.88,4562.74,4555.99,4558.24,5396
2026-05-16 01:25:00,4558.26,4559.11,4552.41,4555.46,5312
2026-05-16 01:30:00,4555.49,4559.61,4552.93,4557.39,5273
2026-05-16 01:35:00,4557.38,4560.44,4554.21,4555.76,4692
2026-05-16 01:40:00,4555.39,4557.38,4550.63,4556.71,4436
2026-05-16 01:45:00,4556.69,4557.21,4550.16,4551.26,4261
2026-05-16 01:50:00,4551.4,4557.02,4545.95,4556.86,4953
2026-05-16 01:55:00,4556.8,4566.41,4554.93,4562.64,4392
2026-05-16 02:00:00,4562.73,4563.57,4551.85,4553.29,4690
2026-05-16 02:05:00,4553.28,4558.78,4551.67,4558.69,4047
2026-05-16 02:10:00,4558.46,4560.08,4550.74,4552.37,3975
2026-05-16 02:15:00,4552.38,4553.91,4546.16,4547.42,3631
2026-05-16 02:20:00,4547.46,4552.12,4543.94,4545.72,3784
2026-05-16 02:25:00,4545.74,4548.89,4542.86,4547.26,3939
2026-05-16 02:30:00,4547.24,4550.33,4543.57,4543.67,3994
2026-05-16 02:35:00,4543.59,4546.59,4541.65,4542.23,3652
2026-05-16 02:40:00,4542.22,4544.83,4539.89,4541.3,3593
2026-05-16 02:45:00,4541.35,4542.95,4539,4540.04,3438
2026-05-16 02:50:00,4540.03,4543.45,4536.34,4537.83,3102
2026-05-16 02:55:00,4537.8,4540,4533.71,4540,3118
2026-05-16 03:00:00,4539.79,4542.42,4533.42,4535.59,3135
2026-05-16 03:05:00,4535.38,4536.61,4529.51,4531.5,2835
2026-05-16 03:10:00,4531.35,4533.61,4529.24,4532.5,2487
2026-05-16 03:15:00,4532.62,4534.87,4531.34,4533.81,2447
2026-05-16 03:20:00,4533.84,4540.44,4533.4,4540.38,2512
2026-05-16 03:25:00,4540.39,4542.34,4537.18,4540.99,2576
2026-05-16 03:30:00,4541,4544.39,4540.07,4543.97,2727
2026-05-16 03:35:00,4543.99,4545.78,4542.7,4545.6,2412
2026-05-16 03:40:00,4545.62,4547.65,4543.64,4547.2,2507
2026-05-16 03:45:00,4547.19,4548.14,4545.04,4545.41,2192
2026-05-16 03:50:00,4545.4,4547.24,4541.81,4542.67,2819
2026-05-16 03:55:00,4542.68,4545.17,4541.93,4544.33,2761
2026-05-16 04:00:00,4544.35,4552.35,4543.12,4549.96,3468
2026-05-16 04:05:00,4550.19,4555.24,4549.64,4554.53,2599
2026-05-16 04:10:00,4554.63,4557.98,4554.35,4556.87,2193
2026-05-16 04:15:00,4556.95,4557.41,4554.36,4555.72,2143
2026-05-16 04:20:00,4555.7,4563.64,4555.21,4561.95,2696
2026-05-16 04:25:00,4561.94,4564.33,4556.39,4557.69,3127
2026-05-16 04:30:00,4557.68,4563.33,4557.64,4562.54,2647
2026-05-16 04:35:00,4562.55,4563.61,4560.14,4563.03,2537
2026-05-16 04:40:00,4563.01,4563.54,4560.57,4560.78,2044
2026-05-16 04:45:00,4560.8,4562.56,4559.78,4560.54,1809
2026-05-16 04:50:00,4560.46,4560.53,4558.16,4558.34,1995
2026-05-16 04:55:00,4558.45,4560.61,4557.22,4559.45,1766
2026-05-16 05:00:00,4559.59,4561.19,4558.1,4559.18,1746
2026-05-16 05:05:00,4559.2,4559.82,4555.91,4558.52,2022
2026-05-16 05:10:00,4558.51,4561.94,4557.98,4561.7,1682
2026-05-16 05:15:00,4561.64,4562.9,4552.94,4554.59,2880
2026-05-16 05:20:00,4554.53,4559.94,4554.37,4558.62,2393
2026-05-16 05:25:00,4558.63,4559.43,4556.28,4558.11,2373
2026-05-16 05:30:00,4558.13,4558.91,4552.4,4555.32,3134
2026-05-16 05:35:00,4555.4,4558.1,4554.72,4557.99,2121
2026-05-16 05:40:00,4557.98,4558.53,4555.74,4557.61,1974
2026-05-16 05:45:00,4557.58,4560.22,4556.69,4559.3,1631
2026-05-16 05:50:00,4559.26,4562.85,4559.26,4560.96,1512
2026-05-16 05:55:00,4560.9,4561.37,4558.25,4559.24,1682
2026-05-16 06:00:00,4559.3,4560.19,4554.19,4554.24,1918
2026-05-16 06:05:00,4554.25,4555.85,4551.59,4551.78,1904
2026-05-16 06:10:00,4551.77,4552.2,4549.39,4550.32,1948
2026-05-16 06:15:00,4550.34,4552.44,4548.77,4552.23,1579
2026-05-16 06:20:00,4551.91,4552.82,4549.95,4550.05,1544
2026-05-16 06:25:00,4550.09,4551.06,4548.39,4550.25,1694
2026-05-16 06:30:00,4550.22,4553.77,4549.67,4550.55,1591
2026-05-16 06:35:00,4550.56,4555.28,4549.63,4554.58,1887
2026-05-16 06:40:00,4554.59,4555.13,4552.55,4553.44,1984
2026-05-16 06:45:00,4553.47,4554.45,4551.5,4551.99,1813
2026-05-16 06:50:00,4552,4552,4548.33,4549.36,2480
2026-05-16 06:55:00,4549.35,4549.35,4544.89,4545.88,2485
2026-05-16 07:00:00,4545.92,4546.42,4538.75,4539.92,1365
2026-05-16 07:05:00,4539.93,4540.38,4535.97,4536.97,1560
2026-05-16 07:10:00,4536.98,4540.47,4536.39,4538.38,1217
2026-05-16 07:15:00,4538.35,4538.41,4535.06,4536.38,1081
2026-05-16 07:20:00,4536.37,4537.54,4532.83,4537,984
2026-05-16 07:25:00,4537.02,4539.23,4536.16,4539.23,696
2026-05-16 07:30:00,4539.22,4543.83,4538.85,4540.89,980
2026-05-16 07:35:00,4540.9,4541.66,4539.02,4540.36,755
2026-05-16 07:40:00,4540.35,4541.03,4538.91,4539.99,620
2026-05-18 09:00:00,4531.13,4545.26,4528.8,4544.86,2127
2026-05-18 09:05:00,4544.98,4554.7,4544.81,4553.02,1712
2026-05-18 09:10:00,4552.97,4554.75,4547.42,4548.19,1111
2026-05-18 09:15:00,4548.17,4549.95,4543.65,4544.58,949
2026-05-18 09:20:00,4544.55,4546.32,4537.62,4544.88,1518
2026-05-18 09:25:00,4544.87,4545.15,4538.44,4540.7,948
2026-05-18 09:30:00,4540.72,4550.86,4540.52,4544.72,1517
2026-05-18 09:35:00,4544.78,4552.88,4544.39,4550.78,1335
2026-05-18 09:40:00,4550.58,4553.64,4547.5,4549.56,1303
2026-05-18 09:45:00,4549.69,4554.24,4549.15,4551.43,1009
2026-05-18 09:50:00,4551.42,4551.88,4546.56,4546.91,993
2026-05-18 09:55:00,4546.92,4549.92,4543.43,4546.05,1271
2026-05-18 10:00:00,4545.65,4547.7,4543.36,4544.93,1145
2026-05-18 10:05:00,4545.09,4545.2,4539.21,4541.32,1332
2026-05-18 10:10:00,4541.28,4545.82,4539.59,4541.15,1129
2026-05-18 10:15:00,4541.13,4543.18,4538.32,4539.27,1170
2026-05-18 10:20:00,4539.26,4544.47,4539.26,4541.33,1053
2026-05-18 10:25:00,4541.34,4543.55,4537.61,4537.84,1507
2026-05-18 10:30:00,4537.64,4539.74,4534.57,4538.94,1646
2026-05-18 10:35:00,4538.95,4541.58,4536.61,4538.83,1377
2026-05-18 10:40:00,4538.82,4541,4531.99,4538.78,2215
2026-05-18 10:45:00,4538.75,4539.81,4531.54,4537.57,2068
2026-05-18 10:50:00,4537.63,4543.84,4536.97,4540.78,1741
2026-05-18 10:55:00,4540.62,4542.02,4534.97,4536.76,2233
2026-05-18 11:00:00,4536.72,4542.41,4529.8,4530.71,3716
2026-05-18 11:05:00,4530.72,4533.55,4522.68,4523.54,4374
2026-05-18 11:10:00,4523.55,4529.57,4523.41,4526.04,3551
2026-05-18 11:15:00,4526.09,4529.29,4522.58,4522.64,3212
2026-05-18 11:20:00,4522.63,4533.47,4516.71,4517.15,3274
2026-05-18 11:25:00,4517.12,4520.81,4514.12,4515.33,3169
2026-05-18 11:30:00,4515.3,4518.82,4487.15,4492.45,4416
2026-05-18 11:35:00,4492.49,4503.12,4489.09,4489.75,4458
2026-05-18 11:40:00,4489.76,4493.31,4480.65,4481.8,4152
2026-05-18 11:45:00,4481.4,4496.65,4479.99,4494.39,3866
2026-05-18 11:50:00,4494.41,4496.14,4486.18,4491.56,4009
2026-05-18 11:55:00,4491.82,4516.52,4491.14,4514.37,3955
2026-05-18 12:00:00,4514.47,4515.65,4489.11,4497.82,5763
2026-05-18 12:05:00,4497.54,4504.71,4492.5,4501.23,5293
2026-05-18 12:10:00,4501.16,4505.3,4494.14,4495.73,5120
2026-05-18 12:15:00,4495.72,4500.58,4492.51,4498.2,4375
2026-05-18 12:20:00,4498.17,4507.88,4493.2,4506.39,5042
2026-05-18 12:25:00,4506.3,4509.89,4498.15,4504.19,4768
2026-05-18 12:30:00,4503.92,4511.42,4501.06,4510.15,4338
2026-05-18 12:35:00,4510.09,4513.79,4499.45,4507.97,4615
2026-05-18 12:40:00,4507.92,4512.81,4505.69,4512.56,4010
2026-05-18 12:45:00,4512.28,4528.62,4510.71,4527.78,3898
2026-05-18 12:50:00,4527.58,4535.59,4525.9,4530.42,3931
2026-05-18 12:55:00,4530.47,4530.7,4524.86,4525.55,3324
2026-05-18 13:00:00,4525.21,4535.92,4521.77,4532.05,3519
2026-05-18 13:05:00,4532.08,4533.62,4525.29,4528.2,2968
2026-05-18 13:10:00,4528.27,4538.7,4527.41,4536.44,2684
2026-05-18 13:15:00,4536.55,4537.73,4531.63,4535.05,1973
2026-05-18 13:20:00,4535.17,4540.6,4532.83,4537.21,2210
2026-05-18 13:25:00,4537.2,4539.93,4533.31,4533.31,2330
2026-05-18 13:30:00,4533.2,4537.67,4529.22,4532.25,3046
2026-05-18 13:35:00,4531.94,4538.66,4530.39,4538.05,2733
2026-05-18 13:40:00,4538.08,4541.19,4534.63,4535.96,2236
2026-05-18 13:45:00,4535.94,4542.61,4530.12,4530.43,2571
2026-05-18 13:50:00,4530.45,4535.55,4530.01,4533.93,2531
2026-05-18 13:55:00,4533.89,4534.94,4530.38,4533.35,2384
2026-05-18 14:00:00,4533.56,4535.61,4529.46,4531,2515
2026-05-18 14:05:00,4531.03,4534.75,4527.29,4533.03,2100
2026-05-18 14:10:00,4533.05,4535.73,4526.89,4529.66,2214
2026-05-18 14:15:00,4529.69,4533.13,4528.23,4530.67,2210
2026-05-18 14:20:00,4530.78,4536.5,4529,4533.5,2315
2026-05-18 14:25:00,4533.51,4538.34,4529.35,4535.64,2731
2026-05-18 14:30:00,4535.63,4537.87,4526.19,4526.89,3155
2026-05-18 14:35:00,4526.95,4537.78,4524.91,4535.39,3237
2026-05-18 14:40:00,4535.38,4547.8,4533.53,4545.59,2728
2026-05-18 14:45:00,4545.41,4547.77,4539.25,4541.84,2431
2026-05-18 14:50:00,4541.87,4547.58,4539,4541.04,2005
2026-05-18 14:55:00,4540.98,4543.87,4540.44,4541.16,1482
2026-05-18 15:00:00,4541.12,4548.21,4540.88,4545.71,1976
2026-05-18 15:05:00,4545.68,4549.71,4543.1,4545.6,2129
2026-05-18 15:10:00,4545.61,4547.71,4543.3,4544.31,1613
2026-05-18 15:15:00,4544.33,4547.1,4543.85,4545.42,1840
2026-05-18 15:20:00,4545.41,4545.72,4536.96,4537.43,1953
2026-05-18 15:25:00,4537.4,4539.02,4530.09,4532.79,2126
2026-05-18 15:30:00,4532.81,4541.36,4532.11,4539.98,2110
2026-05-18 15:35:00,4540.01,4542.76,4538.34,4542.68,2037
2026-05-18 15:40:00,4542.69,4544.21,4539.64,4541.52,1810
2026-05-18 15:45:00,4541.58,4541.7,4538.18,4540.39,1782
2026-05-18 15:50:00,4540.4,4545.72,4537.92,4543.16,2021
2026-05-18 15:55:00,4543.12,4544.09,4535.13,4540.6,1881
2026-05-18 16:00:00,4540.58,4542.67,4532.94,4535.83,2674
2026-05-18 16:05:00,4535.81,4539.96,4533.85,4538.04,1928
2026-05-18 16:10:00,4538.11,4539.11,4535.65,4538.33,1994
2026-05-18 16:15:00,4538.29,4548.94,4535.01,4545.76,2356
2026-05-18 16:20:00,4545.75,4549.47,4541.35,4545.84,2735
2026-05-18 16:25:00,4545.85,4550.65,4544.76,4548.54,2457
2026-05-18 16:30:00,4548.36,4551.68,4539.22,4542.2,3537
2026-05-18 16:35:00,4542.25,4547.39,4540.16,4544.35,3188
2026-05-18 16:40:00,4544.33,4544.88,4538.13,4539.45,2892
2026-05-18 16:45:00,4539.41,4543.09,4537.23,4538.84,2420
2026-05-18 16:50:00,4538.92,4539.84,4534.87,4536.33,2181
2026-05-18 16:55:00,4536.31,4538.93,4529.65,4531.09,2106
2026-05-18 17:00:00,4530.69,4539.2,4529.71,4535.22,2535
2026-05-18 17:05:00,4535.15,4540.34,4533.13,4537.72,2956
2026-05-18 17:10:00,4537.62,4538.02,4532.05,4537.1,2321
2026-05-18 17:15:00,4537.29,4541.79,4534.5,4536.41,1908
2026-05-18 17:20:00,4536.39,4544.02,4534.52,4543.26,2297
2026-05-18 17:25:00,4543.27,4548.22,4537.29,4537.65,2659
2026-05-18 17:30:00,4537.58,4547.2,4534.75,4539.67,3003
2026-05-18 17:35:00,4539.68,4542.11,4537.74,4538.07,2056
2026-05-18 17:40:00,4538.08,4541,4534.84,4540.74,2135
2026-05-18 17:45:00,4540.73,4546.02,4538.43,4543.67,2175
2026-05-18 17:50:00,4543.63,4546.14,4542.45,4545.87,1895
2026-05-18 17:55:00,4545.96,4547.78,4544.65,4546.71,2239
2026-05-18 18:00:00,4546.7,4549.37,4543.58,4543.89,2327
2026-05-18 18:05:00,4543.84,4548,4543.3,4546.27,1877
2026-05-18 18:10:00,4546.21,4546.33,4542.14,4543.75,1919
2026-05-18 18:15:00,4543.69,4545.89,4541.72,4541.94,1611
2026-05-18 18:20:00,4541.92,4542.04,4538,4539.24,1690
2026-05-18 18:25:00,4539.22,4551.29,4539.03,4550.51,3088
2026-05-18 18:30:00,4550.35,4559.82,4550.24,4554.6,3599
2026-05-18 18:35:00,4554.62,4555.25,4551.72,4552.78,2235
2026-05-18 18:40:00,4552.82,4554.4,4547.76,4548.86,2339
2026-05-18 18:45:00,4548.88,4551.58,4543.64,4543.92,2272
2026-05-18 18:50:00,4543.94,4546.14,4539.86,4544.57,2455
2026-05-18 18:55:00,4544.6,4548.58,4542.67,4546.15,2191
2026-05-18 19:00:00,4546.18,4548.82,4544.65,4546.39,2476
2026-05-18 19:05:00,4546.4,4548.18,4543.42,4544.01,2002
2026-05-18 19:10:00,4544.04,4547.13,4542.31,4546.49,2074
2026-05-18 19:15:00,4546.48,4546.67,4542.85,4545.7,1787
2026-05-18 19:20:00,4545.71,4549.93,4545.5,4549.79,1403
2026-05-18 19:25:00,4549.78,4551.32,4546.77,4547.95,1798
2026-05-18 19:30:00,4547.94,4553.18,4545.87,4551.62,2152
2026-05-18 19:35:00,4551.61,4551.82,4547.93,4551.28,1814
2026-05-18 19:40:00,4551.26,4551.38,4547.9,4548.18,1554
2026-05-18 19:45:00,4548.27,4553.8,4548.24,4552.09,1599
2026-05-18 19:50:00,4552.14,4557.07,4551.44,4556.04,1571
2026-05-18 19:55:00,4555.89,4556.67,4549.8,4549.8,1406
2026-05-18 20:00:00,4549.77,4551.99,4540.84,4542.6,2146
2026-05-18 20:05:00,4542.55,4547.27,4541.53,4547.13,1482
2026-05-18 20:10:00,4547.12,4547.82,4545.08,4546.37,1493
2026-05-18 20:15:00,4546.36,4548.53,4545.33,4546.44,1416
2026-05-18 20:20:00,4546.42,4548.88,4546.09,4546.47,1242
2026-05-18 20:25:00,4546.35,4548.27,4544.56,4544.79,1528
2026-05-18 20:30:00,4544.77,4545.51,4540.51,4543.45,2065
2026-05-18 20:35:00,4543.43,4546.37,4543.27,4546.15,1621
2026-05-18 20:40:00,4546,4546,4540.52,4543.06,1790
2026-05-18 20:45:00,4543.02,4543.22,4540.51,4541.55,1422
2026-05-18 20:50:00,4541.49,4543.87,4540.37,4543.23,1524
2026-05-18 20:55:00,4543.24,4544.69,4542.6,4543.03,1313
2026-05-18 21:00:00,4543.04,4545.08,4540.21,4540.5,1540
2026-05-18 21:05:00,4540.48,4542.12,4536.86,4538.3,2039
2026-05-18 21:10:00,4538.33,4540.46,4535.61,4539.27,1723
2026-05-18 21:15:00,4539.11,4542.47,4538.66,4542.05,1432
2026-05-18 21:20:00,4542.08,4542.39,4538.16,4539.41,1544
2026-05-18 21:25:00,4539.4,4540.73,4538.42,4539.51,1071
2026-05-18 21:30:00,4539.52,4540.53,4532.58,4532.66,1828
2026-05-18 21:35:00,4532.69,4539.49,4531.96,4538.2,1883
2026-05-18 21:40:00,4538.21,4543.54,4537.73,4543.17,1446
2026-05-18 21:45:00,4543.23,4547.52,4542.05,4542.97,1948
2026-05-18 21:50:00,4542.96,4543.44,4537.31,4539.24,1351
2026-05-18 21:55:00,4539.23,4540.31,4536.68,4540.23,1433
2026-05-18 22:00:00,4540.15,4541.79,4537.91,4538.31,1935
2026-05-18 22:05:00,4538.28,4539.7,4532.02,4532.56,1762
2026-05-18 22:10:00,4532.59,4539.58,4529.69,4539.39,2590
2026-05-18 22:15:00,4539.48,4540.26,4536.38,4538.99,1761
2026-05-18 22:20:00,4538.97,4539.95,4531.63,4535.95,1879
2026-05-18 22:25:00,4535.91,4537.79,4534.35,4535.88,1517
2026-05-18 22:30:00,4535.87,4545.39,4535.5,4541.87,2840
2026-05-18 22:35:00,4541.83,4555.56,4541.83,4555.54,3581
2026-05-18 22:40:00,4555.48,4566.81,4551.43,4562,5682
2026-05-18 22:45:00,4562.15,4564.69,4554.93,4555.3,3743
2026-05-18 22:50:00,4555.33,4555.81,4551.47,4551.6,2979
2026-05-18 22:55:00,4551.65,4555.04,4549.49,4550.7,2403
2026-05-18 23:00:00,4550.74,4552.58,4547.22,4550.79,2360
2026-05-18 23:05:00,4550.83,4556.65,4550.83,4555.57,2306
2026-05-18 23:10:00,4555.56,4555.85,4551.39,4553.44,2040
2026-05-18 23:15:00,4553.38,4555.05,4547.09,4547.47,2434
2026-05-18 23:20:00,4547.51,4553.64,4545.3,4551.36,2588
2026-05-18 23:25:00,4551.37,4554.75,4549.59,4550.4,2329
2026-05-18 23:30:00,4550.42,4562.45,4549.99,4561.94,2536
2026-05-18 23:35:00,4561.92,4563.04,4557.92,4561.49,3744
2026-05-18 23:40:00,4561.56,4569.77,4558.42,4569.47,3478
2026-05-18 23:45:00,4569.29,4574.85,4567.89,4572.32,3820
2026-05-18 23:50:00,4572.15,4574.08,4562.66,4563.28,3379
2026-05-18 23:55:00,4563.36,4572.55,4562.62,4571.25,2842
2026-05-19 00:00:00,4571.12,4576.38,4564.4,4565.16,4351
2026-05-19 00:05:00,4565.23,4568.34,4562.34,4563.52,3458
2026-05-19 00:10:00,4563.55,4569.42,4561.67,4567.55,2885
2026-05-19 00:15:00,4567.54,4568.52,4563.94,4566.13,2357
2026-05-19 00:20:00,4566.14,4573.08,4565.47,4572.62,2053
2026-05-19 00:25:00,4572.65,4576.19,4571.06,4571.91,2988
2026-05-19 00:30:00,4572.03,4579.84,4567.11,4578.45,4781
2026-05-19 00:35:00,4578.44,4578.51,4570.77,4573.47,4323
2026-05-19 00:40:00,4573.45,4575.6,4564.61,4566.31,5173
2026-05-19 00:45:00,4566.37,4576.33,4563.8,4573.99,5450
2026-05-19 00:50:00,4573.93,4584.07,4572.73,4583.3,4508
2026-05-19 00:55:00,4583.31,4584.23,4574.71,4575.56,3897
2026-05-19 01:00:00,4575.48,4575.48,4564.39,4565.34,4640
2026-05-19 01:05:00,4565.62,4567.42,4559.26,4566.78,5154
2026-05-19 01:10:00,4566.79,4569.76,4561.88,4564.23,4503
2026-05-19 01:15:00,4564.26,4568.88,4562.18,4566.07,4515
2026-05-19 01:20:00,4566.12,4567.17,4554.86,4558.99,4520
2026-05-19 01:25:00,4559.33,4563.26,4557.42,4561.47,4260
2026-05-19 01:30:00,4561.48,4563.07,4545.05,4549.46,4800
2026-05-19 01:35:00,4549.48,4550.9,4543.06,4546.45,4901
2026-05-19 01:40:00,4546.46,4549.39,4538.67,4547.7,4864
2026-05-19 01:45:00,4547.66,4548.15,4537.6,4543.23,4254
2026-05-19 01:50:00,4543.18,4548.51,4541.16,4541.74,4200
2026-05-19 01:55:00,4541.69,4547.33,4541.15,4546.38,3710
2026-05-19 02:00:00,4546.41,4547.98,4531.55,4537.39,5682
2026-05-19 02:05:00,4537.38,4544.52,4533.72,4536.7,4661
2026-05-19 02:10:00,4536.73,4542.78,4536.09,4540.52,3695
2026-05-19 02:15:00,4540.49,4542.84,4534.35,4536.7,3242
2026-05-19 02:20:00,4536.68,4540.57,4535.79,4539,3744
2026-05-19 02:25:00,4538.98,4540.32,4534.45,4534.52,3354
2026-05-19 02:30:00,4534.59,4541.52,4534.02,4540.85,3458
2026-05-19 02:35:00,4540.88,4542.21,4538.01,4541.82,2945
2026-05-19 02:40:00,4541.87,4544.37,4538.43,4538.57,3051
2026-05-19 02:45:00,4538.55,4543.59,4538.05,4541.22,2786
2026-05-19 02:50:00,4541.2,4544.44,4539.62,4544.15,2456
2026-05-19 02:55:00,4544.16,4546.91,4542.08,4543.52,2688
2026-05-19 03:00:00,4543.6,4544.54,4540.09,4541.59,2635
2026-05-19 03:05:00,4541.62,4544.47,4541.04,4543.51,2602
2026-05-19 03:10:00,4543.48,4549.04,4542.64,4548.53,1982
2026-05-19 03:15:00,4548.52,4550.19,4546.49,4547,2191
2026-05-19 03:20:00,4547.21,4550.7,4544.46,4545.78,2780
2026-05-19 03:25:00,4545.8,4547,4533.79,4537.09,4045
2026-05-19 03:30:00,4537.08,4541.94,4534.23,4539.62,4007
2026-05-19 03:35:00,4539.59,4544.78,4539.3,4544.07,2979
2026-05-19 03:40:00,4544.11,4544.88,4541.71,4543.49,2342
2026-05-19 03:45:00,4543.52,4548.7,4542.73,4548.24,2085
2026-05-19 03:50:00,4548.29,4554.22,4548.21,4552.98,2765
2026-05-19 03:55:00,4552.95,4554.53,4549.54,4550.02,2152
2026-05-19 04:00:00,4549.94,4557.18,4547.88,4556.66,3113
2026-05-19 04:05:00,4556.64,4558.22,4554.55,4556.34,2373
2026-05-19 04:10:00,4556.35,4556.78,4552.82,4553.09,2340
2026-05-19 04:15:00,4553.08,4555.65,4551.84,4554.5,2207
2026-05-19 04:20:00,4554.53,4555.25,4552.26,4553.75,2391
2026-05-19 04:25:00,4553.73,4554.66,4551.62,4553.81,2324
2026-05-19 04:30:00,4553.79,4554.15,4548.7,4548.76,2218
2026-05-19 04:35:00,4548.77,4550.39,4547.27,4549.49,1976
2026-05-19 04:40:00,4549.48,4551.32,4547.64,4548.16,2289
2026-05-19 04:45:00,4548.12,4549.62,4546.56,4546.61,2075
2026-05-19 04:50:00,4546.68,4549.29,4546.39,4547.45,1743
2026-05-19 04:55:00,4547.44,4547.71,4545.44,4546.86,1595
2026-05-19 05:00:00,4546.87,4546.99,4543.71,4545.79,2429
2026-05-19 05:05:00,4545.85,4547.85,4543.69,4545.07,2011
2026-05-19 05:10:00,4545.13,4546.5,4544.13,4545.3,1707
2026-05-19 05:15:00,4545.31,4545.47,4541.38,4542.54,2333
2026-05-19 05:20:00,4542.62,4542.69,4540.41,4541.18,1864
2026-05-19 05:25:00,4541.19,4542.88,4536.47,4542.07,2580
2026-05-19 05:30:00,4542.04,4543.99,4540.59,4542.7,2172
2026-05-19 05:35:00,4542.68,4543.4,4539.12,4539.59,1746
2026-05-19 05:40:00,4539.53,4541.59,4538.89,4541.37,1549
2026-05-19 05:45:00,4541.41,4543.26,4540.78,4541.64,1825
2026-05-19 05:50:00,4541.61,4542.14,4539.67,4540.29,2001
2026-05-19 05:55:00,4540.25,4541.78,4534.08,4535.73,2193
2026-05-19 06:00:00,4535.74,4564.59,4535.14,4553.46,5923
2026-05-19 06:05:00,4553.5,4560.03,4551.1,4556.83,4670
2026-05-19 06:10:00,4556.85,4558.24,4553.24,4554.39,3456
2026-05-19 06:15:00,4554.47,4555.72,4550.83,4551.62,3192
2026-05-19 06:20:00,4551.68,4555.77,4549.57,4550.04,2983
2026-05-19 06:25:00,4550.08,4551.96,4546.48,4551.65,3179
2026-05-19 06:30:00,4551.67,4557.32,4550.26,4556.29,2880
2026-05-19 06:35:00,4556.3,4559.55,4555.81,4559.43,2343
2026-05-19 06:40:00,4559.46,4561.36,4557.77,4558.09,2437
2026-05-19 06:45:00,4558.12,4562.83,4557.76,4561.19,2387
2026-05-19 06:50:00,4561.08,4562.48,4559.77,4562.44,2638
2026-05-19 06:55:00,4562.42,4562.42,4557.27,4558.39,2429
2026-05-19 07:00:00,4558.43,4561.35,4557.8,4560.36,1170
2026-05-19 07:05:00,4560.33,4560.46,4558.31,4558.7,801
2026-05-19 07:10:00,4558.71,4562.78,4558.47,4562.2,479
2026-05-19 07:15:00,4562.1,4566.45,4562.02,4564.22,925
2026-05-19 07:20:00,4564.23,4566.63,4562.79,4566.39,691
2026-05-19 07:25:00,4566.41,4566.83,4562.54,4563.1,662
2026-05-19 07:30:00,4563.13,4564.78,4561.57,4562.83,830
2026-05-19 07:35:00,4562.82,4564.18,4562.54,4562.59,441
2026-05-19 07:40:00,4562.6,4564.99,4562.33,4564.45,578
2026-05-19 07:45:00,4564.48,4564.97,4563.83,4563.96,654
2026-05-19 07:50:00,4563.97,4565.63,4562.91,4563.22,484
2026-05-19 07:55:00,4563.29,4566.83,4562.57,4566.83,622
2026-05-19 09:00:00,4568.32,4571.01,4566.95,4569.9,649
2026-05-19 09:05:00,4570.12,4573.35,4569.34,4571.61,737
2026-05-19 09:10:00,4571.94,4573.33,4570,4572.99,744
2026-05-19 09:15:00,4572.96,4574.45,4572.19,4573.62,1010
2026-05-19 09:20:00,4573.46,4574.44,4571.48,4572.05,780
2026-05-19 09:25:00,4572.02,4573,4570.81,4572.94,696
2026-05-19 09:30:00,4572.93,4573.85,4571.25,4572.86,694
2026-05-19 09:35:00,4572.85,4575.8,4572.35,4575.11,572
2026-05-19 09:40:00,4575.84,4578.28,4574.75,4576.56,762
2026-05-19 09:45:00,4576.52,4576.92,4574.38,4575.31,528
2026-05-19 09:50:00,4575.32,4575.67,4573.12,4573.7,493
2026-05-19 09:55:00,4573.69,4573.96,4572.26,4573.56,450
2026-05-19 10:00:00,4573.55,4581.1,4573.39,4580.82,1629
2026-05-19 10:05:00,4580.47,4581.57,4578.79,4579.9,847
2026-05-19 10:10:00,4579.92,4586.64,4579.68,4585.44,855
2026-05-19 10:15:00,4585.58,4586.8,4583.12,4585.73,807
2026-05-19 10:20:00,4585.74,4588.98,4583.51,4585.88,1003
2026-05-19 10:25:00,4585.9,4586.78,4584.87,4585.73,520
2026-05-19 10:30:00,4585.77,4586.72,4582.65,4586.04,779
2026-05-19 10:35:00,4586.05,4587.67,4583.49,4584.58,734
2026-05-19 10:40:00,4584.59,4586.42,4583.87,4585.13,701
2026-05-19 10:45:00,4585.22,4586.76,4582.55,4583.17,849
2026-05-19 10:50:00,4583.01,4583.59,4581.77,4582.41,743
2026-05-19 10:55:00,4582.54,4582.79,4579.21,4581.79,991
2026-05-19 11:00:00,4581.8,4589.44,4578.21,4579.19,2669
2026-05-19 11:05:00,4579.31,4585.37,4576.51,4583.92,2714
2026-05-19 11:10:00,4583.88,4584.68,4578.42,4578.44,2066
2026-05-19 11:15:00,4578.46,4581.27,4574.65,4579.75,1962
2026-05-19 11:20:00,4579.71,4585.76,4573.12,4574.42,2147
2026-05-19 11:25:00,4574.65,4575.15,4568.3,4573.25,2168
2026-05-19 11:30:00,4573.44,4576.16,4571.98,4574.97,1946
2026-05-19 11:35:00,4574.96,4575.67,4568.24,4568.86,1869
2026-05-19 11:40:00,4568.85,4574.11,4568.04,4570.77,1474
2026-05-19 11:45:00,4570.76,4572.48,4569.39,4571.66,1564
2026-05-19 11:50:00,4571.62,4571.7,4565.8,4566.04,1623
2026-05-19 11:55:00,4565.98,4566.76,4561.37,4562.7,1664
2026-05-19 12:00:00,4562.96,4567.32,4557.35,4564.06,3617
2026-05-19 12:05:00,4564.05,4569.22,4560.45,4563.98,2746
2026-05-19 12:10:00,4563.96,4568.47,4562.35,4565.87,2542
2026-05-19 12:15:00,4565.88,4568.56,4557.24,4559.08,2601
2026-05-19 12:20:00,4559.18,4559.72,4553.76,4555.37,2791
2026-05-19 12:25:00,4555.39,4560.07,4555.39,4559.15,2205
2026-05-19 12:30:00,4559.16,4562.03,4555.03,4561.46,2744
2026-05-19 12:35:00,4561.49,4568.51,4561.09,4568.26,2419
2026-05-19 12:40:00,4568.39,4572.44,4566.18,4570.36,2359
2026-05-19 12:45:00,4570.57,4571.52,4565.24,4566.45,2180
2026-05-19 12:50:00,4566.46,4568.62,4561,4567.24,2351
2026-05-19 12:55:00,4567.56,4567.8,4562.47,4563.42,2189
2026-05-19 13:00:00,4563.7,4563.7,4558.02,4561.19,2534
2026-05-19 13:05:00,4561.21,4561.39,4554.48,4554.85,2904
2026-05-19 13:10:00,4555.27,4557.87,4552.88,4554.19,2628
2026-05-19 13:15:00,4554.08,4557.45,4551.13,4557.12,1972
2026-05-19 13:20:00,4557.02,4559.98,4556.41,4558.37,1735
2026-05-19 13:25:00,4558.4,4562.35,4557.24,4559.78,1688
2026-05-19 13:30:00,4559.7,4559.99,4554.09,4554.72,2620
2026-05-19 13:35:00,4554.71,4556.92,4551.6,4553.56,2141
2026-05-19 13:40:00,4553.62,4559.5,4550.85,4556.07,1993
2026-05-19 13:45:00,4556.16,4557.79,4550.05,4551.94,1957
2026-05-19 13:50:00,4551.95,4554.57,4547.96,4550.74,1969
2026-05-19 13:55:00,4550.71,4550.71,4545.48,4547.16,1681
2026-05-19 14:00:00,4546.85,4550.91,4543.65,4547.21,2555
2026-05-19 14:05:00,4547.2,4552.59,4547.16,4548.8,1731
2026-05-19 14:10:00,4548.83,4552.06,4547.28,4551.75,1432
2026-05-19 14:15:00,4551.8,4552.95,4548.08,4550.68,1268
2026-05-19 14:20:00,4550.7,4551.86,4546.46,4548.21,1378
2026-05-19 14:25:00,4547.98,4550.57,4547.27,4549.01,1533
2026-05-19 14:30:00,4548.73,4550.53,4546.62,4549.53,1673
2026-05-19 14:35:00,4549.52,4554.95,4549.42,4554.5,1075
2026-05-19 14:40:00,4554.47,4554.47,4547.24,4547.62,1347
2026-05-19 14:45:00,4547.55,4548.72,4544.67,4546.9,1490
2026-05-19 14:50:00,4546.92,4549.46,4546.01,4548.44,973
2026-05-19 14:55:00,4548.3,4549,4544.09,4544.96,1453
2026-05-19 15:00:00,4544.98,4545.34,4541.1,4544.1,1640
2026-05-19 15:05:00,4543.75,4545.63,4540.66,4542.25,1443
2026-05-19 15:10:00,4542.3,4544.08,4538.75,4540.07,1329
2026-05-19 15:15:00,4540.09,4542.66,4538.17,4540.21,1257
2026-05-19 15:20:00,4540.2,4543.14,4540.2,4542.58,1238
2026-05-19 15:25:00,4542.64,4542.66,4537.83,4540.36,1570
2026-05-19 15:30:00,4540.08,4540.71,4537.9,4538.65,1100
2026-05-19 15:35:00,4538.63,4541.87,4538.56,4540.12,1184
2026-05-19 15:40:00,4540.16,4542.31,4539.2,4539.85,1324
2026-05-19 15:45:00,4539.9,4542.6,4539.58,4540.46,1314
2026-05-19 15:50:00,4540.52,4542.84,4539.8,4542.03,1271
2026-05-19 15:55:00,4542.3,4543.81,4541.32,4542.08,946
2026-05-19 16:00:00,4542.57,4544.95,4541.75,4544.39,1383
2026-05-19 16:05:00,4544.46,4545.22,4540.2,4545.18,1533
2026-05-19 16:10:00,4545.17,4546.44,4543.17,4544.71,1527
2026-05-19 16:15:00,4544.72,4545.21,4541.04,4541.89,1312
2026-05-19 16:20:00,4541.61,4542.39,4530.72,4535,2155
2026-05-19 16:25:00,4535.19,4540.51,4532.85,4538.11,2393
2026-05-19 16:30:00,4538.51,4540.3,4532.67,4536.77,3052
2026-05-19 16:35:00,4536.83,4541.38,4534.64,4539.58,2687
2026-05-19 16:40:00,4539.84,4544.17,4537.68,4538.52,2257
2026-05-19 16:45:00,4538.39,4541.62,4532.72,4533.61,2745
2026-05-19 16:50:00,4533.57,4541.34,4533.12,4539.86,2174
2026-05-19 16:55:00,4539.85,4543.55,4538.5,4540.45,2265
2026-05-19 17:00:00,4540.47,4541.64,4533.36,4538.35,2599
2026-05-19 17:05:00,4538.33,4540.57,4535.78,4537.76,2547
2026-05-19 17:10:00,4537.74,4545.92,4537.17,4542,3111
2026-05-19 17:15:00,4541.99,4549.85,4540.89,4549.62,2558
2026-05-19 17:20:00,4549.64,4551.36,4545.53,4549.44,2351
2026-05-19 17:25:00,4549.42,4553.94,4547.38,4547.38,2421
2026-05-19 17:30:00,4547.46,4551.3,4544.53,4549.92,2578
2026-05-19 17:35:00,4550.2,4552.51,4546.06,4551.81,2054
2026-05-19 17:40:00,4552.16,4552.86,4548.29,4552.11,1630
2026-05-19 17:45:00,4552.14,4552.63,4543.02,4543.16,2090
2026-05-19 17:50:00,4543.27,4547.57,4543.01,4546.91,1453
2026-05-19 17:55:00,4546.89,4549.67,4546.89,4547.94,1573
2026-05-19 18:00:00,4547.93,4549.04,4543.8,4547.95,2177
2026-05-19 18:05:00,4547.9,4555.25,4547.09,4552.82,2154
2026-05-19 18:10:00,4552.79,4553.8,4547.03,4548.6,1957
2026-05-19 18:15:00,4548.62,4550.16,4546.55,4548.69,1608
2026-05-19 18:20:00,4548.79,4549.91,4544.77,4546.94,1671
2026-05-19 18:25:00,4546.91,4548.31,4542.96,4548.3,1650
2026-05-19 18:30:00,4548.29,4549.39,4543.74,4544,1612
2026-05-19 18:35:00,4543.99,4547.74,4542.35,4543.09,1836
2026-05-19 18:40:00,4543.28,4545.12,4541.36,4542.09,1852
2026-05-19 18:45:00,4542.21,4554.24,4541.97,4550.99,2188
2026-05-19 18:50:00,4550.95,4553.85,4547.55,4552.12,2230
2026-05-19 18:55:00,4552.11,4559.33,4552.11,4557.05,2001
2026-05-19 19:00:00,4557.33,4559.06,4552.37,4552.72,1928
2026-05-19 19:05:00,4552.74,4552.77,4543.69,4544.2,2019
2026-05-19 19:10:00,4544.19,4547.84,4542.38,4546.37,2157
2026-05-19 19:15:00,4546.43,4548.11,4544.19,4544.22,1933
2026-05-19 19:20:00,4544.18,4544.99,4539.08,4540.63,1593
2026-05-19 19:25:00,4540.61,4540.95,4536.18,4538.43,2349
2026-05-19 19:30:00,4538.42,4544.35,4536.82,4544.31,1846
2026-05-19 19:35:00,4544.28,4545.12,4542.34,4543.05,1451
2026-05-19 19:40:00,4543.06,4543.71,4542.15,4543.29,1193
2026-05-19 19:45:00,4543.33,4548.52,4543.02,4545.94,1475
2026-05-19 19:50:00,4545.96,4547.27,4538.18,4542.63,1493
2026-05-19 19:55:00,4542.62,4544.21,4541.84,4542.73,1027
2026-05-19 20:00:00,4542.71,4542.71,4539.93,4541.48,1638
2026-05-19 20:05:00,4541.47,4541.54,4536.95,4540.56,1668
2026-05-19 20:10:00,4540.57,4541.08,4537.09,4539.64,1350
2026-05-19 20:15:00,4539.6,4540.28,4535.93,4540.01,1738
2026-05-19 20:20:00,4540,4546.77,4539.8,4546.54,1640
2026-05-19 20:25:00,4546.62,4546.82,4540.14,4540.59,1955
2026-05-19 20:30:00,4540.42,4543.18,4536.7,4538.84,2469
2026-05-19 20:35:00,4538.89,4542.17,4537.1,4539.24,1905
2026-05-19 20:40:00,4539.23,4540.64,4537.98,4539.49,1953
2026-05-19 20:45:00,4539.51,4540.86,4538.33,4540.59,1556
2026-05-19 20:50:00,4540.6,4543.53,4538.98,4543.2,1469
2026-05-19 20:55:00,4543.21,4544.58,4540.58,4541.66,1507
2026-05-19 21:00:00,4541.63,4541.68,4536.34,4536.47,1648
2026-05-19 21:05:00,4536.45,4541.94,4536.06,4540.1,1391
2026-05-19 21:10:00,4540.01,4542.34,4538.7,4541.45,1408
2026-05-19 21:15:00,4541.49,4541.8,4538.15,4539.48,1053
2026-05-19 21:20:00,4539.46,4541.55,4538.9,4540.63,1188
2026-05-19 21:25:00,4540.6,4540.8,4539.15,4539.73,892
2026-05-19 21:30:00,4539.8,4542.46,4538.45,4541.25,1209
2026-05-19 21:35:00,4541.2,4543.05,4534.06,4540.86,2223
2026-05-19 21:40:00,4540.91,4541.35,4525.52,4529.11,2951
2026-05-19 21:45:00,4529.05,4534.57,4527.67,4532.94,2690
2026-05-19 21:50:00,4532.95,4535.95,4532.13,4535.3,2003
2026-05-19 21:55:00,4535.27,4544.65,4535.27,4544.65,2407
2026-05-19 22:00:00,4544.49,4547.85,4542.82,4543.44,2075
2026-05-19 22:05:00,4543.42,4543.5,4540.38,4541.16,1564
2026-05-19 22:10:00,4541.12,4542.03,4535.93,4536.7,2187
2026-05-19 22:15:00,4536.66,4541.98,4535.71,4541,1577
2026-05-19 22:20:00,4540.91,4542.08,4538.71,4540.98,1375
2026-05-19 22:25:00,4541.15,4542.15,4536.87,4539.22,1635
2026-05-19 22:30:00,4539.21,4540.8,4537.48,4539.23,1937
2026-05-19 22:35:00,4539.26,4539.37,4536.71,4538.08,1758
2026-05-19 22:40:00,4538.07,4543.09,4536.78,4541.96,1776
2026-05-19 22:45:00,4541.85,4542.4,4537.15,4539.86,1774
2026-05-19 22:50:00,4539.87,4540.07,4534.32,4534.88,1867
2026-05-19 22:55:00,4534.94,4534.97,4529.76,4530.73,2196
2026-05-19 23:00:00,4530.69,4536,4527.37,4535.28,2355
2026-05-19 23:05:00,4535.29,4542.34,4533.13,4542.07,2058
2026-05-19 23:10:00,4542.05,4546.48,4541.25,4542.07,2039
2026-05-19 23:15:00,4542.1,4543.62,4536.7,4539.98,1867
2026-05-19 23:20:00,4540.01,4544.21,4539.63,4543.79,1760
2026-05-19 23:25:00,4543.8,4544.21,4540.45,4542.95,1517
2026-05-19 23:30:00,4542.96,4546.81,4541.92,4543.48,1567
2026-05-19 23:35:00,4543.44,4547.12,4541.13,4542.42,1837
2026-05-19 23:40:00,4542.36,4546.39,4536.72,4537.4,2743
2026-05-19 23:45:00,4537.39,4539.97,4535.59,4539.33,2201
2026-05-19 23:50:00,4539.34,4541.48,4537.17,4541.1,1636
2026-05-19 23:55:00,4541.16,4541.65,4536.56,4537.03,1691
2026-05-20 00:00:00,4537.09,4537.45,4521.68,4523.57,3182
2026-05-20 00:05:00,4523.61,4525.29,4514.61,4522.69,3862
2026-05-20 00:10:00,4522.58,4526.43,4519.08,4524.22,3278
2026-05-20 00:15:00,4524.21,4526.11,4516.27,4516.8,3044
2026-05-20 00:20:00,4517.09,4519.74,4503.53,4505.04,4535
2026-05-20 00:25:00,4505.02,4505.02,4490.87,4492.03,5283
2026-05-20 00:30:00,4492.16,4495.59,4464.51,4481.47,6824
2026-05-20 00:35:00,4481.46,4486.83,4470.8,4483.24,6428
2026-05-20 00:40:00,4482.87,4483.43,4470.24,4476.12,5833
2026-05-20 00:45:00,4476.19,4482.24,4473.75,4481.38,5882
2026-05-20 00:50:00,4481.26,4505.06,4479.85,4504.48,5481
2026-05-20 00:55:00,4504.46,4511.24,4497.65,4503.61,4724
2026-05-20 01:00:00,4503.53,4512.37,4495.55,4511.17,5105
2026-05-20 01:05:00,4511.46,4514.04,4494.36,4503.7,6020
2026-05-20 01:10:00,4503.74,4504.03,4492.17,4492.59,5371
2026-05-20 01:15:00,4492.58,4500.84,4491.86,4494.85,4702
2026-05-20 01:20:00,4494.84,4495.94,4484.76,4486.53,5370
2026-05-20 01:25:00,4486.55,4494.25,4484.41,4490.03,5242
2026-05-20 01:30:00,4490.06,4498.12,4488.55,4490.12,4750
2026-05-20 01:35:00,4490.05,4498.62,4488.83,4489.57,4244
2026-05-20 01:40:00,4489.63,4497.89,4487.34,4494.31,4850
2026-05-20 01:45:00,4494.58,4496.36,4487.64,4489.92,4511
2026-05-20 01:50:00,4489.94,4494.05,4486.16,4486.67,4445
2026-05-20 01:55:00,4486.68,4496.7,4486.6,4494.02,3764
2026-05-20 02:00:00,4494.01,4499.7,4493.89,4496.8,3755
2026-05-20 02:05:00,4496.78,4499.85,4489.64,4498.2,3811
2026-05-20 02:10:00,4498.19,4499.7,4495.69,4499.04,3176
2026-05-20 02:15:00,4499.07,4505.05,4497.86,4500.41,3529
2026-05-20 02:20:00,4500.43,4502.24,4493.97,4494.86,3531
2026-05-20 02:25:00,4494.89,4500.02,4494.26,4498.82,3160
2026-05-20 02:30:00,4498.86,4507.45,4497.86,4503.11,3598
2026-05-20 02:35:00,4503.22,4505.34,4498.86,4502.96,3412
2026-05-20 02:40:00,4502.93,4505.14,4500.73,4502.16,2978
2026-05-20 02:45:00,4502.18,4504.14,4500.18,4504.11,2795
2026-05-20 02:50:00,4504.1,4505.76,4501.76,4503.13,2506
2026-05-20 02:55:00,4503.11,4509.31,4503.1,4508.4,2430
2026-05-20 03:00:00,4508.42,4510.37,4505.14,4505.65,2631
2026-05-20 03:05:00,4505.66,4505.67,4497.25,4498.47,2501
2026-05-20 03:10:00,4498.51,4501.19,4496.31,4500.89,2418
2026-05-20 03:15:00,4500.91,4503.06,4498.76,4500.3,2327
2026-05-20 03:20:00,4500.32,4506,4499.96,4505.59,2045
2026-05-20 03:25:00,4505.65,4512.01,4505.65,4508.72,2769
2026-05-20 03:30:00,4508.76,4512.43,4506.64,4507.47,2819
2026-05-20 03:35:00,4507.49,4509.89,4505.85,4508.67,2252
2026-05-20 03:40:00,4508.69,4509.46,4505.52,4505.83,2029
2026-05-20 03:45:00,4505.84,4506.51,4504.57,4505.97,2053
2026-05-20 03:50:00,4505.99,4507.8,4504.78,4505.47,1822
2026-05-20 03:55:00,4505.54,4509.33,4504.79,4507.76,1982
2026-05-20 04:00:00,4507.79,4509.69,4505.9,4506.81,2469
2026-05-20 04:05:00,4506.8,4509.28,4505.8,4507.93,1940
2026-05-20 04:10:00,4508.07,4510.73,4506.21,4510.25,2038
2026-05-20 04:15:00,4510.34,4511.09,4507.61,4507.87,1907
2026-05-20 04:20:00,4507.93,4508.08,4503.29,4503.5,2022
2026-05-20 04:25:00,4503.53,4508.44,4503.53,4506.97,2457
2026-05-20 04:30:00,4506.94,4508.38,4503.85,4504.03,1665
2026-05-20 04:35:00,4504.02,4506.87,4503.51,4506.87,1820
2026-05-20 04:40:00,4506.88,4507,4502.64,4504.47,2324
2026-05-20 04:45:00,4504.48,4504.92,4500.35,4500.75,2128
2026-05-20 04:50:00,4500.77,4501.8,4499.09,4499.46,2050
2026-05-20 04:55:00,4499.49,4501.43,4499.27,4500.69,1710
2026-05-20 05:00:00,4500.7,4501.64,4499.67,4501.1,1813
2026-05-20 05:05:00,4501.02,4503.75,4499.67,4503.27,1552
2026-05-20 05:10:00,4503.26,4503.63,4500.79,4501.01,1462
2026-05-20 05:15:00,4500.85,4502.05,4499.47,4499.6,1515
2026-05-20 05:20:00,4499.58,4499.77,4495.53,4498.51,2384
2026-05-20 05:25:00,4498.48,4500.18,4495.7,4495.94,2288
2026-05-20 05:30:00,4495.99,4499.07,4493.16,4497.61,2416
2026-05-20 05:35:00,4497.63,4500.03,4496.19,4499.88,1675
2026-05-20 05:40:00,4499.86,4500.78,4498.11,4499.04,1983
2026-05-20 05:45:00,4498.96,4500.04,4497.88,4499.26,1750
2026-05-20 05:50:00,4499.44,4499.56,4493.46,4493.73,1754
2026-05-20 05:55:00,4493.72,4494.77,4490.14,4493.51,2815
2026-05-20 06:00:00,4493.47,4496.56,4492.98,4493.78,2289
2026-05-20 06:05:00,4493.93,4496.2,4493.88,4495.35,1686
2026-05-20 06:10:00,4495.32,4497.62,4495.14,4497.03,1557
2026-05-20 06:15:00,4497.05,4497.43,4491.95,4492.73,1469
2026-05-20 06:20:00,4492.68,4492.97,4486.43,4486.65,2123
2026-05-20 06:25:00,4486.63,4488.83,4485.51,4487.02,1903
2026-05-20 06:30:00,4486.95,4489.9,4486.14,4486.38,1861
2026-05-20 06:35:00,4486.47,4488.79,4486.23,4487.49,1650
2026-05-20 06:40:00,4487.51,4488.78,4485.82,4488.37,1671
2026-05-20 06:45:00,4488.33,4488.85,4485.82,4486.59,1694
2026-05-20 06:50:00,4486.49,4487.03,4483.63,4483.73,2181
2026-05-20 06:55:00,4483.81,4483.92,4481.06,4483.39,2741
2026-05-20 07:00:00,4483.17,4483.86,4480.82,4482.39,1172
2026-05-20 07:05:00,4482.4,4486.23,4481.68,4485.5,738
2026-05-20 07:10:00,4485.52,4487.13,4484.32,4485.54,677
2026-05-20 07:15:00,4485.51,4485.68,4483.32,4485.41,658
2026-05-20 07:20:00,4485.4,4488.15,4485.08,4487.36,650
2026-05-20 07:25:00,4487.35,4487.53,4485.63,4486.21,500
2026-05-20 07:30:00,4486.25,4486.27,4483.21,4483.9,506
2026-05-20 07:35:00,4483.91,4484.75,4483.15,4483.38,431
2026-05-20 07:40:00,4483.36,4484.52,4481.82,4483.39,519
2026-05-20 07:45:00,4483.41,4484.28,4482.59,4483,583
2026-05-20 07:50:00,4483.1,4484.19,4481.87,4482.39,598
2026-05-20 07:55:00,4482.45,4484.05,4481.56,4482.1,472
2026-05-20 09:00:00,4481.89,4484.58,4481.21,4484.27,609
2026-05-20 09:05:00,4484.23,4485.92,4482.15,4484.53,440
2026-05-20 09:10:00,4484.23,4484.78,4482.3,4482.49,455
2026-05-20 09:15:00,4482.58,4482.58,4477.71,4479.86,704
2026-05-20 09:20:00,4479.85,4481.21,4478.99,4480.57,488
2026-05-20 09:25:00,4480.6,4480.65,4478.17,4479.17,637
2026-05-20 09:30:00,4479.16,4484.01,4477.22,4483.39,1073
2026-05-20 09:35:00,4483.17,4485.61,4479.67,4480.44,1082
2026-05-20 09:40:00,4480.42,4484.4,4479.47,4482.03,875
2026-05-20 09:45:00,4481.65,4483.83,4479.67,4481.81,817
2026-05-20 09:50:00,4481.8,4482.95,4479.12,4481.05,917
2026-05-20 09:55:00,4481.07,4484.56,4480.9,4483.94,621
2026-05-20 10:00:00,4484.17,4484.25,4479.44,4483.35,1012
2026-05-20 10:05:00,4483.33,4484.56,4481.3,4483.43,492
2026-05-20 10:10:00,4483.89,4486.75,4483.09,4485.89,794
2026-05-20 10:15:00,4485.44,4488.56,4483.02,4488.1,944
2026-05-20 10:20:00,4488.14,4488.49,4484.63,4486.58,799
2026-05-20 10:25:00,4486.24,4487.28,4485.21,4485.86,438
2026-05-20 10:30:00,4485.88,4493.46,4485.17,4492.85,1173
2026-05-20 10:35:00,4492.89,4494.27,4488.81,4493.41,1200
2026-05-20 10:40:00,4493.28,4496.51,4491.08,4492.05,994
2026-05-20 10:45:00,4492.04,4494.32,4489.63,4493.28,1108
2026-05-20 10:50:00,4493.26,4494.63,4489.81,4490.55,1089
2026-05-20 10:55:00,4490.57,4492.79,4487.89,4489.02,1010
2026-05-20 11:00:00,4489.4,4489.91,4482.36,4485.83,2244
2026-05-20 11:05:00,4486.01,4486.5,4479.36,4483.82,2454
2026-05-20 11:10:00,4483.84,4490.66,4481.34,4488.11,2585
2026-05-20 11:15:00,4488.57,4490.57,4482.2,4483.06,2966
2026-05-20 11:20:00,4483.05,4491.55,4480.7,4491.55,3010
2026-05-20 11:25:00,4491.58,4501.94,4489.71,4501.43,3545
2026-05-20 11:30:00,4501.72,4507.45,4499.95,4502.7,3596
2026-05-20 11:35:00,4502.83,4505.5,4499.45,4501.49,3309
2026-05-20 11:40:00,4501.8,4506.71,4501.14,4504.87,2682
2026-05-20 11:45:00,4504.89,4508.86,4502.77,4504.49,2647
2026-05-20 11:50:00,4504.45,4505.42,4500.34,4503.08,2852
2026-05-20 11:55:00,4503.1,4503.71,4497.85,4500.82,2326
2026-05-20 12:00:00,4500.78,4506.09,4489.6,4493.42,4240
2026-05-20 12:05:00,4493.48,4495.53,4487.68,4495.02,3055
2026-05-20 12:10:00,4495.03,4500.13,4491.07,4492.13,3040
2026-05-20 12:15:00,4492.46,4496.26,4491.46,4495.64,2932
2026-05-20 12:20:00,4495.68,4496.51,4482.94,4484.39,3188
2026-05-20 12:25:00,4484.65,4485.66,4472.66,4473.5,3787
2026-05-20 12:30:00,4473.58,4476.95,4467.29,4473.37,4685
2026-05-20 12:35:00,4473.4,4473.4,4455.7,4467.64,4427
2026-05-20 12:40:00,4467.7,4469.09,4461.34,4466.37,4157
2026-05-20 12:45:00,4466.38,4473.73,4462.65,4472.42,4109
2026-05-20 12:50:00,4472.39,4488.29,4472.36,4481.2,5485
2026-05-20 12:55:00,4481.57,4482.67,4478.38,4480.99,3324
2026-05-20 13:00:00,4481,4485.11,4479.91,4484.81,3316
2026-05-20 13:05:00,4485.08,4487.01,4478.31,4479.52,2753
2026-05-20 13:10:00,4479.55,4481.79,4475.9,4481.26,2533
2026-05-20 13:15:00,4480.99,4482.69,4476.49,4477.31,2365
2026-05-20 13:20:00,4477.33,4487.01,4476.49,4484.63,2072
2026-05-20 13:25:00,4484.69,4484.89,4478.83,4481.17,2490
2026-05-20 13:30:00,4481.09,4483.25,4465.6,4470.13,4003
2026-05-20 13:35:00,4470.09,4471.26,4465.23,4469.35,3691
2026-05-20 13:40:00,4469.33,4471.55,4460.27,4460.54,2870
2026-05-20 13:45:00,4460.24,4465.01,4459.22,4464.38,2962
2026-05-20 13:50:00,4464.15,4466.18,4461.44,4463.3,2277
2026-05-20 13:55:00,4463.29,4466.18,4458.28,4465.44,2347
2026-05-20 14:00:00,4465.42,4467.19,4459.87,4463.26,2506
2026-05-20 14:05:00,4463.27,4463.64,4453.18,4456.47,2867
2026-05-20 14:10:00,4456.78,4461.12,4455.7,4457.62,2226
2026-05-20 14:15:00,4457.6,4464.04,4456.69,4462.25,1917
2026-05-20 14:20:00,4462.3,4463.17,4459.83,4461.97,1752
2026-05-20 14:25:00,4461.98,4464.13,4459.44,4460.91,2347
2026-05-20 14:30:00,4460.75,4461.75,4457.12,4458.64,2515
2026-05-20 14:35:00,4458.63,4466.05,4458.23,4464.07,1853
2026-05-20 14:40:00,4464.16,4465.94,4459.93,4460.69,1893
2026-05-20 14:45:00,4460.67,4461.6,4457.87,4459.41,1660
2026-05-20 14:50:00,4459.4,4461.4,4458.6,4460.43,1269
2026-05-20 14:55:00,4460.76,4465.28,4460.09,4463.74,1406
2026-05-20 15:00:00,4463.75,4470.21,4463.1,4468.79,2119
2026-05-20 15:05:00,4468.78,4469.32,4466.39,4467.58,1817
2026-05-20 15:10:00,4467.55,4469.68,4465.24,4468.88,2069
2026-05-20 15:15:00,4469.19,4470.65,4465.32,4465.62,1723
2026-05-20 15:20:00,4465.61,4467.22,4462.94,4466.72,1867
2026-05-20 15:25:00,4466.71,4467.3,4462.35,4465.3,1532
2026-05-20 15:30:00,4464.93,4465.95,4461.68,4462.84,1684
2026-05-20 15:35:00,4462.86,4465.75,4460.5,4463.87,1626
2026-05-20 15:40:00,4463.82,4465.63,4460.04,4462.77,1543
2026-05-20 15:45:00,4462.73,4462.92,4456.47,4459.95,1536
2026-05-20 15:50:00,4459.96,4463.06,4459.05,4461.17,1479
2026-05-20 15:55:00,4461.12,4462.89,4459.57,4462.12,1046
2026-05-20 16:00:00,4462.09,4471.51,4461.69,4470.9,2184
2026-05-20 16:05:00,4470.86,4472.86,4467.2,4468.48,1760
2026-05-20 16:10:00,4468.19,4469.73,4466.85,4469.42,1201
2026-05-20 16:15:00,4469.03,4472.01,4467.22,4471.61,1514
2026-05-20 16:20:00,4471.48,4475.3,4470.81,4470.95,1501
2026-05-20 16:25:00,4470.97,4471.65,4466.68,4468.16,1794
2026-05-20 16:30:00,4467.89,4479.18,4467.59,4477.19,3177
2026-05-20 16:35:00,4477.25,4478.81,4474.7,4476.61,2990
2026-05-20 16:40:00,4476.64,4478.16,4471.5,4472.31,2318
2026-05-20 16:45:00,4472.33,4472.52,4463.15,4465.5,2665
2026-05-20 16:50:00,4465.54,4472.42,4464,4471.26,2651
2026-05-20 16:55:00,4471.27,4475.28,4470.86,4472.75,2052
2026-05-20 17:00:00,4472.72,4477.54,4470.5,4472.51,3173
2026-05-20 17:05:00,4472.49,4474.39,4468.89,4469.57,2839
2026-05-20 17:10:00,4469.47,4472.09,4467.03,4472.09,2105
2026-05-20 17:15:00,4472.12,4478.3,4471.61,4477.11,2628
2026-05-20 17:20:00,4477.02,4477.68,4468.34,4468.43,2442
2026-05-20 17:25:00,4468.47,4474.5,4467.54,4472.02,2729
2026-05-20 17:30:00,4472.07,4472.61,4466.3,4466.79,2569
2026-05-20 17:35:00,4466.78,4468.47,4461.45,4466.91,2403
2026-05-20 17:40:00,4466.88,4467.14,4463.51,4467.02,2003
2026-05-20 17:45:00,4467.03,4474.8,4465.16,4473.66,1978
2026-05-20 17:50:00,4473.88,4477.97,4472.18,4474.7,2337
2026-05-20 17:55:00,4474.73,4475.79,4471,4474.23,2109
2026-05-20 18:00:00,4474.24,4479.31,4471.78,4477.19,2960
2026-05-20 18:05:00,4477.14,4483.45,4475.31,4483.2,2834
2026-05-20 18:10:00,4483.11,4485.26,4480.16,4481.12,2960
2026-05-20 18:15:00,4481.13,4481.13,4477.81,4478.79,1997
2026-05-20 18:20:00,4478.77,4484.18,4476.26,4480.4,2140
2026-05-20 18:25:00,4480.41,4483.38,4479.66,4482.86,1733
2026-05-20 18:30:00,4482.84,4486.01,4477.52,4478.1,1835
2026-05-20 18:35:00,4478.14,4481.08,4475.89,4480.08,1783
2026-05-20 18:40:00,4480.07,4483.74,4478.53,4481.48,1954
2026-05-20 18:45:00,4481.49,4482.11,4476.12,4477.98,1671
2026-05-20 18:50:00,4478.01,4479.12,4475.13,4479.11,1751
2026-05-20 18:55:00,4479.09,4479.86,4476.68,4478.62,2059
2026-05-20 19:00:00,4478.6,4481.46,4476.75,4481.08,2164
2026-05-20 19:05:00,4481.16,4483.18,4476.61,4479.1,2342
2026-05-20 19:10:00,4479.21,4483.91,4477.31,4482.43,2514
2026-05-20 19:15:00,4482.44,4483.98,4479.4,4481.66,1892
2026-05-20 19:20:00,4481.56,4486.45,4478.06,4484.2,2423
2026-05-20 19:25:00,4484.22,4486.58,4482.28,4486.58,2285
2026-05-20 19:30:00,4486.46,4489.17,4482.94,4483.04,2773
2026-05-20 19:35:00,4483.03,4484.48,4478.62,4483.44,2320
2026-05-20 19:40:00,4483.46,4483.56,4476.72,4479.34,2468
2026-05-20 19:45:00,4479.37,4483.22,4479.22,4481.97,2681
2026-05-20 19:50:00,4481.99,4489.42,4481.37,4489.15,2224
2026-05-20 19:55:00,4489.14,4490.16,4483.27,4483.69,1571
2026-05-20 20:00:00,4483.68,4486.16,4483.13,4484.61,1658
2026-05-20 20:05:00,4484.62,4486.21,4481.45,4482.11,1903
2026-05-20 20:10:00,4482.12,4482.46,4479.64,4480.18,1998
2026-05-20 20:15:00,4480.17,4482.52,4479.01,4482.39,1715
2026-05-20 20:20:00,4482.38,4483.61,4478.54,4479.17,1718
2026-05-20 20:25:00,4479.19,4479.37,4472.46,4474.01,1635
2026-05-20 20:30:00,4473.94,4482.79,4472.75,4482.31,2304
2026-05-20 20:35:00,4482.32,4483.33,4479.99,4483.2,1555
2026-05-20 20:40:00,4483.21,4484.8,4482.95,4483.16,1395
2026-05-20 20:45:00,4483.23,4484.54,4481.68,4483.04,1285
2026-05-20 20:50:00,4483.03,4490.11,4482.64,4489.39,1763
2026-05-20 20:55:00,4489.43,4491.17,4484.35,4484.75,1132
2026-05-20 21:00:00,4484.72,4487.3,4484.5,4485.81,1314
2026-05-20 21:05:00,4485.83,4492.19,4485.83,4489.69,1255
2026-05-20 21:10:00,4489.7,4490.98,4486.75,4487.9,1070
2026-05-20 21:15:00,4487.91,4491.17,4487.1,4488.21,1046
2026-05-20 21:20:00,4488.23,4492.69,4488.07,4491.48,1363
2026-05-20 21:25:00,4491.49,4492.39,4488.68,4488.96,1133
2026-05-20 21:30:00,4488.94,4492.33,4488.56,4492.31,1417
2026-05-20 21:35:00,4492.37,4496.98,4492.11,4495.67,2088
2026-05-20 21:40:00,4495.64,4496.74,4493.78,4494.23,1621
2026-05-20 21:45:00,4494.24,4495.67,4492.02,4492.4,1233
2026-05-20 21:50:00,4492.41,4495.15,4489.9,4494.64,1270
2026-05-20 21:55:00,4494.65,4494.8,4492.49,4494.45,1283
2026-05-20 22:00:00,4494.43,4496.75,4492.67,4494.24,1643
2026-05-20 22:05:00,4494.23,4495.86,4494,4494.63,1330
2026-05-20 22:10:00,4494.45,4496.09,4492.86,4493.01,1170
2026-05-20 22:15:00,4492.99,4496.48,4491.55,4491.83,1247
2026-05-20 22:20:00,4491.89,4496.5,4491.01,4495.79,1195
2026-05-20 22:25:00,4495.81,4501.06,4495.36,4499.87,1452
2026-05-20 22:30:00,4499.85,4500.41,4496.46,4498.5,1497
2026-05-20 22:35:00,4498.53,4499.12,4495.94,4497.66,1293
2026-05-20 22:40:00,4497.74,4498.34,4493.32,4495.27,1946
2026-05-20 22:45:00,4495.26,4496.77,4491.88,4492.99,1900
2026-05-20 22:50:00,4493.04,4498.12,4490.75,4498.12,2069
2026-05-20 22:55:00,4498.13,4499.53,4495.96,4499.06,1479
2026-05-20 23:00:00,4499.05,4500.96,4495.76,4496.4,1908
2026-05-20 23:05:00,4496.41,4499.87,4495.72,4497.51,1838
2026-05-20 23:10:00,4497.45,4497.79,4496.09,4496.58,1282
2026-05-20 23:15:00,4496.57,4497.09,4493.87,4494.46,1736
2026-05-20 23:20:00,4494.26,4496.93,4492.9,4496.38,2609
2026-05-20 23:25:00,4496.29,4499.69,4496.09,4499.69,2716
2026-05-20 23:30:00,4499.63,4504.34,4499.14,4503.53,2663
2026-05-20 23:35:00,4503.49,4504.51,4500.83,4503.78,2206
2026-05-20 23:40:00,4503.8,4504.42,4501.11,4502.76,2010
2026-05-20 23:45:00,4502.77,4505.33,4501.66,4502.88,1868
2026-05-20 23:50:00,4502.78,4502.91,4498.25,4498.43,1636
2026-05-20 23:55:00,4498.39,4498.79,4493.78,4496.18,1875
2026-05-21 00:00:00,4496.16,4501.22,4493.76,4497.61,3835
2026-05-21 00:05:00,4497.63,4501.72,4496.35,4498.54,3222
2026-05-21 00:10:00,4498.59,4506.16,4497.18,4505.11,2604
2026-05-21 00:15:00,4505.09,4505.34,4498.88,4499.28,2995
2026-05-21 00:20:00,4499.29,4500.48,4493.9,4494.13,2184
2026-05-21 00:25:00,4494.1,4494.95,4489.2,4489.25,2871
2026-05-21 00:30:00,4489.54,4493.05,4487.77,4491.48,4202
2026-05-21 00:35:00,4491.49,4492.96,4484.66,4485.3,4556
2026-05-21 00:40:00,4485.34,4490.44,4482.85,4489.78,4454
2026-05-21 00:45:00,4489.74,4492.13,4486.19,4487.04,3969
2026-05-21 00:50:00,4487,4489.45,4484.78,4486.01,3854
2026-05-21 00:55:00,4485.99,4486.26,4482,4482.99,3445
2026-05-21 01:00:00,4482.91,4485.23,4480.74,4481.36,3521
2026-05-21 01:05:00,4481.24,4481.73,4474.56,4476.13,3535
2026-05-21 01:10:00,4476.27,4480.65,4466.97,4476.95,5299
2026-05-21 01:15:00,4476.58,4503.38,4476.58,4498.51,7889
2026-05-21 01:20:00,4498.33,4510.61,4495.3,4502.94,6370
2026-05-21 01:25:00,4502.92,4507.17,4498.79,4507.06,5451
2026-05-21 01:30:00,4507.1,4528.7,4507.1,4524.44,6899
2026-05-21 01:35:00,4524.72,4526.85,4515.26,4523.45,6004
2026-05-21 01:40:00,4523.6,4523.96,4516.92,4520.67,4348
2026-05-21 01:45:00,4520.94,4524.09,4516.56,4521.83,4211
2026-05-21 01:50:00,4521.84,4529.93,4521.03,4529.37,4126
2026-05-21 01:55:00,4529.57,4537.23,4528.62,4531.24,4035
2026-05-21 02:00:00,4531.25,4535.67,4529.36,4530.37,4006
2026-05-21 02:05:00,4530.32,4531.89,4523.84,4526.39,3537
2026-05-21 02:10:00,4526.42,4527,4523.04,4524.48,3709
2026-05-21 02:15:00,4524.44,4552.66,4524.34,4543.35,7570
2026-05-21 02:20:00,4543.3,4545.35,4535.63,4536.28,5316
2026-05-21 02:25:00,4536.26,4537.33,4528.51,4529.51,4151
2026-05-21 02:30:00,4529.43,4535,4527.58,4535,4428
2026-05-21 02:35:00,4535.01,4539.2,4534.42,4537.61,3506
2026-05-21 02:40:00,4537.75,4539.46,4534.59,4536.83,3125
2026-05-21 02:45:00,4536.84,4537.71,4535.1,4537.19,3011
2026-05-21 02:50:00,4537.22,4537.91,4532.54,4533.3,3504
2026-05-21 02:55:00,4533.39,4534.11,4527.26,4529.11,3835
2026-05-21 03:00:00,4529.18,4532.21,4528.28,4531.94,2337
2026-05-21 03:05:00,4531.92,4535.31,4531.35,4533.31,2320
2026-05-21 03:10:00,4533.3,4534.77,4531.3,4533.74,2310
2026-05-21 03:15:00,4533.75,4533.8,4529.47,4530.85,2176
2026-05-21 03:20:00,4530.84,4531.34,4524.88,4526.09,3333
2026-05-21 03:25:00,4526.05,4527.57,4524.04,4526.06,2918
2026-05-21 03:30:00,4526.07,4529.48,4524.12,4525.72,2870
2026-05-21 03:35:00,4525.71,4528.75,4525.29,4527.51,2227
2026-05-21 03:40:00,4527.58,4533.66,4527.27,4533.59,2338
2026-05-21 03:45:00,4533.62,4534.98,4529.97,4532.13,3215
2026-05-21 03:50:00,4531.99,4533.29,4530.85,4532.48,2355
2026-05-21 03:55:00,4532.5,4535.44,4531.06,4534.35,2137
2026-05-21 04:00:00,4534.36,4534.83,4531.31,4531.99,2261
2026-05-21 04:05:00,4532.01,4535.58,4530.99,4535.53,2151
2026-05-21 04:10:00,4535.56,4538.17,4533.19,4534.29,2734
2026-05-21 04:15:00,4534.22,4535.63,4532.93,4535.05,2245
2026-05-21 04:20:00,4535.03,4536.78,4532.96,4533.77,2338
2026-05-21 04:25:00,4533.78,4536.33,4530.83,4532.43,2944
2026-05-21 04:30:00,4532.45,4535.16,4529.84,4531.03,2801
2026-05-21 04:35:00,4531.02,4536.34,4530.31,4535.78,3017
2026-05-21 04:40:00,4535.77,4536.07,4532.93,4533.06,1995
2026-05-21 04:45:00,4533.08,4535.24,4532.29,4533.49,1958
2026-05-21 04:50:00,4533.53,4534.53,4531.93,4531.94,1704
2026-05-21 04:55:00,4531.97,4532.61,4530.27,4531.07,1089
2026-05-21 05:00:00,4531.13,4533.18,4528.91,4532.34,1790
2026-05-21 05:05:00,4532.35,4533.59,4530.44,4532.82,2093
2026-05-21 05:10:00,4532.78,4534,4532.16,4532.93,1803
2026-05-21 05:15:00,4532.92,4536.62,4532.73,4536.23,2181
2026-05-21 05:20:00,4536.27,4536.58,4532.73,4533.65,2483
2026-05-21 05:25:00,4533.64,4535.16,4531.84,4534.96,2617
2026-05-21 05:30:00,4534.98,4539.78,4534.98,4539.66,2084
2026-05-21 05:35:00,4539.67,4543.52,4539.58,4542.81,2078
2026-05-21 05:40:00,4542.89,4543.21,4536.9,4537.19,1897
2026-05-21 05:45:00,4537.26,4540.66,4536.67,4539.68,1943
2026-05-21 05:50:00,4539.61,4543.23,4539.1,4541.91,1535
2026-05-21 05:55:00,4541.94,4545.11,4541.75,4542.27,1624
2026-05-21 06:00:00,4542.32,4544.74,4542.04,4542.52,1658
2026-05-21 06:05:00,4542.54,4544.16,4541.65,4543.27,1629
2026-05-21 06:10:00,4542.99,4545.25,4542.77,4543.91,1173
2026-05-21 06:15:00,4543.93,4545.74,4543.6,4545.64,1303
2026-05-21 06:20:00,4545.66,4545.97,4543.17,4544.13,1163
2026-05-21 06:25:00,4544.15,4545.7,4543.55,4544.89,1121
2026-05-21 06:30:00,4544.91,4547.35,4544.91,4545.45,1407
2026-05-21 06:35:00,4545.43,4550.24,4545.19,4548.15,1616
2026-05-21 06:40:00,4548.07,4549.29,4545.35,4546.46,1668
2026-05-21 06:45:00,4546.33,4547.74,4545.51,4546.31,1440
2026-05-21 06:50:00,4546.29,4548.61,4545.34,4548.09,1951
2026-05-21 06:55:00,4548.16,4548.48,4545.29,4545.55,2480
2026-05-21 07:00:00,4545.48,4547.94,4545.48,4546.64,1201
2026-05-21 07:05:00,4546.65,4547.21,4545.26,4546.28,618
2026-05-21 07:10:00,4546.43,4550.39,4545.61,4546.73,793
2026-05-21 07:15:00,4546.76,4548.3,4545.25,4547.02,997
2026-05-21 07:20:00,4546.76,4546.76,4542.82,4545.28,2151
2026-05-21 07:25:00,4545.25,4546.39,4544.88,4545.54,1273
2026-05-21 07:30:00,4545.56,4546.2,4543.52,4543.98,1180
2026-05-21 07:35:00,4543.97,4544.82,4542.99,4543.63,853
2026-05-21 07:40:00,4543.61,4544.31,4542.68,4543.37,836
2026-05-21 07:45:00,4543.22,4544.72,4542.37,4542.95,757
2026-05-21 07:50:00,4542.97,4544.25,4542.09,4543.07,581
2026-05-21 07:55:00,4543.06,4544.3,4542.56,4543.11,651
2026-05-21 09:00:00,4547.17,4547.19,4542.83,4544.31,1033
2026-05-21 09:05:00,4544.24,4546.86,4539.22,4539.38,1666
2026-05-21 09:10:00,4539.42,4542.56,4538.29,4539.72,1584
2026-05-21 09:15:00,4539.73,4540.31,4536.91,4537.56,1107
2026-05-21 09:20:00,4537.67,4538.58,4534.98,4536.79,1367
2026-05-21 09:25:00,4536.94,4539.16,4536.02,4538.48,774
2026-05-21 09:30:00,4538.47,4542.33,4538.34,4541.01,853
2026-05-21 09:35:00,4541.46,4543.29,4540.27,4542.69,616
2026-05-21 09:40:00,4542.65,4543.08,4540.28,4542.32,549
2026-05-21 09:45:00,4542.29,4544.63,4540.21,4541.18,786
2026-05-21 09:50:00,4541.17,4542.09,4537.01,4540.42,1091
2026-05-21 09:55:00,4540.69,4541.77,4537.25,4539.99,925
2026-05-21 10:00:00,4540.01,4542.08,4539.62,4542.06,658
2026-05-21 10:05:00,4542.07,4543.11,4538.55,4538.59,706
2026-05-21 10:10:00,4538.29,4540.35,4537.56,4539.59,756
2026-05-21 10:15:00,4539.83,4540.52,4538.86,4539.14,584
2026-05-21 10:20:00,4539.12,4539.15,4536.09,4537,858
2026-05-21 10:25:00,4537.01,4538.64,4534.43,4538.64,1122
2026-05-21 10:30:00,4538.69,4541.05,4537.81,4539.98,811
2026-05-21 10:35:00,4540.17,4545.4,4539.6,4545.13,719
2026-05-21 10:40:00,4545.07,4545.07,4542.06,4542.87,716
2026-05-21 10:45:00,4542.86,4547.17,4541.45,4545.2,1025
2026-05-21 10:50:00,4545.23,4545.39,4542.76,4544.83,748
2026-05-21 10:55:00,4544.84,4546.54,4543.92,4546.49,906
2026-05-21 11:00:00,4546.57,4548.69,4540.17,4542.16,2602
2026-05-21 11:05:00,4542.25,4544.97,4539.92,4543.97,2520
2026-05-21 11:10:00,4544,4545.69,4542.5,4544.58,2381
2026-05-21 11:15:00,4544.54,4553.34,4539.91,4545.56,3085
2026-05-21 11:20:00,4545.55,4546.23,4538.6,4540.72,2165
2026-05-21 11:25:00,4540.74,4545.04,4537.17,4543.48,2078
2026-05-21 11:30:00,4543.49,4544.98,4539.18,4544.28,1901
2026-05-21 11:35:00,4544.29,4544.87,4542.03,4542.22,1619
2026-05-21 11:40:00,4542.09,4543.74,4540.98,4543.56,1206
2026-05-21 11:45:00,4543.55,4544.75,4541.77,4544.11,1362
2026-05-21 11:50:00,4544.22,4548.61,4543.29,4547.72,1193
2026-05-21 11:55:00,4547.53,4548.21,4544.65,4544.86,1610
2026-05-21 12:00:00,4545.23,4549.1,4539.54,4543.36,3926
2026-05-21 12:05:00,4543.35,4550.82,4540.72,4549.35,2923
2026-05-21 12:10:00,4549.36,4560.13,4549.08,4559.68,3226
2026-05-21 12:15:00,4559.99,4561.28,4558.16,4559.5,2570
2026-05-21 12:20:00,4559.46,4567.44,4556.87,4564.65,2379
2026-05-21 12:25:00,4564.69,4567.54,4560.13,4566.7,1992
2026-05-21 12:30:00,4566.78,4569.14,4561.62,4562.55,2894
2026-05-21 12:35:00,4562.58,4566.72,4561.32,4565.27,2329
2026-05-21 12:40:00,4565.55,4570.7,4565.21,4567.46,2288
2026-05-21 12:45:00,4567.45,4568.36,4564.94,4564.94,1982
2026-05-21 12:50:00,4565,4565.53,4558.74,4559.5,2543
2026-05-21 12:55:00,4559.49,4561.79,4559.05,4560.62,2363
2026-05-21 13:00:00,4560.6,4564.61,4556.66,4557.04,2154
2026-05-21 13:05:00,4556.71,4559.43,4554.95,4555.54,2250
2026-05-21 13:10:00,4555.85,4555.85,4550.38,4551.44,2237
2026-05-21 13:15:00,4551.47,4552.96,4546.87,4548.56,1920
2026-05-21 13:20:00,4548.55,4549.48,4545.94,4547.71,1735
2026-05-21 13:25:00,4548.02,4548.53,4539.63,4540.44,1583
2026-05-21 13:30:00,4540.43,4542.36,4533.67,4537.13,3065
2026-05-21 13:35:00,4536.8,4541.71,4536.8,4539.79,1997
2026-05-21 13:40:00,4539.87,4540.2,4534.04,4536.36,2389
2026-05-21 13:45:00,4536.34,4537.27,4531.43,4534.11,2143
2026-05-21 13:50:00,4534.1,4536.62,4533.12,4533.41,1642
2026-05-21 13:55:00,4533.44,4535.68,4532.19,4532.79,1764
2026-05-21 14:00:00,4532.78,4535.39,4531.15,4534.9,1917
2026-05-21 14:05:00,4534.89,4537.77,4533.97,4537.25,1585
2026-05-21 14:10:00,4537.18,4539.03,4536.58,4537.63,1323
2026-05-21 14:15:00,4537.67,4537.79,4532.71,4535.08,1477
2026-05-21 14:20:00,4535.03,4540.13,4535.03,4537.59,1385
2026-05-21 14:25:00,4537.64,4538.2,4533.85,4535.75,1654
2026-05-21 14:30:00,4535.53,4537.18,4533.36,4534.16,1204
2026-05-21 14:35:00,4534.17,4534.57,4531.5,4532.61,1235
2026-05-21 14:40:00,4532.6,4536.06,4531.65,4533.72,1076
2026-05-21 14:45:00,4533.73,4534.31,4531.24,4531.77,899
2026-05-21 14:50:00,4531.78,4532.01,4527.28,4527.75,1204
2026-05-21 14:55:00,4528.2,4529.86,4527.15,4528.27,1382
2026-05-21 15:00:00,4528.28,4533.01,4527.06,4531.97,1322
2026-05-21 15:05:00,4531.99,4533.66,4530.78,4532.55,1323
2026-05-21 15:10:00,4532.57,4536.63,4532.38,4536.08,1234
2026-05-21 15:15:00,4536.09,4536.57,4534.09,4534.47,1093
2026-05-21 15:20:00,4534.54,4537.18,4534.24,4536.8,910
2026-05-21 15:25:00,4536.81,4540.16,4536.79,4539.81,1019
2026-05-21 15:30:00,4539.86,4540.51,4536.34,4536.9,1201
2026-05-21 15:35:00,4536.91,4537.47,4533.8,4537.15,732
2026-05-21 15:40:00,4537.18,4538.2,4536.17,4537.29,668
2026-05-21 15:45:00,4537.3,4537.3,4535.38,4536.35,578
2026-05-21 15:50:00,4536.37,4538.78,4535.7,4535.85,670
2026-05-21 15:55:00,4535.92,4539.23,4535.9,4538.45,734
2026-05-21 16:00:00,4538.48,4540.45,4536.58,4537.93,1476
2026-05-21 16:05:00,4537.94,4538.31,4530.82,4531.72,1815
2026-05-21 16:10:00,4531.71,4533.37,4529.64,4530.63,1990
2026-05-21 16:15:00,4530.64,4531.02,4525.65,4526.94,1794
2026-05-21 16:20:00,4526.93,4527.48,4524.74,4524.94,1584
2026-05-21 16:25:00,4524.98,4528.26,4521.42,4522.81,1649
2026-05-21 16:30:00,4522.79,4526.98,4518.07,4525.79,2633
2026-05-21 16:35:00,4525.67,4527.19,4521.03,4525.59,2209
2026-05-21 16:40:00,4525.62,4526.83,4523.95,4525.93,1951
2026-05-21 16:45:00,4525.94,4526.81,4518.38,4523.17,2495
2026-05-21 16:50:00,4523.5,4530,4522.59,4529.42,1953
2026-05-21 16:55:00,4529.4,4529.89,4525.42,4528.01,1882
2026-05-21 17:00:00,4528,4535.28,4526.55,4533.42,2002
2026-05-21 17:05:00,4533.48,4535.22,4530.86,4531.09,1859
2026-05-21 17:10:00,4531.12,4532.4,4527.1,4531.16,1987
2026-05-21 17:15:00,4531.17,4532.85,4528.65,4530.59,2058
2026-05-21 17:20:00,4530.58,4539.92,4529.58,4534.01,2599
2026-05-21 17:25:00,4533.98,4535.12,4529.85,4532.98,1913
2026-05-21 17:30:00,4532.95,4535.21,4528.11,4529.79,2433
2026-05-21 17:35:00,4529.8,4531.45,4527.45,4527.82,2060
2026-05-21 17:40:00,4527.91,4528.04,4522.91,4524.84,1895
2026-05-21 17:45:00,4524.86,4526.34,4521.69,4523.93,1970
2026-05-21 17:50:00,4523.94,4524.3,4520.42,4522.44,2645
2026-05-21 17:55:00,4522.42,4523.26,4518.78,4521.58,2296
2026-05-21 18:00:00,4521.52,4524.35,4518.96,4520.72,2362
2026-05-21 18:05:00,4520.7,4522.52,4518.22,4521.85,1876
2026-05-21 18:10:00,4521.45,4522.09,4518.99,4520.58,1815
2026-05-21 18:15:00,4520.47,4521.48,4517.34,4521.17,2220
2026-05-21 18:20:00,4521.14,4523.4,4517.4,4518.12,1819
2026-05-21 18:25:00,4518.09,4518.79,4511.71,4512.52,2008
2026-05-21 18:30:00,4512.51,4517.25,4511.69,4516.62,1907
2026-05-21 18:35:00,4516.57,4517.5,4514.42,4515.52,1875
2026-05-21 18:40:00,4515.54,4517.34,4514.13,4516.47,1092
2026-05-21 18:45:00,4516.46,4518.23,4514.18,4518.13,1182
2026-05-21 18:50:00,4518.11,4523.38,4515.75,4520.86,1431
2026-05-21 18:55:00,4520.83,4522.68,4519.41,4519.55,1205
2026-05-21 19:00:00,4519.53,4523.54,4518.09,4523.25,1706
2026-05-21 19:05:00,4523.29,4529.15,4522.18,4528.57,1930
2026-05-21 19:10:00,4528.61,4535.56,4527.69,4534.16,3649
2026-05-21 19:15:00,4534.22,4536.76,4530.1,4530.33,3595
2026-05-21 19:20:00,4530.32,4533.13,4529.67,4532.81,2278
2026-05-21 19:25:00,4532.87,4536.73,4529.2,4535.52,2278
2026-05-21 19:30:00,4535.68,4535.68,4528.1,4529.53,2845
2026-05-21 19:35:00,4529.57,4531.33,4526.3,4528.04,2072
2026-05-21 19:40:00,4528.08,4532.43,4527.89,4529.03,1476
2026-05-21 19:45:00,4529.02,4533.02,4528.03,4530.61,2031
2026-05-21 19:50:00,4530.59,4532.79,4529.91,4532.33,1881
2026-05-21 19:55:00,4532.4,4534.53,4532.16,4532.44,2152
2026-05-21 20:00:00,4532.43,4534.02,4531.93,4532.24,2414
2026-05-21 20:05:00,4532.27,4536.05,4531.85,4533.87,2907
2026-05-21 20:10:00,4533.81,4540.43,4533.24,4537.86,2265
2026-05-21 20:15:00,4537.82,4541.17,4536.5,4540.53,1629
2026-05-21 20:20:00,4540.51,4542.52,4537.01,4537.27,1636
2026-05-21 20:25:00,4537.28,4539.48,4535.28,4536.73,2057
2026-05-21 20:30:00,4536.63,4542.84,4533.38,4535.26,2578
2026-05-21 20:35:00,4535.25,4536.63,4532.51,4532.58,1523
2026-05-21 20:40:00,4532.66,4534.78,4529.48,4529.48,1576
2026-05-21 20:45:00,4529.68,4532.17,4527.75,4531.52,2092
2026-05-21 20:50:00,4531.51,4533.08,4531.28,4532.66,1141
2026-05-21 20:55:00,4532.67,4532.99,4529.73,4530.5,1110
2026-05-21 21:00:00,4530.48,4533.68,4529.95,4533.58,1254
2026-05-21 21:05:00,4533.56,4535.2,4530.61,4534.66,1664
2026-05-21 21:10:00,4534.72,4535.17,4529.8,4532.85,1470
2026-05-21 21:15:00,4532.75,4534.75,4530.73,4534.48,1761
2026-05-21 21:20:00,4534.49,4534.58,4532.05,4534.25,1180
2026-05-21 21:25:00,4534.26,4534.72,4510.54,4518.06,5542
2026-05-21 21:30:00,4518.28,4518.38,4507.87,4514.58,5127
2026-05-21 21:35:00,4514.57,4517.96,4507.29,4508.88,4629
2026-05-21 21:40:00,4508.7,4518.29,4504.8,4517.06,4466
2026-05-21 21:45:00,4517.03,4517.92,4513.79,4516.66,3208
2026-05-21 21:50:00,4516.64,4517.39,4510.93,4515.79,3111
2026-05-21 21:55:00,4515.81,4516.38,4510.73,4511.62,3236
2026-05-21 22:00:00,4511.74,4520.16,4510.66,4516.16,3271
2026-05-21 22:05:00,4516.12,4518.2,4514.69,4516.76,2534
2026-05-21 22:10:00,4516.75,4518.26,4515.13,4516.31,2076
2026-05-21 22:15:00,4516.26,4519.91,4515.6,4519.05,1905
2026-05-21 22:20:00,4519.03,4521.17,4514.59,4516.02,2499
2026-05-21 22:25:00,4515.96,4515.98,4512.52,4513.98,1810
2026-05-21 22:30:00,4514.08,4515.99,4510.33,4510.69,1623
2026-05-21 22:35:00,4510.74,4512.22,4508.02,4510.81,1835
2026-05-21 22:40:00,4510.77,4514.14,4510.21,4512.17,1648
2026-05-21 22:45:00,4512.14,4515.11,4511.75,4513.29,1213
2026-05-21 22:50:00,4513.2,4517.35,4512.69,4514.18,1564
2026-05-21 22:55:00,4514.34,4514.36,4510.85,4514.09,2123
2026-05-21 23:00:00,4514.1,4516.79,4514.03,4515.45,1798
2026-05-21 23:05:00,4515.42,4518.28,4513.71,4517.86,1965
2026-05-21 23:10:00,4517.89,4519.26,4513.63,4514.65,2058
2026-05-21 23:15:00,4514.68,4514.76,4509.74,4512.52,2160
2026-05-21 23:20:00,4512.5,4512.91,4506.13,4506.62,2473
2026-05-21 23:25:00,4506.63,4507.92,4503.72,4506.32,2028
2026-05-21 23:30:00,4506.2,4517.67,4505.25,4514.55,3189
2026-05-21 23:35:00,4514.53,4516.92,4508.61,4511.78,3484
2026-05-21 23:40:00,4511.79,4515.14,4510.05,4514.85,2820
2026-05-21 23:45:00,4514.87,4518.04,4509.73,4510.17,2413
2026-05-21 23:50:00,4510.11,4510.89,4507.11,4508.14,2365
2026-05-21 23:55:00,4508.15,4509.72,4501.77,4504.02,2671
2026-05-22 00:00:00,4504.04,4512.14,4499.27,4512.01,4315
2026-05-22 00:05:00,4512.03,4512.59,4501.79,4504.57,4079
2026-05-22 00:10:00,4504.56,4505.3,4500.71,4502.27,3625
2026-05-22 00:15:00,4502.03,4505.36,4497.01,4498.96,3938
2026-05-22 00:20:00,4498.99,4503.03,4496.62,4498.08,3748
2026-05-22 00:25:00,4498.12,4500.89,4495.31,4500.89,2851
2026-05-22 00:30:00,4501.15,4501.2,4490.04,4493.97,4956
2026-05-22 00:35:00,4493.98,4495.92,4488.46,4492.12,4915
2026-05-22 00:40:00,4492.1,4502.61,4491.84,4497.28,3884
2026-05-22 00:45:00,4497.14,4503.44,4494.58,4500.14,3886
2026-05-22 00:50:00,4500.19,4520.95,4499.42,4517.91,5458
2026-05-22 00:55:00,4517.89,4520.66,4511.74,4512.94,5128
2026-05-22 01:00:00,4512.9,4515.32,4505.07,4507.2,4404
2026-05-22 01:05:00,4507.25,4510.18,4502.45,4505.18,4087
2026-05-22 01:10:00,4505.16,4509.9,4503.64,4508.02,4327
2026-05-22 01:15:00,4508.01,4509.14,4498.59,4501.95,6065
2026-05-22 01:20:00,4501.91,4503.97,4498.05,4502.27,5808
2026-05-22 01:25:00,4502.26,4507.63,4501.29,4507.42,4672
2026-05-22 01:30:00,4507.44,4510.12,4505.13,4507.29,4213
2026-05-22 01:35:00,4507.28,4511.33,4506.46,4508.73,3792
2026-05-22 01:40:00,4508.7,4509.08,4502.34,4504.71,3868
2026-05-22 01:45:00,4504.68,4509.47,4501.6,4504.34,4266
2026-05-22 01:50:00,4504.36,4509.35,4502.12,4509.08,4472
2026-05-22 01:55:00,4509.09,4510.62,4507,4508.85,4582
2026-05-22 02:00:00,4508.87,4510.2,4503.05,4504.76,4043
2026-05-22 02:05:00,4504.67,4505.31,4496.67,4501.76,5496
2026-05-22 02:10:00,4501.72,4515.13,4499.54,4509.97,5142
2026-05-22 02:15:00,4509.91,4511.55,4507.13,4508.09,3877
2026-05-22 02:20:00,4508.11,4509.96,4502.99,4504.53,4167
2026-05-22 02:25:00,4504.25,4505.39,4502.21,4503.35,3705
2026-05-22 02:30:00,4503.31,4508.83,4502.55,4507.29,3082
2026-05-22 02:35:00,4507.13,4509.83,4506.59,4509.27,3146
2026-05-22 02:40:00,4509.26,4509.52,4506.42,4506.8,2597
2026-05-22 02:45:00,4506.85,4510.59,4506.59,4510.59,2708
2026-05-22 02:50:00,4510.56,4512.69,4509.4,4510.9,2616
2026-05-22 02:55:00,4510.88,4512.62,4509.35,4511.91,2217
2026-05-22 03:00:00,4511.96,4518.91,4511.96,4515.53,2944
2026-05-22 03:05:00,4515.61,4520.76,4514.96,4519.83,3010
2026-05-22 03:10:00,4519.84,4520.14,4514.6,4517.09,3512
2026-05-22 03:15:00,4517.03,4518.73,4514.48,4518.57,2714
2026-05-22 03:20:00,4518.55,4518.84,4515.3,4516.84,3354
2026-05-22 03:25:00,4516.92,4517.88,4515.81,4516.4,2723
2026-05-22 03:30:00,4516.44,4518.86,4515.98,4517.95,2692
2026-05-22 03:35:00,4517.94,4519.29,4515.93,4516.55,2416
2026-05-22 03:40:00,4516.59,4518.23,4515.36,4517.99,1698
2026-05-22 03:45:00,4518.04,4520.29,4517.03,4517.23,2052
2026-05-22 03:50:00,4517.34,4518.86,4516.13,4517.28,2012
2026-05-22 03:55:00,4517.31,4519.65,4516.82,4519.38,1831
2026-05-22 04:00:00,4519.44,4521.93,4516.02,4516.36,2851
2026-05-22 04:05:00,4516.37,4518.45,4514.06,4518,2480
2026-05-22 04:10:00,4518.01,4531.64,4517.91,4526.21,6465
2026-05-22 04:15:00,4526.2,4540.6,4526.01,4535.1,6764
2026-05-22 04:20:00,4535.14,4546.18,4533.1,4536.76,6174
2026-05-22 04:25:00,4536.65,4541.91,4535.41,4541.36,4588
2026-05-22 04:30:00,4541.29,4548.96,4538.55,4542.37,4339
2026-05-22 04:35:00,4542.44,4544.88,4541.74,4542.58,3610
2026-05-22 04:40:00,4542.6,4548.25,4542.33,4548.17,3709
2026-05-22 04:45:00,4548.12,4553.65,4544.62,4553.33,3662
2026-05-22 04:50:00,4553.35,4557.82,4551.58,4556.53,4073
2026-05-22 04:55:00,4556.51,4559.24,4551.1,4551.38,4465
2026-05-22 05:00:00,4551.4,4556.13,4543.81,4544.42,4633
2026-05-22 05:05:00,4544.39,4549.74,4542.88,4548.64,4119
2026-05-22 05:10:00,4548.65,4549.26,4544.31,4546.01,3805
2026-05-22 05:15:00,4546.05,4549.7,4544.03,4549.3,3304
2026-05-22 05:20:00,4549.29,4550.66,4546.53,4550.32,2954
2026-05-22 05:25:00,4550.35,4550.65,4546.88,4548.33,2967
2026-05-22 05:30:00,4548.3,4549.44,4545.05,4546.48,2451
2026-05-22 05:35:00,4546.37,4546.47,4542.74,4543.5,2399
2026-05-22 05:40:00,4543.51,4547.14,4542.75,4545.27,2356
2026-05-22 05:45:00,4545.18,4546.03,4535.23,4538.24,3393
2026-05-22 05:50:00,4538.48,4541.69,4527.8,4527.84,5303
2026-05-22 05:55:00,4527.94,4532.04,4527.21,4531.89,5162
2026-05-22 06:00:00,4531.91,4537.16,4531.49,4535.72,4037
2026-05-22 06:05:00,4535.75,4537.28,4529.58,4536.54,3462
2026-05-22 06:10:00,4536.46,4537.85,4534.1,4537.8,2656
2026-05-22 06:15:00,4537.78,4541.45,4537.74,4541.44,2054
2026-05-22 06:20:00,4541.46,4541.96,4538.86,4539.42,1707
2026-05-22 06:25:00,4539.41,4540.37,4537.63,4538.78,1988
2026-05-22 06:30:00,4538.68,4540.68,4538.47,4539.15,1976
2026-05-22 06:35:00,4539.31,4542.49,4539.14,4542.29,1618
2026-05-22 06:40:00,4542.33,4543.23,4539.1,4539.23,1743
2026-05-22 06:45:00,4539.24,4542.11,4539.02,4541.49,1507
2026-05-22 06:50:00,4541.47,4542.99,4534.61,4536.16,2680
2026-05-22 06:55:00,4536.19,4543.73,4535.31,4543.06,3495
2026-05-22 07:00:00,4543.04,4544.19,4541.18,4542.04,1569
2026-05-22 07:05:00,4542.07,4544.68,4541.03,4541.3,1060
2026-05-22 07:10:00,4541.29,4543.13,4541.1,4542.44,773
2026-05-22 07:15:00,4542.33,4542.33,4541.04,4541.8,680
2026-05-22 07:20:00,4541.79,4542.72,4540.48,4540.76,681
2026-05-22 07:25:00,4540.77,4541.37,4540.12,4541.19,631
2026-05-22 07:30:00,4541.18,4542.15,4540.34,4540.78,559
2026-05-22 07:35:00,4540.89,4541.93,4540.25,4541.4,569
2026-05-22 07:40:00,4541.39,4541.72,4540.29,4540.71,445
2026-05-22 07:45:00,4540.5,4541.26,4540.08,4540.36,504
2026-05-22 07:50:00,4540.35,4541.87,4539.64,4541.51,499
2026-05-22 07:55:00,4541.55,4543.49,4541.31,4542.57,461
2026-05-22 09:00:00,4541.89,4545.61,4541.03,4544.43,803
2026-05-22 09:05:00,4544.42,4544.43,4540.07,4540.1,1721
2026-05-22 09:10:00,4540.08,4543.27,4539.42,4541.93,608
2026-05-22 09:15:00,4541.91,4543.29,4541.56,4542.69,708
2026-05-22 09:20:00,4542.66,4542.66,4541.55,4541.91,588
2026-05-22 09:25:00,4541.9,4541.94,4539.67,4540.69,1672
2026-05-22 09:30:00,4540.71,4541.58,4540.38,4540.52,331
2026-05-22 09:35:00,4540.81,4541.49,4539.51,4539.99,800
2026-05-22 09:40:00,4540.01,4543.38,4539.84,4542.52,855
2026-05-22 09:45:00,4542.27,4542.98,4541.38,4541.86,404
2026-05-22 09:50:00,4541.85,4541.91,4540.45,4540.49,448
2026-05-22 09:55:00,4540.48,4543.38,4540.44,4543.22,595
2026-05-22 10:00:00,4543.18,4544.91,4542.41,4543.03,600
2026-05-22 10:05:00,4543.05,4543.62,4542.22,4542.79,385
2026-05-22 10:10:00,4543.13,4544.05,4542.43,4543.58,442
2026-05-22 10:15:00,4543.57,4544.18,4540.83,4541.05,523
2026-05-22 10:20:00,4541.06,4541.67,4536.07,4538.68,609
2026-05-22 10:25:00,4538.65,4540.95,4538.42,4540.49,376
2026-05-22 10:30:00,4540.18,4540.18,4536.3,4537.33,562
2026-05-22 10:35:00,4537.59,4537.68,4535.35,4537.38,559
2026-05-22 10:40:00,4537.35,4537.8,4532.09,4532.09,848
2026-05-22 10:45:00,4532.33,4536.01,4532.2,4535.81,953
2026-05-22 10:50:00,4535.77,4536.57,4532.24,4532.86,781
2026-05-22 10:55:00,4533.26,4535.96,4532.87,4535.41,649
2026-05-22 11:00:00,4535.4,4536.98,4530.8,4532.01,2037
2026-05-22 11:05:00,4532.02,4534.43,4531.53,4533.6,1920
2026-05-22 11:10:00,4533.59,4533.59,4531.25,4531.25,1595
2026-05-22 11:15:00,4531.26,4534.1,4530.15,4532.16,1580
2026-05-22 11:20:00,4532.18,4537.23,4531.83,4534.05,1891
2026-05-22 11:25:00,4534.02,4536.35,4532.93,4536.26,1382
2026-05-22 11:30:00,4536.28,4538.96,4535.52,4536.96,1551
2026-05-22 11:35:00,4536.98,4541.23,4535.99,4540.11,1662
2026-05-22 11:40:00,4540.09,4541.04,4537.16,4537.62,1462
2026-05-22 11:45:00,4537.6,4538.81,4533.85,4534.33,1279
2026-05-22 11:50:00,4534.34,4536.02,4527.13,4529.14,1685
2026-05-22 11:55:00,4529.13,4530.51,4525.38,4526.63,1509
2026-05-22 12:00:00,4526.62,4536.18,4525.94,4529.65,3159
2026-05-22 12:05:00,4529.96,4530.98,4523.41,4525.35,3145
2026-05-22 12:10:00,4525.37,4529.93,4524.4,4529.81,2193
2026-05-22 12:15:00,4529.83,4532.66,4528.29,4531.48,2127
2026-05-22 12:20:00,4531.51,4533.4,4527.37,4528.11,2011
2026-05-22 12:25:00,4528.12,4532.02,4526.07,4528.71,1904
2026-05-22 12:30:00,4528.98,4529.87,4524.21,4525.53,2424
2026-05-22 12:35:00,4525.51,4526.43,4521.79,4522.94,2163
2026-05-22 12:40:00,4522.98,4527.82,4521.1,4525.21,2331
2026-05-22 12:45:00,4525.2,4529.15,4524.55,4527.88,2138
2026-05-22 12:50:00,4527.89,4531.7,4526.64,4527.4,2155
2026-05-22 12:55:00,4527.35,4527.92,4525.25,4526.47,2146
2026-05-22 13:00:00,4526.44,4528.63,4524.9,4526.8,2039
2026-05-22 13:05:00,4526.79,4527.02,4521.22,4526.03,2057
2026-05-22 13:10:00,4526.04,4529.41,4524.8,4527.54,1517
2026-05-22 13:15:00,4527.65,4529,4523.76,4523.88,1304
2026-05-22 13:20:00,4523.86,4525.96,4522.67,4524.15,1478
2026-05-22 13:25:00,4524.17,4525.57,4523.54,4524.72,1399
2026-05-22 13:30:00,4524.69,4524.69,4518.03,4519.84,2414
2026-05-22 13:35:00,4519.82,4522.49,4519.59,4521.87,1495
2026-05-22 13:40:00,4521.66,4524.39,4521.32,4522.59,1483
2026-05-22 13:45:00,4522.64,4525.12,4522.13,4525.04,1510
2026-05-22 13:50:00,4525.05,4527.08,4521.83,4522.01,1552
2026-05-22 13:55:00,4522,4523.42,4519.35,4523.24,1644
2026-05-22 14:00:00,4523.22,4525.25,4521.55,4525.2,1470
2026-05-22 14:05:00,4525.18,4525.39,4521.06,4522.3,1269
2026-05-22 14:10:00,4522.31,4524.57,4520.35,4521.11,1120
2026-05-22 14:15:00,4521.26,4522.96,4520.06,4521.71,1226
2026-05-22 14:20:00,4521.72,4523.05,4519.91,4520.43,1149
2026-05-22 14:25:00,4520.45,4522.26,4519,4521.69,1160
2026-05-22 14:30:00,4521.74,4526.11,4521.55,4524.03,1694
2026-05-22 14:35:00,4524.01,4525.9,4522.89,4524.53,659
2026-05-22 14:40:00,4524.51,4527.77,4523.45,4526.9,820
2026-05-22 14:45:00,4526.83,4530.11,4526.75,4529.38,844
2026-05-22 14:50:00,4529.26,4529.51,4526.22,4527.33,773
2026-05-22 14:55:00,4527.34,4529.56,4527.02,4529.27,704
2026-05-22 15:00:00,4529.51,4530.09,4527.97,4528.54,646
2026-05-22 15:05:00,4528.56,4530.19,4528.25,4528.31,916
2026-05-22 15:10:00,4528.32,4529.93,4527.68,4529.19,1070
2026-05-22 15:15:00,4529.26,4529.92,4528.02,4528.17,1035
2026-05-22 15:20:00,4528.16,4529.31,4527.7,4528.2,1097
2026-05-22 15:25:00,4528.21,4532.88,4527.98,4532.07,1610
2026-05-22 15:30:00,4532.11,4532.73,4529.48,4529.86,957
2026-05-22 15:35:00,4529.84,4530.1,4526.06,4526.31,919
2026-05-22 15:40:00,4526.3,4529.41,4525.34,4529.02,890
2026-05-22 15:45:00,4529.04,4529.49,4528.1,4528.29,792
2026-05-22 15:50:00,4528.27,4530.15,4528.15,4528.89,859
2026-05-22 15:55:00,4528.85,4529.45,4527.01,4527.19,801
2026-05-22 16:00:00,4527.07,4529.57,4523.47,4525.66,1408
2026-05-22 16:05:00,4525.64,4527.76,4525.43,4526.44,957
2026-05-22 16:10:00,4526.46,4526.68,4525.07,4525.37,798
2026-05-22 16:15:00,4525.41,4526.56,4523.37,4526.26,951
2026-05-22 16:20:00,4526.25,4528.95,4525.8,4527.25,866
2026-05-22 16:25:00,4527.26,4529.17,4525.82,4526.15,1015
2026-05-22 16:30:00,4526.17,4531.09,4524.87,4528.78,2193
2026-05-22 16:35:00,4528.8,4534.01,4528.29,4533.79,2098
2026-05-22 16:40:00,4533.87,4534.28,4531.33,4534.18,1964
2026-05-22 16:45:00,4534.17,4534.23,4531.13,4532.41,1576
2026-05-22 16:50:00,4532.43,4534.15,4528.5,4528.73,1846
2026-05-22 16:55:00,4528.72,4528.75,4506.91,4511.04,4419
2026-05-22 17:00:00,4511.32,4519.31,4509.86,4519,4606
2026-05-22 17:05:00,4519.01,4523.26,4518.32,4522.88,3202
2026-05-22 17:10:00,4522.87,4524.48,4520.96,4521.36,2473
2026-05-22 17:15:00,4521.33,4522.88,4516.24,4518.68,2599
2026-05-22 17:20:00,4518.71,4525.51,4517.19,4522.48,2048
2026-05-22 17:25:00,4522.46,4526.1,4521.8,4525.38,2169
2026-05-22 17:30:00,4525.36,4527.48,4523.24,4525.65,2444
2026-05-22 17:35:00,4525.78,4527.08,4522.67,4523.07,1822
2026-05-22 17:40:00,4523.09,4526.58,4521.46,4526.44,1938
2026-05-22 17:45:00,4526.46,4528.69,4525,4527.15,1758
2026-05-22 17:50:00,4527.06,4528.26,4523.82,4525.1,1696
2026-05-22 17:55:00,4525.12,4527.77,4525.04,4526.89,1543
2026-05-22 18:00:00,4526.88,4527.14,4522.95,4526.07,1999
2026-05-22 18:05:00,4526.08,4526.44,4522.68,4525.22,1713
2026-05-22 18:10:00,4525.2,4526,4521.36,4522.5,1632
2026-05-22 18:15:00,4522.51,4525.66,4522.33,4524.88,1466
2026-05-22 18:20:00,4524.82,4527.3,4524.47,4526.38,1371
2026-05-22 18:25:00,4526.31,4527.45,4524.27,4525.71,1380
2026-05-22 18:30:00,4525.68,4525.76,4521.39,4522.5,1972
2026-05-22 18:35:00,4522.55,4523.47,4517.16,4517.16,1880
2026-05-22 18:40:00,4517.11,4520.94,4516.06,4519.76,1611
2026-05-22 18:45:00,4519.75,4520.29,4517.52,4518.38,1607
2026-05-22 18:50:00,4518.36,4522.74,4517.67,4521.59,1653
2026-05-22 18:55:00,4521.57,4523.24,4521.03,4521.66,1218
2026-05-22 19:00:00,4521.68,4525.96,4521.28,4525.03,1706
2026-05-22 19:05:00,4524.92,4527.63,4523.68,4527.03,1515
2026-05-22 19:10:00,4527.06,4530.05,4524.15,4524.54,1612
2026-05-22 19:15:00,4524.55,4528.67,4523.54,4527.93,2623
2026-05-22 19:20:00,4527.91,4531.13,4525.81,4527.94,3001
2026-05-22 19:25:00,4528.06,4528.73,4524.32,4527.09,2014
2026-05-22 19:30:00,4526.87,4527.43,4518.33,4519.97,2452
2026-05-22 19:35:00,4519.99,4523.95,4516.95,4521.78,3321
2026-05-22 19:40:00,4521.79,4523,4520.84,4522.42,1866
2026-05-22 19:45:00,4522.37,4523.93,4522.32,4522.5,1668
2026-05-22 19:50:00,4522.51,4524.94,4521.73,4524,1695
2026-05-22 19:55:00,4523.9,4524.08,4521.45,4521.75,1568
2026-05-22 20:00:00,4521.79,4524.93,4520.42,4523.97,1494
2026-05-22 20:05:00,4523.96,4525.57,4519.98,4522.22,1601
2026-05-22 20:10:00,4522.24,4523.22,4517.01,4517.18,1471
2026-05-22 20:15:00,4517.16,4519.52,4515.03,4518.45,2048
2026-05-22 20:20:00,4518.4,4519.81,4518.01,4519.21,1652
2026-05-22 20:25:00,4519.06,4520.57,4517,4517.64,1946
2026-05-22 20:30:00,4517.58,4519.39,4514.56,4519.39,2643
2026-05-22 20:35:00,4519.3,4524.42,4518.34,4524.29,1338
2026-05-22 20:40:00,4524.3,4526.03,4522.79,4525.17,1244
2026-05-22 20:45:00,4525.16,4528.75,4524.58,4528.44,1018
2026-05-22 20:50:00,4528.46,4535.9,4528.46,4532.99,1357
2026-05-22 20:55:00,4533,4535.31,4532,4532.05,1231
2026-05-22 21:00:00,4532.06,4532.47,4529.58,4529.58,1175
2026-05-22 21:05:00,4529.56,4536.75,4529.54,4535.43,1716
2026-05-22 21:10:00,4535.44,4536.85,4533.75,4533.84,1475
2026-05-22 21:15:00,4533.9,4534.23,4531.26,4531.48,1160
2026-05-22 21:20:00,4531.41,4531.48,4527.62,4529.75,1237
2026-05-22 21:25:00,4529.74,4530.37,4524.37,4524.66,1270
2026-05-22 21:30:00,4524.65,4525.37,4518.63,4518.87,1835
2026-05-22 21:35:00,4518.88,4520.76,4514.5,4517.93,2096
2026-05-22 21:40:00,4517.91,4518.01,4512.17,4512.43,1600
2026-05-22 21:45:00,4512.37,4514.96,4510.12,4512.88,1651
2026-05-22 21:50:00,4512.9,4515.12,4512.33,4512.44,1394
2026-05-22 21:55:00,4512.42,4515.2,4511.86,4514.51,1592
2026-05-22 22:00:00,4514.5,4516.54,4513.76,4516.18,1965
2026-05-22 22:05:00,4516.2,4517.38,4515.5,4516.23,1490
2026-05-22 22:10:00,4516.26,4516.36,4513.91,4515.79,1380
2026-05-22 22:15:00,4515.78,4515.78,4511.85,4512.99,1316
2026-05-22 22:20:00,4512.92,4513.86,4512.02,4512.54,1264
2026-05-22 22:25:00,4512.56,4515.07,4511.88,4511.97,1181
2026-05-22 22:30:00,4511.94,4517.37,4511.36,4517.13,1371
2026-05-22 22:35:00,4517.06,4520.26,4516.68,4518.71,1406
2026-05-22 22:40:00,4518.8,4523.1,4517.07,4521.54,1377
2026-05-22 22:45:00,4521.6,4525.02,4521.01,4522.37,2060
2026-05-22 22:50:00,4522.38,4524.08,4521.83,4523.18,1547
2026-05-22 22:55:00,4523.21,4523.5,4520.08,4520.62,1488
2026-05-22 23:00:00,4520.64,4522.25,4518.71,4521.44,2207
2026-05-22 23:05:00,4521.29,4523.19,4519.11,4519.88,1888
2026-05-22 23:10:00,4519.85,4529.93,4519.62,4529.27,3614
2026-05-22 23:15:00,4529.26,4535.82,4526.16,4533.1,3576
2026-05-22 23:20:00,4533.03,4534.22,4524.45,4527.22,3164
2026-05-22 23:25:00,4527.21,4528.39,4521.14,4521.81,2316
2026-05-22 23:30:00,4521.75,4523.73,4517.55,4518.08,2589
2026-05-22 23:35:00,4518.1,4518.85,4515.12,4518.01,2155
2026-05-22 23:40:00,4517.98,4519.79,4516.34,4518.73,2336
2026-05-22 23:45:00,4518.75,4520.01,4517.31,4518.7,2033
2026-05-22 23:50:00,4518.64,4521.5,4518.27,4519.69,2100
2026-05-22 23:55:00,4519.67,4528.46,4519.02,4528.2,2086
2026-05-23 00:00:00,4528.19,4530.28,4520.7,4523.87,3891
2026-05-23 00:05:00,4523.88,4532.64,4522.68,4531.79,2593
2026-05-23 00:10:00,4532.02,4534.26,4526.97,4528.24,3748
2026-05-23 00:15:00,4528.26,4529.77,4525.53,4527.17,3010
2026-05-23 00:20:00,4527.18,4528.23,4523.32,4523.5,1945
2026-05-23 00:25:00,4523.68,4524.31,4521.23,4522.06,2320
2026-05-23 00:30:00,4521.87,4527.24,4519.81,4522.72,4470
2026-05-23 00:35:00,4522.73,4524.22,4518.24,4519.73,3736
2026-05-23 00:40:00,4519.75,4519.86,4510.88,4517.62,4249
2026-05-23 00:45:00,4517.58,4518.95,4510.19,4510.93,4323
2026-05-23 00:50:00,4511.08,4517.57,4510.36,4517.02,4002
2026-05-23 00:55:00,4516.99,4516.99,4511.36,4513.35,2574
2026-05-23 01:00:00,4513.34,4513.38,4502.65,4507.83,4771
2026-05-23 01:05:00,4508.02,4510.61,4504.55,4509.88,4386
2026-05-23 01:10:00,4509.97,4510.9,4492.27,4497.34,4224
2026-05-23 01:15:00,4497.33,4500.35,4492.42,4498.03,5254
2026-05-23 01:20:00,4498.05,4499.63,4491.51,4494.39,4886
2026-05-23 01:25:00,4494.35,4499.98,4491.7,4499.09,4455
2026-05-23 01:30:00,4499.11,4502.2,4497.17,4500.87,3604
2026-05-23 01:35:00,4500.86,4504.08,4498.24,4500.25,3510
2026-05-23 01:40:00,4500.26,4505.84,4500.13,4504.3,2638
2026-05-23 01:45:00,4504.22,4507.17,4503.77,4503.96,2444
2026-05-23 01:50:00,4503.91,4504.56,4501.26,4503.7,2418
2026-05-23 01:55:00,4503.71,4504.01,4500.29,4500.48,2751
2026-05-23 02:00:00,4500.55,4506,4500.24,4505.63,3005
2026-05-23 02:05:00,4505.65,4511.4,4505.31,4511.26,2785
2026-05-23 02:10:00,4511.24,4511.96,4509.64,4511.18,2609
2026-05-23 02:15:00,4511.22,4516.56,4510.95,4515.78,2344
2026-05-23 02:20:00,4515.67,4515.84,4513.64,4514.2,2139
2026-05-23 02:25:00,4514.22,4519.3,4513.53,4519.3,2341
2026-05-23 02:30:00,4519.38,4522.24,4518.59,4519.34,2712
2026-05-23 02:35:00,4518.98,4521.77,4518.29,4520.7,2344
2026-05-23 02:40:00,4520.63,4521.26,4517.17,4518.06,2080
2026-05-23 02:45:00,4518.05,4519.63,4514.58,4514.83,1984
2026-05-23 02:50:00,4514.82,4518.09,4514.67,4516.86,2189
2026-05-23 02:55:00,4516.89,4521.9,4516.84,4519.82,2147
2026-05-23 03:00:00,4519.84,4520.34,4516.67,4518.95,2360
2026-05-23 03:05:00,4518.89,4519.59,4516.81,4517.82,1694
2026-05-23 03:10:00,4517.8,4519.98,4517.38,4519.27,1618
2026-05-23 03:15:00,4519.12,4519.29,4516.64,4517,1575
2026-05-23 03:20:00,4516.99,4520.7,4516.86,4520.2,1450
2026-05-23 03:25:00,4520.48,4524.15,4520.19,4523.67,1560
2026-05-23 03:30:00,4523.68,4526.66,4521.56,4522.1,2262
2026-05-23 03:35:00,4522.11,4522.91,4518.68,4519.45,1884
2026-05-23 03:40:00,4519.44,4519.57,4512.81,4515.01,1887
2026-05-23 03:45:00,4514.82,4518.01,4513.28,4513.5,2573
2026-05-23 03:50:00,4513.61,4514.62,4512.37,4513.96,2107
2026-05-23 03:55:00,4513.97,4515.03,4512.2,4514.88,1754
2026-05-23 04:00:00,4514.9,4519,4514.66,4518.63,1705
2026-05-23 04:05:00,4518.62,4520.15,4517.54,4519.81,1250
2026-05-23 04:10:00,4519.84,4520.81,4518.8,4519.21,1511
2026-05-23 04:15:00,4519.01,4520.14,4513.97,4514.61,1885
2026-05-23 04:20:00,4514.74,4516.83,4513.03,4516.18,2649
2026-05-23 04:25:00,4516.22,4526,4515.44,4525.33,4169
2026-05-23 04:30:00,4525.27,4527.9,4519.88,4520.08,5164
2026-05-23 04:35:00,4520.12,4524.07,4519.47,4523.51,2661
2026-05-23 04:40:00,4523.54,4524.4,4522.18,4522.18,2020
2026-05-23 04:45:00,4522.19,4522.88,4520.68,4521.36,2124
2026-05-23 04:50:00,4521.4,4522.18,4518.84,4519.72,2105
2026-05-23 04:55:00,4519.74,4521.5,4518.51,4519.25,1794
2026-05-23 05:00:00,4519.31,4519.49,4511.62,4515.67,2415
2026-05-23 05:05:00,4515.65,4517.23,4514.05,4515.53,2158
2026-05-23 05:10:00,4515.44,4515.54,4512.58,4513.72,1668
2026-05-23 05:15:00,4513.7,4516.06,4512.42,4514.92,1540
2026-05-23 05:20:00,4514.99,4517.69,4514.83,4516.49,1454
2026-05-23 05:25:00,4516.5,4517.57,4515.21,4515.21,1660
2026-05-23 05:30:00,4515.14,4517.07,4513.83,4516.98,1309
2026-05-23 05:35:00,4516.99,4520.01,4514.62,4518.12,1665
2026-05-23 05:40:00,4518.11,4518.51,4514.66,4515.08,1571
2026-05-23 05:45:00,4515.11,4516.05,4512.8,4513.17,1543
2026-05-23 05:50:00,4513.2,4515.83,4512.86,4515.35,986
2026-05-23 05:55:00,4515.34,4515.84,4513.06,4515.2,1475
2026-05-23 06:00:00,4515.21,4515.91,4509.48,4510.62,2518
2026-05-23 06:05:00,4510.6,4511.08,4507.73,4508.48,2121
2026-05-23 06:10:00,4508.47,4509.65,4506.87,4507.23,1537
2026-05-23 06:15:00,4507.21,4509.07,4506.87,4508.9,1582
2026-05-23 06:20:00,4508.87,4508.91,4507.03,4507.81,1213
2026-05-23 06:25:00,4507.8,4508.6,4506.3,4507.24,1060
2026-05-23 06:30:00,4507.18,4508.28,4504.15,4507.91,1312
2026-05-23 06:35:00,4507.88,4509.75,4507.12,4508.97,1310
2026-05-23 06:40:00,4508.96,4510.82,4508.69,4509.69,1380
2026-05-23 06:45:00,4509.7,4510.01,4506.89,4507.5,1288
2026-05-23 06:50:00,4507.39,4508.3,4506.53,4507.74,1289
2026-05-23 06:55:00,4507.69,4509.27,4507.33,4508.22,1544
2026-05-23 07:00:00,4508.24,4509.28,4504.62,4506.23,928
2026-05-23 07:05:00,4506.14,4507.14,4505.15,4506.64,364
2026-05-23 07:10:00,4507.02,4508.15,4506.14,4507.93,359
2026-05-23 07:15:00,4507.95,4509.34,4506.6,4508.95,404
2026-05-23 07:20:00,4508.94,4510.32,4508.72,4509.6,324
2026-05-23 07:25:00,4509.59,4510.45,4508.13,4509.9,288
2026-05-23 07:30:00,4509.89,4510.29,4505.67,4506.69,767
2026-05-23 07:35:00,4506.64,4507.05,4505.4,4506.3,368
2026-05-23 07:40:00,4506.28,4506.28,4504.08,4504.33,558
2026-05-25 09:00:00,4541.52,4552.76,4540.13,4550.22,2108
2026-05-25 09:05:00,4550.19,4556.71,4549.21,4553.79,2357
2026-05-25 09:10:00,4553.86,4557.79,4551.98,4554.68,1854
2026-05-25 09:15:00,4554.9,4556.36,4548.5,4552.01,2059
2026-05-25 09:20:00,4552.05,4555.47,4551.47,4554.24,1222
2026-05-25 09:25:00,4554.33,4555.25,4550.88,4551.67,1191
2026-05-25 09:30:00,4551.84,4561.05,4551.23,4558.81,1669
2026-05-25 09:35:00,4558.8,4559.21,4556.7,4557.73,1091
2026-05-25 09:40:00,4557.74,4558.38,4556.27,4558.23,908
2026-05-25 09:45:00,4558.35,4565.59,4557.58,4565.05,1163
2026-05-25 09:50:00,4565.1,4565.1,4561.78,4562.19,1052
2026-05-25 09:55:00,4562.17,4565.58,4561.38,4565.05,780
2026-05-25 10:00:00,4565.06,4568.74,4564.71,4568.1,1272
2026-05-25 10:05:00,4568.04,4574,4567.39,4572.61,1288
2026-05-25 10:10:00,4572.6,4576.45,4572.6,4574.43,999
2026-05-25 10:15:00,4574.47,4577.59,4573.5,4574.15,877
2026-05-25 10:20:00,4574.14,4578.25,4573.89,4576.83,739
2026-05-25 10:25:00,4576.91,4578.06,4573.39,4574.95,968
2026-05-25 10:30:00,4574.97,4578.72,4574.97,4578.07,1042
2026-05-25 10:35:00,4578.05,4579.19,4577.41,4578.66,936
2026-05-25 10:40:00,4578.67,4580.13,4576.93,4577.34,833
2026-05-25 10:45:00,4577.31,4578.26,4575.06,4576.93,1068
2026-05-25 10:50:00,4576.92,4576.92,4574.01,4574.97,934
2026-05-25 10:55:00,4574.8,4575.07,4565.42,4567.01,1262
2026-05-25 11:00:00,4566.81,4571.58,4566.16,4568.72,1992
2026-05-25 11:05:00,4568.44,4574.17,4568.11,4572.61,1855
2026-05-25 11:10:00,4572.99,4575.7,4570.09,4572.53,1633
2026-05-25 11:15:00,4572.51,4573.41,4569.57,4571,1547
2026-05-25 11:20:00,4571.29,4574.53,4569.78,4574.51,1208
2026-05-25 11:25:00,4574.55,4575.4,4569.79,4572.16,1477
2026-05-25 11:30:00,4572.08,4574.62,4571.58,4573.96,1288
2026-05-25 11:35:00,4573.94,4575.42,4571.99,4574.91,1047
2026-05-25 11:40:00,4574.88,4574.88,4570.68,4571.46,1245
2026-05-25 11:45:00,4571.48,4579.47,4570.81,4576.66,1478
2026-05-25 11:50:00,4576.74,4577.45,4571.3,4573.25,1711
2026-05-25 11:55:00,4573.23,4574.31,4565.9,4569.44,2087
2026-05-25 12:00:00,4569.46,4576,4566.63,4568.01,3738
2026-05-25 12:05:00,4568.04,4569.72,4560.15,4562.17,2957
2026-05-25 12:10:00,4562.14,4566.88,4561.37,4565.7,2594
2026-05-25 12:15:00,4565.68,4566.43,4561.97,4566,2269
2026-05-25 12:20:00,4566.28,4573,4565.35,4571.52,1697
2026-05-25 12:25:00,4571.53,4575.33,4568.81,4573.1,1814
2026-05-25 12:30:00,4573.01,4574.76,4568.36,4568.64,2053
2026-05-25 12:35:00,4568.59,4571.72,4568.59,4570.47,1689
2026-05-25 12:40:00,4570.42,4571.12,4563.14,4563.44,1535
2026-05-25 12:45:00,4563.41,4564.91,4560.11,4563.74,1692
2026-05-25 12:50:00,4563.7,4567.31,4561.26,4566.4,1379
2026-05-25 12:55:00,4566.41,4567.05,4560.84,4562.9,1287
2026-05-25 13:00:00,4562.53,4565.35,4561.06,4562.48,1332
2026-05-25 13:05:00,4562.64,4568.28,4562.19,4567.65,1527
2026-05-25 13:10:00,4567.72,4567.98,4561.2,4562.04,1351
2026-05-25 13:15:00,4562.09,4562.53,4558.87,4561.52,1215
2026-05-25 13:20:00,4561.65,4563.24,4559.51,4562.37,869
2026-05-25 13:25:00,4562.55,4563.08,4559.48,4562.92,840
2026-05-25 13:30:00,4562.95,4565.53,4561.3,4563.39,1385
2026-05-25 13:35:00,4563.58,4565.8,4561.95,4565.46,1400
2026-05-25 13:40:00,4565.44,4569.69,4564.16,4569.69,1276
2026-05-25 13:45:00,4569.7,4570.23,4562.03,4563.39,1441
2026-05-25 13:50:00,4563.4,4565.02,4561.81,4561.84,937
2026-05-25 13:55:00,4561.82,4562.98,4559.18,4561.05,1308
2026-05-25 14:00:00,4561.13,4564.31,4560.95,4562.89,1555
2026-05-25 14:05:00,4563.2,4563.47,4560.48,4563.12,1138
2026-05-25 14:10:00,4563.13,4563.64,4561.24,4563.09,958
2026-05-25 14:15:00,4563.11,4563.51,4561.53,4562.18,1062
2026-05-25 14:20:00,4562.13,4564.32,4561.33,4561.48,1117
2026-05-25 14:25:00,4561.46,4562.06,4559.78,4560.52,1032
2026-05-25 14:30:00,4560.63,4562.4,4559.23,4561.4,994
2026-05-25 14:35:00,4561.38,4563.96,4561.06,4562.79,1129
2026-05-25 14:40:00,4562.81,4562.92,4557.8,4558.49,887
2026-05-25 14:45:00,4558.47,4559.09,4556.62,4558.18,1010
2026-05-25 14:50:00,4558.46,4560,4556.57,4559.71,979
2026-05-25 14:55:00,4559.65,4561.21,4559.3,4559.61,1021
2026-05-25 15:00:00,4559.59,4561.87,4559.22,4560.99,828
2026-05-25 15:05:00,4560.97,4562.12,4560.63,4561.51,764
2026-05-25 15:10:00,4561.48,4562.42,4559.82,4560.8,659
2026-05-25 15:15:00,4560.88,4561.81,4560,4560.98,559
2026-05-25 15:20:00,4560.99,4564.42,4560.99,4564.03,737
2026-05-25 15:25:00,4564.04,4565.87,4563.97,4565.05,715
2026-05-25 15:30:00,4565.06,4565.44,4560.07,4560.45,2099
2026-05-25 15:35:00,4560.65,4562.58,4559.3,4561.98,739
2026-05-25 15:40:00,4562.08,4562.88,4560.44,4562.5,515
2026-05-25 15:45:00,4562.52,4564.37,4561.98,4563.82,406
2026-05-25 15:50:00,4563.8,4565.33,4563,4564.03,520
2026-05-25 15:55:00,4564.41,4565.72,4563.81,4564.84,616
2026-05-25 16:00:00,4564.83,4566.15,4562.61,4565.59,720
2026-05-25 16:05:00,4565.58,4566.11,4564.23,4564.43,507
2026-05-25 16:10:00,4564.44,4565.18,4562.62,4563.51,708
2026-05-25 16:15:00,4563.45,4563.67,4562.33,4562.88,602
2026-05-25 16:20:00,4562.89,4563,4556.22,4556.38,1044
2026-05-25 16:25:00,4556.38,4557.05,4553.73,4554.06,950
2026-05-25 16:30:00,4553.78,4559.78,4552.4,4557.67,1717
2026-05-25 16:35:00,4557.71,4560.91,4557.45,4559.65,972
2026-05-25 16:40:00,4560,4560.96,4554.9,4556.93,1105
2026-05-25 16:45:00,4556.91,4557.88,4554.05,4554.58,1624
2026-05-25 16:50:00,4554.59,4555.17,4551.98,4553.92,1474
2026-05-25 16:55:00,4553.93,4555.48,4552.6,4553.41,1330
2026-05-25 17:00:00,4553.38,4555.82,4552.54,4552.99,1920
2026-05-25 17:05:00,4552.96,4553.72,4550.37,4551.79,1491
2026-05-25 17:10:00,4552.02,4554.26,4551.29,4553.76,1383
2026-05-25 17:15:00,4553.73,4555.36,4552.39,4554.52,1429
2026-05-25 17:20:00,4554.51,4556.75,4552.3,4556.36,1483
2026-05-25 17:25:00,4556.37,4557.36,4553.86,4554.08,1300
2026-05-25 17:30:00,4554.09,4556.05,4553.34,4555.05,1117
2026-05-25 17:35:00,4555.18,4557.45,4554.69,4555.49,1089
2026-05-25 17:40:00,4555.48,4557.4,4554.95,4556.38,979
2026-05-25 17:45:00,4556.36,4559.34,4555.97,4557.94,1298
2026-05-25 17:50:00,4557.86,4559.41,4556.15,4558.64,1573
2026-05-25 17:55:00,4558.59,4563.3,4558.59,4562.46,1706
2026-05-25 18:00:00,4562.75,4564.73,4561.24,4563.98,1391
2026-05-25 18:05:00,4563.97,4564.44,4561.28,4562.05,1560
2026-05-25 18:10:00,4561.99,4564.43,4560.57,4560.63,1272
2026-05-25 18:15:00,4560.64,4561.27,4552.78,4555.3,2124
2026-05-25 18:20:00,4555.31,4556.11,4552.34,4555.3,2038
2026-05-25 18:25:00,4555.63,4557.01,4553.89,4554.29,1123
2026-05-25 18:30:00,4554.3,4561.61,4553.98,4558.97,1638
2026-05-25 18:35:00,4558.99,4559.92,4557.15,4558.68,1133
2026-05-25 18:40:00,4558.7,4561.09,4558.41,4559.85,899
2026-05-25 18:45:00,4559.58,4562.17,4558.36,4562.17,830
2026-05-25 18:50:00,4562.14,4565.02,4561.69,4563.73,784
2026-05-25 18:55:00,4563.7,4565.11,4563.23,4564.64,768
2026-05-25 19:00:00,4564.61,4564.84,4562.39,4562.61,942
2026-05-25 19:05:00,4562.6,4563.08,4559.64,4561.42,762
2026-05-25 19:10:00,4561.46,4561.86,4559.49,4560.91,567
2026-05-25 19:15:00,4560.92,4561.16,4559.38,4560.74,603
2026-05-25 19:20:00,4560.77,4561.16,4555.27,4555.31,940
2026-05-25 19:25:00,4555.35,4556.19,4553.7,4554.88,1263
2026-05-25 19:30:00,4555.1,4558.07,4554.25,4556.99,776
2026-05-25 19:35:00,4557.06,4558.01,4554.95,4556.01,810
2026-05-25 19:40:00,4555.99,4556.51,4553.08,4554.59,781
2026-05-25 19:45:00,4554.6,4555.23,4553.32,4554.58,783
2026-05-25 19:50:00,4554.66,4556.3,4554.29,4555.86,694
2026-05-25 19:55:00,4555.87,4556.53,4555.51,4556,508
2026-05-25 20:00:00,4556.01,4558.63,4555.48,4557.14,591
2026-05-25 20:05:00,4557.16,4557.26,4554.9,4554.91,486
2026-05-25 20:10:00,4554.92,4557.1,4554.84,4555.45,465
2026-05-25 20:15:00,4555.44,4557.41,4555.44,4556.45,431
2026-05-25 20:20:00,4556.33,4556.65,4555.46,4556.46,443
2026-05-25 20:25:00,4556.45,4559.17,4556.34,4558.93,452
2026-05-25 20:30:00,4558.94,4565.29,4558.54,4565.22,1325
2026-05-25 20:35:00,4565.17,4565.81,4563.03,4564.83,1348
2026-05-25 20:40:00,4564.82,4566.08,4563.69,4565.66,708
2026-05-25 20:45:00,4565.68,4566.81,4564.7,4566.42,681
2026-05-25 20:50:00,4566.41,4568.57,4566.19,4567.11,653
2026-05-25 20:55:00,4567.09,4569.15,4566.71,4567.56,813
2026-05-25 21:00:00,4567.57,4569.97,4567.56,4568.93,779
2026-05-25 21:05:00,4568.96,4571.04,4568.78,4571.04,664
2026-05-25 21:10:00,4571.03,4572.48,4569.82,4571.98,1073
2026-05-25 21:15:00,4572,4573.58,4571.16,4572.92,789
2026-05-25 21:20:00,4572.91,4572.97,4570.94,4572.38,879
2026-05-25 21:25:00,4572.37,4572.44,4569.72,4570.85,963
2026-05-25 21:30:00,4570.88,4573.27,4569.89,4572.51,735
2026-05-25 21:35:00,4572.49,4572.53,4570.53,4570.69,1068
2026-05-25 21:40:00,4570.7,4570.95,4568.24,4570.21,1055
2026-05-25 21:45:00,4570.23,4572.49,4570.06,4570.33,487
2026-05-25 21:50:00,4570.37,4570.38,4569.03,4569.79,501
2026-05-25 21:55:00,4569.8,4570.15,4568.39,4568.56,400
2026-05-25 22:00:00,4568.54,4568.87,4567.85,4568.38,487
2026-05-25 22:05:00,4568.4,4568.5,4567.45,4568.39,499
2026-05-25 22:10:00,4568.35,4572.5,4568.3,4571.96,797
2026-05-25 22:15:00,4571.98,4575.29,4571.95,4574.82,986
2026-05-25 22:20:00,4574.94,4574.99,4571.72,4571.88,683
2026-05-25 22:25:00,4571.89,4571.89,4569.4,4571.65,843
2026-05-25 22:30:00,4571.64,4574.24,4571.51,4572.96,1214
2026-05-25 22:35:00,4572.95,4576.07,4572.59,4575.8,918
2026-05-25 22:40:00,4575.81,4576.02,4573.83,4574.38,954
2026-05-25 22:45:00,4574.4,4576.97,4571.08,4571.08,1184
2026-05-25 22:50:00,4571.09,4572.01,4570.27,4570.68,672
2026-05-25 22:55:00,4570.7,4571.06,4569.14,4569.25,798
2026-05-25 23:00:00,4569.23,4569.32,4563.7,4564.45,1363
2026-05-25 23:05:00,4564.43,4564.47,4556.93,4560.42,1498
2026-05-25 23:10:00,4560.32,4561.27,4556.1,4556.32,1305
2026-05-25 23:15:00,4556.33,4556.94,4553.89,4554.06,1190
2026-05-25 23:20:00,4553.91,4556.93,4552.94,4556.35,1446
2026-05-25 23:25:00,4556.02,4560.91,4555.84,4560.46,1125
2026-05-25 23:30:00,4560.52,4564.16,4559.79,4564.08,992
2026-05-25 23:35:00,4564.12,4570.26,4563.22,4568.82,1595
2026-05-25 23:40:00,4568.84,4569.16,4566.27,4566.35,1469
2026-05-25 23:45:00,4566.36,4568.19,4564.05,4566.13,1595
2026-05-25 23:50:00,4566.11,4567.21,4565.78,4566.67,787
2026-05-25 23:55:00,4566.68,4568.77,4566.52,4567.69,1151
2026-05-26 00:00:00,4567.58,4567.81,4561.32,4564.54,2451
2026-05-26 00:05:00,4564.6,4571.23,4564.47,4568.32,1782
2026-05-26 00:10:00,4568.35,4568.41,4562.69,4564.46,1478
2026-05-26 00:15:00,4564.31,4564.37,4560.36,4561.86,1472
2026-05-26 00:20:00,4561.88,4564.58,4561.78,4563.35,1325
2026-05-26 00:25:00,4563.34,4563.66,4560.87,4561.74,1216
2026-05-26 00:30:00,4561.45,4564.27,4561.4,4564,1521
2026-05-26 00:35:00,4564.05,4565.45,4562.92,4564.2,1177
2026-05-26 00:40:00,4564.21,4565.47,4563.64,4565.08,1146
2026-05-26 00:45:00,4565.07,4565.35,4560.12,4561.55,1190
2026-05-26 00:50:00,4561.53,4563.3,4560.71,4563.24,1340
2026-05-26 00:55:00,4563.27,4564.86,4562.95,4563.04,1165
2026-05-26 01:00:00,4563.05,4567.32,4562.3,4566.91,1472
2026-05-26 01:05:00,4566.97,4569.89,4566.97,4569.61,1506
2026-05-26 01:10:00,4569.6,4570.03,4566.88,4567.63,1108
2026-05-26 01:15:00,4567.61,4568.89,4567.46,4568.4,1080
2026-05-26 01:20:00,4568.42,4570.24,4567.63,4570.17,981
2026-05-26 01:25:00,4570.27,4570.58,4567.19,4567.71,1174
2026-05-26 01:30:00,4567.73,4568.41,4564.95,4567.76,1397
2026-05-26 01:35:00,4567.78,4568.56,4566.35,4567.68,967
2026-05-26 01:40:00,4567.7,4568.54,4566.43,4567.09,916
2026-05-26 01:45:00,4567.1,4568.61,4566.43,4568.29,1467
2026-05-26 01:50:00,4568.3,4569.1,4565.78,4565.87,1128
2026-05-26 01:55:00,4565.85,4567.1,4565.41,4566.81,1297
2026-05-26 02:00:00,4566.77,4569.3,4566.49,4568.06,1230
2026-05-26 02:05:00,4568.03,4568.03,4565.65,4566.65,975
2026-05-26 02:10:00,4566.67,4573.38,4565.92,4570.08,3011
2026-05-26 02:15:00,4570.05,4570.93,4567.76,4570.53,1714
2026-05-26 02:20:00,4570.51,4573.57,4570.07,4572.96,1518
2026-05-26 02:25:00,4572.9,4574.64,4571.47,4573.48,1700
2026-05-26 02:30:00,4573.44,4573.57,4570.06,4570.87,981
2026-05-26 02:35:00,4571.02,4571.09,4566.81,4568.67,1095
2026-05-26 02:40:00,4568.66,4569.67,4567.91,4568.95,943
2026-05-26 02:45:00,4568.93,4570.56,4568.67,4570.24,786
2026-05-26 02:50:00,4570.26,4572.46,4570.14,4571.79,716
2026-05-26 02:55:00,4571.78,4572.76,4570.63,4570.89,681
2026-05-26 03:00:00,4570.92,4571.13,4568.39,4569.44,964
2026-05-26 03:05:00,4569.42,4570.11,4568.87,4569.46,740
2026-05-26 03:10:00,4569.47,4570.85,4569.23,4570.54,662
2026-05-26 03:15:00,4570.56,4570.66,4568.68,4568.73,540
2026-05-26 03:20:00,4568.75,4570.35,4568.75,4569.52,638
2026-05-26 03:25:00,4569.56,4570.2,4568,4568.11,422
2026-05-26 03:30:00,4568.1,4570.04,4567.86,4570.04,656
2026-05-26 03:35:00,4570.08,4571.09,4569.7,4571.03,518
2026-05-26 03:40:00,4571.04,4572.3,4570.28,4572,892
2026-05-26 03:45:00,4572.03,4573.35,4571.6,4572.86,726
2026-05-26 03:50:00,4572.85,4574.66,4570.76,4570.79,1207
2026-05-26 03:55:00,4570.93,4573.55,4570.89,4573.44,782
2026-05-26 04:00:00,4573.29,4576.62,4573.21,4575.49,1125
2026-05-26 04:05:00,4575.35,4575.92,4574.31,4575.78,696
2026-05-26 04:10:00,4575.77,4578.15,4573.58,4573.97,1491
2026-05-26 04:15:00,4573.95,4574.44,4573.39,4573.62,728
2026-05-26 04:20:00,4573.63,4573.63,4570.95,4571.16,747
2026-05-26 04:25:00,4571.18,4571.38,4570.11,4571.25,440
2026-05-26 04:30:00,4571.24,4571.29,4569.63,4569.63,377
2026-05-26 04:35:00,4569.48,4569.9,4567.54,4567.61,356
2026-05-26 04:40:00,4567.62,4568.02,4566.01,4566.73,553
2026-05-26 04:45:00,4566.74,4566.75,4562.98,4565.22,1147
2026-05-26 04:50:00,4565.23,4565.44,4563.42,4564.45,423
2026-05-26 04:55:00,4564.46,4565.76,4563.86,4565.06,374
2026-05-26 05:00:00,4565.07,4569.19,4564.31,4569.06,637
2026-05-26 05:05:00,4569.01,4571.57,4567.74,4570.23,509
2026-05-26 05:10:00,4570.28,4570.66,4567.76,4569.04,349
2026-05-26 05:15:00,4569.02,4570.21,4568.62,4568.64,185
2026-05-26 05:20:00,4568.92,4570.76,4567.19,4567.55,352
2026-05-26 05:25:00,4567.53,4570.93,4567.25,4570.93,365
2026-05-26 05:30:00,4570.84,4571.41,4569.83,4570.84,784
2026-05-26 05:35:00,4570.5,4570.87,4570.01,4570.54,191
2026-05-26 05:40:00,4570.85,4570.85,4570.85,4570.85,1
2026-05-26 05:45:00,4570.84,4570.89,4570.39,4570.64,28
2026-05-26 05:50:00,4570.26,4570.76,4570.25,4570.26,16
2026-05-26 07:15:00,4571.73,4572.13,4571.61,4571.61,91
2026-05-26 07:20:00,4571.6,4571.6,4571.54,4571.54,7
2026-05-26 07:45:00,4571.57,4572.9,4571.08,4572.26,859
2026-05-26 09:00:00,4572.39,4573.39,4570.6,4570.64,1230
2026-05-26 09:05:00,4570.68,4573.11,4570.64,4572.73,988
2026-05-26 09:10:00,4572.75,4574.22,4571.93,4573.52,631
2026-05-26 09:15:00,4573.49,4575.45,4573.17,4573.93,621
2026-05-26 09:20:00,4573.97,4575.32,4572.85,4575.2,768
2026-05-26 09:25:00,4575.18,4575.55,4572.62,4572.88,546
2026-05-26 09:30:00,4572.91,4573.3,4570.75,4570.81,792
2026-05-26 09:35:00,4570.74,4573.45,4569.32,4572.71,659
2026-05-26 09:40:00,4572.73,4575.1,4571.45,4573.98,630
2026-05-26 09:45:00,4574.03,4575.15,4573.25,4573.8,544
2026-05-26 09:50:00,4573.52,4576.33,4573.52,4576.17,381
2026-05-26 09:55:00,4576.19,4576.54,4573.86,4574.74,782
2026-05-26 10:00:00,4574.76,4576.68,4573.57,4573.77,751
2026-05-26 10:05:00,4573.78,4576.86,4573.4,4575.93,553
2026-05-26 10:10:00,4575.94,4579.33,4575.24,4578.96,951
2026-05-26 10:15:00,4578.97,4580.2,4577.17,4577.46,722
2026-05-26 10:20:00,4577.49,4578.11,4572.88,4573.63,718
2026-05-26 10:25:00,4573.58,4574.04,4566.77,4567.96,946
2026-05-26 10:30:00,4567.94,4568.52,4560.4,4560.62,1200
2026-05-26 10:35:00,4560.59,4562.55,4555.03,4561.51,1933
2026-05-26 10:40:00,4561.2,4562.14,4554.74,4556.69,1189
2026-05-26 10:45:00,4556.7,4561.03,4556.7,4559.41,1307
2026-05-26 10:50:00,4559.38,4562.91,4558.28,4562.23,884
2026-05-26 10:55:00,4562.47,4562.88,4559.02,4559.57,740
2026-05-26 11:00:00,4559.64,4560.23,4548.97,4550.71,2906
2026-05-26 11:05:00,4550.7,4552.53,4548.65,4549.65,2305
2026-05-26 11:10:00,4549.66,4553.03,4548.34,4552.12,1784
2026-05-26 11:15:00,4552.14,4553.18,4540.84,4545.63,2100
2026-05-26 11:20:00,4545.61,4547.03,4541.09,4544.34,2486
2026-05-26 11:25:00,4544.36,4550.32,4543.74,4548.8,1416
2026-05-26 11:30:00,4548.78,4552.78,4548.78,4551.67,1645
2026-05-26 11:35:00,4551.69,4552.11,4546.15,4547.28,1367
2026-05-26 11:40:00,4547.27,4549.46,4543.29,4547.83,1553
2026-05-26 11:45:00,4547.84,4551.7,4544.35,4544.77,1620
2026-05-26 11:50:00,4544.76,4546.18,4539.18,4541.99,1902
2026-05-26 11:55:00,4541.93,4550.04,4541.93,4549.17,1663
2026-05-26 12:00:00,4549.47,4550.3,4542.1,4542.26,3344
2026-05-26 12:05:00,4542.27,4547.38,4542.05,4545.58,2273
2026-05-26 12:10:00,4545.59,4549.23,4545.59,4548.62,2397
2026-05-26 12:15:00,4548.58,4549.11,4545.63,4546.83,1711
2026-05-26 12:20:00,4546.82,4548.05,4541.78,4543.98,1962
2026-05-26 12:25:00,4543.96,4546.39,4542.89,4543.83,1723
2026-05-26 12:30:00,4543.8,4544.36,4537.3,4538.92,2728
2026-05-26 12:35:00,4538.93,4539.37,4527.45,4530.05,2758
2026-05-26 12:40:00,4529.99,4532.94,4528.03,4532.23,3417
2026-05-26 12:45:00,4532.25,4535.24,4531.2,4533.28,2248
2026-05-26 12:50:00,4533.33,4536.26,4530.87,4534.78,1880
2026-05-26 12:55:00,4534.8,4537.3,4534.6,4536.85,1587
2026-05-26 13:00:00,4536.82,4537.87,4535.3,4536.6,1578
2026-05-26 13:05:00,4536.55,4538.9,4535.5,4538.57,1269
2026-05-26 13:10:00,4538.55,4539.5,4537.05,4538.6,1066
2026-05-26 13:15:00,4538.61,4539,4536.57,4538.33,821
2026-05-26 13:20:00,4538.23,4538.5,4536.55,4538.2,877
2026-05-26 13:25:00,4538.16,4538.82,4536.23,4536.71,866
2026-05-26 13:30:00,4536.84,4537.13,4533.53,4534.65,1561
2026-05-26 13:35:00,4534.63,4538.58,4534.17,4537.43,1222
2026-05-26 13:40:00,4537.45,4538.58,4533.55,4533.98,1169
2026-05-26 13:45:00,4534,4534.1,4531.3,4532.47,1194
2026-05-26 13:50:00,4532.45,4533.63,4530.04,4532.37,1113
2026-05-26 13:55:00,4532.41,4534.78,4532.32,4532.37,869
2026-05-26 14:00:00,4532.34,4536.49,4532.07,4533.64,965
2026-05-26 14:05:00,4533.5,4536.53,4533.47,4535.57,888
2026-05-26 14:10:00,4535.58,4538.4,4534.74,4537.11,950
2026-05-26 14:15:00,4537.1,4538.97,4536.55,4538.48,922
2026-05-26 14:20:00,4538.49,4543.73,4538.13,4541.81,1186
2026-05-26 14:25:00,4541.8,4543.2,4541.11,4542.21,886
2026-05-26 14:30:00,4542.25,4544.4,4541.73,4544.4,777
2026-05-26 14:35:00,4544.35,4545.48,4542.92,4543.21,683
2026-05-26 14:40:00,4543.22,4544.17,4540.96,4541.43,723
2026-05-26 14:45:00,4541.39,4542.63,4540.78,4541.75,464
2026-05-26 14:50:00,4541.8,4543.85,4541.5,4542.72,548
2026-05-26 14:55:00,4542.85,4543.17,4541.36,4542.45,390
2026-05-26 15:00:00,4542.43,4543.13,4540.29,4540.31,458
2026-05-26 15:05:00,4540.3,4540.72,4538.85,4539.22,571
2026-05-26 15:10:00,4539.19,4539.88,4535.99,4536.92,897
2026-05-26 15:15:00,4537,4539.5,4536.37,4538.17,668
2026-05-26 15:20:00,4538.18,4538.55,4535.07,4535.4,408
2026-05-26 15:25:00,4535.39,4535.41,4532.37,4532.37,669
2026-05-26 15:30:00,4532.35,4533.21,4529.56,4530.15,1085
2026-05-26 15:35:00,4530.14,4530.68,4525.71,4527.87,1012
2026-05-26 15:40:00,4527.86,4529.18,4525.08,4526.23,927
2026-05-26 15:45:00,4526.2,4527.88,4524.58,4527.64,1534
2026-05-26 15:50:00,4527.58,4529.16,4526.23,4527.52,957
2026-05-26 15:55:00,4527.54,4527.72,4523.31,4525.49,1216
2026-05-26 16:00:00,4525.44,4529.45,4522.96,4528.83,1736
2026-05-26 16:05:00,4528.81,4530.52,4526.2,4530.44,935
2026-05-26 16:10:00,4530.41,4531.61,4528.96,4529.32,967
2026-05-26 16:15:00,4529.11,4531.21,4528.84,4529.19,772
2026-05-26 16:20:00,4529.18,4531.2,4528.79,4529.89,699
2026-05-26 16:25:00,4529.9,4531.4,4528.64,4531.23,654
2026-05-26 16:30:00,4531.09,4534,4530.27,4533.55,1620
2026-05-26 16:35:00,4533.56,4535.22,4532.35,4532.6,1777
2026-05-26 16:40:00,4532.62,4533.06,4527.84,4529.72,2258
2026-05-26 16:45:00,4529.7,4529.89,4526.41,4527.91,1831
2026-05-26 16:50:00,4527.89,4528.26,4523.46,4527,2522
2026-05-26 16:55:00,4526.94,4528.69,4524.83,4527.22,1498
2026-05-26 17:00:00,4527.15,4531.4,4526.88,4530.89,1785
2026-05-26 17:05:00,4530.87,4532.26,4530.05,4530.83,1817
2026-05-26 17:10:00,4530.85,4532.7,4528.82,4531.54,1741
2026-05-26 17:15:00,4531.59,4532.13,4529.05,4530.74,1187
2026-05-26 17:20:00,4530.77,4534.64,4530.14,4534.08,1248
2026-05-26 17:25:00,4534.13,4536.14,4528.29,4530.12,1756
2026-05-26 17:30:00,4530.1,4531.44,4528.56,4530.64,1483
2026-05-26 17:35:00,4530.62,4533.44,4530.62,4531.68,1396
2026-05-26 17:40:00,4531.67,4533.92,4531.32,4533.85,1729
2026-05-26 17:45:00,4533.89,4534.05,4528.52,4529.51,1668
2026-05-26 17:50:00,4529.43,4531.45,4528.35,4531.32,1472
2026-05-26 17:55:00,4531.13,4533.41,4530.36,4530.85,1151
2026-05-26 18:00:00,4531.09,4533.51,4529.25,4531.53,2152
2026-05-26 18:05:00,4531.52,4534.03,4527.6,4527.64,2247
2026-05-26 18:10:00,4527.52,4530.45,4525.86,4528.51,1932
2026-05-26 18:15:00,4528.5,4528.53,4521.98,4526.79,2156
2026-05-26 18:20:00,4526.83,4530.27,4525.04,4530.05,1444
2026-05-26 18:25:00,4530.06,4531.11,4528.72,4529.64,1295
2026-05-26 18:30:00,4529.72,4529.77,4523.11,4525.94,2027
2026-05-26 18:35:00,4525.9,4526.28,4521.63,4523.26,1761
2026-05-26 18:40:00,4523.23,4527.51,4521.97,4526.53,1358
2026-05-26 18:45:00,4526.52,4533.37,4525.12,4533.37,1492
2026-05-26 18:50:00,4533.05,4535.49,4531.37,4531.59,1623
2026-05-26 18:55:00,4531.57,4539.1,4531.57,4538.22,2190
2026-05-26 19:00:00,4538.32,4538.91,4535.16,4535.65,2202
2026-05-26 19:05:00,4535.66,4535.96,4532.64,4533.01,1484
2026-05-26 19:10:00,4533,4533.55,4526.98,4527.69,1203
2026-05-26 19:15:00,4527.7,4530.06,4527.52,4529.68,1042
2026-05-26 19:20:00,4529.73,4529.92,4526.12,4527.07,980
2026-05-26 19:25:00,4527.05,4528.03,4520.4,4522.15,1635
2026-05-26 19:30:00,4522.24,4523.27,4519.97,4521.36,1597
2026-05-26 19:35:00,4521.34,4523.67,4520.39,4522.37,1236
2026-05-26 19:40:00,4522.44,4526.44,4521.85,4525.5,1272
2026-05-26 19:45:00,4525.49,4527.51,4521.33,4522.2,1294
2026-05-26 19:50:00,4522.19,4525.24,4520.28,4524.16,1058
2026-05-26 19:55:00,4524.28,4524.39,4522.15,4523.78,1030
2026-05-26 20:00:00,4523.8,4524.53,4522.46,4524.43,1193
2026-05-26 20:05:00,4524.49,4524.95,4522.26,4523.57,1016
2026-05-26 20:10:00,4523.52,4523.77,4519.19,4520.37,868
2026-05-26 20:15:00,4520.35,4525.55,4518.23,4524.58,1735
2026-05-26 20:20:00,4524.62,4525.52,4520.75,4522.23,1961
2026-05-26 20:25:00,4522.22,4526.48,4521.65,4524.8,1497
2026-05-26 20:30:00,4524.81,4525.31,4516.81,4518.19,2046
2026-05-26 20:35:00,4518.21,4518.83,4515.83,4516.6,1175
2026-05-26 20:40:00,4516.61,4517.02,4512.07,4513.28,1678
2026-05-26 20:45:00,4513.25,4519.08,4513.11,4518.83,1449
2026-05-26 20:50:00,4518.86,4519.45,4516.83,4519,1018
2026-05-26 20:55:00,4519.02,4523.53,4517.45,4522.54,1354
2026-05-26 21:00:00,4522.55,4523.3,4519.54,4519.7,1365
2026-05-26 21:05:00,4519.73,4525.49,4519.32,4525.43,1046
2026-05-26 21:10:00,4525.55,4532.16,4525.17,4529.44,1880
2026-05-26 21:15:00,4529.49,4533.03,4527.37,4528.01,1464
2026-05-26 21:20:00,4528,4532.5,4527.53,4531.51,1053
2026-05-26 21:25:00,4531.5,4535.41,4531.47,4533.27,1311
2026-05-26 21:30:00,4533.28,4538.83,4533.28,4538.78,2023
2026-05-26 21:35:00,4538.49,4538.72,4533.67,4534.07,1600
2026-05-26 21:40:00,4534.14,4534.98,4531.29,4533.09,1598
2026-05-26 21:45:00,4533.11,4537.61,4533.07,4537.53,1624
2026-05-26 21:50:00,4537.54,4540.57,4534.22,4534.73,2083
2026-05-26 21:55:00,4534.74,4535.23,4533.59,4534.26,934
2026-05-26 22:00:00,4534.3,4536.22,4532.72,4535.98,1103
2026-05-26 22:05:00,4535.99,4536.4,4533.86,4535.12,1026
2026-05-26 22:10:00,4535.11,4535.97,4531.64,4531.66,983
2026-05-26 22:15:00,4531.74,4532.67,4529.79,4529.89,1443
2026-05-26 22:20:00,4529.9,4530.31,4525.22,4525.61,1846
2026-05-26 22:25:00,4525.59,4526.04,4522.61,4523.52,1765
2026-05-26 22:30:00,4523.6,4523.81,4517.17,4519.34,2757
2026-05-26 22:35:00,4519.29,4519.67,4506.69,4510.83,4284
2026-05-26 22:40:00,4510.8,4513.05,4504.09,4510.08,2968
2026-05-26 22:45:00,4510.07,4515.59,4508.31,4512.56,1806
2026-05-26 22:50:00,4512.52,4515.71,4510.54,4511.66,1839
2026-05-26 22:55:00,4511.65,4511.78,4503.33,4507.16,2249
2026-05-26 23:00:00,4507.15,4510.19,4504.42,4508.33,2014
2026-05-26 23:05:00,4508.31,4512.13,4506.15,4510.45,2588
2026-05-26 23:10:00,4510.44,4512.08,4507.48,4510.41,1769
2026-05-26 23:15:00,4510.4,4515.98,4509.62,4512.13,1807
2026-05-26 23:20:00,4512.11,4512.85,4507.86,4509.57,1871
2026-05-26 23:25:00,4509.58,4511.54,4503.56,4506.13,1605
2026-05-26 23:30:00,4506.15,4510.46,4500.22,4510.29,2196
2026-05-26 23:35:00,4510.27,4510.27,4501.19,4502.32,1755
2026-05-26 23:40:00,4502.31,4512.04,4502.21,4511.99,1881
2026-05-26 23:45:00,4512,4521.16,4510.49,4519.77,2917
2026-05-26 23:50:00,4519.72,4523.35,4517.32,4522.32,2204
2026-05-26 23:55:00,4522.36,4523.61,4518.9,4520.24,1881
2026-05-27 00:00:00,4520.25,4526.21,4518.95,4523.4,2441
2026-05-27 00:05:00,4523.47,4523.73,4519.38,4522.6,1977
2026-05-27 00:10:00,4522.57,4522.68,4515.99,4518.27,2204
2026-05-27 00:15:00,4518.38,4521.71,4518.07,4520.08,1499
2026-05-27 00:20:00,4520.06,4527.09,4520.06,4526.08,2197
2026-05-27 00:25:00,4526.02,4527.52,4522.09,4522.26,1867
2026-05-27 00:30:00,4522.39,4527.92,4521.79,4522.46,3890
2026-05-27 00:35:00,4522.41,4528.64,4521.13,4524.44,3111
2026-05-27 00:40:00,4524.45,4531.28,4524.09,4527.25,2760
2026-05-27 00:45:00,4527.44,4529.21,4525.25,4525.74,3047
2026-05-27 00:50:00,4525.75,4526.2,4512.67,4515.87,5148
2026-05-27 00:55:00,4515.92,4517.83,4511.91,4513.85,2782
2026-05-27 01:00:00,4513.48,4517.92,4510.88,4517.28,3390
2026-05-27 01:05:00,4517.21,4520.34,4514.82,4515.4,2782
2026-05-27 01:10:00,4515.42,4515.58,4507.7,4510.76,3029
2026-05-27 01:15:00,4510.7,4514.78,4508.63,4514.28,2127
2026-05-27 01:20:00,4514.26,4517.33,4512.2,4516.06,2357
2026-05-27 01:25:00,4516.11,4517.92,4514.9,4517.6,2156
2026-05-27 01:30:00,4517.44,4521.78,4516.59,4517.6,2401
2026-05-27 01:35:00,4517.58,4524.95,4517.56,4522.23,2504
2026-05-27 01:40:00,4522.22,4523.73,4519.73,4521.41,2054
2026-05-27 01:45:00,4521.39,4522.03,4518.46,4519.07,2130
2026-05-27 01:50:00,4519.08,4519.47,4515.42,4515.91,2255
2026-05-27 01:55:00,4515.9,4516.15,4512.65,4515.29,2398
2026-05-27 02:00:00,4515.32,4515.61,4508.07,4511.63,2634
2026-05-27 02:05:00,4511.48,4514.4,4508.7,4510.4,2358
2026-05-27 02:10:00,4510.39,4512.51,4508.7,4509.4,2006
2026-05-27 02:15:00,4509.32,4510.45,4505.07,4508.05,2067
2026-05-27 02:20:00,4508.11,4508.72,4504.97,4505.97,1856
2026-05-27 02:25:00,4506.04,4508.44,4504.92,4506.11,1873
2026-05-27 02:30:00,4506.16,4508.51,4503.62,4505.69,2184
2026-05-27 02:35:00,4505.63,4507.6,4502.4,4507.53,2320
2026-05-27 02:40:00,4507.55,4508.97,4506.43,4508.32,1732
2026-05-27 02:45:00,4508.35,4509.25,4506.28,4506.57,1879
2026-05-27 02:50:00,4506.58,4510.74,4505.98,4509.7,1677
2026-05-27 02:55:00,4509.5,4509.5,4506.03,4506.4,2002
2026-05-27 03:00:00,4506.43,4508.56,4505.51,4506.25,1584
2026-05-27 03:05:00,4506.23,4506.31,4502.34,4502.81,1296
2026-05-27 03:10:00,4502.73,4503.33,4500.35,4501.2,1584
2026-05-27 03:15:00,4501.21,4505.7,4499.68,4504.89,1715
2026-05-27 03:20:00,4504.9,4506.26,4502.51,4506.19,1246
2026-05-27 03:25:00,4506.13,4508.83,4505.48,4508.03,1022
2026-05-27 03:30:00,4508.02,4511.37,4507.33,4509.68,1411
2026-05-27 03:35:00,4509.7,4510.83,4508.09,4508.16,1323
2026-05-27 03:40:00,4508.17,4508.96,4506.19,4506.54,1131
2026-05-27 03:45:00,4506.55,4507.8,4503.2,4503.41,1352
2026-05-27 03:50:00,4503.42,4505.78,4503.14,4505.05,1243
2026-05-27 03:55:00,4505,4505.83,4504.45,4504.9,1043
2026-05-27 04:00:00,4504.95,4507.5,4504.38,4505.58,1275
2026-05-27 04:05:00,4505.59,4505.85,4503.23,4504.38,1304
2026-05-27 04:10:00,4504.45,4504.96,4503.36,4503.53,969
2026-05-27 04:15:00,4503.5,4504.81,4503.16,4504.43,1010
2026-05-27 04:20:00,4504.42,4506.55,4504.15,4506.55,1257
2026-05-27 04:25:00,4506.7,4507.6,4500.43,4501.35,1855
2026-05-27 04:30:00,4501.27,4501.71,4498,4500.16,2221
2026-05-27 04:35:00,4500.18,4500.99,4496.86,4499.18,2022
2026-05-27 04:40:00,4499.19,4499.72,4496.93,4498.38,1841
2026-05-27 04:45:00,4498.39,4500.96,4498.2,4500.27,1300
2026-05-27 04:50:00,4500.29,4501.35,4496.02,4496.44,1116
2026-05-27 04:55:00,4496.3,4496.97,4489.85,4491.04,2534
2026-05-27 05:00:00,4490.98,4493.25,4484.82,4487.77,2973
2026-05-27 05:05:00,4487.97,4489.24,4481.77,4488.83,1960
2026-05-27 05:10:00,4488.84,4491.09,4485.16,4487.29,1111
2026-05-27 05:15:00,4487.33,4490.75,4486.42,4490.52,1279
2026-05-27 05:20:00,4490.55,4493.05,4490.32,4492.21,1001
2026-05-27 05:25:00,4492.2,4496.18,4491.95,4495.1,1210
2026-05-27 05:30:00,4495.09,4498.28,4494.01,4497.27,1061
2026-05-27 05:35:00,4497.25,4497.26,4495.11,4496.35,1002
2026-05-27 05:40:00,4496.34,4496.68,4495.01,4495.96,861
2026-05-27 05:45:00,4495.95,4498.26,4495.94,4497.5,698
2026-05-27 05:50:00,4497.49,4499.42,4497.19,4498.52,945
2026-05-27 05:55:00,4498.5,4499.41,4498.01,4499.05,1134
2026-05-27 06:00:00,4499.07,4500.92,4497.6,4499.68,1295
2026-05-27 06:05:00,4499.71,4500.59,4498.54,4500.44,940
2026-05-27 06:10:00,4500.45,4500.91,4498.93,4499.21,719
2026-05-27 06:15:00,4499.22,4504.09,4499.19,4502.49,957
2026-05-27 06:20:00,4502.48,4504.23,4502.24,4503.08,885
2026-05-27 06:25:00,4503.11,4503.52,4501.01,4501.93,947
2026-05-27 06:30:00,4501.89,4503.77,4500.63,4503.59,955
2026-05-27 06:35:00,4503.6,4504.41,4502.9,4503.56,845
2026-05-27 06:40:00,4503.53,4505.77,4503.43,4504.63,868
2026-05-27 06:45:00,4504.62,4507.77,4503.99,4507.15,854
2026-05-27 06:50:00,4507.42,4507.79,4505.61,4505.74,1135
2026-05-27 06:55:00,4505.82,4509.95,4505.61,4508.85,2144
2026-05-27 07:00:00,4508.84,4510.49,4507.08,4507.47,888
2026-05-27 07:05:00,4507.45,4508.91,4506.16,4506.94,659
2026-05-27 07:10:00,4506.96,4507.95,4506.27,4507.91,334
2026-05-27 07:15:00,4507.94,4509.79,4507.92,4508.25,385
2026-05-27 07:20:00,4508.26,4509.17,4507.35,4508.69,341
2026-05-27 07:25:00,4508.71,4508.9,4506.09,4506.36,348
2026-05-27 07:30:00,4506.38,4507.7,4506.38,4506.46,231
2026-05-27 07:35:00,4506.42,4508.27,4506,4508.26,278
2026-05-27 07:40:00,4508.29,4509.63,4507.73,4508.63,244
2026-05-27 07:45:00,4508.67,4509.7,4506.14,4506.46,491
2026-05-27 07:50:00,4506.35,4506.53,4503.95,4506.37,494
2026-05-27 07:55:00,4506.28,4507.9,4506.05,4506.59,554
2026-05-27 09:00:00,4511.64,4513.4,4497.06,4503.95,265
2026-05-27 09:05:00,4508.57,4511.22,4501.84,4503.38,1328
2026-05-27 09:10:00,4505.98,4508.91,4501.76,4504.5,418
2026-05-27 09:15:00,4504.51,4506.98,4502.91,4506.74,1078
2026-05-27 09:20:00,4506.55,4509.72,4503.1,4504.51,1085
2026-05-27 09:25:00,4504.76,4507.26,4501.87,4504.21,783
2026-05-27 09:30:00,4504.22,4506.15,4499.64,4499.96,964
2026-05-27 09:35:00,4499.76,4502.36,4497.96,4501.82,862
2026-05-27 09:40:00,4501.86,4503.63,4500.66,4500.89,693
2026-05-27 09:45:00,4500.86,4502.81,4499.43,4502.14,440
2026-05-27 09:50:00,4502.12,4507.19,4501.54,4506.78,623
2026-05-27 09:55:00,4506.79,4512.58,4506.38,4510.63,918
2026-05-27 10:00:00,4510.66,4513.45,4508.98,4510.82,886
2026-05-27 10:05:00,4510.7,4512.7,4509.44,4509.51,533
2026-05-27 10:10:00,4509.55,4509.77,4507.33,4508.75,595
2026-05-27 10:15:00,4508.7,4510.08,4507.61,4509.21,551
2026-05-27 10:20:00,4509.22,4509.49,4503.97,4505.53,874
2026-05-27 10:25:00,4505.35,4512.28,4505.3,4512.25,816
2026-05-27 10:30:00,4512.24,4516.79,4510.85,4515.05,959
2026-05-27 10:35:00,4515.03,4515.81,4512.56,4515.66,780
2026-05-27 10:40:00,4515.64,4527.09,4515.14,4526.7,1338
2026-05-27 10:45:00,4526.69,4527.4,4519.88,4520.86,1031
2026-05-27 10:50:00,4520.88,4522.51,4520.1,4520.93,668
2026-05-27 10:55:00,4521.25,4521.25,4518.06,4519.62,732
2026-05-27 11:00:00,4519.24,4525.69,4517.13,4520.36,1492
2026-05-27 11:05:00,4520.55,4524.08,4519.42,4522.01,1205
2026-05-27 11:10:00,4522.07,4522.47,4519.84,4522.05,955
2026-05-27 11:15:00,4522.02,4522.59,4519.78,4521.07,1073
2026-05-27 11:20:00,4521.14,4521.43,4516.03,4516.44,1201
2026-05-27 11:25:00,4516.43,4518.83,4513.71,4518.13,1268
2026-05-27 11:30:00,4518.12,4520.56,4517.29,4519.63,920
2026-05-27 11:35:00,4519.69,4520.74,4517.61,4517.62,872
2026-05-27 11:40:00,4517.58,4519.2,4516.5,4518.24,754
2026-05-27 11:45:00,4518.28,4522.05,4518.12,4519.09,954
2026-05-27 11:50:00,4519.06,4519.11,4516.18,4516.97,955
2026-05-27 11:55:00,4516.95,4519.1,4514.63,4515.14,1045
2026-05-27 12:00:00,4515.12,4517.84,4513.82,4515.38,2672
2026-05-27 12:05:00,4515.37,4517.59,4512.84,4516.38,1942
2026-05-27 12:10:00,4516.43,4521.05,4515.78,4519.27,1751
2026-05-27 12:15:00,4519.28,4520.39,4515.76,4516.27,1408
2026-05-27 12:20:00,4516.26,4520.86,4516.12,4519.2,1221
2026-05-27 12:25:00,4519.17,4519.44,4514.38,4515.94,890
2026-05-27 12:30:00,4516.19,4517.15,4513.54,4514.91,1453
2026-05-27 12:35:00,4514.9,4516.47,4511.67,4511.99,1089
2026-05-27 12:40:00,4512.03,4513.59,4509.33,4510.14,1084
2026-05-27 12:45:00,4509.82,4510.69,4506.64,4509.92,1113
2026-05-27 12:50:00,4509.88,4510.18,4507.27,4507.76,1025
2026-05-27 12:55:00,4507.71,4509.8,4506.97,4507.88,1014
2026-05-27 13:00:00,4507.91,4509.45,4504.09,4505.43,1439
2026-05-27 13:05:00,4505.38,4505.77,4501.83,4503.49,1349
2026-05-27 13:10:00,4503.52,4504.48,4502.14,4504.03,1233
2026-05-27 13:15:00,4503.98,4505.17,4498.93,4499.4,1066
2026-05-27 13:20:00,4499.43,4504.76,4499.02,4504.1,924
2026-05-27 13:25:00,4504.08,4505.86,4503.86,4505.54,770
2026-05-27 13:30:00,4505.53,4505.86,4504,4505.2,1002
2026-05-27 13:35:00,4505.23,4505.82,4500.25,4500.34,1014
2026-05-27 13:40:00,4500.32,4502.2,4498.48,4499.86,950
2026-05-27 13:45:00,4499.8,4501.71,4497.77,4501.66,764
2026-05-27 13:50:00,4501.68,4505.1,4501.68,4503.98,805
2026-05-27 13:55:00,4503.94,4507.12,4503.72,4505.78,824
2026-05-27 14:00:00,4505.77,4509.49,4504.92,4507.69,1104
2026-05-27 14:05:00,4507.64,4509.46,4505.48,4509.42,878
2026-05-27 14:10:00,4509.48,4510.41,4507.98,4509.37,947
2026-05-27 14:15:00,4509.38,4511.74,4508.53,4510.87,917
2026-05-27 14:20:00,4510.88,4511.44,4508.31,4508.93,868
2026-05-27 14:25:00,4508.86,4508.86,4505.58,4506.97,783
2026-05-27 14:30:00,4506.93,4507.17,4504.8,4504.89,501
2026-05-27 14:35:00,4504.87,4504.87,4501.64,4502.86,667
2026-05-27 14:40:00,4502.99,4505.24,4502.73,4504.43,552
2026-05-27 14:45:00,4504.47,4505.57,4503.65,4504.36,595
2026-05-27 14:50:00,4504.37,4504.78,4501.78,4501.88,597
2026-05-27 14:55:00,4501.86,4501.86,4496.38,4496.62,730
2026-05-27 15:00:00,4496.6,4500.49,4495.49,4499.84,911
2026-05-27 15:05:00,4499.87,4502.57,4499.16,4501.62,585
2026-05-27 15:10:00,4501.59,4503.21,4501.21,4503.2,522
2026-05-27 15:15:00,4503.17,4503.29,4500.61,4501.06,575
2026-05-27 15:20:00,4501.05,4503.46,4500.85,4502.31,602
2026-05-27 15:25:00,4502.29,4502.29,4499.39,4499.45,740
2026-05-27 15:30:00,4499.47,4501.69,4498,4501.23,1015
2026-05-27 15:35:00,4501.24,4503.06,4499.93,4503.02,608
2026-05-27 15:40:00,4503.01,4508.38,4502.57,4508.31,881
2026-05-27 15:45:00,4508.44,4517.14,4508.29,4516.47,1224
2026-05-27 15:50:00,4516.39,4517.3,4511.53,4512.01,1382
2026-05-27 15:55:00,4512,4512.67,4509.26,4509.92,1408
2026-05-27 16:00:00,4509.88,4513.73,4508.18,4513.55,1002
2026-05-27 16:05:00,4513.51,4513.79,4510.18,4510.96,1090
2026-05-27 16:10:00,4510.95,4511.06,4508.76,4508.94,1102
2026-05-27 16:15:00,4508.99,4508.99,4504.94,4505.43,1313
2026-05-27 16:20:00,4505.53,4507,4504.06,4506.02,1322
2026-05-27 16:25:00,4505.97,4508.24,4505.51,4507.37,881
2026-05-27 16:30:00,4507.19,4508.81,4493.52,4496.83,3342
2026-05-27 16:35:00,4496.85,4500.96,4494.67,4499.56,2527
2026-05-27 16:40:00,4499.29,4500.08,4491.55,4493.38,3370
2026-05-27 16:45:00,4493.4,4498.2,4491.89,4498.14,3151
2026-05-27 16:50:00,4498.12,4502.28,4496.27,4498.67,2545
2026-05-27 16:55:00,4498.57,4499.62,4496.44,4497.36,1934
2026-05-27 17:00:00,4497.37,4499.23,4493.6,4494.9,2276
2026-05-27 17:05:00,4495.01,4498.73,4493.66,4497.75,2105
2026-05-27 17:10:00,4497.73,4498.37,4493.47,4494.05,2226
2026-05-27 17:15:00,4494.04,4495.76,4485.97,4489.22,2269
2026-05-27 17:20:00,4489.19,4490.66,4483.44,4486.63,2141
2026-05-27 17:25:00,4486.6,4489.3,4483.63,4486.22,2038
2026-05-27 17:30:00,4486.25,4486.52,4479.37,4483.39,2686
2026-05-27 17:35:00,4483.38,4485.76,4480.57,4483.5,1989
2026-05-27 17:40:00,4483.49,4487.9,4482.17,4487.75,1554
2026-05-27 17:45:00,4487.74,4490.19,4486.9,4488.2,1456
2026-05-27 17:50:00,4488.14,4489.23,4486.49,4487.27,1278
2026-05-27 17:55:00,4487.28,4487.73,4483.44,4485.21,1721
2026-05-27 18:00:00,4485.29,4488.52,4484.81,4487.25,2437
2026-05-27 18:05:00,4487.26,4488.61,4482.77,4484.79,1593
2026-05-27 18:10:00,4484.78,4484.84,4480.02,4480.24,1462
2026-05-27 18:15:00,4480.27,4485.38,4480.11,4484.03,1349
2026-05-27 18:20:00,4484.04,4489.4,4482.84,4486.26,1303
2026-05-27 18:25:00,4486.34,4487.06,4484.79,4486.12,1402
2026-05-27 18:30:00,4486.11,4488.5,4484.59,4485.73,1493
2026-05-27 18:35:00,4485.8,4486.49,4481.13,4482.9,1327
2026-05-27 18:40:00,4483.01,4484.68,4482.12,4482.87,942
2026-05-27 18:45:00,4482.89,4484.09,4477.88,4479.47,1395
2026-05-27 18:50:00,4479.52,4480.53,4475.84,4479.24,1906
2026-05-27 18:55:00,4479.27,4482.24,4478.68,4481.99,1431
2026-05-27 19:00:00,4482.01,4489.31,4481.35,4486.34,1913
2026-05-27 19:05:00,4486.29,4487.57,4484.91,4485.99,1563
2026-05-27 19:10:00,4485.98,4487.39,4483.75,4486.44,1259
2026-05-27 19:15:00,4486.45,4490.87,4486.08,4489.72,1551
2026-05-27 19:20:00,4489.66,4492.77,4487.68,4490.45,1275
2026-05-27 19:25:00,4490.42,4490.78,4487.77,4488.99,1122
2026-05-27 19:30:00,4488.96,4489.51,4485.98,4488.61,944
2026-05-27 19:35:00,4488.64,4492.66,4488.2,4492.65,966
2026-05-27 19:40:00,4492.67,4496.57,4492.58,4496.1,1563
2026-05-27 19:45:00,4496.14,4497.31,4492.63,4496.68,1348
2026-05-27 19:50:00,4496.59,4498.66,4495.5,4498.18,1253
2026-05-27 19:55:00,4498.17,4498.35,4494.73,4497.68,828
2026-05-27 20:00:00,4497.69,4497.69,4490.94,4491.92,1300
2026-05-27 20:05:00,4491.93,4492.62,4488.77,4489.33,999
2026-05-27 20:10:00,4489.34,4493.31,4489.22,4491.75,831
2026-05-27 20:15:00,4491.72,4495.42,4491.55,4494.67,952
2026-05-27 20:20:00,4494.59,4495.21,4490.84,4490.96,778
2026-05-27 20:25:00,4490.95,4491.75,4489.27,4490.21,749
2026-05-27 20:30:00,4490.19,4490.87,4486.72,4490.47,1229
2026-05-27 20:35:00,4490.48,4492.12,4490.01,4491.11,722
2026-05-27 20:40:00,4491.14,4491.8,4488.18,4488.5,670
2026-05-27 20:45:00,4488.48,4489.96,4488.22,4489.49,528
2026-05-27 20:50:00,4489.38,4492.93,4489.38,4492.4,659
2026-05-27 20:55:00,4492.38,4493.04,4489.99,4490.02,496
2026-05-27 21:00:00,4490.01,4490.48,4484.84,4486.48,944
2026-05-27 21:05:00,4486.41,4489.18,4486.22,4486.93,783
2026-05-27 21:10:00,4486.94,4487.72,4484.17,4485.39,726
2026-05-27 21:15:00,4485.32,4486.3,4479.8,4479.82,933
2026-05-27 21:20:00,4479.81,4481.18,4477.96,4479.8,1018
2026-05-27 21:25:00,4479.84,4480.08,4476.24,4476.77,1125
2026-05-27 21:30:00,4476.71,4477.12,4472.2,4473.88,1722
2026-05-27 21:35:00,4473.86,4475.88,4461.74,4463.29,3011
2026-05-27 21:40:00,4463.25,4470.05,4462.58,4465.45,2601
2026-05-27 21:45:00,4465.37,4466.97,4443.75,4448.54,3630
2026-05-27 21:50:00,4448.51,4450.23,4442.86,4444.87,2915
2026-05-27 21:55:00,4444.85,4450.12,4442.49,4445.81,2510
2026-05-27 22:00:00,4446.16,4453.35,4445.14,4452.37,2120
2026-05-27 22:05:00,4452.35,4452.45,4446.34,4449.62,1758
2026-05-27 22:10:00,4449.66,4451.55,4443.27,4451,1830
2026-05-27 22:15:00,4450.91,4452.22,4447.47,4449.18,1686
2026-05-27 22:20:00,4449.13,4449.13,4440.24,4445.83,2051
2026-05-27 22:25:00,4445.62,4446.22,4439.42,4440.89,1854
2026-05-27 22:30:00,4440.75,4441.68,4432.2,4436.94,2655
2026-05-27 22:35:00,4436.95,4441.91,4434.75,4441.18,1998
2026-05-27 22:40:00,4441.2,4444.27,4438.31,4443.13,1512
2026-05-27 22:45:00,4443.08,4444.63,4438.94,4439.18,1317
2026-05-27 22:50:00,4439.14,4439.6,4433.47,4433.66,1867
2026-05-27 22:55:00,4433.65,4433.96,4424.82,4428.6,2666
2026-05-27 23:00:00,4428.58,4437.61,4428.26,4434.25,2575
2026-05-27 23:05:00,4434.28,4437.38,4431.8,4432.91,1679
2026-05-27 23:10:00,4432.78,4433.53,4428.79,4430.31,1841
2026-05-27 23:15:00,4430.4,4454.22,4427.36,4447.48,3883
2026-05-27 23:20:00,4447.28,4466.59,4442.31,4454.58,5702
2026-05-27 23:25:00,4454.89,4460.56,4452.69,4454.72,3747
2026-05-27 23:30:00,4454.61,4460.01,4445.38,4447.2,3338
2026-05-27 23:35:00,4447.19,4453.44,4444.63,4452.64,3016
2026-05-27 23:40:00,4452.62,4452.75,4446.12,4446.99,2594
2026-05-27 23:45:00,4447.07,4448.15,4442.31,4444.9,2186
2026-05-27 23:50:00,4444.85,4446.82,4440.94,4445.97,2302
2026-05-27 23:55:00,4445.96,4446.35,4437.59,4438.69,2060
2026-05-28 00:00:00,4438.42,4438.91,4429.49,4432.06,4070
2026-05-28 00:05:00,4432.07,4432.28,4411.93,4414.28,4559
2026-05-28 00:10:00,4414.41,4420.36,4411.05,4416.58,3715
2026-05-28 00:15:00,4416.57,4421.31,4409.64,4411.32,3585
2026-05-28 00:20:00,4411.43,4417.1,4405.72,4416.38,3861
2026-05-28 00:25:00,4416.48,4419.39,4401.19,4404.63,4426
2026-05-28 00:30:00,4404.28,4424.48,4404.1,4423.69,4448
2026-05-28 00:35:00,4423.65,4425.42,4412.56,4418.17,4880
2026-05-28 00:40:00,4418.15,4423.37,4416.5,4419.18,3912
2026-05-28 00:45:00,4419.19,4428.34,4418.19,4420.33,3642
2026-05-28 00:50:00,4420.26,4434.05,4419.21,4425.33,3514
2026-05-28 00:55:00,4425.34,4428.35,4423.69,4427.38,3209
2026-05-28 01:00:00,4427.4,4438.18,4425.96,4438.13,3529
2026-05-28 01:05:00,4438.12,4448.25,4436.57,4444.14,3981
2026-05-28 01:10:00,4444.15,4455.37,4443.06,4448.04,4049
2026-05-28 01:15:00,4448.23,4452.06,4446.95,4451.21,3081
2026-05-28 01:20:00,4451.24,4455.21,4442.6,4444.35,4232
2026-05-28 01:25:00,4444.36,4446.13,4439.99,4445.36,3434
2026-05-28 01:30:00,4445.32,4449.36,4435.44,4440.96,4088
2026-05-28 01:35:00,4440.67,4445.3,4439.69,4444.21,2827
2026-05-28 01:40:00,4444.24,4444.93,4439.87,4443.05,2511
2026-05-28 01:45:00,4442.99,4446.26,4438.08,4438.16,2261
2026-05-28 01:50:00,4438.3,4439.86,4436.55,4439.75,2320
2026-05-28 01:55:00,4439.17,4439.17,4433.28,4433.89,2540
2026-05-28 02:00:00,4433.88,4438.57,4430.28,4436.23,2563
2026-05-28 02:05:00,4436.15,4437.03,4428.46,4429.59,2278
2026-05-28 02:10:00,4429.49,4432.69,4428.22,4432.15,2065
2026-05-28 02:15:00,4432.11,4433.04,4429.82,4430.98,1941
2026-05-28 02:20:00,4430.83,4434.13,4429.81,4433.29,1847
2026-05-28 02:25:00,4433.27,4435.9,4432.47,4435.85,1754
2026-05-28 02:30:00,4436.02,4441.61,4435.94,4438.71,2413
2026-05-28 02:35:00,4438.69,4440.88,4437.69,4440.86,1710
2026-05-28 02:40:00,4440.87,4441.18,4432.91,4434.1,1990
2026-05-28 02:45:00,4434.15,4438.68,4431.5,4432.93,2179
2026-05-28 02:50:00,4432.94,4435.22,4430.95,4434.29,1715
2026-05-28 02:55:00,4434.32,4437.18,4432.75,4436.43,1482
2026-05-28 03:00:00,4436.38,4441.91,4434.75,4437.53,1931
2026-05-28 03:05:00,4437.45,4438.15,4434.18,4436.81,1598
2026-05-28 03:10:00,4436.82,4440.94,4436.66,4440.04,1375
2026-05-28 03:15:00,4440.18,4443.22,4439.79,4441.88,1252
2026-05-28 03:20:00,4441.87,4444.26,4441.64,4444.26,1293
2026-05-28 03:25:00,4444.27,4447.61,4443.53,4446.79,1356
2026-05-28 03:30:00,4446.77,4449.61,4445.11,4448.4,1260
2026-05-28 03:35:00,4448.38,4450.87,4448.38,4449.77,1128
2026-05-28 03:40:00,4449.78,4453.25,4449.5,4450.66,1312
2026-05-28 03:45:00,4450.67,4452.55,4449.27,4451.95,1469
2026-05-28 03:50:00,4451.96,4453.28,4449.98,4450.85,1451
2026-05-28 03:55:00,4450.76,4451.49,4449.4,4450.64,1256
2026-05-28 04:00:00,4450.67,4451.06,4447.41,4449.18,1906
2026-05-28 04:05:00,4449.2,4451.69,4442.47,4442.97,1981
2026-05-28 04:10:00,4442.99,4445.75,4441.26,4444.14,2194
2026-05-28 04:15:00,4444.15,4447.31,4443.18,4446.85,1594
2026-05-28 04:20:00,4446.69,4448.29,4445.84,4446.5,1516
2026-05-28 04:25:00,4446.49,4451.2,4445.31,4449.68,1709
2026-05-28 04:30:00,4450.04,4453.25,4449.83,4451.99,1276
2026-05-28 04:35:00,4452,4454.28,4450.96,4451.04,1322
2026-05-28 04:40:00,4450.86,4452,4450.22,4450.49,996
2026-05-28 04:45:00,4450.47,4451.63,4449.93,4450.96,847
2026-05-28 04:50:00,4450.98,4453.72,4450.53,4452.72,1024
2026-05-28 04:55:00,4452.74,4453.99,4450.32,4450.38,986
2026-05-28 05:00:00,4450.33,4452.2,4449.31,4449.42,1137
2026-05-28 05:05:00,4449.38,4450.07,4447.76,4448.11,974
2026-05-28 05:10:00,4448.13,4450.09,4448,4450.05,765
2026-05-28 05:15:00,4450.06,4452.98,4449.75,4452.64,859
2026-05-28 05:20:00,4452.43,4458.24,4452.43,4454.81,1312
2026-05-28 05:25:00,4454.82,4455.91,4454.26,4455.42,1056
2026-05-28 05:30:00,4455.43,4456.45,4452.16,4452.56,903
2026-05-28 05:35:00,4452.55,4453.28,4451.2,4452.9,636
2026-05-28 05:40:00,4452.91,4453.88,4452.73,4453.07,495
2026-05-28 05:45:00,4453.01,4453.53,4452.49,4453.38,492
2026-05-28 05:50:00,4453.4,4453.79,4452.24,4452.25,589
2026-05-28 05:55:00,4452.26,4454.89,4452.08,4454.22,632
2026-05-28 06:00:00,4454.21,4454.61,4451.89,4452.19,690
2026-05-28 06:05:00,4452.18,4453.3,4451.84,4452.48,676
2026-05-28 06:10:00,4452.49,4452.61,4450.48,4451.75,1059
2026-05-28 06:15:00,4451.74,4452.36,4449.62,4450.09,1143
2026-05-28 06:20:00,4450.12,4454.01,4449.96,4453.16,695
2026-05-28 06:25:00,4453.19,4453.19,4450.45,4451.05,1040
2026-05-28 06:30:00,4451.07,4453.72,4449.48,4452.62,1092
2026-05-28 06:35:00,4452.81,4454.8,4451.89,4454.68,874
2026-05-28 06:40:00,4454.7,4454.75,4453.13,4453.49,648
2026-05-28 06:45:00,4453.5,4453.74,4451.71,4451.88,534
2026-05-28 06:50:00,4451.87,4452.87,4450.62,4451.11,1115
2026-05-28 06:55:00,4451.1,4451.1,4448.86,4451.01,1481
2026-05-28 07:00:00,4450.8,4453.58,4449.89,4452.49,642
2026-05-28 07:05:00,4452.27,4453.44,4451.64,4453.04,351
2026-05-28 07:10:00,4453,4455.4,4452.5,4455.4,290
2026-05-28 07:15:00,4455.36,4458.88,4455.36,4458.2,620
2026-05-28 07:20:00,4458.25,4458.77,4455.91,4456.92,427
2026-05-28 07:25:00,4456.89,4456.91,4454.67,4454.91,353
2026-05-28 07:30:00,4454.9,4455.65,4454.34,4454.39,319
2026-05-28 07:35:00,4454.38,4454.39,4452.35,4452.49,310
2026-05-28 07:40:00,4452.47,4453.94,4451.58,4453.71,329
2026-05-28 07:45:00,4453.72,4454.42,4452.67,4454.18,372
2026-05-28 07:50:00,4454.21,4455.23,4453.68,4454.78,224
2026-05-28 07:55:00,4454.76,4456.38,4454.58,4455.48,407
2026-05-28 09:00:00,4463.75,4465.78,4455.15,4456.52,538
2026-05-28 09:05:00,4456.37,4462.05,4455.28,4458.37,679
2026-05-28 09:10:00,4458.35,4460.47,4456.71,4457.41,490
2026-05-28 09:15:00,4457.39,4460.41,4456.23,4459.02,319
2026-05-28 09:20:00,4459.01,4461.81,4457.43,4460.18,369
2026-05-28 09:25:00,4460.47,4461.65,4459.37,4459.5,503
2026-05-28 09:30:00,4459.48,4459.77,4454.77,4456.87,778
2026-05-28 09:35:00,4457.33,4461.69,4457,4461.2,410
2026-05-28 09:40:00,4461.36,4462.26,4457.78,4458.1,494
2026-05-28 09:45:00,4458.07,4458.62,4455.9,4456.14,345
2026-05-28 09:50:00,4456.22,4457.76,4454.74,4456.22,416
2026-05-28 09:55:00,4456.23,4457.65,4456.14,4457.06,356
2026-05-28 10:00:00,4457.08,4457.82,4454.9,4456.08,602
2026-05-28 10:05:00,4456.1,4456.84,4451.58,4452.71,977
2026-05-28 10:10:00,4452.69,4454.21,4451.34,4453.42,736
2026-05-28 10:15:00,4453.45,4454.77,4451.01,4453.77,798
2026-05-28 10:20:00,4453.74,4454.53,4449.29,4451.16,1282
2026-05-28 10:25:00,4451.44,4452.24,4449.33,4450.29,836
2026-05-28 10:30:00,4450.27,4451.13,4448.94,4449.41,817
2026-05-28 10:35:00,4449.78,4454.01,4449.36,4452.82,613
2026-05-28 10:40:00,4452.83,4454.16,4450.21,4450.66,644
2026-05-28 10:45:00,4450.64,4450.7,4446.16,4448.3,956
2026-05-28 10:50:00,4448.44,4449,4444.01,4445.89,1049
2026-05-28 10:55:00,4445.82,4449.96,4445.39,4446.94,798
2026-05-28 11:00:00,4446.96,4452.24,4445.02,4449.15,1623
2026-05-28 11:05:00,4449.14,4449.87,4445.27,4448.88,1316
2026-05-28 11:10:00,4448.97,4449.91,4444.23,4444.61,1154
2026-05-28 11:15:00,4444.63,4453.96,4443.68,4452.12,1513
2026-05-28 11:20:00,4452.07,4453.47,4444.07,4445.7,1456
2026-05-28 11:25:00,4445.67,4447.93,4443.86,4445.92,1600
2026-05-28 11:30:00,4445.95,4449.94,4443.56,4449.19,1727
2026-05-28 11:35:00,4449.54,4452.9,4448.8,4450.87,1153
2026-05-28 11:40:00,4450.86,4453.13,4449.98,4452.19,983
2026-05-28 11:45:00,4452.23,4455.25,4451.95,4453.73,1024
2026-05-28 11:50:00,4453.72,4454.32,4451.54,4451.62,797
2026-05-28 11:55:00,4451.57,4457.76,4450.56,4457.03,1255
2026-05-28 12:00:00,4457.04,4458.76,4445.45,4446.04,2735
2026-05-28 12:05:00,4445.68,4448.27,4442.59,4444.54,2015
2026-05-28 12:10:00,4444.59,4446.16,4437.45,4438.2,1824
2026-05-28 12:15:00,4438.1,4440.57,4431.39,4433.4,2226
2026-05-28 12:20:00,4433.14,4434.78,4426.74,4430.87,2155
2026-05-28 12:25:00,4430.83,4431.23,4416.97,4418.97,2685
2026-05-28 12:30:00,4419.01,4425.79,4416.9,4425.26,2686
2026-05-28 12:35:00,4425.32,4426.43,4420.7,4423.09,2227
2026-05-28 12:40:00,4423.1,4423.31,4415.85,4417.83,2852
2026-05-28 12:45:00,4417.82,4420.36,4415.99,4417.38,2230
2026-05-28 12:50:00,4417.37,4419.85,4407.24,4409.04,2713
2026-05-28 12:55:00,4409.05,4411.34,4406.6,4409.65,2332
2026-05-28 13:00:00,4409.67,4412.57,4402.44,4403.74,2609
2026-05-28 13:05:00,4403.88,4408.58,4402.28,4407.85,1881
2026-05-28 13:10:00,4407.92,4408.38,4396.02,4402.46,2417
2026-05-28 13:15:00,4402.51,4406.18,4402.22,4404.23,1611
2026-05-28 13:20:00,4404.32,4406.11,4399.76,4405.91,1330
2026-05-28 13:25:00,4405.83,4408.61,4405.72,4406.19,1203
2026-05-28 13:30:00,4406.13,4410.35,4403.8,4409.08,1738
2026-05-28 13:35:00,4409.07,4409.31,4405.72,4406.87,1344
2026-05-28 13:40:00,4406.88,4408.55,4400.63,4402.19,1488
2026-05-28 13:45:00,4402.09,4402.5,4393.77,4396.18,2140
2026-05-28 13:50:00,4396.14,4398.55,4393.31,4395.43,1400
2026-05-28 13:55:00,4395.53,4398.96,4392.49,4394.37,1558
2026-05-28 14:00:00,4394.42,4396.41,4390.14,4395.7,1812
2026-05-28 14:05:00,4395.71,4397.98,4394.01,4396.71,1661
2026-05-28 14:10:00,4396.69,4397.64,4391.55,4394.11,1899
2026-05-28 14:15:00,4394.09,4394.45,4383.08,4384.21,2307
2026-05-28 14:20:00,4384.65,4387.68,4381.72,4386.49,2149
2026-05-28 14:25:00,4386.51,4388.28,4382.91,4387.38,1871
2026-05-28 14:30:00,4387.37,4387.73,4379.53,4380.06,2071
2026-05-28 14:35:00,4380.05,4380.32,4370.67,4373.87,2600
2026-05-28 14:40:00,4373.96,4378.1,4372.05,4376.54,2451
2026-05-28 14:45:00,4376.52,4379.28,4372.27,4374.71,1871
2026-05-28 14:50:00,4374.66,4376.39,4371.63,4375.35,1838
2026-05-28 14:55:00,4375.34,4376.9,4368.21,4374.82,1710
2026-05-28 15:00:00,4374.68,4377.58,4369.29,4374.97,2069
2026-05-28 15:05:00,4375.31,4382.19,4373.69,4380.87,1734
2026-05-28 15:10:00,4380.65,4381.41,4375.71,4376.43,1231
2026-05-28 15:15:00,4376.46,4377.14,4368.36,4368.9,1469
2026-05-28 15:20:00,4368.98,4372.5,4366.05,4371.51,1789
2026-05-28 15:25:00,4371.5,4372.1,4367.12,4368.2,1683
2026-05-28 15:30:00,4368.19,4372.63,4368.13,4371.11,1818
2026-05-28 15:35:00,4371.09,4373.61,4370.1,4371.92,1389
2026-05-28 15:40:00,4372.24,4375.02,4370.62,4373.83,1347
2026-05-28 15:45:00,4373.82,4375.37,4369.17,4369.83,1323
2026-05-28 15:50:00,4369.81,4372.7,4367.9,4371.14,1706
2026-05-28 15:55:00,4371.21,4374.71,4371.14,4372.81,2002
2026-05-28 16:00:00,4373.03,4374.04,4366.98,4369.56,1867
2026-05-28 16:05:00,4369.55,4374.35,4367.95,4372,1483
2026-05-28 16:10:00,4372.01,4377.57,4371.56,4375.43,1284
2026-05-28 16:15:00,4375.07,4376.38,4371.33,4374.45,1116
2026-05-28 16:20:00,4374.46,4377.71,4371.7,4377.23,1200
2026-05-28 16:25:00,4377.25,4379.98,4376.18,4378.55,1396
2026-05-28 16:30:00,4378.69,4387.69,4374.78,4386.64,2814
2026-05-28 16:35:00,4386.38,4391.17,4386.27,4390.97,2101
2026-05-28 16:40:00,4391,4393.42,4389.1,4389.44,1990
2026-05-28 16:45:00,4389.51,4394.73,4389.51,4392.3,1833
2026-05-28 16:50:00,4392.33,4395.65,4390.75,4393.27,2471
2026-05-28 16:55:00,4393.3,4393.56,4387.53,4387.99,1843
2026-05-28 17:00:00,4388.07,4390.34,4385.71,4387.51,2243
2026-05-28 17:05:00,4387.42,4387.86,4378.63,4380.07,1748
2026-05-28 17:10:00,4380.03,4381.66,4374.4,4375.89,1738
2026-05-28 17:15:00,4375.88,4380.35,4374.16,4379.49,1480
2026-05-28 17:20:00,4379.48,4384.85,4379.45,4381.78,1317
2026-05-28 17:25:00,4381.83,4384.93,4379.97,4380.21,1326
2026-05-28 17:30:00,4380.2,4384.86,4378.92,4383.37,1486
2026-05-28 17:35:00,4383.39,4385.45,4381.92,4381.92,1402
2026-05-28 17:40:00,4381.87,4383.86,4376.88,4380.4,1293
2026-05-28 17:45:00,4380.41,4384.27,4379.06,4383.07,1141
2026-05-28 17:50:00,4383.05,4383.78,4380.94,4382.64,1162
2026-05-28 17:55:00,4382.65,4384.46,4381.65,4383.35,971
2026-05-28 18:00:00,4383.51,4389.72,4383.51,4387.18,1893
2026-05-28 18:05:00,4387.23,4392.1,4386.63,4391.86,1283
2026-05-28 18:10:00,4391.77,4391.77,4386.8,4388.71,1098
2026-05-28 18:15:00,4388.9,4395.22,4386.22,4394.11,1173
2026-05-28 18:20:00,4394.1,4396.47,4392.99,4394.45,1440
2026-05-28 18:25:00,4394.47,4396.17,4391.69,4392.7,1092
2026-05-28 18:30:00,4392.69,4393.73,4388.85,4389.39,1145
2026-05-28 18:35:00,4389.44,4392.76,4388.36,4389.13,1098
2026-05-28 18:40:00,4389.15,4389.67,4385.29,4389.32,1090
2026-05-28 18:45:00,4389.35,4391.02,4385.92,4387.91,1315
2026-05-28 18:50:00,4388.04,4389.34,4382.7,4385.59,1298
2026-05-28 18:55:00,4385.63,4388.93,4383.38,4387.54,1136
2026-05-28 19:00:00,4387.47,4393.15,4386.54,4387.45,1709
2026-05-28 19:05:00,4387.44,4393.68,4386.41,4393.68,1346
2026-05-28 19:10:00,4393.73,4394.94,4391.57,4393.36,1192
2026-05-28 19:15:00,4393.34,4394.45,4391.18,4391.85,1141
2026-05-28 19:20:00,4391.84,4394.43,4391.2,4392.48,1181
2026-05-28 19:25:00,4392.51,4393.17,4387.56,4389.78,1299
2026-05-28 19:30:00,4389.79,4392.06,4386.25,4392.03,1157
2026-05-28 19:35:00,4392.07,4395,4389.77,4391.8,967
2026-05-28 19:40:00,4391.81,4393.49,4389.24,4389.87,1069
2026-05-28 19:45:00,4389.94,4391.33,4387.21,4390.76,968
2026-05-28 19:50:00,4390.78,4391.79,4388.48,4388.66,741
2026-05-28 19:55:00,4388.64,4388.92,4385.8,4386.9,928
2026-05-28 20:00:00,4386.77,4390.9,4386.21,4389.28,977
2026-05-28 20:05:00,4389.27,4391.08,4388.21,4389.55,944
2026-05-28 20:10:00,4389.58,4390.53,4386.46,4389.29,979
2026-05-28 20:15:00,4389.3,4391.93,4388.54,4389.87,890
2026-05-28 20:20:00,4389.82,4399.03,4389.82,4395.21,1249
2026-05-28 20:25:00,4395.2,4397.65,4393.53,4396.37,1107
2026-05-28 20:30:00,4396.25,4396.9,4391.62,4392.76,1836
2026-05-28 20:35:00,4392.77,4395.76,4391.38,4392.33,1095
2026-05-28 20:40:00,4392.4,4393.03,4390.03,4391.05,941
2026-05-28 20:45:00,4391.18,4393.4,4389.61,4392.78,885
2026-05-28 20:50:00,4392.79,4396.3,4392.35,4394.22,1034
2026-05-28 20:55:00,4394.21,4396.4,4392.67,4393.44,872
2026-05-28 21:00:00,4393.45,4394.93,4391.4,4393.62,966
2026-05-28 21:05:00,4393.67,4401.65,4393.64,4401.65,1137
2026-05-28 21:10:00,4401.47,4404.2,4398.24,4399.17,1065
2026-05-28 21:15:00,4399.18,4400.82,4398.01,4399.29,725
2026-05-28 21:20:00,4399.3,4399.44,4393.9,4395.79,977
2026-05-28 21:25:00,4395.77,4402.37,4395.59,4401.16,908
2026-05-28 21:30:00,4401.15,4402.4,4398.28,4398.74,986
2026-05-28 21:35:00,4398.76,4399.84,4397.15,4397.79,767
2026-05-28 21:40:00,4397.78,4398.35,4387.99,4388.97,1346
2026-05-28 21:45:00,4388.95,4388.95,4379.79,4380.81,1795
2026-05-28 21:50:00,4380.83,4384.98,4374.91,4382.15,2677
2026-05-28 21:55:00,4382.17,4387.42,4381.95,4382.95,1651
2026-05-28 22:00:00,4382.99,4388.62,4381.58,4388.56,1986
2026-05-28 22:05:00,4388.58,4389.47,4385.6,4386.91,1298
2026-05-28 22:10:00,4386.93,4388.64,4385.5,4386.9,1383
2026-05-28 22:15:00,4386.77,4390.59,4386.58,4389.49,1190
2026-05-28 22:20:00,4389.52,4390.04,4385.72,4387.64,966
2026-05-28 22:25:00,4387.59,4389.15,4384.35,4384.84,817
2026-05-28 22:30:00,4384.92,4387.12,4380.9,4386.7,1543
2026-05-28 22:35:00,4386.69,4390.19,4385.98,4388.54,1814
2026-05-28 22:40:00,4388.53,4390.36,4385.02,4385.69,1204
2026-05-28 22:45:00,4385.7,4386.27,4383.06,4383.52,1283
2026-05-28 22:50:00,4383.51,4384.67,4381.15,4383.85,1905
2026-05-28 22:55:00,4383.82,4388.45,4383.34,4388.04,1499
2026-05-28 23:00:00,4388.02,4391.15,4388.02,4389.87,1233
2026-05-28 23:05:00,4389.88,4392.97,4389.28,4391.57,1152
2026-05-28 23:10:00,4391.56,4392.69,4388.69,4392.46,1003
2026-05-28 23:15:00,4392.47,4392.84,4387.58,4388.54,1081
2026-05-28 23:20:00,4388.97,4389.59,4379.49,4381.45,1881
2026-05-28 23:25:00,4381.5,4387,4381.04,4384.79,1087
2026-05-28 23:30:00,4384.51,4394.56,4383.69,4392.28,2358
2026-05-28 23:35:00,4392.38,4402.34,4391.48,4398.59,2510
2026-05-28 23:40:00,4398.52,4403.01,4397.4,4402.09,2514
2026-05-28 23:45:00,4402.22,4409.97,4401.6,4409.63,1978
2026-05-28 23:50:00,4409.58,4421.55,4409.2,4420.48,2340
2026-05-28 23:55:00,4420.6,4433.78,4420.58,4432.1,2974
2026-05-29 00:00:00,4432.12,4436.21,4428.69,4432.61,3872
2026-05-29 00:05:00,4432.67,4439.02,4425.9,4426.31,2970
2026-05-29 00:10:00,4426.33,4431.98,4424.94,4426.65,2444
2026-05-29 00:15:00,4426.72,4431.9,4425.66,4431.39,1977
2026-05-29 00:20:00,4431.42,4434.17,4427.28,4428.81,2011
2026-05-29 00:25:00,4428.82,4432.96,4427.59,4428.64,1786
2026-05-29 00:30:00,4428.7,4430.88,4418.32,4418.71,3674
2026-05-29 00:35:00,4418.73,4426.56,4417.97,4424.93,3624
2026-05-29 00:40:00,4424.92,4425.51,4419.46,4422.06,3363
2026-05-29 00:45:00,4422.05,4430.06,4421.5,4425.65,2990
2026-05-29 00:50:00,4425.72,4434.35,4425.62,4430.82,3652
2026-05-29 00:55:00,4430.86,4432.35,4426.37,4430.12,2421
2026-05-29 01:00:00,4430.21,4433.21,4420.36,4424.22,3186
2026-05-29 01:05:00,4424.33,4442.51,4424.11,4438.77,3034
2026-05-29 01:10:00,4438.91,4467.4,4432.17,4463.95,5419
2026-05-29 01:15:00,4463.94,4473.07,4451.05,4464.58,6527
2026-05-29 01:20:00,4464.62,4467.24,4453.58,4461.38,4566
2026-05-29 01:25:00,4461.41,4465.16,4458.81,4460.71,4728
2026-05-29 01:30:00,4460.77,4467.93,4456.07,4456.46,3940
2026-05-29 01:35:00,4456.42,4460.19,4452.78,4459.42,3892
2026-05-29 01:40:00,4459.43,4471.57,4458.32,4468.79,3913
2026-05-29 01:45:00,4468.88,4480.33,4466.12,4467.75,4885
2026-05-29 01:50:00,4467.76,4475.61,4466.56,4470.27,3677
2026-05-29 01:55:00,4470.29,4470.86,4461.95,4469.77,3106
2026-05-29 02:00:00,4469.78,4476.8,4468.66,4474.82,3513
2026-05-29 02:05:00,4474.81,4480.74,4472.41,4473.3,2926
2026-05-29 02:10:00,4473.5,4474.54,4470.5,4471.35,2557
2026-05-29 02:15:00,4471.57,4474.2,4470.72,4472.57,2081
2026-05-29 02:20:00,4472.56,4477.02,4469.25,4476.26,2358
2026-05-29 02:25:00,4476.27,4482.19,4475.33,4476.69,2849
2026-05-29 02:30:00,4477.03,4481.4,4477.01,4480.8,2721
2026-05-29 02:35:00,4480.81,4484.88,4478.14,4478.23,2881
2026-05-29 02:40:00,4478.28,4481.18,4477.06,4479.25,2263
2026-05-29 02:45:00,4479.26,4482.37,4478.68,4479.53,2074
2026-05-29 02:50:00,4479.54,4482.38,4479.35,4480.05,1861
2026-05-29 02:55:00,4480.04,4482.16,4478.66,4482.09,1446
2026-05-29 03:00:00,4482.13,4483.75,4477.82,4480.74,1995
2026-05-29 03:05:00,4480.75,4485.59,4480.72,4481.21,1618
2026-05-29 03:10:00,4481.23,4485.46,4481.23,4484.27,1592
2026-05-29 03:15:00,4484.32,4497.38,4484,4497.04,2831
2026-05-29 03:20:00,4497.02,4502.48,4494.74,4502.03,2707
2026-05-29 03:25:00,4502.02,4502.84,4498.88,4500.52,2194
2026-05-29 03:30:00,4500.65,4502.48,4497.72,4498.92,1798
2026-05-29 03:35:00,4498.85,4502.95,4497.42,4499.28,1996
2026-05-29 03:40:00,4499.34,4506.33,4499.04,4504.31,2404
2026-05-29 03:45:00,4504.35,4508.26,4504.27,4505.21,2390
2026-05-29 03:50:00,4505.18,4509.67,4504.66,4507.92,1898
2026-05-29 03:55:00,4507.97,4511.01,4507.69,4510.97,1299
2026-05-29 04:00:00,4510.99,4514.52,4509.38,4510.03,2273
2026-05-29 04:05:00,4510.07,4510.31,4505.77,4509.8,2035
2026-05-29 04:10:00,4509.81,4510.4,4503.45,4503.87,1900
2026-05-29 04:15:00,4503.85,4506.86,4503.28,4504.48,1548
2026-05-29 04:20:00,4504.4,4505.71,4502.46,4505.04,2021
2026-05-29 04:25:00,4505.07,4506.29,4501.11,4502.03,2233
2026-05-29 04:30:00,4502.08,4507.04,4502.08,4505.11,1325
2026-05-29 04:35:00,4505.18,4505.79,4503.9,4505.53,1439
2026-05-29 04:40:00,4505.54,4507,4504.18,4504.91,1367
2026-05-29 04:45:00,4504.92,4509.25,4504.54,4508.35,1422
2026-05-29 04:50:00,4508.36,4508.45,4506.61,4507.65,1085
2026-05-29 04:55:00,4507.67,4510.06,4507.57,4508.79,1193
2026-05-29 05:00:00,4508.8,4516.43,4508.73,4513.12,1864
2026-05-29 05:05:00,4513.09,4513.75,4509.34,4509.74,1463
2026-05-29 05:10:00,4509.75,4509.75,4506.07,4507.65,1518
2026-05-29 05:15:00,4507.66,4512.51,4505.27,4509.6,1695
2026-05-29 05:20:00,4509.66,4511.08,4507.53,4508.16,1335
2026-05-29 05:25:00,4508.05,4508.2,4505.16,4506.09,1235
2026-05-29 05:30:00,4506.08,4506.28,4501.38,4501.96,1198
2026-05-29 05:35:00,4501.95,4503.64,4500.8,4501.79,1418
2026-05-29 05:40:00,4501.81,4502.71,4500.82,4501.72,1018
2026-05-29 05:45:00,4501.66,4502.4,4498.38,4499.15,1112
2026-05-29 05:50:00,4499.03,4503.63,4498.66,4502.78,1151
2026-05-29 05:55:00,4502.81,4503.2,4500.47,4501.35,1023
2026-05-29 06:00:00,4501.32,4503.66,4500.01,4501.8,1248
2026-05-29 06:05:00,4501.82,4502.36,4498.76,4498.92,791
2026-05-29 06:10:00,4498.94,4501.81,4498.59,4499.63,1224
2026-05-29 06:15:00,4499.66,4501.43,4499.63,4500.91,879
2026-05-29 06:20:00,4500.9,4503.02,4500.31,4502.49,783
2026-05-29 06:25:00,4502.55,4502.55,4499.56,4499.57,864
2026-05-29 06:30:00,4499.56,4501.87,4499.56,4500.82,846
2026-05-29 06:35:00,4500.83,4501.53,4499.26,4500.69,767
2026-05-29 06:40:00,4500.64,4501.09,4498.98,4499.08,727
2026-05-29 06:45:00,4499.09,4500.46,4498.26,4498.75,839
2026-05-29 06:50:00,4498.73,4499.89,4497.61,4498.88,1187
2026-05-29 06:55:00,4498.85,4499.48,4497.16,4497.73,1517
2026-05-29 07:00:00,4497.68,4498.35,4495.55,4495.84,881
2026-05-29 07:05:00,4495.94,4497.51,4494.75,4496.02,543
2026-05-29 07:10:00,4496.01,4498.71,4495.9,4497.02,671
2026-05-29 07:15:00,4496.88,4500.69,4496.3,4497.42,807
2026-05-29 07:20:00,4497.44,4498.77,4497.41,4497.75,412
2026-05-29 07:25:00,4497.73,4499.55,4496.9,4499.31,392
2026-05-29 07:30:00,4499.3,4500.58,4498.16,4500.1,452
2026-05-29 07:35:00,4500.12,4500.12,4496.26,4496.38,549
2026-05-29 07:40:00,4496.36,4496.6,4494.88,4495.34,409
2026-05-29 07:45:00,4495.36,4496.18,4494.78,4495.74,446
2026-05-29 07:50:00,4495.71,4496.25,4494.35,4495.31,335
2026-05-29 07:55:00,4495.6,4496.47,4494.87,4495.4,436
2026-05-29 09:00:00,4498.73,4498.73,4495.01,4496.97,419
2026-05-29 09:05:00,4496.96,4497.87,4491.35,4493.41,878
2026-05-29 09:10:00,4493.44,4494.89,4492.02,4493.71,793
2026-05-29 09:15:00,4493.75,4495.04,4493.07,4493.46,366
2026-05-29 09:20:00,4493.47,4495.03,4492.98,4493.68,569
2026-05-29 09:25:00,4493.69,4496.36,4492.33,4495.68,952
2026-05-29 09:30:00,4495.67,4496.34,4493.67,4494.15,731
2026-05-29 09:35:00,4494.13,4494.88,4492.83,4494.2,493
2026-05-29 09:40:00,4494.18,4496.56,4493.31,4495.43,653
2026-05-29 09:45:00,4495.41,4496.04,4494.28,4494.35,465
2026-05-29 09:50:00,4494.38,4494.81,4492.16,4493.65,578
2026-05-29 09:55:00,4493.64,4494.36,4490.91,4491.38,669
2026-05-29 10:00:00,4491.41,4495.27,4490.7,4495.19,1144
2026-05-29 10:05:00,4495.17,4495.74,4493.79,4493.83,663
2026-05-29 10:10:00,4494.13,4494.8,4493.86,4494.52,374
2026-05-29 10:15:00,4494.53,4497.05,4494.49,4495.81,569
2026-05-29 10:20:00,4495.8,4495.8,4493.61,4494.57,575
2026-05-29 10:25:00,4494.52,4494.83,4491.57,4492.14,563
2026-05-29 10:30:00,4492.45,4494.75,4491.02,4494.25,799
2026-05-29 10:35:00,4494.21,4494.87,4491.88,4491.89,796
2026-05-29 10:40:00,4492.22,4492.35,4489.15,4490.1,810
2026-05-29 10:45:00,4490.19,4491.36,4489.1,4490.4,821
2026-05-29 10:50:00,4490.44,4494.68,4490.23,4492.07,922
2026-05-29 10:55:00,4492.09,4496.5,4491.54,4495.18,852
2026-05-29 11:00:00,4495.36,4498.25,4492.62,4495.14,2140
2026-05-29 11:05:00,4495.13,4496.54,4492.19,4494.42,1876
2026-05-29 11:10:00,4494.41,4498.18,4492.5,4497.49,1690
2026-05-29 11:15:00,4497.28,4499.94,4496.24,4499.19,1426
2026-05-29 11:20:00,4499.27,4500.53,4495.78,4497.72,1085
2026-05-29 11:25:00,4497.73,4500.43,4496.11,4500.26,1301
2026-05-29 11:30:00,4500.23,4500.52,4495.24,4495.24,1268
2026-05-29 11:35:00,4495.17,4496.81,4493.21,4494.02,1071
2026-05-29 11:40:00,4494.01,4498.41,4493.94,4498.22,1106
2026-05-29 11:45:00,4497.99,4498.32,4493.39,4495.08,998
2026-05-29 11:50:00,4495.11,4496.76,4493.6,4494.08,1273
2026-05-29 11:55:00,4494.09,4496.18,4493.36,4496.17,1091
2026-05-29 12:00:00,4496.2,4503.33,4492.53,4500.71,3275
2026-05-29 12:05:00,4500.74,4509.17,4498.89,4508.64,2664
2026-05-29 12:10:00,4508.66,4515.47,4507.95,4514.88,2248
2026-05-29 12:15:00,4514.92,4520.8,4514.43,4518.61,2200
2026-05-29 12:20:00,4518.73,4520.36,4512.81,4512.81,1903
2026-05-29 12:25:00,4512.85,4513.46,4505.01,4505.38,1942
2026-05-29 12:30:00,4505.31,4505.71,4502.46,4504.07,2186
2026-05-29 12:35:00,4504.06,4508.26,4503.13,4507.23,1930
2026-05-29 12:40:00,4507.26,4508.55,4505.27,4506.4,1945
2026-05-29 12:45:00,4506.46,4506.88,4501.61,4502.11,1957
2026-05-29 12:50:00,4502.08,4506.5,4501.11,4505.93,1427
2026-05-29 12:55:00,4505.91,4507.54,4503.72,4506.26,1460
2026-05-29 13:00:00,4506.23,4510.98,4505.78,4510.69,1768
2026-05-29 13:05:00,4510.62,4511.14,4505.07,4505.75,1284
2026-05-29 13:10:00,4505.74,4507.98,4504.14,4506.87,1385
2026-05-29 13:15:00,4506.89,4508.85,4505,4505.82,1069
2026-05-29 13:20:00,4505.84,4506.1,4503.08,4504.64,958
2026-05-29 13:25:00,4504.5,4504.92,4501.82,4502.93,756
2026-05-29 13:30:00,4502.94,4505.18,4498.26,4503.99,1452
2026-05-29 13:35:00,4503.6,4506.49,4503.16,4505.99,1074
2026-05-29 13:40:00,4506.01,4507.64,4504.84,4504.96,1024
2026-05-29 13:45:00,4504.98,4508.11,4504.63,4506.32,1009
2026-05-29 13:50:00,4506.31,4506.31,4502.08,4503.23,1386
2026-05-29 13:55:00,4503.22,4505.1,4501.06,4501.59,1186
2026-05-29 14:00:00,4501.55,4501.86,4498.78,4501.67,1549
2026-05-29 14:05:00,4501.68,4501.72,4496.78,4498.29,1410
2026-05-29 14:10:00,4498.3,4499.08,4494.83,4496.12,1616
2026-05-29 14:15:00,4496.2,4497.65,4495.23,4496.26,1232
2026-05-29 14:20:00,4496.25,4499.18,4496.19,4498.15,1228
2026-05-29 14:25:00,4498.16,4498.21,4495.16,4496.75,1481
2026-05-29 14:30:00,4496.74,4498.26,4496.59,4497.19,878
2026-05-29 14:35:00,4497.15,4498,4494.75,4496.29,935
2026-05-29 14:40:00,4496.3,4499.05,4496.3,4498.22,772
2026-05-29 14:45:00,4498.23,4499.94,4497.89,4499.81,619
2026-05-29 14:50:00,4499.83,4500.52,4496.46,4499.8,1008
2026-05-29 14:55:00,4499.79,4501.73,4498.67,4501.45,917
2026-05-29 15:00:00,4501.42,4505.37,4501.22,4502.62,1094
2026-05-29 15:05:00,4502.63,4503.85,4501.44,4503.25,779
2026-05-29 15:10:00,4503.24,4503.54,4501.74,4502.2,669
2026-05-29 15:15:00,4502.27,4505.07,4501.91,4504.55,879
2026-05-29 15:20:00,4504.67,4511.32,4504.11,4510.37,1047
2026-05-29 15:25:00,4510.36,4511.66,4508.76,4509.02,1119
2026-05-29 15:30:00,4509,4510.36,4508.33,4508.95,869
2026-05-29 15:35:00,4508.93,4510.79,4508.38,4509.68,761
2026-05-29 15:40:00,4509.72,4510.78,4508.91,4510.45,820
2026-05-29 15:45:00,4510.4,4510.99,4508.33,4509.13,670
2026-05-29 15:50:00,4509.15,4510.16,4508.18,4509.31,640
2026-05-29 15:55:00,4509.32,4514.98,4508.63,4513.98,684
2026-05-29 16:00:00,4513.93,4515.54,4509.77,4510.05,802
2026-05-29 16:05:00,4510.06,4510.96,4509.4,4510.07,599
2026-05-29 16:10:00,4510.08,4512.38,4508.71,4511.89,626
2026-05-29 16:15:00,4511.87,4512.18,4510.47,4511.76,569
2026-05-29 16:20:00,4511.77,4511.86,4509.45,4509.88,571
2026-05-29 16:25:00,4509.59,4510.74,4509.4,4509.77,588
2026-05-29 16:30:00,4509.79,4512.65,4507.31,4508.29,1744
2026-05-29 16:35:00,4508.36,4508.37,4502.59,4503.62,1341
2026-05-29 16:40:00,4503.61,4508.08,4502.55,4506.72,1439
2026-05-29 16:45:00,4506.73,4508.8,4505.38,4505.9,1175
2026-05-29 16:50:00,4506.05,4515.69,4503.9,4514.81,1202
2026-05-29 16:55:00,4514.8,4515.39,4510.57,4515.03,1214
2026-05-29 17:00:00,4514.98,4522.46,4514.16,4519.06,2806
2026-05-29 17:05:00,4519.04,4520.18,4514.29,4514.36,1596
2026-05-29 17:10:00,4514.35,4516.16,4511.13,4515.7,1819
2026-05-29 17:15:00,4515.72,4515.79,4509.89,4511.55,1571
2026-05-29 17:20:00,4511.54,4519.9,4511.38,4518.59,1586
2026-05-29 17:25:00,4518.37,4521.51,4516.28,4516.65,1582
2026-05-29 17:30:00,4516.58,4520.84,4516.49,4517.81,1425
2026-05-29 17:35:00,4517.76,4519.02,4513.69,4514.99,1313
2026-05-29 17:40:00,4515.02,4516.95,4511.35,4516.55,1268
2026-05-29 17:45:00,4516.52,4519.94,4515.14,4517.39,1100
2026-05-29 17:50:00,4517.43,4523.06,4516.82,4521.96,1125
2026-05-29 17:55:00,4521.95,4524.06,4521.63,4523.7,1362
2026-05-29 18:00:00,4523.59,4523.94,4518.92,4519.18,1454
2026-05-29 18:05:00,4519.16,4520.66,4517.89,4519.05,1229
2026-05-29 18:10:00,4519.02,4520.58,4516.01,4516.23,1343
2026-05-29 18:15:00,4516.32,4517.11,4514.24,4515.54,1280
2026-05-29 18:20:00,4515.55,4515.88,4511.96,4511.97,1238
2026-05-29 18:25:00,4511.94,4514.25,4510.81,4514.07,1352
2026-05-29 18:30:00,4513.93,4521.13,4512.79,4520.73,1515
2026-05-29 18:35:00,4520.83,4525.16,4520.1,4522.59,1717
2026-05-29 18:40:00,4522.57,4526.05,4521.07,4525.14,1365
2026-05-29 18:45:00,4525.1,4526.18,4523.32,4524.25,1198
2026-05-29 18:50:00,4524.24,4525.37,4522.08,4523.11,979
2026-05-29 18:55:00,4522.96,4525.57,4522.75,4524.78,873
2026-05-29 19:00:00,4524.77,4524.94,4518.83,4519.07,1473
2026-05-29 19:05:00,4519.12,4520.57,4515.61,4516.15,1306
2026-05-29 19:10:00,4516.01,4518.94,4514.12,4515.22,1273
2026-05-29 19:15:00,4515.19,4516.22,4512.95,4513.01,1192
2026-05-29 19:20:00,4513.03,4517.18,4512.42,4515.31,1266
2026-05-29 19:25:00,4515.32,4517.94,4514.4,4516.89,1163
2026-05-29 19:30:00,4516.86,4518,4514.9,4515.02,813
2026-05-29 19:35:00,4515.13,4516.7,4513.95,4515.1,1051
2026-05-29 19:40:00,4515.09,4516.2,4514.13,4515.08,734
2026-05-29 19:45:00,4514.93,4516.35,4510.88,4511.21,1058
2026-05-29 19:50:00,4511.26,4515.43,4510,4513.79,1049
2026-05-29 19:55:00,4513.82,4515.29,4513.01,4515.08,736
2026-05-29 20:00:00,4515.09,4519.37,4513.18,4518.8,1390
2026-05-29 20:05:00,4518.79,4524.11,4517.3,4523.78,1020
2026-05-29 20:10:00,4523.5,4530.28,4523.27,4529.13,1417
2026-05-29 20:15:00,4529.16,4529.55,4526.76,4527.83,1598
2026-05-29 20:20:00,4527.79,4528.25,4522.19,4522.56,1257
2026-05-29 20:25:00,4522.58,4532.37,4522.34,4528.7,1326
2026-05-29 20:30:00,4528.69,4530.65,4524.69,4528.44,1587
2026-05-29 20:35:00,4528.39,4530.37,4526.6,4528.68,888
2026-05-29 20:40:00,4528.69,4532.52,4528.07,4532.35,826
2026-05-29 20:45:00,4532.34,4537.59,4531.9,4537.16,1362
2026-05-29 20:50:00,4537.15,4539.82,4531.09,4532.49,1366
2026-05-29 20:55:00,4532.48,4533.34,4529.58,4531.11,982
2026-05-29 21:00:00,4531.1,4531.1,4525.44,4526.03,1021
2026-05-29 21:05:00,4526.02,4528.62,4525.97,4526.45,978
2026-05-29 21:10:00,4526.44,4528.69,4525.91,4528.68,1094
2026-05-29 21:15:00,4528.53,4530.26,4525.76,4526.74,1069
2026-05-29 21:20:00,4526.76,4527.88,4525.86,4527.53,1056
2026-05-29 21:25:00,4527.54,4530.98,4527.29,4530.4,951
2026-05-29 21:30:00,4530.41,4539.27,4530.4,4538.9,1308
2026-05-29 21:35:00,4538.95,4543.13,4538.29,4541.56,1430
2026-05-29 21:40:00,4541.51,4542.21,4536.25,4537.85,1072
2026-05-29 21:45:00,4537.91,4541.02,4536.24,4537.09,1122
2026-05-29 21:50:00,4537.07,4538.99,4536.63,4536.69,1000
2026-05-29 21:55:00,4536.7,4538.72,4535.25,4538.55,1156
2026-05-29 22:00:00,4538.53,4540.41,4535.5,4535.79,1352
2026-05-29 22:05:00,4535.78,4536.88,4532.08,4532.44,1015
2026-05-29 22:10:00,4532.45,4533.33,4530.62,4532.14,1188
2026-05-29 22:15:00,4532.15,4532.62,4529.29,4531.4,1156
2026-05-29 22:20:00,4531.39,4534.52,4530.34,4531.11,1237
2026-05-29 22:25:00,4531.21,4531.96,4526.77,4528.06,1371
2026-05-29 22:30:00,4528.07,4528.53,4525.84,4526.94,1216
2026-05-29 22:35:00,4526.98,4528.91,4526.58,4528.2,892
2026-05-29 22:40:00,4528.1,4531.36,4528.06,4530.98,791
2026-05-29 22:45:00,4530.99,4533.89,4529.29,4529.32,899
2026-05-29 22:50:00,4529.34,4535,4527.46,4533.84,2017
2026-05-29 22:55:00,4533.88,4538.9,4533.43,4538.35,1212
2026-05-29 23:00:00,4538.37,4538.54,4528.04,4529.34,1483
2026-05-29 23:05:00,4529.44,4530.66,4527.27,4530.04,1702
2026-05-29 23:10:00,4530,4531.88,4526.91,4528.26,1631
2026-05-29 23:15:00,4528.39,4531.97,4527.74,4530.5,1272
2026-05-29 23:20:00,4530.48,4530.48,4519.97,4523.55,2158
2026-05-29 23:25:00,4523.61,4524.66,4520.53,4522.39,1439
2026-05-29 23:30:00,4522.43,4523.39,4514.61,4517.09,2271
2026-05-29 23:35:00,4517.03,4518.81,4515.07,4517.24,2086
2026-05-29 23:40:00,4517.22,4517.74,4512.6,4514.15,1615
2026-05-29 23:45:00,4514.03,4517.89,4512.59,4515.4,1504
2026-05-29 23:50:00,4515.28,4520.05,4514.3,4518.57,1664
2026-05-29 23:55:00,4518.47,4524.13,4516.72,4523.02,1570
2026-05-30 00:00:00,4523.15,4525.56,4517.03,4524.13,2676
2026-05-30 00:05:00,4524.15,4526.84,4520.27,4525.58,2163
2026-05-30 00:10:00,4525.59,4525.63,4520.77,4522.65,1651
2026-05-30 00:15:00,4522.67,4524.26,4521.2,4522.63,1622
2026-05-30 00:20:00,4522.61,4529.1,4522.4,4526.17,1686
2026-05-30 00:25:00,4526.44,4528.37,4525.24,4528.08,1910
2026-05-30 00:30:00,4528.09,4531.97,4525.03,4525.13,3335
2026-05-30 00:35:00,4525.22,4532.98,4522.3,4531.4,3525
2026-05-30 00:40:00,4531.3,4535.5,4530.29,4533.03,2098
2026-05-30 00:45:00,4533.05,4536.86,4529.65,4535.91,2644
2026-05-30 00:50:00,4536.03,4539.23,4532.13,4538.52,2697
2026-05-30 00:55:00,4538.47,4540.66,4535.21,4536.65,2419
2026-05-30 01:00:00,4536.6,4549.36,4535.11,4548.02,3294
2026-05-30 01:05:00,4548.09,4552.63,4546.12,4551.01,2892
2026-05-30 01:10:00,4550.79,4552.48,4543.73,4543.78,2622
2026-05-30 01:15:00,4543.8,4545,4537.55,4537.76,2800
2026-05-30 01:20:00,4537.75,4540.22,4530.91,4531.34,2839
2026-05-30 01:25:00,4531.31,4533.2,4526.02,4529.71,4353
2026-05-30 01:30:00,4529.61,4536.32,4525.34,4536.29,3322
2026-05-30 01:35:00,4536.38,4536.68,4530.69,4531.54,3224
2026-05-30 01:40:00,4531.56,4541.81,4531.56,4540.22,3045
2026-05-30 01:45:00,4540.21,4540.97,4536.6,4539.56,2340
2026-05-30 01:50:00,4539.59,4569.23,4539.59,4556.82,5214
2026-05-30 01:55:00,4556.81,4570.57,4555.73,4563.88,4964
2026-05-30 02:00:00,4563.96,4578.55,4563.96,4578.04,4698
2026-05-30 02:05:00,4578.05,4589.8,4573.71,4587.8,4519
2026-05-30 02:10:00,4587.85,4595.29,4585.86,4589.8,3746
2026-05-30 02:15:00,4589.82,4591.57,4585.84,4588.7,3455
2026-05-30 02:20:00,4588.78,4589.13,4581.49,4584.94,3327
2026-05-30 02:25:00,4584.92,4585.35,4578.05,4578.59,2540
2026-05-30 02:30:00,4578.58,4583.36,4577.74,4578.24,2579
2026-05-30 02:35:00,4578.23,4580.75,4572.05,4572.98,2946
2026-05-30 02:40:00,4573.12,4575.23,4561.45,4566.64,3690
2026-05-30 02:45:00,4566.63,4569.45,4557.67,4565.01,3180
2026-05-30 02:50:00,4565.02,4570.39,4563.45,4569.06,2127
2026-05-30 02:55:00,4569.04,4571.52,4568.32,4571.15,2033
2026-05-30 03:00:00,4571.14,4572.25,4567.71,4568.04,1954
2026-05-30 03:05:00,4568.16,4569.01,4563.77,4564.28,1800
2026-05-30 03:10:00,4564.25,4565.09,4559.84,4563.65,1671
2026-05-30 03:15:00,4563.53,4567.73,4562.98,4565.26,1627
2026-05-30 03:20:00,4565.29,4567.26,4563.76,4564.19,1626
2026-05-30 03:25:00,4564.18,4564.2,4560.33,4563.04,1747
2026-05-30 03:30:00,4563.06,4569.84,4561.91,4568.76,2479
2026-05-30 03:35:00,4568.78,4573.46,4567.61,4572.05,1930
2026-05-30 03:40:00,4572.04,4572.9,4568.35,4569.38,1740
2026-05-30 03:45:00,4569.39,4569.39,4564.4,4564.72,1951
2026-05-30 03:50:00,4564.7,4565.81,4560.99,4565.39,1664
2026-05-30 03:55:00,4565.37,4567.37,4562.66,4566.78,1259
2026-05-30 04:00:00,4566.88,4568.03,4564.25,4564.29,1680
2026-05-30 04:05:00,4564.3,4568.36,4563.33,4567.56,1421
2026-05-30 04:10:00,4567.55,4568.39,4563.74,4563.93,1492
2026-05-30 04:15:00,4563.91,4566.7,4563.61,4565.64,1512
2026-05-30 04:20:00,4565.63,4566.88,4560.69,4565.59,2218
2026-05-30 04:25:00,4565.6,4565.92,4561.47,4561.98,2098
2026-05-30 04:30:00,4561.97,4562.32,4557.65,4561.23,1902
2026-05-30 04:35:00,4561.27,4561.97,4558.32,4558.74,1425
2026-05-30 04:40:00,4558.85,4560.03,4553.09,4553.97,1907
2026-05-30 04:45:00,4554.02,4557.49,4552.96,4555.98,1546
2026-05-30 04:50:00,4555.99,4556.18,4552.31,4553.36,1244
2026-05-30 04:55:00,4553.37,4553.97,4551.45,4553.39,1746
2026-05-30 05:00:00,4553.41,4557.16,4552.39,4557.15,1928
2026-05-30 05:05:00,4557.19,4558.69,4555.68,4557.84,1284
2026-05-30 05:10:00,4558,4558.2,4555.95,4558.13,1183
2026-05-30 05:15:00,4558.19,4558.87,4555.46,4558.37,1347
2026-05-30 05:20:00,4558.61,4559.75,4557.24,4558.48,1123
2026-05-30 05:25:00,4558.49,4560.19,4557.98,4559.21,1004
2026-05-30 05:30:00,4559.22,4561.17,4559.22,4560.74,996
2026-05-30 05:35:00,4560.75,4561.52,4559.83,4559.98,786
2026-05-30 05:40:00,4559.99,4560.03,4557.44,4557.86,850
2026-05-30 05:45:00,4557.85,4557.85,4550.7,4552.84,2568
2026-05-30 05:50:00,4552.83,4554.54,4552.12,4553.99,1609
2026-05-30 05:55:00,4554.01,4556.82,4552.9,4553.32,1413
2026-05-30 06:00:00,4553.08,4554.93,4552.33,4554.39,1467
2026-05-30 06:05:00,4554.4,4558.36,4554.3,4558.32,933
2026-05-30 06:10:00,4558.31,4560.11,4557.66,4558.3,1001
2026-05-30 06:15:00,4558.24,4559.04,4556.61,4557.36,919
2026-05-30 06:20:00,4557.35,4557.99,4555.66,4556.31,957
2026-05-30 06:25:00,4556.32,4556.89,4554.74,4555.27,962
2026-05-30 06:30:00,4555.25,4556.26,4553.05,4553.52,1136
2026-05-30 06:35:00,4553.56,4553.9,4551.73,4552.48,1131
2026-05-30 06:40:00,4552.49,4553.86,4551.13,4551.51,1284
2026-05-30 06:45:00,4551.5,4551.66,4548.59,4548.65,1586
2026-05-30 06:50:00,4548.7,4549.55,4545.41,4546.38,2429
2026-05-30 06:55:00,4546.35,4548.22,4542.82,4545.7,3051
2026-05-30 07:00:00,4545.72,4547.62,4542.8,4544.49,1521
2026-05-30 07:05:00,4544.51,4546.07,4543.09,4545.82,713
2026-05-30 07:10:00,4545.83,4549.1,4544.92,4548.79,678
2026-05-30 07:15:00,4548.76,4548.82,4545.48,4545.58,640
2026-05-30 07:20:00,4545.52,4545.84,4544.24,4545.08,429
2026-05-30 07:25:00,4545.09,4545.21,4541.96,4542.32,439
2026-05-30 07:30:00,4542.34,4542.99,4541.53,4542.82,364
2026-05-30 07:35:00,4542.84,4543.1,4541.7,4542.54,276
2026-05-30 07:40:00,4542.51,4543.7,4541.01,4543.27,360
2026-06-01 09:00:00,4521.63,4526.09,4517.68,4520.5,1872
2026-06-01 09:05:00,4520.48,4527.16,4519.38,4525.24,1080
2026-06-01 09:10:00,4525.22,4535.23,4523.5,4534.61,1277
2026-06-01 09:15:00,4534.29,4536.48,4530.93,4536.37,1240
2026-06-01 09:20:00,4536.36,4536.4,4530.94,4532.81,1181
2026-06-01 09:25:00,4532.83,4534.1,4531.41,4533.13,664
2026-06-01 09:30:00,4532.23,4536.48,4532.23,4535.23,1057
2026-06-01 09:35:00,4535.33,4536.39,4531.67,4531.72,833
2026-06-01 09:40:00,4532.11,4535.53,4530.76,4535.52,742
2026-06-01 09:45:00,4535.41,4540.41,4535.41,4538.27,926
2026-06-01 09:50:00,4538.25,4538.97,4534.77,4534.98,727
2026-06-01 09:55:00,4534.95,4537.83,4534.78,4535.24,597
2026-06-01 10:00:00,4535.43,4540.36,4534.62,4539.67,880
2026-06-01 10:05:00,4539.34,4541.75,4538.45,4541.38,594
2026-06-01 10:10:00,4541.36,4543.26,4540.01,4542.62,620
2026-06-01 10:15:00,4542.64,4543.64,4541.3,4542.08,604
2026-06-01 10:20:00,4542.09,4543.52,4540.1,4541.98,609
2026-06-01 10:25:00,4541.99,4545.22,4541.55,4544.98,815
2026-06-01 10:30:00,4545.04,4545.86,4539.12,4539.41,1109
2026-06-01 10:35:00,4539.47,4541.79,4538.24,4540.67,826
2026-06-01 10:40:00,4540.69,4542.59,4540.06,4541.91,510
2026-06-01 10:45:00,4541.6,4542.76,4538.26,4540.71,1137
2026-06-01 10:50:00,4540.73,4544.82,4540.01,4544.19,865
2026-06-01 10:55:00,4543.91,4544.74,4539.15,4539.15,819
2026-06-01 11:00:00,4539.13,4546.1,4537.17,4544.85,1826
2026-06-01 11:05:00,4544.86,4544.94,4540.31,4540.7,1437
2026-06-01 11:10:00,4540.71,4543.45,4539.25,4540.33,1447
2026-06-01 11:15:00,4540.53,4543.67,4537.42,4537.97,1486
2026-06-01 11:20:00,4537.96,4541.59,4537.69,4540.52,1097
2026-06-01 11:25:00,4540.51,4544.36,4539.71,4543.34,1018
2026-06-01 11:30:00,4543.36,4545.14,4535.97,4538.21,1169
2026-06-01 11:35:00,4538.22,4538.93,4535.23,4536.87,1174
2026-06-01 11:40:00,4536.7,4537.27,4535.24,4535.98,1043
2026-06-01 11:45:00,4535.99,4541.78,4535.95,4541.23,1209
2026-06-01 11:50:00,4541.35,4542.76,4538.14,4538.87,1013
2026-06-01 11:55:00,4538.86,4541.85,4536.81,4540.55,1165
2026-06-01 12:00:00,4540.58,4541.33,4531.55,4534.27,2393
2026-06-01 12:05:00,4534.26,4535.47,4526.89,4529.09,1921
2026-06-01 12:10:00,4528.88,4534.26,4525.89,4533.88,1751
2026-06-01 12:15:00,4533.89,4534.27,4529.94,4530.29,1546
2026-06-01 12:20:00,4530.39,4536.45,4529.93,4532.17,1619
2026-06-01 12:25:00,4532.25,4533.04,4527.89,4528.81,1496
2026-06-01 12:30:00,4528.78,4532.68,4526.96,4532.68,1725
2026-06-01 12:35:00,4532.6,4533.28,4528.01,4529.73,1420
2026-06-01 12:40:00,4529.77,4533.83,4528.48,4533.03,1411
2026-06-01 12:45:00,4533.02,4533.59,4527.3,4528.65,1471
2026-06-01 12:50:00,4528.68,4531.07,4527.62,4529.97,1306
2026-06-01 12:55:00,4529.98,4530.1,4523.71,4525.14,1631
2026-06-01 13:00:00,4525.11,4527.78,4524.24,4524.99,1148
2026-06-01 13:05:00,4524.96,4531.42,4524.7,4528.54,1153
2026-06-01 13:10:00,4528.51,4534.03,4528.28,4532.06,1326
2026-06-01 13:15:00,4532.02,4534.58,4531.67,4531.96,894
2026-06-01 13:20:00,4531.97,4532.77,4530.05,4531.45,748
2026-06-01 13:25:00,4531.42,4531.56,4529.47,4530.37,514
2026-06-01 13:30:00,4530.3,4530.33,4523.28,4527.28,1524
2026-06-01 13:35:00,4527.31,4531.11,4527.14,4528.4,1405
2026-06-01 13:40:00,4528.38,4528.38,4522.33,4523,1218
2026-06-01 13:45:00,4523.01,4525.11,4521.85,4523.47,1236
2026-06-01 13:50:00,4523.63,4524.02,4522.04,4522.36,1093
2026-06-01 13:55:00,4522.25,4523.6,4521.26,4521.56,1021
2026-06-01 14:00:00,4521.47,4525.53,4521.17,4524.48,920
2026-06-01 14:05:00,4524.45,4524.58,4517.28,4517.45,1368
2026-06-01 14:10:00,4517.47,4520.36,4515.4,4518.83,1256
2026-06-01 14:15:00,4518.78,4519.96,4513.57,4519.35,1348
2026-06-01 14:20:00,4519.36,4519.99,4517.52,4518.43,1148
2026-06-01 14:25:00,4518.45,4521.37,4517.66,4520.43,949
2026-06-01 14:30:00,4520.25,4523.96,4519.77,4521.72,1068
2026-06-01 14:35:00,4521.42,4521.62,4514.47,4515.58,852
2026-06-01 14:40:00,4515.26,4515.75,4509.68,4510.6,979
2026-06-01 14:45:00,4510.59,4513.16,4509.74,4512.4,873
2026-06-01 14:50:00,4512.35,4513.99,4511.63,4513.12,694
2026-06-01 14:55:00,4513.15,4516.37,4512.29,4516.32,608
2026-06-01 15:00:00,4516.3,4519.78,4515.53,4516.4,785
2026-06-01 15:05:00,4516.32,4517.36,4513.72,4514.01,655
2026-06-01 15:10:00,4514,4515.06,4512.28,4514.75,469
2026-06-01 15:15:00,4514.72,4518.59,4514.72,4516.79,507
2026-06-01 15:20:00,4516.77,4517.72,4515.9,4517.62,412
2026-06-01 15:25:00,4517.52,4517.55,4515.36,4515.82,510
2026-06-01 15:30:00,4515.83,4516.6,4514.25,4514.41,469
2026-06-01 15:35:00,4514.44,4515.66,4513.53,4515.08,547
2026-06-01 15:40:00,4515.09,4517.28,4514.32,4514.52,732
2026-06-01 15:45:00,4514.51,4514.69,4508.49,4510.54,765
2026-06-01 15:50:00,4510.51,4514.53,4509.4,4514.17,869
2026-06-01 15:55:00,4514.18,4515.15,4512.62,4514.44,597
2026-06-01 16:00:00,4514.42,4516.25,4513.57,4515.95,809
2026-06-01 16:05:00,4515.96,4517.76,4515.56,4516.48,650
2026-06-01 16:10:00,4516.46,4519.11,4515.28,4518.21,692
2026-06-01 16:15:00,4518.28,4521.92,4517.65,4521.5,658
2026-06-01 16:20:00,4521.46,4523.27,4519.55,4522.56,678
2026-06-01 16:25:00,4522.55,4523.64,4520.2,4520.3,631
2026-06-01 16:30:00,4520.53,4522.12,4512.59,4513.57,1808
2026-06-01 16:35:00,4513.56,4522.09,4513.46,4520.26,1321
2026-06-01 16:40:00,4520.3,4521.13,4514.95,4519.84,1347
2026-06-01 16:45:00,4519.83,4525.3,4517.23,4524.24,1264
2026-06-01 16:50:00,4524.26,4524.55,4521.17,4523.05,1263
2026-06-01 16:55:00,4523.04,4523.05,4516.98,4518.08,1162
2026-06-01 17:00:00,4518.03,4518.59,4514.03,4516.09,1780
2026-06-01 17:05:00,4516.21,4518.46,4515.22,4516.89,1180
2026-06-01 17:10:00,4516.94,4517.23,4512.57,4514.02,1256
2026-06-01 17:15:00,4514.03,4515.65,4509.86,4510.99,1388
2026-06-01 17:20:00,4510.97,4510.97,4504.78,4506.01,1559
2026-06-01 17:25:00,4505.98,4514.44,4505.51,4514.44,1351
2026-06-01 17:30:00,4514.46,4514.87,4510.43,4510.71,1279
2026-06-01 17:35:00,4510.72,4511.02,4501.51,4504.47,1667
2026-06-01 17:40:00,4504.53,4506.1,4502.91,4504.58,1271
2026-06-01 17:45:00,4504.57,4504.59,4500.94,4504.59,1434
2026-06-01 17:50:00,4504.58,4504.58,4500.11,4503.45,1438
2026-06-01 17:55:00,4503.49,4504.9,4500.79,4501.41,1293
2026-06-01 18:00:00,4501.39,4508.67,4500.59,4507.74,1594
2026-06-01 18:05:00,4507.72,4510.1,4505.92,4505.94,1487
2026-06-01 18:10:00,4505.91,4509.67,4505.53,4507.26,959
2026-06-01 18:15:00,4507.29,4508.32,4504.61,4506.81,1119
2026-06-01 18:20:00,4506.8,4507.25,4503.34,4505.09,883
2026-06-01 18:25:00,4505.07,4506.04,4503.23,4503.73,1074
2026-06-01 18:30:00,4503.77,4507.76,4503.62,4504.57,1008
2026-06-01 18:35:00,4504.25,4506.45,4502.44,4503.31,1110
2026-06-01 18:40:00,4503.3,4503.76,4497.8,4498.08,1495
2026-06-01 18:45:00,4498.09,4500.29,4492.68,4494.43,1705
2026-06-01 18:50:00,4494.33,4496.63,4492.3,4495.35,1371
2026-06-01 18:55:00,4495.32,4502.99,4494.53,4502.99,1112
2026-06-01 19:00:00,4502.93,4504.38,4495.56,4495.62,1697
2026-06-01 19:05:00,4495.72,4499.53,4493.37,4493.88,1728
2026-06-01 19:10:00,4493.74,4498.79,4493.54,4495.65,1331
2026-06-01 19:15:00,4495.63,4496.61,4491.49,4494.84,1707
2026-06-01 19:20:00,4494.99,4496.96,4490.16,4492.83,1347
2026-06-01 19:25:00,4492.84,4496.38,4492.57,4496.04,953
2026-06-01 19:30:00,4496.02,4496.68,4492.55,4495.74,953
2026-06-01 19:35:00,4495.76,4496.35,4493.13,4494.62,922
2026-06-01 19:40:00,4494.64,4500.37,4492.6,4499.87,1105
2026-06-01 19:45:00,4499.89,4502.55,4496.35,4501.06,1270
2026-06-01 19:50:00,4501.15,4501.78,4496.94,4497.18,1135
2026-06-01 19:55:00,4497.16,4499.64,4495.35,4497.96,867
2026-06-01 20:00:00,4497.95,4500.69,4497.37,4500.38,1069
2026-06-01 20:05:00,4500.35,4500.47,4498.1,4499.42,744
2026-06-01 20:10:00,4499.43,4500.07,4498.59,4499.62,747
2026-06-01 20:15:00,4499.56,4505.73,4498.3,4505.59,1049
2026-06-01 20:20:00,4505.55,4506.32,4498.55,4499.56,1015
2026-06-01 20:25:00,4499.52,4499.71,4496.29,4496.31,1019
2026-06-01 20:30:00,4496.33,4497.28,4489.05,4490.65,1640
2026-06-01 20:35:00,4490.8,4497.97,4490.73,4497.93,1157
2026-06-01 20:40:00,4497.95,4499.23,4494.57,4498.18,929
2026-06-01 20:45:00,4498.16,4498.31,4493.68,4495.16,1021
2026-06-01 20:50:00,4495.15,4498.32,4493.92,4497.9,851
2026-06-01 20:55:00,4497.88,4497.88,4494.31,4495.78,1006
2026-06-01 21:00:00,4495.73,4498.93,4495.73,4498.03,805
2026-06-01 21:05:00,4498.02,4501.17,4496.14,4500.09,673
2026-06-01 21:10:00,4500.11,4502.02,4499.55,4501.68,622
2026-06-01 21:15:00,4501.69,4501.93,4499.45,4500.17,862
2026-06-01 21:20:00,4500.24,4500.61,4496.08,4500.37,889
2026-06-01 21:25:00,4500.34,4503.34,4500.27,4500.79,585
2026-06-01 21:30:00,4500.84,4505.28,4500.41,4505.06,839
2026-06-01 21:35:00,4505.05,4506.73,4503.07,4503.21,1009
2026-06-01 21:40:00,4503.26,4507.34,4503.22,4505.81,794
2026-06-01 21:45:00,4505.9,4510.52,4505.18,4509.13,937
2026-06-01 21:50:00,4509.1,4510.97,4506.78,4507.23,930
2026-06-01 21:55:00,4507.22,4507.38,4502.42,4503.85,1031
2026-06-01 22:00:00,4503.84,4506.69,4500.05,4500.08,1333
2026-06-01 22:05:00,4500.09,4505.74,4499.76,4505.62,900
2026-06-01 22:10:00,4505.6,4505.6,4503.11,4504.94,724
2026-06-01 22:15:00,4505,4509.86,4504.03,4509.71,829
2026-06-01 22:20:00,4509.83,4512.9,4508.48,4508.48,921
2026-06-01 22:25:00,4508.51,4511.81,4507.58,4510.62,931
2026-06-01 22:30:00,4510.63,4512.2,4506.53,4506.79,851
2026-06-01 22:35:00,4506.66,4510.84,4506.17,4510.01,757
2026-06-01 22:40:00,4510.17,4510.68,4506.36,4507.04,1012
2026-06-01 22:45:00,4507.05,4509.72,4506.56,4508.59,772
2026-06-01 22:50:00,4508.57,4508.58,4506.33,4507.5,756
2026-06-01 22:55:00,4507.46,4508.07,4505.4,4505.73,763
2026-06-01 23:00:00,4505.74,4506.97,4503.24,4505.84,1093
2026-06-01 23:05:00,4505.77,4509.16,4505.77,4507.72,957
2026-06-01 23:10:00,4507.73,4509.56,4502.99,4503.31,976
2026-06-01 23:15:00,4503.19,4505.7,4500.9,4503.36,1293
2026-06-01 23:20:00,4503,4503.29,4497.48,4501.73,1620
2026-06-01 23:25:00,4501.75,4507.78,4501.47,4505.61,1430
2026-06-01 23:30:00,4505.56,4505.62,4497.72,4501.01,1661
2026-06-01 23:35:00,4501.02,4503.48,4499.11,4503.23,1334
2026-06-01 23:40:00,4503.39,4508.21,4499.08,4507.32,1563
2026-06-01 23:45:00,4507.27,4510.35,4505.42,4506.67,1880
2026-06-01 23:50:00,4506.64,4508.51,4504.94,4505.67,1432
2026-06-01 23:55:00,4505.69,4506.17,4498.5,4502,1177
2026-06-02 00:00:00,4502.36,4503.81,4495.6,4501.61,2822
2026-06-02 00:05:00,4501.62,4502.23,4496.31,4501.1,1527
2026-06-02 00:10:00,4501.06,4501.06,4471.95,4483.93,5748
2026-06-02 00:15:00,4483.96,4489.56,4478.64,4482.05,3884
2026-06-02 00:20:00,4482.04,4482.97,4463.85,4465.91,4949
2026-06-02 00:25:00,4465.95,4469.33,4462.31,4464.86,3911
2026-06-02 00:30:00,4464.88,4469.91,4458.94,4466.03,5183
2026-06-02 00:35:00,4466.06,4478.68,4462.4,4472.87,4480
2026-06-02 00:40:00,4472.91,4473.98,4465.01,4466.82,3663
2026-06-02 00:45:00,4466.93,4469.62,4463.05,4464.2,3584
2026-06-02 00:50:00,4464.05,4465.58,4452.14,4454.54,4552
2026-06-02 00:55:00,4454.52,4455.48,4448.74,4449.69,3504
2026-06-02 01:00:00,4449.49,4454.5,4447.65,4454.32,4294
2026-06-02 01:05:00,4454.04,4461.49,4449.52,4460.43,3350
2026-06-02 01:10:00,4460.4,4462.02,4455.77,4461.2,2905
2026-06-02 01:15:00,4461.08,4464.79,4453.87,4457.13,3508
2026-06-02 01:20:00,4457.11,4461.69,4454.96,4455.24,2456
2026-06-02 01:25:00,4455.28,4456.15,4449.67,4456.03,2459
2026-06-02 01:30:00,4455.91,4460.43,4453.6,4458.42,2700
2026-06-02 01:35:00,4458.09,4460.39,4454.07,4455.4,2293
2026-06-02 01:40:00,4455.48,4461.57,4455.09,4459.92,1907
2026-06-02 01:45:00,4459.9,4461.21,4453.51,4454.87,2055
2026-06-02 01:50:00,4454.9,4456.5,4452.22,4456.1,2543
2026-06-02 01:55:00,4456.08,4459.03,4454.79,4458.68,2115
2026-06-02 02:00:00,4458.72,4462.36,4457.57,4460.16,1987
2026-06-02 02:05:00,4460.17,4465.31,4455.17,4462.47,2547
2026-06-02 02:10:00,4462.43,4465.23,4460.65,4464.32,1790
2026-06-02 02:15:00,4464.37,4467.09,4463.1,4465.17,1924
2026-06-02 02:20:00,4465.15,4467.75,4463.97,4466.99,1386
2026-06-02 02:25:00,4466.89,4470.2,4465.75,4468.19,1609
2026-06-02 02:30:00,4468.24,4478.82,4467.97,4477,3889
2026-06-02 02:35:00,4476.99,4479.71,4473.95,4476.58,2671
2026-06-02 02:40:00,4476.61,4477.3,4471.01,4472.24,1575
2026-06-02 02:45:00,4472.32,4474.63,4468.53,4469.77,1442
2026-06-02 02:50:00,4469.8,4472.08,4468.85,4471.11,1447
2026-06-02 02:55:00,4471.09,4475.41,4471.07,4473.94,1532
2026-06-02 03:00:00,4473.97,4478.26,4472.54,4473.36,1582
2026-06-02 03:05:00,4473.35,4474.35,4468.15,4468.73,1182
2026-06-02 03:10:00,4468.71,4468.76,4465.05,4467.07,1864
2026-06-02 03:15:00,4467.12,4467.46,4462.81,4466.65,1724
2026-06-02 03:20:00,4466.66,4468.79,4464.55,4468.08,1322
2026-06-02 03:25:00,4468.32,4469.44,4466.59,4467.86,1349
2026-06-02 03:30:00,4467.89,4471.99,4467.89,4469.47,1729
2026-06-02 03:35:00,4469.31,4470.96,4467.65,4469.03,1668
2026-06-02 03:40:00,4468.85,4469.88,4467.6,4468.08,1182
2026-06-02 03:45:00,4468.09,4471.97,4467.26,4471.97,1427
2026-06-02 03:50:00,4471.84,4480.85,4471.7,4479.93,2260
2026-06-02 03:55:00,4479.84,4482.01,4478.57,4479.97,2114
2026-06-02 04:00:00,4480.01,4480.93,4475.57,4476.3,2331
2026-06-02 04:05:00,4476.44,4477.41,4471.49,4473.4,1829
2026-06-02 04:10:00,4473.42,4476.08,4473.15,4475.04,1215
2026-06-02 04:15:00,4475.02,4475.8,4473.31,4475.77,1226
2026-06-02 04:20:00,4475.68,4476.73,4473.98,4475.15,1287
2026-06-02 04:25:00,4474.93,4482.73,4472.35,4482.39,1747
2026-06-02 04:30:00,4482.41,4485.47,4480.21,4481.27,3792
2026-06-02 04:35:00,4481.24,4484.69,4480.52,4482.74,2111
2026-06-02 04:40:00,4482.84,4491.62,4482.8,4491.62,2859
2026-06-02 04:45:00,4491.52,4495.48,4491.08,4491.47,2728
2026-06-02 04:50:00,4491.57,4491.99,4488.92,4491.18,2062
2026-06-02 04:55:00,4491.22,4491.55,4487.23,4487.31,1640
2026-06-02 05:00:00,4487.45,4488.29,4486.04,4486.6,1287
2026-06-02 05:05:00,4486.62,4489.93,4486.48,4489.57,1141
2026-06-02 05:10:00,4489.56,4489.92,4487.88,4488.63,813
2026-06-02 05:15:00,4488.53,4489.18,4486.58,4489.03,1036
2026-06-02 05:20:00,4489.04,4490.03,4488.4,4489.07,757
2026-06-02 05:25:00,4489.04,4489.15,4486.33,4486.43,947
2026-06-02 05:30:00,4486.59,4487.11,4484.73,4485.95,761
2026-06-02 05:35:00,4485.98,4487.15,4485.68,4485.95,628
2026-06-02 05:40:00,4485.91,4488.03,4485.74,4487.75,659
2026-06-02 05:45:00,4487.74,4488.51,4487.32,4488.45,473
2026-06-02 05:50:00,4488.47,4488.47,4486.98,4487.02,687
2026-06-02 05:55:00,4487.01,4488.58,4486.33,4486.53,762
2026-06-02 06:00:00,4486.51,4488.24,4485.18,4487.87,1010
2026-06-02 06:05:00,4487.88,4488.01,4484.73,4485.2,658
2026-06-02 06:10:00,4485.23,4487.14,4485.1,4485.34,740
2026-06-02 06:15:00,4485.36,4486.6,4484.41,4485.87,863
2026-06-02 06:20:00,4485.85,4486.38,4484.88,4485.74,826
2026-06-02 06:25:00,4485.72,4486.16,4484.29,4484.59,518
2026-06-02 06:30:00,4484.58,4485.69,4483.58,4483.73,642
2026-06-02 06:35:00,4483.75,4485.42,4482.84,4484.35,841
2026-06-02 06:40:00,4484.36,4485.35,4483.16,4483.26,1043
2026-06-02 06:45:00,4483.2,4484.36,4482.77,4483.6,996
2026-06-02 06:50:00,4483.61,4483.88,4479.8,4480.1,1770
2026-06-02 06:55:00,4480,4481.19,4478.95,4481.14,1947
2026-06-02 07:00:00,4481.15,4483.87,4480.05,4482.89,703
2026-06-02 07:05:00,4482.9,4484.36,4482.5,4483.29,475
2026-06-02 07:10:00,4483.28,4483.99,4482.4,4483.55,439
2026-06-02 07:15:00,4483.52,4484.41,4482.95,4482.96,326
2026-06-02 07:20:00,4482.97,4483.19,4482.04,4482.56,324
2026-06-02 07:25:00,4482.59,4483.56,4482.34,4482.98,324
2026-06-02 07:30:00,4483,4484.75,4481.97,4484.5,281
2026-06-02 07:35:00,4484.51,4484.67,4483.06,4484,290
2026-06-02 07:40:00,4484.01,4484.7,4482.5,4482.6,501
2026-06-02 07:45:00,4482.42,4484.02,4481.34,4483.84,455
2026-06-02 07:50:00,4483.87,4484.24,4482.4,4483.02,400
2026-06-02 07:55:00,4482.97,4485.72,4482.26,4484.53,538
2026-06-02 09:00:00,4486.13,4486.13,4481.8,4482.65,609
2026-06-02 09:05:00,4482.59,4483.54,4481.44,4482.33,492
2026-06-02 09:10:00,4482.35,4484.65,4481.69,4484.58,458
2026-06-02 09:15:00,4484.57,4485.2,4483.67,4484.16,433
2026-06-02 09:20:00,4484.2,4484.94,4481.41,4482.65,930
2026-06-02 09:25:00,4482.66,4483.92,4481.4,4481.5,513
2026-06-02 09:30:00,4481.53,4483.48,4481.1,4481.2,296
2026-06-02 09:35:00,4481.17,4482.83,4479.52,4482.63,448
2026-06-02 09:40:00,4482.64,4483.44,4480.8,4481.45,377
2026-06-02 09:45:00,4481.41,4485.77,4481.25,4483.97,359
2026-06-02 09:50:00,4483.94,4484.59,4483.27,4483.8,315
2026-06-02 09:55:00,4483.79,4486.42,4483.59,4485.34,602
2026-06-02 10:00:00,4485.21,4487.67,4481.65,4486.01,728
2026-06-02 10:05:00,4486.02,4486.31,4484.68,4485.18,341
2026-06-02 10:10:00,4485.2,4486.32,4484.97,4486.15,383
2026-06-02 10:15:00,4486.14,4488.03,4485.82,4486.52,394
2026-06-02 10:20:00,4486.19,4487.56,4485.17,4487.56,223
2026-06-02 10:25:00,4487.51,4488.23,4486.87,4487.1,271
2026-06-02 10:30:00,4487.15,4487.44,4484.46,4484.57,608
2026-06-02 10:35:00,4484.56,4485.48,4480.52,4484.46,692
2026-06-02 10:40:00,4484.43,4486.61,4483.27,4483.28,649
2026-06-02 10:45:00,4483.27,4483.27,4478.95,4480.98,937
2026-06-02 10:50:00,4480.97,4484.64,4480.97,4484.45,806
2026-06-02 10:55:00,4484.44,4485.85,4483.67,4484.45,700
2026-06-02 11:00:00,4484.5,4485.15,4481.38,4484.27,1487
2026-06-02 11:05:00,4484.25,4485.21,4476.39,4478.23,2046
2026-06-02 11:10:00,4478.22,4481.5,4477.96,4481.23,1753
2026-06-02 11:15:00,4480.91,4485.7,4480.86,4485.37,1834
2026-06-02 11:20:00,4485.35,4489.88,4484.31,4489.88,1478
2026-06-02 11:25:00,4489.85,4493.82,4488.46,4493.67,1492
2026-06-02 11:30:00,4493.6,4497.1,4488.89,4489.35,1351
2026-06-02 11:35:00,4489.34,4491.61,4488.42,4489.17,1060
2026-06-02 11:40:00,4489.15,4489.33,4484.96,4486.98,1237
2026-06-02 11:45:00,4486.97,4487.61,4480.62,4481.38,1185
2026-06-02 11:50:00,4481.28,4483.95,4481.21,4481.71,1180
2026-06-02 11:55:00,4481.73,4484.23,4480.57,4481.21,1320
2026-06-02 12:00:00,4481.19,4486.74,4473.77,4481.37,3286
2026-06-02 12:05:00,4481.32,4485.86,4478.86,4479.3,2539
2026-06-02 12:10:00,4479.16,4491.5,4478.44,4490,2716
2026-06-02 12:15:00,4489.69,4490.11,4481.33,4485.79,2759
2026-06-02 12:20:00,4486.09,4488.34,4480.73,4482.83,2169
2026-06-02 12:25:00,4483.14,4492.41,4482.8,4486.21,2441
2026-06-02 12:30:00,4486.23,4489.41,4485.74,4487.01,2243
2026-06-02 12:35:00,4487.32,4489.23,4480.61,4481.97,2083
2026-06-02 12:40:00,4481.62,4485.47,4479.56,4479.82,1928
2026-06-02 12:45:00,4479.85,4482.35,4471.63,4475.42,2229
2026-06-02 12:50:00,4475.45,4476.05,4462.89,4473.59,2587
2026-06-02 12:55:00,4473.58,4476.95,4471.22,4473.93,2173
2026-06-02 13:00:00,4474.08,4481.02,4472.55,4473.86,2392
2026-06-02 13:05:00,4473.84,4474.91,4472.2,4474.53,1767
2026-06-02 13:10:00,4474.52,4480.67,4473.8,4480.53,1648
2026-06-02 13:15:00,4480.57,4482.06,4478.53,4480.9,1121
2026-06-02 13:20:00,4480.64,4484.58,4480.64,4483.84,1034
2026-06-02 13:25:00,4483.87,4484.65,4481.43,4481.98,987
2026-06-02 13:30:00,4482,4485.49,4479.84,4481.15,1594
2026-06-02 13:35:00,4481.07,4484.05,4478.61,4478.87,1234
2026-06-02 13:40:00,4478.83,4478.95,4474.25,4476.41,1206
2026-06-02 13:45:00,4476.48,4477.8,4473.47,4474.74,1232
2026-06-02 13:50:00,4474.69,4479.84,4474.32,4478.85,966
2026-06-02 13:55:00,4478.89,4486.53,4478.89,4486.09,1068
2026-06-02 14:00:00,4486.05,4492.64,4485.81,4488.07,1576
2026-06-02 14:05:00,4488.19,4489.55,4485.64,4486.65,1033
2026-06-02 14:10:00,4486.73,4489.15,4486.2,4488.11,1110
2026-06-02 14:15:00,4488.14,4491.08,4487.92,4489.77,1068
2026-06-02 14:20:00,4489.87,4490.15,4485.57,4490.15,1247
2026-06-02 14:25:00,4490.16,4497.54,4489.68,4495.11,1518
2026-06-02 14:30:00,4495.02,4499.42,4492.8,4493.97,1393
2026-06-02 14:35:00,4493.96,4498.84,4493.7,4494.54,1013
2026-06-02 14:40:00,4494.51,4497.17,4494.24,4497.13,832
2026-06-02 14:45:00,4496.84,4499.41,4495.23,4498.07,807
2026-06-02 14:50:00,4498.08,4498.56,4496.87,4497.28,644
2026-06-02 14:55:00,4497.29,4499.44,4497.29,4499.42,449
2026-06-02 15:00:00,4499.38,4501.69,4497.79,4500.44,782
2026-06-02 15:05:00,4500.43,4503.22,4500.2,4502.11,825
2026-06-02 15:10:00,4502.12,4505.44,4502.12,4504.48,693
2026-06-02 15:15:00,4504.4,4510.03,4503.98,4507.59,1010
2026-06-02 15:20:00,4507.58,4507.91,4504.79,4505.57,855
2026-06-02 15:25:00,4505.7,4506.17,4504.22,4504.66,890
2026-06-02 15:30:00,4504.64,4507.85,4503.39,4507.72,1046
2026-06-02 15:35:00,4507.75,4509.2,4507.46,4509,984
2026-06-02 15:40:00,4509.01,4511.2,4508.46,4510.3,804
2026-06-02 15:45:00,4510.11,4515.99,4509.79,4512.6,781
2026-06-02 15:50:00,4512.61,4514.47,4511.8,4512.99,635
2026-06-02 15:55:00,4512.98,4518.35,4512.92,4517.57,808
2026-06-02 16:00:00,4517.52,4518.31,4515.76,4515.83,854
2026-06-02 16:05:00,4515.84,4517.77,4515.37,4516.09,704
2026-06-02 16:10:00,4516,4518.79,4515.26,4518.7,800
2026-06-02 16:15:00,4518.73,4519.75,4517.02,4518.51,864
2026-06-02 16:20:00,4518.56,4520.69,4517.74,4518.68,797
2026-06-02 16:25:00,4518.76,4521.97,4516.64,4519.8,1002
2026-06-02 16:30:00,4519.73,4526.6,4519.51,4526.59,2916
2026-06-02 16:35:00,4526.15,4528.16,4523.07,4523.66,1833
2026-06-02 16:40:00,4523.72,4526.67,4522.66,4524.39,1166
2026-06-02 16:45:00,4524.44,4526.28,4521.9,4523.52,1036
2026-06-02 16:50:00,4523.35,4523.8,4518.32,4519.64,987
2026-06-02 16:55:00,4519.61,4519.77,4516.29,4517.07,1107
2026-06-02 17:00:00,4517.08,4520.79,4516.97,4520.48,1487
2026-06-02 17:05:00,4520.51,4524.71,4520.34,4520.73,1235
2026-06-02 17:10:00,4520.8,4522.77,4518.55,4518.79,1259
2026-06-02 17:15:00,4518.77,4524.23,4517.87,4520.29,1414
2026-06-02 17:20:00,4520.32,4530.82,4520.32,4529.37,1505
2026-06-02 17:25:00,4529.33,4533.89,4526.08,4532.95,1617
2026-06-02 17:30:00,4532.97,4537.17,4532.9,4535.38,1534
2026-06-02 17:35:00,4535.33,4538.59,4533.67,4533.94,1349
2026-06-02 17:40:00,4533.96,4534.53,4531.86,4532.77,1039
2026-06-02 17:45:00,4532.8,4535.73,4532.4,4533.62,1016
2026-06-02 17:50:00,4533.59,4534.21,4532.06,4532.97,968
2026-06-02 17:55:00,4532.87,4536.91,4532.52,4535.82,1006
2026-06-02 18:00:00,4535.86,4537.68,4533.34,4535.84,1521
2026-06-02 18:05:00,4535.85,4538.01,4533.88,4537.97,1187
2026-06-02 18:10:00,4537.98,4541.65,4537.64,4539.86,1035
2026-06-02 18:15:00,4539.76,4540.46,4537.57,4539.33,1001
2026-06-02 18:20:00,4539.34,4539.34,4536.53,4536.9,931
2026-06-02 18:25:00,4536.92,4537.22,4533.22,4533.87,956
2026-06-02 18:30:00,4533.84,4535.27,4531.77,4533.66,874
2026-06-02 18:35:00,4533.61,4534.22,4531.84,4532.93,725
2026-06-02 18:40:00,4532.82,4534.86,4531,4531.72,815
2026-06-02 18:45:00,4531.74,4532.39,4529.97,4531.7,813
2026-06-02 18:50:00,4531.71,4532.12,4527.89,4530.58,896
2026-06-02 18:55:00,4530.66,4535.41,4530.66,4534.96,1155
2026-06-02 19:00:00,4534.87,4537.13,4532.98,4534.42,1341
2026-06-02 19:05:00,4534.4,4539.23,4533.53,4535.44,1294
2026-06-02 19:10:00,4535.38,4537.69,4534.27,4534.84,1011
2026-06-02 19:15:00,4534.9,4535.41,4531.41,4532.75,1049
2026-06-02 19:20:00,4532.76,4534.78,4529.4,4534.19,1095
2026-06-02 19:25:00,4534.13,4534.31,4529.75,4531.17,1316
2026-06-02 19:30:00,4531.07,4533.46,4530.76,4531.97,1181
2026-06-02 19:35:00,4532.07,4532.36,4529.24,4530.22,831
2026-06-02 19:40:00,4530.21,4530.44,4528.14,4528.9,731
2026-06-02 19:45:00,4528.81,4530.29,4527.75,4529.11,837
2026-06-02 19:50:00,4529.42,4529.57,4527.68,4527.88,714
2026-06-02 19:55:00,4527.9,4528.36,4525.97,4526.66,658
2026-06-02 20:00:00,4526.67,4527.81,4525.24,4527.44,961
2026-06-02 20:05:00,4527.5,4530.91,4527.28,4528.88,866
2026-06-02 20:10:00,4528.91,4534.23,4528.91,4533.92,988
2026-06-02 20:15:00,4533.94,4535.74,4532.67,4534.63,1065
2026-06-02 20:20:00,4534.65,4534.77,4528.58,4529.13,982
2026-06-02 20:25:00,4529.08,4530.15,4525.03,4526.63,1005
2026-06-02 20:30:00,4526.64,4527.37,4522.01,4525.51,1557
2026-06-02 20:35:00,4525.53,4526.81,4523.36,4524.28,750
2026-06-02 20:40:00,4524.17,4525.97,4520.99,4525.42,927
2026-06-02 20:45:00,4525.41,4527.36,4524.81,4526.23,843
2026-06-02 20:50:00,4526.29,4531.32,4525.8,4530.3,672
2026-06-02 20:55:00,4530.32,4531.48,4527.32,4529.91,789
2026-06-02 21:00:00,4529.89,4530.86,4527.5,4528.28,798
2026-06-02 21:05:00,4528.3,4530.25,4528.27,4529.46,638
2026-06-02 21:10:00,4529.37,4531.66,4528.09,4528.91,627
2026-06-02 21:15:00,4528.9,4529.65,4528.02,4528.91,651
2026-06-02 21:20:00,4528.9,4528.93,4524.48,4525.38,735
2026-06-02 21:25:00,4525.39,4528.51,4525.17,4528.37,608
2026-06-02 21:30:00,4528.46,4528.67,4526.8,4527.79,552
2026-06-02 21:35:00,4527.8,4528.37,4525.43,4526.48,512
2026-06-02 21:40:00,4526.44,4528.86,4526.11,4528.86,471
2026-06-02 21:45:00,4528.84,4532.91,4528.84,4530.62,785
2026-06-02 21:50:00,4530.56,4532.22,4529.36,4532.12,597
2026-06-02 21:55:00,4532.13,4533.89,4531.12,4533.03,602
2026-06-02 22:00:00,4533.1,4534.56,4530.87,4531.14,852
2026-06-02 22:05:00,4531.23,4531.3,4529.15,4529.89,771
2026-06-02 22:10:00,4529.88,4531.36,4528.58,4528.68,747
2026-06-02 22:15:00,4528.67,4529.74,4526.34,4527.85,728
2026-06-02 22:20:00,4527.84,4528.98,4527.46,4528.67,642
2026-06-02 22:25:00,4528.73,4530.01,4527.29,4529.94,614
2026-06-02 22:30:00,4530,4530.72,4528.75,4529.91,756
2026-06-02 22:35:00,4529.85,4530.07,4526.26,4527.19,697
2026-06-02 22:40:00,4527.33,4528.57,4526.69,4526.82,746
2026-06-02 22:45:00,4526.84,4529.71,4525.46,4528.93,773
2026-06-02 22:50:00,4528.91,4529.48,4528.38,4528.48,626
2026-06-02 22:55:00,4528.53,4530.5,4525.57,4527.56,1043
2026-06-02 23:00:00,4527.57,4528.58,4525.72,4527.66,1025
2026-06-02 23:05:00,4527.64,4528.21,4524.94,4527.18,872
2026-06-02 23:10:00,4527.19,4527.8,4525.91,4526.27,668
2026-06-02 23:15:00,4526.25,4527.81,4523.96,4526.76,852
2026-06-02 23:20:00,4526.74,4532.16,4526.31,4530.91,1360
2026-06-02 23:25:00,4531.03,4534.02,4527.83,4529.3,1239
2026-06-02 23:30:00,4529.41,4530,4521.73,4527.63,1809
2026-06-02 23:35:00,4527.61,4533.69,4523.1,4524.78,1722
2026-06-02 23:40:00,4524.83,4527.22,4523.39,4525,1210
2026-06-02 23:45:00,4525.02,4525.93,4519.82,4520.27,1154
2026-06-02 23:50:00,4520.31,4521.24,4514.05,4514.92,1487
2026-06-02 23:55:00,4514.91,4517.43,4513.45,4514.65,1306
2026-06-03 00:00:00,4514.93,4520.82,4512.9,4520.09,2096
2026-06-03 00:05:00,4520.15,4524.74,4512.99,4516.41,2488
2026-06-03 00:10:00,4516.28,4518.25,4511.61,4513.99,2177
2026-06-03 00:15:00,4514.02,4517.26,4512.64,4512.83,2196
2026-06-03 00:20:00,4512.82,4514.82,4510.2,4513.11,1836
2026-06-03 00:25:00,4513.13,4515.95,4509.89,4510.78,1569
2026-06-03 00:30:00,4510.76,4511.27,4506.67,4507.98,3455
2026-06-03 00:35:00,4508.05,4512.04,4506.18,4510.97,3361
2026-06-03 00:40:00,4510.95,4514.43,4507.72,4508.45,3045
2026-06-03 00:45:00,4508.39,4511.04,4506.5,4509.65,2315
2026-06-03 00:50:00,4509.61,4513.8,4504.62,4504.64,2303
2026-06-03 00:55:00,4504.55,4506.09,4502.12,4502.12,2096
2026-06-03 01:00:00,4502.06,4505.97,4497.85,4502.26,2888
2026-06-03 01:05:00,4502.32,4504.89,4500.73,4502.77,2612
2026-06-03 01:10:00,4502.78,4506.92,4502.64,4504.21,2299
2026-06-03 01:15:00,4504.19,4505.08,4492.51,4496.06,3107
2026-06-03 01:20:00,4496.05,4498.35,4490.22,4492.91,2861
2026-06-03 01:25:00,4492.89,4497.1,4492.02,4495.61,2656
2026-06-03 01:30:00,4495.63,4499.82,4495.63,4499.37,2085
2026-06-03 01:35:00,4499.33,4504.4,4499.23,4502.82,1780
2026-06-03 01:40:00,4502.76,4505.42,4501.05,4504.3,1415
2026-06-03 01:45:00,4504.29,4506.34,4502.99,4503.75,1653
2026-06-03 01:50:00,4503.74,4504.27,4500.87,4504.11,1620
2026-06-03 01:55:00,4504.08,4505.5,4501.21,4504.04,1420
2026-06-03 02:00:00,4503.99,4506.69,4502.64,4502.7,1948
2026-06-03 02:05:00,4502.69,4508,4501.64,4506.68,1780
2026-06-03 02:10:00,4506.77,4507.46,4502.35,4503.25,1533
2026-06-03 02:15:00,4503.29,4505.38,4503.06,4504.44,1547
2026-06-03 02:20:00,4504.49,4506.03,4501.98,4503.62,1465
2026-06-03 02:25:00,4503.54,4505.78,4501.29,4505.24,1539
2026-06-03 02:30:00,4505.36,4506.76,4502.92,4506.13,1713
2026-06-03 02:35:00,4506.12,4508.41,4504.29,4504.31,1598
2026-06-03 02:40:00,4504.34,4504.61,4500.18,4502.44,1730
2026-06-03 02:45:00,4502.43,4507.06,4501.6,4505.72,1538
2026-06-03 02:50:00,4505.73,4505.88,4502.35,4503.72,1188
2026-06-03 02:55:00,4503.7,4503.75,4501.17,4502.06,1281
2026-06-03 03:00:00,4502.15,4502.78,4499.66,4500.84,1388
2026-06-03 03:05:00,4500.8,4502.84,4498.05,4501.99,1647
2026-06-03 03:10:00,4502.01,4502.08,4497.95,4498.18,1275
2026-06-03 03:15:00,4498.11,4498.38,4494.21,4494.8,1431
2026-06-03 03:20:00,4494.82,4495.99,4492.57,4494.58,1475
2026-06-03 03:25:00,4494.75,4494.89,4490.15,4490.17,1450
2026-06-03 03:30:00,4490.16,4491.5,4488.96,4489.56,1524
2026-06-03 03:35:00,4489.46,4490.12,4486.17,4487.68,1383
2026-06-03 03:40:00,4487.74,4491.18,4486.44,4489.73,1418
2026-06-03 03:45:00,4489.64,4491.69,4488.94,4490.9,1162
2026-06-03 03:50:00,4490.86,4491.64,4489.16,4489.29,957
2026-06-03 03:55:00,4489.3,4491.82,4489.22,4491.75,922
2026-06-03 04:00:00,4491.77,4493.02,4489.57,4490.43,1454
2026-06-03 04:05:00,4490.44,4492.01,4486.96,4487.01,1614
2026-06-03 04:10:00,4486.97,4489.99,4486.77,4489.52,1431
2026-06-03 04:15:00,4489.54,4490.15,4486.68,4487.1,1436
2026-06-03 04:20:00,4487.08,4488.65,4486.31,4488.17,1387
2026-06-03 04:25:00,4488.2,4491.74,4487.35,4490.92,1858
2026-06-03 04:30:00,4491.05,4491.66,4488.33,4488.37,1283
2026-06-03 04:35:00,4488.38,4488.68,4482.17,4482.71,1816
2026-06-03 04:40:00,4482.77,4485.44,4482.56,4484.47,1413
2026-06-03 04:45:00,4484.46,4486.27,4484.18,4485.86,1003
2026-06-03 04:50:00,4485.84,4486.49,4483.32,4483.71,1092
2026-06-03 04:55:00,4483.72,4484.88,4482.58,4484.43,1099
2026-06-03 05:00:00,4484.44,4488.4,4484.14,4486.49,1242
2026-06-03 05:05:00,4486.5,4487.57,4485.27,4487.44,899
2026-06-03 05:10:00,4487.47,4488.18,4484.95,4485.06,906
2026-06-03 05:15:00,4485.03,4486.11,4483.97,4484.74,936
2026-06-03 05:20:00,4484.84,4487.75,4484.24,4487.61,994
2026-06-03 05:25:00,4487.54,4490.92,4487.22,4488.5,1132
2026-06-03 05:30:00,4488.49,4489.42,4486.78,4488.22,933
2026-06-03 05:35:00,4488.2,4488.2,4484.61,4485.2,821
2026-06-03 05:40:00,4485.15,4485.49,4478.47,4480.42,1096
2026-06-03 05:45:00,4480.4,4486.5,4480.1,4486.5,761
2026-06-03 05:50:00,4486.54,4490.3,4485.79,4487.5,885
2026-06-03 05:55:00,4487.42,4488.83,4486.93,4487.34,663
2026-06-03 06:00:00,4487.42,4489.1,4487.2,4488.63,776
2026-06-03 06:05:00,4488.64,4489.01,4487.92,4488.38,596
2026-06-03 06:10:00,4488.37,4488.85,4487.03,4487.15,589
2026-06-03 06:15:00,4487.16,4487.69,4486.27,4486.73,696
2026-06-03 06:20:00,4486.74,4487.07,4485.56,4486.25,531
2026-06-03 06:25:00,4486.26,4489.56,4486.06,4489.56,682
2026-06-03 06:30:00,4489.35,4490.17,4485.84,4486.41,687
2026-06-03 06:35:00,4486.42,4486.62,4483.34,4484.45,768
2026-06-03 06:40:00,4484.42,4487.53,4483.8,4487.4,650
2026-06-03 06:45:00,4487.39,4487.9,4485.6,4487,827
2026-06-03 06:50:00,4486.99,4487.54,4485.92,4486.28,909
2026-06-03 06:55:00,4486.32,4488.68,4486.18,4488.16,1072
2026-06-03 07:00:00,4488.15,4488.15,4486.21,4487.44,422
2026-06-03 07:05:00,4487.54,4488.62,4487.28,4488.11,358
2026-06-03 07:10:00,4488.1,4489.91,4487.99,4489.91,406
2026-06-03 07:15:00,4489.89,4491.11,4489.56,4490.39,310
2026-06-03 07:20:00,4490.36,4490.41,4489,4489.31,279
2026-06-03 07:25:00,4489.5,4489.99,4488.58,4489.78,178
2026-06-03 07:30:00,4489.79,4490.98,4489.21,4489.52,295
2026-06-03 07:35:00,4489.54,4490.43,4489.16,4489.53,256
2026-06-03 07:40:00,4489.4,4490.31,4488.71,4488.88,289
2026-06-03 07:45:00,4488.82,4489.93,4488.33,4488.74,315
2026-06-03 07:50:00,4488.78,4488.83,4487.55,4487.66,372
2026-06-03 07:55:00,4487.65,4489.74,4486.24,4489.37,472
2026-06-03 09:00:00,4492.42,4492.64,4489.06,4489.72,490
2026-06-03 09:05:00,4490.09,4493.16,4487.36,4491.84,950
2026-06-03 09:10:00,4491.83,4492.05,4489.25,4489.35,1016
2026-06-03 09:15:00,4489.34,4490.59,4488.21,4489.25,684
2026-06-03 09:20:00,4489.26,4491.8,4488.2,4488.8,613
2026-06-03 09:25:00,4488.81,4490.28,4487.6,4490.11,618
2026-06-03 09:30:00,4490.08,4491.33,4488.35,4488.35,553
2026-06-03 09:35:00,4488.55,4489.25,4487.3,4488.8,473
2026-06-03 09:40:00,4488.81,4489.92,4487.94,4488.95,408
2026-06-03 09:45:00,4489,4492.31,4483.72,4488.85,1022
2026-06-03 09:50:00,4488.86,4490.25,4486.43,4486.82,895
2026-06-03 09:55:00,4486.83,4488.1,4484.86,4485,831
2026-06-03 10:00:00,4485.1,4488.96,4482.35,4485.25,948
2026-06-03 10:05:00,4485.21,4486.95,4480.65,4482.37,988
2026-06-03 10:10:00,4482.39,4483.35,4474.38,4477.5,1584
2026-06-03 10:15:00,4477.56,4477.56,4469.22,4470.27,1449
2026-06-03 10:20:00,4470.25,4472.36,4466.44,4467.84,1823
2026-06-03 10:25:00,4467.69,4471.07,4461.9,4467.61,2089
2026-06-03 10:30:00,4467.63,4468.89,4462.22,4466.3,1585
2026-06-03 10:35:00,4466.28,4468.04,4463.21,4465.34,1763
2026-06-03 10:40:00,4465.35,4474.88,4463.77,4474.87,1758
2026-06-03 10:45:00,4474.88,4475.18,4468.93,4471.66,1375
2026-06-03 10:50:00,4471.48,4474.44,4470.69,4473,1031
2026-06-03 10:55:00,4473.25,4474.86,4471.19,4474.07,1019
2026-06-03 11:00:00,4474.01,4479.29,4473.68,4478.59,1711
2026-06-03 11:05:00,4478.76,4479.8,4475.4,4476.66,1306
2026-06-03 11:10:00,4476.6,4476.95,4474.18,4475.9,1133
2026-06-03 11:15:00,4475.92,4479.21,4474.4,4477.57,1002
2026-06-03 11:20:00,4477.55,4482.49,4477.29,4479.05,1011
2026-06-03 11:25:00,4479.13,4483.32,4478.67,4483.16,770
2026-06-03 11:30:00,4483.18,4485.31,4481.28,4485.3,778
2026-06-03 11:35:00,4485.29,4491.82,4484.6,4491.56,962
2026-06-03 11:40:00,4491.69,4496.77,4491.18,4495.55,1367
2026-06-03 11:45:00,4495.59,4495.66,4489.03,4490.93,920
2026-06-03 11:50:00,4490.96,4492.37,4488.48,4488.83,978
2026-06-03 11:55:00,4488.84,4488.97,4485.67,4485.85,919
2026-06-03 12:00:00,4485.75,4487.34,4473.26,4473.82,3303
2026-06-03 12:05:00,4473.75,4475.56,4467.01,4474.16,2722
2026-06-03 12:10:00,4474.2,4477.25,4468.89,4471.34,2130
2026-06-03 12:15:00,4471.36,4472.66,4468.45,4469.58,1875
2026-06-03 12:20:00,4469.51,4471.4,4465.82,4466.22,1756
2026-06-03 12:25:00,4466.18,4468.14,4463.31,4467.06,1859
2026-06-03 12:30:00,4467.18,4472.98,4466.72,4471.18,1995
2026-06-03 12:35:00,4471.2,4472.85,4466.39,4466.39,1473
2026-06-03 12:40:00,4466.33,4471.45,4464.93,4470.46,1530
2026-06-03 12:45:00,4470.39,4475.79,4470.04,4475.67,1328
2026-06-03 12:50:00,4475.6,4477.19,4473.49,4474.1,969
2026-06-03 12:55:00,4474.06,4476.76,4472.24,4475.66,1285
2026-06-03 13:00:00,4475.71,4476.18,4472.87,4473.72,1044
2026-06-03 13:05:00,4473.73,4479.23,4473.24,4478.68,1119
2026-06-03 13:10:00,4478.74,4481.3,4475.37,4480.49,1462
2026-06-03 13:15:00,4480.53,4480.94,4473.94,4476.22,883
2026-06-03 13:20:00,4476.23,4478.61,4475.14,4478.24,858
2026-06-03 13:25:00,4478.25,4480.9,4477.95,4478.79,765
2026-06-03 13:30:00,4478.8,4479.88,4474.87,4478.97,1101
2026-06-03 13:35:00,4478.96,4482.22,4478.2,4480.9,951
2026-06-03 13:40:00,4480.92,4484.95,4478.85,4478.87,1190
2026-06-03 13:45:00,4478.82,4479.13,4472.88,4474.99,1600
2026-06-03 13:50:00,4474.93,4480.14,4474.08,4479.4,1186
2026-06-03 13:55:00,4479.36,4481.98,4477.08,4481.81,1166
2026-06-03 14:00:00,4481.76,4487.25,4481.74,4486.04,1247
2026-06-03 14:05:00,4486.05,4487.58,4484.61,4485.28,1093
2026-06-03 14:10:00,4485.29,4486.02,4483.65,4485.42,971
2026-06-03 14:15:00,4485.48,4486.41,4483.31,4485.22,834
2026-06-03 14:20:00,4485.23,4487.18,4484.96,4485.39,963
2026-06-03 14:25:00,4485.4,4485.65,4483.06,4483.39,898
2026-06-03 14:30:00,4483.29,4485.49,4483.09,4483.91,665
2026-06-03 14:35:00,4484.1,4485.8,4483.31,4484.8,579
2026-06-03 14:40:00,4484.79,4485.16,4483.45,4484.34,422
2026-06-03 14:45:00,4484.32,4484.6,4482.41,4482.94,608
2026-06-03 14:50:00,4482.81,4486.17,4482.76,4483.82,485
2026-06-03 14:55:00,4483.85,4484.75,4483.38,4484.35,391
2026-06-03 15:00:00,4484.48,4486.54,4484.06,4485.92,544
2026-06-03 15:05:00,4485.9,4487.07,4484.89,4486.22,572
2026-06-03 15:10:00,4486.21,4487.04,4484.43,4487.02,587
2026-06-03 15:15:00,4486.98,4488.27,4481.1,4481.27,770
2026-06-03 15:20:00,4481.31,4481.78,4480.04,4480.58,425
2026-06-03 15:25:00,4480.54,4480.72,4476.81,4476.81,594
2026-06-03 15:30:00,4476.65,4477.18,4473.73,4474.77,717
2026-06-03 15:35:00,4474.79,4475.66,4470.88,4471.66,679
2026-06-03 15:40:00,4471.48,4473.69,4471.45,4473.37,530
2026-06-03 15:45:00,4473.35,4474.05,4470.09,4471.39,636
2026-06-03 15:50:00,4471.4,4471.49,4469.88,4470.15,402
2026-06-03 15:55:00,4470.13,4470.61,4468.16,4469.28,638
2026-06-03 16:00:00,4469.35,4471.53,4467.7,4470.75,1033
2026-06-03 16:05:00,4470.76,4471.95,4467.19,4470.59,831
2026-06-03 16:10:00,4470.6,4473.63,4470.03,4473.41,906
2026-06-03 16:15:00,4473.37,4474.14,4472.01,4472.32,610
2026-06-03 16:20:00,4472.31,4473.04,4468.48,4468.48,764
2026-06-03 16:25:00,4468.46,4469.8,4465.96,4468.44,819
2026-06-03 16:30:00,4468.43,4468.84,4458.81,4464.84,2192
2026-06-03 16:35:00,4464.88,4468.73,4463.13,4466.74,1357
2026-06-03 16:40:00,4466.75,4466.9,4460.04,4461.9,1264
2026-06-03 16:45:00,4461.84,4466.69,4460.97,4465.92,1372
2026-06-03 16:50:00,4465.93,4468.24,4462.25,4463.21,1376
2026-06-03 16:55:00,4463.19,4463.89,4456.46,4456.83,1140
2026-06-03 17:00:00,4456.92,4467.46,4456.59,4466.79,2089
2026-06-03 17:05:00,4466.77,4466.82,4461.79,4465.11,1616
2026-06-03 17:10:00,4465.12,4466.41,4462.82,4466.09,1725
2026-06-03 17:15:00,4466.08,4470.8,4465.48,4468.14,1486
2026-06-03 17:20:00,4468.13,4470.23,4459.05,4460.14,1746
2026-06-03 17:25:00,4460.11,4463.06,4458.86,4462.59,1825
2026-06-03 17:30:00,4462.53,4465.24,4457.19,4459.83,2347
2026-06-03 17:35:00,4459.86,4463.71,4458.95,4462.85,1859
2026-06-03 17:40:00,4462.84,4463.64,4457.67,4460.55,1454
2026-06-03 17:45:00,4460.47,4460.47,4455.02,4459.06,1573
2026-06-03 17:50:00,4458.84,4460.35,4457.59,4458.19,1162
2026-06-03 17:55:00,4458.29,4463.07,4458.27,4462.95,1105
2026-06-03 18:00:00,4462.84,4466.98,4459.66,4465.21,1830
2026-06-03 18:05:00,4465.22,4469.19,4464.25,4468.66,1297
2026-06-03 18:10:00,4468.68,4472.28,4468.11,4469.65,1479
2026-06-03 18:15:00,4469.63,4469.89,4462.58,4463.51,1464
2026-06-03 18:20:00,4463.65,4464.81,4461.88,4463.39,1065
2026-06-03 18:25:00,4463.46,4464.73,4455.91,4455.91,1485
2026-06-03 18:30:00,4455.92,4461.84,4454.1,4461.33,1707
2026-06-03 18:35:00,4461.3,4463.37,4458.04,4458.4,1647
2026-06-03 18:40:00,4458.41,4461.37,4454.54,4458.7,1519
2026-06-03 18:45:00,4458.84,4460.17,4455.63,4458.8,1288
2026-06-03 18:50:00,4458.65,4463.87,4458.62,4459.63,1055
2026-06-03 18:55:00,4459.65,4459.73,4452.73,4453.18,1146
2026-06-03 19:00:00,4453.13,4459.12,4450.75,4457.93,1765
2026-06-03 19:05:00,4457.94,4458.03,4452.86,4455.09,1533
2026-06-03 19:10:00,4455.07,4457.77,4454.2,4455.47,1141
2026-06-03 19:15:00,4455.49,4457,4452.32,4453.94,1276
2026-06-03 19:20:00,4453.97,4455.51,4450.65,4451.38,1344
2026-06-03 19:25:00,4451.37,4457.49,4450.76,4457.32,1418
2026-06-03 19:30:00,4457.31,4458.53,4454.76,4456.69,1414
2026-06-03 19:35:00,4456.71,4457.45,4454.39,4455.61,927
2026-06-03 19:40:00,4455.58,4458.97,4455.33,4456.44,943
2026-06-03 19:45:00,4456.46,4457.74,4453.87,4454.25,1091
2026-06-03 19:50:00,4454.23,4454.95,4442.54,4444.72,1580
2026-06-03 19:55:00,4444.71,4445.84,4440.12,4443.92,1649
2026-06-03 20:00:00,4443.94,4451.96,4441.47,4451.03,1543
2026-06-03 20:05:00,4451.07,4459.01,4451.07,4456.62,1357
2026-06-03 20:10:00,4456.42,4456.96,4451.13,4451.13,1072
2026-06-03 20:15:00,4451.12,4451.63,4446.68,4450.25,1361
2026-06-03 20:20:00,4450.21,4452.03,4446.81,4447.8,1260
2026-06-03 20:25:00,4447.72,4449.21,4439.46,4440.05,1518
2026-06-03 20:30:00,4439.94,4444.34,4439.62,4441.98,1534
2026-06-03 20:35:00,4441.96,4447.24,4438.89,4447,1125
2026-06-03 20:40:00,4447.01,4448.45,4444.42,4446.79,1063
2026-06-03 20:45:00,4446.62,4447.45,4443.02,4447.12,1117
2026-06-03 20:50:00,4447.01,4447.87,4443.59,4443.61,973
2026-06-03 20:55:00,4443.59,4444.38,4440.87,4443.08,1172
2026-06-03 21:00:00,4443.06,4447.94,4440.9,4447.94,1358
2026-06-03 21:05:00,4447.9,4466.68,4447.11,4461.64,4183
2026-06-03 21:10:00,4461.68,4464.69,4459.18,4462.9,2596
2026-06-03 21:15:00,4463,4463.78,4460.41,4462.44,1627
2026-06-03 21:20:00,4462.45,4464.24,4456.06,4457.21,1867
2026-06-03 21:25:00,4457.28,4460.61,4453.54,4459.86,1690
2026-06-03 21:30:00,4459.89,4462.76,4458.69,4460.13,1448
2026-06-03 21:35:00,4460.21,4460.45,4458.23,4458.96,907
2026-06-03 21:40:00,4458.97,4459.21,4453.03,4454.01,1041
2026-06-03 21:45:00,4454,4456.65,4453.76,4455.9,1034
2026-06-03 21:50:00,4456.09,4459.43,4456.09,4459.1,1090
2026-06-03 21:55:00,4459.09,4461,4458.37,4458.91,740
2026-06-03 22:00:00,4458.96,4464.64,4458.96,4464.34,1259
2026-06-03 22:05:00,4464.27,4468.24,4462.56,4463.06,1498
2026-06-03 22:10:00,4463.07,4464.32,4460.82,4462.01,1398
2026-06-03 22:15:00,4462.08,4462.61,4459.08,4460.89,1101
2026-06-03 22:20:00,4460.94,4465.67,4460.94,4462.85,1280
2026-06-03 22:25:00,4462.84,4464.81,4462,4464.54,1023
2026-06-03 22:30:00,4464.55,4466.97,4463.76,4465.78,1165
2026-06-03 22:35:00,4465.83,4466.19,4462.9,4463.42,927
2026-06-03 22:40:00,4463.43,4464.62,4459.47,4460.06,964
2026-06-03 22:45:00,4460.04,4463.53,4458.4,4462.08,1273
2026-06-03 22:50:00,4462.11,4464.92,4461.68,4462.42,989
2026-06-03 22:55:00,4462.41,4463.39,4461.33,4462.47,1137
2026-06-03 23:00:00,4462.5,4464.39,4459.77,4463.54,1423
2026-06-03 23:05:00,4463.55,4464.61,4457.1,4458.32,1370
2026-06-03 23:10:00,4458.29,4461.42,4457.91,4458.4,1042
2026-06-03 23:15:00,4458.33,4458.65,4455.74,4456.32,1411
2026-06-03 23:20:00,4455.63,4462.15,4455.63,4457.95,1718
2026-06-03 23:25:00,4457.96,4458.05,4451.86,4452.74,1762
2026-06-03 23:30:00,4452.76,4456.91,4450.83,4451.38,1711
2026-06-03 23:35:00,4451.37,4453.96,4448.27,4449.71,1978
2026-06-03 23:40:00,4449.8,4460.61,4449.8,4458.93,2083
2026-06-03 23:45:00,4458.83,4461.5,4456.66,4461.13,1863
2026-06-03 23:50:00,4461.14,4467.06,4460.34,4460.44,1911
2026-06-03 23:55:00,4460.41,4462.28,4455.24,4460.23,1757
2026-06-04 00:00:00,4460.21,4465.34,4457.83,4463.08,2652
2026-06-04 00:05:00,4463.06,4465.24,4461.9,4462.35,1887
2026-06-04 00:10:00,4462.36,4465.87,4461.75,4462.16,1833
2026-06-04 00:15:00,4462.18,4463.33,4455.39,4457.39,1925
2026-06-04 00:20:00,4457.41,4457.83,4447.17,4450.21,2517
2026-06-04 00:25:00,4450.2,4450.67,4445.72,4448.45,2136
2026-06-04 00:30:00,4448.55,4453.15,4445.91,4448.42,3383
2026-06-04 00:35:00,4448.43,4451.58,4446.22,4448.62,3094
2026-06-04 00:40:00,4448.65,4449.99,4426.76,4426.86,3739
2026-06-04 00:45:00,4426.66,4438.24,4426.08,4436.78,4389
2026-06-04 00:50:00,4437.12,4446.76,4435.28,4444.38,3864
2026-06-04 00:55:00,4444.29,4450.14,4441.65,4445.17,2949
2026-06-04 01:00:00,4444.57,4451.38,4442.37,4446.18,3506
2026-06-04 01:05:00,4446.46,4452.15,4444.93,4450.5,3785
2026-06-04 01:10:00,4450.51,4456.81,4450.47,4454.57,3438
2026-06-04 01:15:00,4454.62,4458.57,4445.48,4447.67,3660
2026-06-04 01:20:00,4447.81,4451.52,4445.36,4449.57,3005
2026-06-04 01:25:00,4449.55,4452.14,4446.27,4451.89,2635
2026-06-04 01:30:00,4451.91,4453.23,4447.54,4449.19,2938
2026-06-04 01:35:00,4449.18,4453.57,4448.99,4451.74,2778
2026-06-04 01:40:00,4451.76,4452.29,4446.98,4448.12,2492
2026-06-04 01:45:00,4448.14,4455.08,4447.75,4453.93,2070
2026-06-04 01:50:00,4453.91,4459.55,4450.51,4458.62,2775
2026-06-04 01:55:00,4458.6,4458.89,4455.24,4456.96,2126
2026-06-04 02:00:00,4457.07,4458.3,4452.67,4452.89,2241
2026-06-04 02:05:00,4452.81,4453.1,4448.04,4449.29,2685
2026-06-04 02:10:00,4449.32,4452.15,4444.91,4445.9,2432
2026-06-04 02:15:00,4445.73,4450.82,4445.04,4445.72,2921
2026-06-04 02:20:00,4445.75,4446.48,4439.36,4443.08,2976
2026-06-04 02:25:00,4442.99,4444.95,4439.87,4444.91,2816
2026-06-04 02:30:00,4444.89,4445.48,4440.38,4440.94,2955
2026-06-04 02:35:00,4440.93,4442.76,4436.64,4439.09,2423
2026-06-04 02:40:00,4439.18,4442.35,4437.9,4439.96,1882
2026-06-04 02:45:00,4439.94,4442.36,4437.87,4441.85,1705
2026-06-04 02:50:00,4441.84,4443.72,4439.89,4441.23,1478
2026-06-04 02:55:00,4441.22,4442.83,4440.68,4442.08,1367
2026-06-04 03:00:00,4442.3,4443.14,4439.73,4442.84,1468
2026-06-04 03:05:00,4442.81,4443.99,4437.12,4439.44,1677
2026-06-04 03:10:00,4439.48,4440.67,4437.27,4439.12,1830
2026-06-04 03:15:00,4439.18,4441.24,4436.51,4438.51,2061
2026-06-04 03:20:00,4438.57,4439.79,4433.93,4436.23,1855
2026-06-04 03:25:00,4436.19,4437.81,4433.67,4437.47,1950
2026-06-04 03:30:00,4437.44,4440.69,4437.04,4440.19,1765
2026-06-04 03:35:00,4440.15,4440.34,4436.03,4436.24,1580
2026-06-04 03:40:00,4436.04,4439.09,4435.42,4438.89,1548
2026-06-04 03:45:00,4438.9,4440.35,4437.44,4437.88,1958
2026-06-04 03:50:00,4437.89,4439.64,4436.82,4437.9,1510
2026-06-04 03:55:00,4437.92,4442.82,4437.29,4441.75,1492
2026-06-04 04:00:00,4441.81,4444.96,4441.6,4444.4,1719
2026-06-04 04:05:00,4444.3,4448.64,4443.19,4446.83,2171
2026-06-04 04:10:00,4446.88,4447.16,4441.44,4441.89,1885
2026-06-04 04:15:00,4441.96,4443.43,4441.36,4442.43,1755
2026-06-04 04:20:00,4442.58,4442.74,4440.05,4441.95,1495
2026-06-04 04:25:00,4441.97,4442.85,4437.68,4438.87,1609
2026-06-04 04:30:00,4438.74,4440.63,4435.5,4439.87,1584
2026-06-04 04:35:00,4439.98,4440.32,4437.92,4440.06,1073
2026-06-04 04:40:00,4440.03,4442.12,4439.21,4440.47,1221
2026-06-04 04:45:00,4440.49,4440.72,4437.68,4438.16,1276
2026-06-04 04:50:00,4438.18,4439.6,4436.87,4437.95,1028
2026-06-04 04:55:00,4437.96,4439.26,4437.71,4438.93,889
2026-06-04 05:00:00,4438.94,4440.57,4438,4439.27,1015
2026-06-04 05:05:00,4439.19,4439.47,4436.35,4437.52,1186
2026-06-04 05:10:00,4437.47,4438.57,4435.53,4436.9,1141
2026-06-04 05:15:00,4436.89,4437.97,4435.47,4437.97,940
2026-06-04 05:20:00,4438.06,4439.18,4434.55,4438.88,1111
2026-06-04 05:25:00,4438.87,4440.66,4438.37,4440.15,1103
2026-06-04 05:30:00,4440.12,4442.43,4438.77,4438.82,1139
2026-06-04 05:35:00,4438.84,4439.2,4436.8,4438.5,1151
2026-06-04 05:40:00,4438.51,4440.28,4437.25,4439.84,974
2026-06-04 05:45:00,4439.85,4441.74,4439.37,4439.84,902
2026-06-04 05:50:00,4439.85,4440.88,4439.65,4440.15,919
2026-06-04 05:55:00,4440.13,4442.89,4439.56,4442.01,776
2026-06-04 06:00:00,4442.03,4449.31,4441.37,4449.02,1637
2026-06-04 06:05:00,4449.06,4449.75,4447.07,4447.74,954
2026-06-04 06:10:00,4447.76,4449.93,4446.87,4449.6,1240
2026-06-04 06:15:00,4449.62,4451.93,4448.63,4451.47,1372
2026-06-04 06:20:00,4451.32,4452.22,4447.89,4448.11,1257
2026-06-04 06:25:00,4448.15,4448.66,4446.4,4448.07,1138
2026-06-04 06:30:00,4448.05,4449.64,4447.24,4448.33,927
2026-06-04 06:35:00,4448.34,4449,4447.7,4447.71,951
2026-06-04 06:40:00,4447.74,4448.71,4446.52,4446.89,945
2026-06-04 06:45:00,4446.9,4447.27,4444.81,4446.74,982
2026-06-04 06:50:00,4446.71,4447.17,4444.99,4445.49,1526
2026-06-04 06:55:00,4445.43,4445.43,4442.93,4443.7,1633
2026-06-04 07:00:00,4443.65,4445.35,4441.91,4442.1,885
2026-06-04 07:05:00,4442.09,4442.1,4438.53,4441.2,902
2026-06-04 07:10:00,4441.23,4441.75,4438.92,4439.82,614
2026-06-04 07:15:00,4439.99,4440.11,4437.25,4437.4,1301
2026-06-04 07:20:00,4437.43,4439.95,4437.43,4439.42,817
2026-06-04 07:25:00,4439.4,4439.9,4437.99,4438.8,663
2026-06-04 07:30:00,4438.79,4439.44,4433.1,4433.77,899
2026-06-04 07:35:00,4433.75,4434.34,4432.54,4433.98,733
2026-06-04 07:40:00,4433.9,4434.67,4432.28,4433.34,754
2026-06-04 07:45:00,4433.3,4434.58,4431.62,4431.66,722
2026-06-04 07:50:00,4431.67,4434.19,4430.25,4434.02,805
2026-06-04 07:55:00,4434.09,4434.9,4433.25,4434.27,686
2026-06-04 09:00:00,4436.72,4440.36,4430.61,4432.1,903
2026-06-04 09:05:00,4432.39,4435.92,4431.83,4434.31,825
2026-06-04 09:10:00,4434.33,4435.59,4429.03,4431.67,1074
2026-06-04 09:15:00,4431.99,4431.99,4423.54,4427.06,1437
2026-06-04 09:20:00,4427.94,4430.69,4424.4,4430.07,1230
2026-06-04 09:25:00,4430.3,4435.74,4430.03,4434.15,1052
2026-06-04 09:30:00,4434.14,4440.02,4434.05,4439.53,1497
2026-06-04 09:35:00,4439.87,4440.41,4435.55,4436.72,1134
2026-06-04 09:40:00,4436.37,4438.34,4434.57,4436.88,1021
2026-06-04 09:45:00,4436.62,4439.01,4436.48,4438.45,881
2026-06-04 09:50:00,4438.75,4441.57,4437.07,4439.59,1051
2026-06-04 09:55:00,4439.56,4452.83,4439.38,4448.93,2213
2026-06-04 10:00:00,4448.94,4450.09,4445.03,4446.17,1499
2026-06-04 10:05:00,4446.14,4450.17,4445.22,4448.13,893
2026-06-04 10:10:00,4448.12,4448.14,4445.42,4447.5,890
2026-06-04 10:15:00,4447.49,4449.28,4446.94,4447.67,820
2026-06-04 10:20:00,4447.68,4450.83,4447.06,4449.19,882
2026-06-04 10:25:00,4449.2,4451.49,4448.18,4450.63,853
2026-06-04 10:30:00,4450.64,4451.81,4447.44,4451.21,974
2026-06-04 10:35:00,4451.2,4452.3,4448.25,4449.96,1214
2026-06-04 10:40:00,4449.98,4453.94,4445.98,4453.62,1268
2026-06-04 10:45:00,4453.59,4464.61,4453.54,4458.88,2315
2026-06-04 10:50:00,4458.86,4461.56,4457.68,4459.19,1486
2026-06-04 10:55:00,4459.14,4460.19,4455.99,4456.95,1388
2026-06-04 11:00:00,4457.26,4464.88,4454.86,4459.86,3046
2026-06-04 11:05:00,4460.15,4461.89,4455.24,4455.91,2195
2026-06-04 11:10:00,4455.9,4457.51,4452.71,4453.37,2179
2026-06-04 11:15:00,4453.36,4456.7,4449.66,4455.16,2485
2026-06-04 11:20:00,4455.17,4455.85,4448.11,4449.72,1969
2026-06-04 11:25:00,4450.02,4451.53,4447.39,4450.81,1540
2026-06-04 11:30:00,4450.8,4452.83,4447.22,4450.89,1941
2026-06-04 11:35:00,4450.54,4452.12,4445.13,4446.46,1927
2026-06-04 11:40:00,4446.48,4448.29,4444.05,4448.29,1595
2026-06-04 11:45:00,4448.28,4449.85,4444.84,4449.8,1847
2026-06-04 11:50:00,4449.77,4452.81,4449.25,4451.02,1654
2026-06-04 11:55:00,4451.01,4451.04,4446.47,4448.36,1658
2026-06-04 12:00:00,4448.34,4456.6,4443.13,4453.72,3349
2026-06-04 12:05:00,4453.68,4459.4,4452.9,4459.4,2334
2026-06-04 12:10:00,4459.41,4467.27,4458.82,4464.32,2586
2026-06-04 12:15:00,4464.31,4464.78,4459.63,4464.5,2409
2026-06-04 12:20:00,4464.51,4473.6,4464.48,4469.64,2281
2026-06-04 12:25:00,4469.58,4472.05,4465.65,4465.89,1861
2026-06-04 12:30:00,4465.91,4470.06,4464.99,4465.99,2311
2026-06-04 12:35:00,4466.04,4470.09,4465.01,4468.45,1957
2026-06-04 12:40:00,4468.44,4468.75,4458.77,4459.32,2551
2026-06-04 12:45:00,4459.3,4466.9,4458.72,4466.05,2513
2026-06-04 12:50:00,4466.03,4466.31,4456.74,4461.24,2608
2026-06-04 12:55:00,4461.26,4467.24,4461.16,4465.67,2115
2026-06-04 13:00:00,4465.66,4467.14,4461.82,4462.22,2191
2026-06-04 13:05:00,4462.12,4463.06,4458.25,4458.64,1844
2026-06-04 13:10:00,4458.63,4464.96,4455.43,4463.04,1894
2026-06-04 13:15:00,4463.12,4463.65,4458.7,4461.86,1628
2026-06-04 13:20:00,4461.85,4463.09,4459.6,4460.38,1273
2026-06-04 13:25:00,4460.39,4462.56,4458.67,4460.43,1302
2026-06-04 13:30:00,4460.44,4462.45,4457.72,4460.73,2074
2026-06-04 13:35:00,4460.85,4461.04,4457.92,4457.94,1452
2026-06-04 13:40:00,4457.81,4464.74,4457.79,4462.38,1573
2026-06-04 13:45:00,4462.36,4470.77,4462.35,4470.1,1755
2026-06-04 13:50:00,4470.11,4474.97,4468.77,4474.45,1942
2026-06-04 13:55:00,4474.46,4476.57,4471.15,4474.92,1868
2026-06-04 14:00:00,4474.91,4476.43,4471.43,4472.85,1569
2026-06-04 14:05:00,4472.93,4477.16,4472.89,4474.06,1319
2026-06-04 14:10:00,4474.09,4475.3,4470.46,4471.94,1477
2026-06-04 14:15:00,4471.98,4472.51,4469.17,4469.51,1013
2026-06-04 14:20:00,4469.49,4469.49,4467.26,4467.64,1111
2026-06-04 14:25:00,4467.58,4469.5,4465.76,4469.3,942
2026-06-04 14:30:00,4469.26,4470.85,4466.67,4467.51,910
2026-06-04 14:35:00,4467.5,4467.5,4463.46,4464.89,957
2026-06-04 14:40:00,4464.87,4465.65,4460.61,4460.61,997
2026-06-04 14:45:00,4460.57,4461.11,4458.33,4459.73,1164
2026-06-04 14:50:00,4459.72,4463.81,4458.92,4463.48,1104
2026-06-04 14:55:00,4463.5,4464.99,4462.02,4463.65,841
2026-06-04 15:00:00,4463.71,4466.09,4463.15,4463.91,930
2026-06-04 15:05:00,4463.92,4465.88,4462.08,4463.88,955
2026-06-04 15:10:00,4463.89,4471.16,4463.41,4471.13,1112
2026-06-04 15:15:00,4471.24,4472.53,4470.03,4471.68,874
2026-06-04 15:20:00,4471.71,4476.29,4471.3,4474.05,898
2026-06-04 15:25:00,4474.06,4475.72,4473.54,4474.75,828
2026-06-04 15:30:00,4474.78,4483.83,4474.61,4479.97,1530
2026-06-04 15:35:00,4479.94,4481.55,4478.47,4480.92,1255
2026-06-04 15:40:00,4480.93,4484,4479.36,4482.61,1024
2026-06-04 15:45:00,4482.62,4483.61,4479.33,4479.58,753
2026-06-04 15:50:00,4479.6,4480.75,4478.74,4479.67,649
2026-06-04 15:55:00,4479.66,4481.25,4478.58,4480.99,636
2026-06-04 16:00:00,4481.1,4482.43,4477.16,4477.45,970
2026-06-04 16:05:00,4477.49,4478.39,4473.65,4473.72,902
2026-06-04 16:10:00,4473.75,4479.13,4471.31,4477.04,1087
2026-06-04 16:15:00,4477.02,4477.46,4475.58,4476.28,724
2026-06-04 16:20:00,4476.27,4476.54,4472.17,4472.52,932
2026-06-04 16:25:00,4472.56,4474.3,4470.79,4473.37,906
2026-06-04 16:30:00,4473.35,4475.73,4471.25,4473.48,1636
2026-06-04 16:35:00,4473.46,4474.75,4471.07,4471.18,1353
2026-06-04 16:40:00,4471.17,4474.77,4470.78,4474.63,1493
2026-06-04 16:45:00,4474.62,4474.87,4467.17,4467.54,1702
2026-06-04 16:50:00,4467.62,4471.21,4467.41,4469.1,1669
2026-06-04 16:55:00,4469.07,4470.47,4466.88,4469.09,1731
2026-06-04 17:00:00,4469.05,4474.57,4467.96,4473.65,1685
2026-06-04 17:05:00,4473.63,4477.12,4471.92,4475.9,1415
2026-06-04 17:10:00,4475.94,4477,4473.24,4474.05,1095
2026-06-04 17:15:00,4473.98,4474.21,4466.77,4469.45,1391
2026-06-04 17:20:00,4469.47,4470.51,4466.92,4467.96,1575
2026-06-04 17:25:00,4468.04,4472.21,4467.76,4472.17,1449
2026-06-04 17:30:00,4472.04,4475.76,4469.63,4474.8,1713
2026-06-04 17:35:00,4474.71,4476.77,4470.46,4472.91,1670
2026-06-04 17:40:00,4472.89,4473.23,4468.98,4469.19,1597
2026-06-04 17:45:00,4469.24,4469.99,4462.8,4467.05,1470
2026-06-04 17:50:00,4467.03,4470.27,4466.5,4467.74,1307
2026-06-04 17:55:00,4467.73,4469.33,4466.77,4467.77,1084
2026-06-04 18:00:00,4467.84,4470.78,4464.94,4470.18,1906
2026-06-04 18:05:00,4470.24,4470.64,4464.2,4465.66,1458
2026-06-04 18:10:00,4465.75,4465.75,4462.17,4464.01,1313
2026-06-04 18:15:00,4464.02,4470.57,4462.84,4469.21,1383
2026-06-04 18:20:00,4469.15,4469.19,4465.44,4465.9,979
2026-06-04 18:25:00,4465.89,4466.23,4461.67,4465.08,1113
2026-06-04 18:30:00,4465.1,4466.8,4463.38,4463.65,950
2026-06-04 18:35:00,4463.64,4467.73,4462.47,4463.41,1050
2026-06-04 18:40:00,4463.44,4464.61,4459.82,4461.44,1237
2026-06-04 18:45:00,4461.41,4462.34,4460.47,4461.29,1184
2026-06-04 18:50:00,4461.33,4462.28,4460.14,4461.5,949
2026-06-04 18:55:00,4461.48,4462.39,4459.34,4461.61,805
2026-06-04 19:00:00,4461.62,4466.36,4460,4465.71,1466
2026-06-04 19:05:00,4465.7,4467.87,4464.5,4465.59,1366
2026-06-04 19:10:00,4465.47,4465.98,4459.64,4460.46,1206
2026-06-04 19:15:00,4460.44,4465.41,4460.39,4464.06,1453
2026-06-04 19:20:00,4464.05,4464.08,4458.68,4459.8,1682
2026-06-04 19:25:00,4459.79,4463.52,4458.45,4463.46,1796
2026-06-04 19:30:00,4463.52,4469.42,4459.65,4464.6,2951
2026-06-04 19:35:00,4464.59,4464.84,4460.03,4460.72,1581
2026-06-04 19:40:00,4460.8,4463.62,4460.62,4463.45,1415
2026-06-04 19:45:00,4463.46,4464.3,4459.52,4459.97,1759
2026-06-04 19:50:00,4459.98,4464.24,4459.97,4463.46,1390
2026-06-04 19:55:00,4463.41,4465.96,4462.76,4463.28,935
2026-06-04 20:00:00,4463.27,4468.63,4460.93,4467.14,1636
2026-06-04 20:05:00,4467.11,4469.31,4464.74,4468.45,1299
2026-06-04 20:10:00,4468.6,4468.96,4462.12,4463.39,1423
2026-06-04 20:15:00,4463.41,4466.17,4462.83,4465.99,1474
2026-06-04 20:20:00,4466.05,4467.53,4463.49,4465.99,1176
2026-06-04 20:25:00,4465.96,4466.67,4464,4464.55,1069
2026-06-04 20:30:00,4464.6,4467.78,4461.6,4466.58,1578
2026-06-04 20:35:00,4466.57,4469.46,4464.55,4467.19,1580
2026-06-04 20:40:00,4467.25,4468.62,4466.14,4467.9,1041
2026-06-04 20:45:00,4468.01,4472.33,4467.41,4470.45,1338
2026-06-04 20:50:00,4470.46,4475.57,4470.08,4474.98,1200
2026-06-04 20:55:00,4475.01,4475.37,4469.47,4470.33,908
2026-06-04 21:00:00,4470,4472.03,4468.33,4470.11,1155
2026-06-04 21:05:00,4470.17,4471.18,4469.19,4469.51,820
2026-06-04 21:10:00,4469.52,4471.99,4467.68,4471.27,1111
2026-06-04 21:15:00,4471.37,4471.51,4468.33,4468.65,970
2026-06-04 21:20:00,4468.66,4468.97,4464.66,4466.91,1036
2026-06-04 21:25:00,4466.89,4468.38,4464.21,4467.55,874
2026-06-04 21:30:00,4467.51,4469.49,4466.4,4467.78,924
2026-06-04 21:35:00,4467.77,4471.23,4467.53,4469.03,866
2026-06-04 21:40:00,4469.01,4472.7,4468.47,4471.25,947
2026-06-04 21:45:00,4471.49,4472.82,4470.74,4471.28,882
2026-06-04 21:50:00,4471.36,4471.37,4468.45,4471.03,1165
2026-06-04 21:55:00,4471.05,4473.89,4469.5,4473.64,1172
2026-06-04 22:00:00,4473.7,4475.41,4468.65,4472.14,1299
2026-06-04 22:05:00,4472.19,4478.31,4471.87,4477.42,1153
2026-06-04 22:10:00,4477.4,4478.79,4473.38,4473.43,1301
2026-06-04 22:15:00,4473.46,4479.25,4473.41,4478.18,1522
2026-06-04 22:20:00,4478.51,4480.26,4476.49,4478.88,1480
2026-06-04 22:25:00,4478.83,4491.37,4477.58,4489.63,2530
2026-06-04 22:30:00,4489.68,4492.69,4484.41,4485.25,2090
2026-06-04 22:35:00,4485.24,4488.53,4482.27,4488.31,1852
2026-06-04 22:40:00,4488.4,4492.17,4486.52,4491.45,2404
2026-06-04 22:45:00,4491.43,4504.16,4491.43,4501.01,2750
2026-06-04 22:50:00,4500.91,4504.66,4500.6,4503.67,2192
2026-06-04 22:55:00,4503.73,4514.74,4503.67,4511.43,2461
2026-06-04 23:00:00,4511.41,4513.75,4496.94,4497.27,2667
2026-06-04 23:05:00,4497.28,4503.58,4494.81,4498.25,2455
2026-06-04 23:10:00,4498.22,4498.99,4491.52,4493.87,2289
2026-06-04 23:15:00,4493.94,4495.54,4491.06,4492.43,1923
2026-06-04 23:20:00,4492.46,4499.12,4492.29,4497.49,1876
2026-06-04 23:25:00,4497.51,4499.73,4495.52,4498.13,1429
2026-06-04 23:30:00,4498.05,4501.25,4496.88,4499.11,1784
2026-06-04 23:35:00,4499.17,4502.04,4496.93,4498.98,1510
2026-06-04 23:40:00,4498.95,4502.19,4498.93,4502.09,1497
2026-06-04 23:45:00,4502.11,4504.88,4498.91,4504.88,1565
2026-06-04 23:50:00,4504.89,4511.05,4501.95,4508.4,2481
2026-06-04 23:55:00,4508.5,4510.17,4502.67,4503.96,1589
2026-06-05 00:00:00,4503.99,4510.12,4500.23,4505.12,2860
2026-06-05 00:05:00,4505.14,4508.89,4503.63,4504.79,2017
2026-06-05 00:10:00,4504.75,4505.42,4501.94,4503.24,1597
2026-06-05 00:15:00,4503.21,4508.68,4502.86,4507.8,1534
2026-06-05 00:20:00,4507.7,4509.42,4504.27,4504.77,1646
2026-06-05 00:25:00,4504.74,4506.45,4501.61,4504.58,1937
2026-06-05 00:30:00,4504.66,4507.41,4501.85,4506.05,3823
2026-06-05 00:35:00,4506.06,4512.17,4504.82,4509.17,3583
2026-06-05 00:40:00,4509.18,4514.99,4505.08,4514.52,3392
2026-06-05 00:45:00,4514.59,4515.43,4507.17,4509.98,3400
2026-06-05 00:50:00,4510,4512.2,4497.62,4498.56,3697
2026-06-05 00:55:00,4498.58,4503.05,4495.41,4495.81,3568
2026-06-05 01:00:00,4495.61,4499.91,4494.52,4495.28,3774
2026-06-05 01:05:00,4495.39,4499.78,4487.78,4489.99,3494
2026-06-05 01:10:00,4490.09,4492.26,4485.9,4487.63,3274
2026-06-05 01:15:00,4487.69,4493.89,4485.49,4487.72,2838
2026-06-05 01:20:00,4487.67,4489.4,4484.28,4485.27,2712
2026-06-05 01:25:00,4485.26,4487.86,4484.01,4486.17,2319
2026-06-05 01:30:00,4486.21,4486.84,4481.44,4484.17,2854
2026-06-05 01:35:00,4484.18,4484.32,4477.59,4480.14,2955
2026-06-05 01:40:00,4479.99,4480.66,4472.34,4474.83,2895
2026-06-05 01:45:00,4474.84,4475.52,4464.98,4466.5,3236
2026-06-05 01:50:00,4466.53,4470.47,4457.33,4463.75,4161
2026-06-05 01:55:00,4463.8,4466.34,4460.12,4465.85,2729
2026-06-05 02:00:00,4465.97,4470.56,4463.48,4470.27,2470
2026-06-05 02:05:00,4470.3,4472.51,4467.14,4470.26,1778
2026-06-05 02:10:00,4470.43,4474.61,4469.92,4471.85,2217
2026-06-05 02:15:00,4471.83,4473.96,4471.02,4473.41,1815
2026-06-05 02:20:00,4473.42,4473.72,4470.68,4470.76,1552
2026-06-05 02:25:00,4470.72,4472.24,4469.23,4470.84,1872
2026-06-05 02:30:00,4470.83,4472.83,4469.62,4471.93,1829
2026-06-05 02:35:00,4471.91,4477.32,4470.97,4477.08,1623
2026-06-05 02:40:00,4477.11,4477.19,4470.96,4472.58,1282
2026-06-05 02:45:00,4472.55,4475.84,4469.99,4474.43,1626
2026-06-05 02:50:00,4474.41,4479.08,4474.34,4478.01,1659
2026-06-05 02:55:00,4478,4478.73,4476.42,4477.37,1407
2026-06-05 03:00:00,4477.39,4478.79,4476.08,4476.33,1463
2026-06-05 03:05:00,4476.34,4482.67,4475.28,4482.46,1752
2026-06-05 03:10:00,4482.42,4484.03,4479,4479,1915
2026-06-05 03:15:00,4479.01,4484.72,4479.01,4483.29,1683
2026-06-05 03:20:00,4483.28,4484.82,4480.19,4484.21,1460
2026-06-05 03:25:00,4484.2,4485.22,4482.47,4483.46,933
2026-06-05 03:30:00,4483.58,4484.16,4479.73,4480.64,2561
2026-06-05 03:35:00,4480.57,4483.37,4480.38,4481.75,1604
2026-06-05 03:40:00,4481.76,4483,4480.86,4481.39,1132
2026-06-05 03:45:00,4481.41,4483.45,4480.25,4481.5,1115
2026-06-05 03:50:00,4481.53,4482.32,4480.31,4481.72,945
2026-06-05 03:55:00,4481.73,4484,4481.54,4482.65,958
2026-06-05 04:00:00,4482.64,4482.64,4480.38,4481.41,1039
2026-06-05 04:05:00,4481.42,4482.17,4479.49,4479.49,856
2026-06-05 04:10:00,4479.45,4480.56,4475.91,4475.93,1006
2026-06-05 04:15:00,4476.03,4476.12,4474.02,4475.4,1027
2026-06-05 04:20:00,4475.39,4475.9,4474.03,4475.43,822
2026-06-05 04:25:00,4475.44,4479.28,4475.33,4476.84,1331
2026-06-05 04:30:00,4476.89,4481.44,4476.68,4479.99,1125
2026-06-05 04:35:00,4480.02,4480.56,4477.59,4477.82,1177
2026-06-05 04:40:00,4477.81,4478.36,4476.22,4476.85,1042
2026-06-05 04:45:00,4476.86,4479.08,4476.84,4478.7,889
2026-06-05 04:50:00,4478.68,4480.27,4478.17,4478.48,883
2026-06-05 04:55:00,4478.5,4478.77,4477.56,4478.04,803
2026-06-05 05:00:00,4478.05,4480.47,4476.55,4477.18,989
2026-06-05 05:05:00,4477.14,4478.1,4476.34,4477.41,764
2026-06-05 05:10:00,4477.48,4479.3,4477.19,4479.02,973
2026-06-05 05:15:00,4479.03,4479.23,4477.34,4478.66,691
2026-06-05 05:20:00,4478.65,4480.59,4478.11,4480.23,798
2026-06-05 05:25:00,4480.22,4481.11,4477.45,4478.15,911
2026-06-05 05:30:00,4478.12,4478.12,4473.39,4473.8,955
2026-06-05 05:35:00,4473.82,4474.23,4472.63,4473.7,908
2026-06-05 05:40:00,4473.69,4474.77,4473.22,4474.35,666
2026-06-05 05:45:00,4474.34,4476.31,4473.73,4475.35,706
2026-06-05 05:50:00,4475.37,4479.38,4475.37,4478.06,792
2026-06-05 05:55:00,4478.19,4478.55,4476.63,4478.04,846
2026-06-05 06:00:00,4478.06,4483.43,4478.04,4481.43,849
2026-06-05 06:05:00,4481.42,4481.42,4477.51,4478.41,810
2026-06-05 06:10:00,4478.42,4478.59,4476.18,4478.15,794
2026-06-05 06:15:00,4478.17,4479.32,4477.72,4478.73,624
2026-06-05 06:20:00,4478.72,4479.39,4477.91,4479.14,582
2026-06-05 06:25:00,4479.16,4480.14,4478.65,4480.13,704
2026-06-05 06:30:00,4480.15,4480.45,4477.92,4478.75,786
2026-06-05 06:35:00,4478.74,4479.41,4477.39,4479.1,747
2026-06-05 06:40:00,4479.07,4480.3,4477.49,4477.9,889
2026-06-05 06:45:00,4477.94,4478.59,4476.79,4478.4,753
2026-06-05 06:50:00,4478.33,4478.8,4477.03,4478.18,1199
2026-06-05 06:55:00,4478.17,4482.46,4477.05,4480.88,1717
2026-06-05 07:00:00,4480.9,4481.64,4479.07,4479.54,840
2026-06-05 07:05:00,4479.55,4480.22,4478.74,4479.37,497
2026-06-05 07:10:00,4479.42,4479.94,4477.73,4477.73,530
2026-06-05 07:15:00,4477.74,4479.1,4477.63,4477.69,404
2026-06-05 07:20:00,4477.68,4478.23,4476.92,4477.75,448
2026-06-05 07:25:00,4477.8,4478.02,4476.53,4477.68,394
2026-06-05 07:30:00,4477.65,4477.65,4475.43,4475.95,434
2026-06-05 07:35:00,4475.96,4476.37,4475.02,4476.16,363
2026-06-05 07:40:00,4476.17,4477.34,4475.11,4475.16,488
2026-06-05 07:45:00,4475.19,4475.86,4474.3,4474.81,445
2026-06-05 07:50:00,4474.82,4476.02,4474.53,4475.86,398
2026-06-05 07:55:00,4475.67,4476.04,4474.41,4474.88,479
2026-06-05 09:00:00,4474.1,4475.24,4472.7,4473.54,371
2026-06-05 09:05:00,4473.52,4476.28,4473.43,4474.94,434
2026-06-05 09:10:00,4474.62,4476.04,4473.73,4475.53,638
2026-06-05 09:15:00,4475.42,4478.73,4474.62,4478.1,642
2026-06-05 09:20:00,4478.12,4479.23,4477.54,4479.2,679
2026-06-05 09:25:00,4479.14,4480.9,4477.72,4478.8,791
2026-06-05 09:30:00,4478.82,4481.54,4477.7,4478.06,799
2026-06-05 09:35:00,4478.08,4479.85,4477.4,4479.02,564
2026-06-05 09:40:00,4479.03,4479.47,4475.11,4475.11,1071
2026-06-05 09:45:00,4475.1,4476.1,4472.22,4473.49,766
2026-06-05 09:50:00,4473.5,4473.96,4469.51,4469.64,818
2026-06-05 09:55:00,4469.65,4471.94,4468.77,4469.7,1011
2026-06-05 10:00:00,4469.78,4471.3,4464.04,4469.72,1717
2026-06-05 10:05:00,4469.73,4473.26,4466.54,4471.53,1252
2026-06-05 10:10:00,4471.54,4473.99,4470.38,4470.61,805
2026-06-05 10:15:00,4470.6,4471.54,4468.67,4469.65,748
2026-06-05 10:20:00,4469.64,4472.05,4466.23,4471.19,1026
2026-06-05 10:25:00,4471.51,4473.31,4468.02,4468.95,730
2026-06-05 10:30:00,4468.96,4469.45,4463.86,4465.41,765
2026-06-05 10:35:00,4465.42,4466.89,4462.46,4463.57,806
2026-06-05 10:40:00,4463.63,4465.03,4461.68,4462.97,679
2026-06-05 10:45:00,4462.98,4463.99,4460.18,4463.97,1052
2026-06-05 10:50:00,4463.54,4465.99,4462.82,4463.98,1120
2026-06-05 10:55:00,4463.96,4464.65,4460.85,4461.34,1107
2026-06-05 11:00:00,4461.35,4463.76,4459.32,4462.14,2023
2026-06-05 11:05:00,4462.13,4464.89,4459.36,4461.22,1964
2026-06-05 11:10:00,4461.25,4462.52,4454.1,4455.39,2100
2026-06-05 11:15:00,4455,4457.52,4451.78,4452.3,2243
2026-06-05 11:20:00,4452.29,4455.86,4450.5,4454.05,1949
2026-06-05 11:25:00,4454.37,4457.73,4452.65,4457.59,1825
2026-06-05 11:30:00,4457.63,4461.03,4456.21,4460.69,1522
2026-06-05 11:35:00,4460.7,4466.86,4460.65,4464.2,1633
2026-06-05 11:40:00,4464.22,4466.15,4462.5,4463.11,1351
2026-06-05 11:45:00,4463.16,4466.27,4461.24,4461.4,1513
2026-06-05 11:50:00,4461.45,4465.63,4460.87,4465.06,1301
2026-06-05 11:55:00,4465.05,4465.05,4458.09,4459.26,1779
2026-06-05 12:00:00,4459.35,4467.42,4452.69,4465.99,4038
2026-06-05 12:05:00,4466.14,4469.86,4463.03,4464.58,2922
2026-06-05 12:10:00,4464.33,4464.86,4459.52,4459.68,2893
2026-06-05 12:15:00,4459.69,4465.06,4457.27,4463.04,2885
2026-06-05 12:20:00,4463.02,4464,4453.84,4455.04,2800
2026-06-05 12:25:00,4454.89,4459.56,4448.92,4458.5,3036
2026-06-05 12:30:00,4458.55,4459.63,4453.39,4453.88,2433
2026-06-05 12:35:00,4453.91,4456.47,4448.41,4449.54,2013
2026-06-05 12:40:00,4449.52,4451.32,4445.33,4445.97,2425
2026-06-05 12:45:00,4446.02,4449.58,4444.1,4446.48,1770
2026-06-05 12:50:00,4446.45,4450.69,4444.53,4450.4,2017
2026-06-05 12:55:00,4450.3,4450.92,4445.03,4446.72,1833
2026-06-05 13:00:00,4446.69,4450.94,4442.35,4449.38,2120
2026-06-05 13:05:00,4449.31,4449.74,4444.72,4447.99,1749
2026-06-05 13:10:00,4447.97,4450.5,4445.93,4449.45,1486
2026-06-05 13:15:00,4449.39,4450.61,4445.58,4447.45,1151
2026-06-05 13:20:00,4447.44,4453.25,4447.33,4452.84,1151
2026-06-05 13:25:00,4452.83,4455.01,4450.03,4451.21,1101
2026-06-05 13:30:00,4451.2,4451.8,4442.2,4444.95,2523
2026-06-05 13:35:00,4444.91,4446.99,4441.51,4445.15,1749
2026-06-05 13:40:00,4445.13,4445.16,4438.34,4442.86,2065
2026-06-05 13:45:00,4442.89,4447.2,4442.24,4445.54,1816
2026-06-05 13:50:00,4445.55,4449.84,4443.15,4443.18,1555
2026-06-05 13:55:00,4443.24,4443.9,4439.9,4440.42,1650
2026-06-05 14:00:00,4440.41,4441.06,4436.07,4438.26,1888
2026-06-05 14:05:00,4438.25,4440.54,4436.61,4439.89,1833
2026-06-05 14:10:00,4439.79,4441,4438.12,4440.94,1645
2026-06-05 14:15:00,4440.91,4443.9,4438.01,4438.62,1565
2026-06-05 14:20:00,4438.59,4438.78,4435.14,4437.33,1674
2026-06-05 14:25:00,4437.36,4439.16,4436.26,4436.72,1610
2026-06-05 14:30:00,4436.84,4441.67,4436.17,4439.69,1321
2026-06-05 14:35:00,4439.7,4441.17,4436.38,4440.57,1166
2026-06-05 14:40:00,4440.53,4442.39,4440.19,4440.89,966
2026-06-05 14:45:00,4440.9,4441.68,4439.96,4441.16,748
2026-06-05 14:50:00,4441.13,4442.24,4439.13,4440.59,923
2026-06-05 14:55:00,4440.6,4443.3,4440.6,4442.3,817
2026-06-05 15:00:00,4442.26,4444.63,4441.15,4442.49,1063
2026-06-05 15:05:00,4442.56,4443.66,4439.57,4440.58,1101
2026-06-05 15:10:00,4440.66,4441.68,4438.28,4441.63,1090
2026-06-05 15:15:00,4441.64,4443.67,4438.77,4439.17,1155
2026-06-05 15:20:00,4439.13,4441.67,4438.86,4439.74,796
2026-06-05 15:25:00,4439.73,4443.74,4439.37,4439.59,1216
2026-06-05 15:30:00,4439.67,4440.06,4437.5,4439.36,960
2026-06-05 15:35:00,4439.34,4441.63,4438.96,4441.54,1083
2026-06-05 15:40:00,4441.53,4444.05,4439.16,4440.86,1142
2026-06-05 15:45:00,4440.83,4442.34,4439.54,4441.11,1037
2026-06-05 15:50:00,4441.1,4444.18,4440.91,4444.17,1039
2026-06-05 15:55:00,4444.23,4446.65,4443.94,4444.96,1081
2026-06-05 16:00:00,4444.97,4450.08,4443.2,4447.62,1887
2026-06-05 16:05:00,4447.6,4449.9,4447.05,4447.36,1245
2026-06-05 16:10:00,4447.37,4449.79,4446.54,4449,1114
2026-06-05 16:15:00,4449.04,4449.28,4444.08,4445.25,1094
2026-06-05 16:20:00,4445.26,4446.19,4442.11,4444.88,1010
2026-06-05 16:25:00,4444.91,4445.76,4444.08,4444.62,1022
2026-06-05 16:30:00,4444.6,4446.01,4439.38,4442.65,2466
2026-06-05 16:35:00,4442.63,4447.85,4442.23,4445.61,1842
2026-06-05 16:40:00,4445.58,4446.66,4442.85,4443.57,1561
2026-06-05 16:45:00,4443.58,4448.19,4442.04,4447.54,1458
2026-06-05 16:50:00,4447.52,4447.85,4442.49,4443.54,1419
2026-06-05 16:55:00,4443.53,4444.81,4438.46,4439.97,1511
2026-06-05 17:00:00,4439.93,4442.54,4435.24,4437.41,2244
2026-06-05 17:05:00,4437.24,4441.34,4437.09,4440.28,2015
2026-06-05 17:10:00,4440.21,4442.22,4436.13,4436.41,2257
2026-06-05 17:15:00,4436.4,4437.09,4428.31,4436.67,2647
2026-06-05 17:20:00,4436.73,4445.32,4434.79,4443.98,2263
2026-06-05 17:25:00,4444.14,4446.38,4440.37,4442.46,1835
2026-06-05 17:30:00,4442.45,4448.38,4442.3,4446.51,1839
2026-06-05 17:35:00,4446.52,4450.06,4446.28,4448.55,1733
2026-06-05 17:40:00,4448.57,4449.04,4446.48,4448.31,1408
2026-06-05 17:45:00,4447.97,4455.98,4446.79,4453.54,1620
2026-06-05 17:50:00,4453.52,4456.14,4451.1,4451.14,1344
2026-06-05 17:55:00,4451.15,4453.41,4449.35,4452.68,1187
2026-06-05 18:00:00,4452.7,4456,4451.73,4454.54,1632
2026-06-05 18:05:00,4454.58,4458.19,4453.15,4457.25,1308
2026-06-05 18:10:00,4457.22,4463.45,4455.98,4458.53,1547
2026-06-05 18:15:00,4458.48,4464.16,4458.45,4461.67,1401
2026-06-05 18:20:00,4461.69,4465.83,4459.84,4464.01,1714
2026-06-05 18:25:00,4464,4467.33,4461.34,4467.15,1476
2026-06-05 18:30:00,4467.13,4467.16,4464.39,4465.99,1502
2026-06-05 18:35:00,4466,4466.03,4461.45,4461.96,1286
2026-06-05 18:40:00,4462,4465.72,4459.43,4462.08,1270
2026-06-05 18:45:00,4462.11,4464.29,4461.86,4462.65,950
2026-06-05 18:50:00,4462.66,4465.14,4461.36,4461.86,996
2026-06-05 18:55:00,4461.98,4462.77,4460.72,4460.82,810
2026-06-05 19:00:00,4460.73,4463.41,4458.64,4461.55,1494
2026-06-05 19:05:00,4461.57,4462.47,4459.43,4460.38,1634
2026-06-05 19:10:00,4460.41,4461.82,4459.4,4461.05,1240
2026-06-05 19:15:00,4461.06,4463.42,4459.77,4462.9,1403
2026-06-05 19:20:00,4462.84,4465.52,4462.02,4463.79,1374
2026-06-05 19:25:00,4463.8,4466.87,4462.96,4466.83,1563
2026-06-05 19:30:00,4466.84,4468.13,4463.13,4463.32,1672
2026-06-05 19:35:00,4463.36,4463.73,4461.6,4461.86,1043
2026-06-05 19:40:00,4461.85,4463.33,4461.01,4461.84,854
2026-06-05 19:45:00,4461.86,4464.51,4461.54,4463.52,892
2026-06-05 19:50:00,4463.51,4463.76,4461.96,4463.73,1056
2026-06-05 19:55:00,4463.72,4463.72,4462.2,4462.72,667
2026-06-05 20:00:00,4462.41,4463.35,4460.88,4461.01,1133
2026-06-05 20:05:00,4461.04,4462.9,4459.54,4460.69,993
2026-06-05 20:10:00,4460.7,4469.34,4458.8,4466.22,2519
2026-06-05 20:15:00,4466.16,4469.32,4464.05,4467.62,2216
2026-06-05 20:20:00,4467.65,4469,4466.4,4466.66,1603
2026-06-05 20:25:00,4466.68,4467.69,4462.09,4463.03,1528
2026-06-05 20:30:00,4462.93,4466.76,4459.2,4463.78,1794
2026-06-05 20:35:00,4463.71,4465.23,4462.41,4463.29,1020
2026-06-05 20:40:00,4463.31,4465.96,4463.15,4465.83,857
2026-06-05 20:45:00,4465.87,4469.2,4464.96,4465.15,902
2026-06-05 20:50:00,4465.16,4465.81,4464.35,4465.41,660
2026-06-05 20:55:00,4465.39,4465.49,4462.66,4464.82,973
2026-06-05 21:00:00,4464.83,4464.93,4463.09,4463.36,803
2026-06-05 21:05:00,4463.41,4464.74,4463.11,4464.69,689
2026-06-05 21:10:00,4464.7,4465.16,4463.41,4465.16,601
2026-06-05 21:15:00,4465.18,4465.94,4464.49,4465.41,689
2026-06-05 21:20:00,4465.42,4468.08,4465.32,4467.2,764
2026-06-05 21:25:00,4467.21,4467.21,4465.02,4465.95,714
2026-06-05 21:30:00,4465.96,4466.89,4462.56,4462.89,831
2026-06-05 21:35:00,4462.86,4464.03,4462.14,4463.31,840
2026-06-05 21:40:00,4463.3,4464.63,4461.75,4464.59,683
2026-06-05 21:45:00,4464.71,4467.26,4464.35,4466.7,927
2026-06-05 21:50:00,4466.77,4467.9,4465.67,4466.23,699
2026-06-05 21:55:00,4466.3,4467.06,4465.96,4466.45,708
2026-06-05 22:00:00,4466.19,4467.05,4463.52,4463.9,1025
2026-06-05 22:05:00,4463.97,4466.92,4463.29,4466.69,916
2026-06-05 22:10:00,4466.66,4466.85,4461.01,4461.4,793
2026-06-05 22:15:00,4461.32,4463.42,4460.7,4461.72,998
2026-06-05 22:20:00,4461.75,4463.74,4458.02,4461.49,1155
2026-06-05 22:25:00,4461.5,4466.12,4461.5,4465.96,1301
2026-06-05 22:30:00,4465.92,4467.12,4464.45,4465.11,1155
2026-06-05 22:35:00,4465.1,4467.01,4463.28,4463.42,1016
2026-06-05 22:40:00,4463.4,4465.69,4463.06,4464.83,907
2026-06-05 22:45:00,4464.8,4467.27,4463.98,4466.83,883
2026-06-05 22:50:00,4466.8,4475.3,4466.54,4471.98,1536
2026-06-05 22:55:00,4472.05,4472.5,4467.6,4470.05,1116
2026-06-05 23:00:00,4470.06,4470.85,4464.2,4465.29,1507
2026-06-05 23:05:00,4465.21,4468.12,4465.01,4467.96,1088
2026-06-05 23:10:00,4467.95,4471.13,4466.82,4469.32,1429
2026-06-05 23:15:00,4469.24,4473.73,4468.32,4472.79,1455
2026-06-05 23:20:00,4472.78,4475.78,4467.36,4468.41,1826
2026-06-05 23:25:00,4468.26,4469.04,4461.46,4464.01,1536
2026-06-05 23:30:00,4463.88,4464.31,4446.68,4453.03,4908
2026-06-05 23:35:00,4452.79,4454.04,4439.56,4443.76,3963
2026-06-05 23:40:00,4443.72,4448.13,4443,4446.1,3079
2026-06-05 23:45:00,4446.04,4449.04,4440.01,4440.2,2764
2026-06-05 23:50:00,4440.03,4440.75,4416.88,4417.03,4324
2026-06-05 23:55:00,4417.6,4420.04,4404.82,4406.31,4393
2026-06-06 00:00:00,4406.75,4418.4,4399.67,4411.78,5477
2026-06-06 00:05:00,4411.74,4419.75,4407.9,4416.23,3784
2026-06-06 00:10:00,4416.28,4420.66,4414.55,4418.41,3121
2026-06-06 00:15:00,4418.4,4421.07,4416.13,4417.69,2870
2026-06-06 00:20:00,4417.75,4420.64,4409.31,4409.89,3264
2026-06-06 00:25:00,4409.9,4414.92,4403.91,4404.3,3035
2026-06-06 00:30:00,4405.34,4409.55,4398.17,4405.06,5243
2026-06-06 00:35:00,4405.24,4405.28,4385.91,4392.11,5099
2026-06-06 00:40:00,4392.1,4398.29,4388.39,4389.45,4543
2026-06-06 00:45:00,4389.47,4391.05,4383.33,4383.75,4732
2026-06-06 00:50:00,4383.68,4388.23,4381.82,4385.18,4661
2026-06-06 00:55:00,4385.28,4385.85,4365.36,4365.7,4635
2026-06-06 01:00:00,4365.73,4379.25,4363.68,4372.3,6112
2026-06-06 01:05:00,4372.1,4377.36,4363.91,4374.74,5265
2026-06-06 01:10:00,4374.75,4377.37,4363.96,4366.09,4560
2026-06-06 01:15:00,4366.1,4370.28,4364.56,4369.36,4019
2026-06-06 01:20:00,4369.58,4370.32,4355.57,4357.45,4892
2026-06-06 01:25:00,4357.42,4361.31,4352.8,4360.97,4211
2026-06-06 01:30:00,4360.96,4363.9,4349.63,4353.11,4682
2026-06-06 01:35:00,4353.08,4354.63,4347.74,4348.57,4009
2026-06-06 01:40:00,4348.59,4350.64,4344.53,4349.2,3972
2026-06-06 01:45:00,4349.12,4359.51,4348.17,4356.51,3900
2026-06-06 01:50:00,4356.49,4367.24,4355.13,4363.19,3744
2026-06-06 01:55:00,4363.16,4370.05,4360.84,4369.58,3028
2026-06-06 02:00:00,4369.6,4372.52,4362.72,4368.37,3491
2026-06-06 02:05:00,4368.36,4369.44,4361.93,4362.16,2930
2026-06-06 02:10:00,4362.19,4362.25,4352.82,4352.83,3214
2026-06-06 02:15:00,4352.89,4355.93,4349.08,4355.05,3826
2026-06-06 02:20:00,4355.07,4357.77,4348.17,4352.69,3379
2026-06-06 02:25:00,4352.66,4355.31,4349.23,4351.49,2995
2026-06-06 02:30:00,4351.44,4354.78,4345.25,4347.03,2802
2026-06-06 02:35:00,4347.02,4349.48,4335.99,4339.91,3047
2026-06-06 02:40:00,4339.95,4341.49,4335.35,4338.78,2783
2026-06-06 02:45:00,4338.77,4341.17,4336.56,4339.33,2429
2026-06-06 02:50:00,4339.22,4341.86,4336.98,4340.97,2161
2026-06-06 02:55:00,4340.86,4341.44,4334.01,4335.55,2647
2026-06-06 03:00:00,4335.33,4338.98,4330.24,4334.06,3320
2026-06-06 03:05:00,4334.12,4334.12,4328.78,4332.72,3858
2026-06-06 03:10:00,4332.66,4338.11,4331.38,4332.91,3123
2026-06-06 03:15:00,4332.93,4333.18,4325.39,4330.74,3472
2026-06-06 03:20:00,4330.76,4330.8,4325.26,4328.57,3070
2026-06-06 03:25:00,4328.54,4333.76,4328.02,4329.65,3263
2026-06-06 03:30:00,4329.6,4330.11,4323.42,4328.76,3242
2026-06-06 03:35:00,4328.7,4332.31,4324.9,4331.76,2470
2026-06-06 03:40:00,4331.65,4332.17,4326,4327.72,2444
2026-06-06 03:45:00,4327.71,4334.4,4325.02,4334.05,3164
2026-06-06 03:50:00,4334.01,4338.68,4333.2,4338.07,2616
2026-06-06 03:55:00,4337.98,4344.78,4336.73,4344.62,2796
2026-06-06 04:00:00,4344.59,4346.84,4339.35,4343.96,2823
2026-06-06 04:05:00,4343.95,4343.95,4338.55,4339.18,2406
2026-06-06 04:10:00,4339.2,4341.65,4336.45,4339.5,2549
2026-06-06 04:15:00,4339.52,4342.21,4335.91,4338.41,2585
2026-06-06 04:20:00,4338.33,4341.64,4335.58,4338.95,2921
2026-06-06 04:25:00,4338.9,4342.97,4335.96,4342.34,2934
2026-06-06 04:30:00,4342.68,4343.77,4339.73,4343.14,2319
2026-06-06 04:35:00,4342.99,4345.15,4339.56,4345,1942
2026-06-06 04:40:00,4344.96,4347.24,4340.17,4341.05,2783
2026-06-06 04:45:00,4341.06,4342.74,4337.58,4339.89,2422
2026-06-06 04:50:00,4339.85,4343.61,4338.65,4343.41,2194
2026-06-06 04:55:00,4343.4,4343.67,4340.99,4341.59,1976
2026-06-06 05:00:00,4341.62,4341.99,4333.57,4333.57,2539
2026-06-06 05:05:00,4333.58,4334.61,4329.31,4329.92,2588
2026-06-06 05:10:00,4329.93,4331.63,4322.74,4322.84,2641
2026-06-06 05:15:00,4322.85,4326.86,4321.66,4326.25,3546
2026-06-06 05:20:00,4326.3,4330.84,4326.02,4327.25,3116
2026-06-06 05:25:00,4327.23,4328.09,4322.89,4325.75,3074
2026-06-06 05:30:00,4325.77,4327.01,4318.68,4324.92,2774
2026-06-06 05:35:00,4324.93,4326,4319,4320.25,2323
2026-06-06 05:40:00,4320.28,4321.24,4315.17,4317.86,2298
2026-06-06 05:45:00,4317.84,4321.83,4315.95,4321.68,2840
2026-06-06 05:50:00,4321.69,4321.69,4316.76,4320.57,2643
2026-06-06 05:55:00,4320.55,4326.89,4318.91,4322.45,3067
2026-06-06 06:00:00,4322.51,4323.77,4316.61,4320.76,2744
2026-06-06 06:05:00,4320.7,4321.12,4316.34,4319.8,1898
2026-06-06 06:10:00,4319.82,4320.08,4315.13,4315.36,2210
2026-06-06 06:15:00,4315.35,4319.03,4313.83,4318.53,2404
2026-06-06 06:20:00,4318.52,4321.76,4315.42,4319.14,2467
2026-06-06 06:25:00,4319.15,4324.35,4318.79,4323.74,2601
2026-06-06 06:30:00,4323.73,4325.08,4320.62,4322.73,2781
2026-06-06 06:35:00,4322.76,4324.87,4320.64,4322.18,2657
2026-06-06 06:40:00,4322.16,4322.31,4313.95,4318.71,3559
2026-06-06 06:45:00,4318.78,4322.16,4317.69,4320.76,3447
2026-06-06 06:50:00,4320.74,4323.76,4317.76,4318.39,4003
2026-06-06 06:55:00,4318,4321.18,4316.61,4318.51,3919
2026-06-06 07:00:00,4318.71,4318.83,4312.62,4313.69,2358
2026-06-06 07:05:00,4313.67,4314.61,4311.67,4313.77,1896
2026-06-06 07:10:00,4313.76,4317,4312.34,4315.32,1773
2026-06-06 07:15:00,4315.39,4316.7,4313.67,4315.15,1345
2026-06-06 07:20:00,4315.16,4319.82,4314.53,4319.5,1344
2026-06-06 07:25:00,4319.49,4326.45,4318.46,4322.33,1228
2026-06-06 07:30:00,4322.35,4323.44,4321.34,4322.16,1154
2026-06-06 07:35:00,4322.15,4324.91,4321.46,4322.58,1298
2026-06-06 07:40:00,4322.57,4324.59,4320.77,4323.82,1164
